CustomerID,Gender,Age,Location,HasPartner,HasDependents,ContractType,SubscriptionPlan,PaymentMethod,PaperlessBilling,MonthlyCharges,TotalCharges,TenureMonths,NumSupportTickets,AvgMonthlyGBData,Churn,cluster
9e9da9d2-1d0a-49f5-ba1d-915e2ec6f901,Female,39,Suburban,0,0,One Year,Premium Connect,Bank Transfer,0,112.14674366848864,198401637.3385124,36,1,77.0,0,1
0c7fc7cd-9c76-457f-aa60-8a72f33e7b97,Male,70,Urban,0,0,Month-to-Month,Standard Connect,Credit Card,1,82.99113400324453,125116051.979011,41,2,118.0,0,3
bce86d60-cdda-414f-96bf-462b3eac3eb1,Male,57,Rural,1,0,Month-to-Month,Standard Connect,Mailed Check,0,81.3373046559831,161122088.0757109,41,1,61.0,1,3
82e263d7-d7b9-451c-b2a2-e6b2f7e600ee,Male,51,Urban,0,0,Month-to-Month,Premium Connect,Bank Transfer,0,100.77884676012198,315384943.1703394,53,1,123.0,1,1
22f92b0a-4d6b-4339-87c6-e1c6deba5a6f,Female,67,Rural,0,0,Month-to-Month,Premium Connect,Digital Wallet,1,99.12731407668667,199380823.97997257,43,1,136.0,1,1
f08ee37d-1eaa-4dda-b624-fc7bd7ce0534,Male,36,Urban,0,1,Month-to-Month,Basic Connect,Credit Card,1,68.22266091748375,114063191.22404753,40,1,102.0,1,3
51e66c2f-1aa3-4466-9f8c-6ff602cd32d7,Male,53,Urban,0,0,Month-to-Month,Standard Connect,Bank Transfer,1,64.08552025648723,168592966.6476213,41,1,64.0,0,3
a3946347-5221-4150-b7db-7a53a82d9d22,Male,33,Rural,1,1,One Year,Basic Connect,Bank Transfer,0,33.39108231494208,62735537.16348051,39,2,51.0,0,3
a4a0bac6-3e9a-4508-bafc-03b404c2acf0,Male,26,Rural,0,0,Month-to-Month,Standard Connect,Credit Card,1,58.7371684758863,98560229.24514732,46,1,77.0,0,3
a0c252d3-162e-4b15-9f78-a9b645750dda,Male,45,Urban,1,0,Month-to-Month,Standard Connect,Mailed Check,1,90.94923659466536,208815149.7960095,48,4,136.0,1,1
c924ca7a-869a-4c06-8b1c-424903ae0cec,Female,56,Urban,1,1,Month-to-Month,Basic Connect,Digital Wallet,0,62.07637661600968,2917.589700952455,47,2,36.0,0,3
1a867ef8-e0cd-413e-9076-ae601f0e9571,Female,39,Rural,1,1,Two Year,Standard Connect,Bank Transfer,1,50.07516239815344,109678961.16790892,58,1,75.0,0,0
6333b54c-859f-47cb-ae6b-982eec90870b,Female,33,Urban,0,0,Month-to-Month,Premium Connect,Credit Card,1,108.4239472077508,261201289.99223992,65,3,106.0,0,1
406c957e-3717-4675-bbdf-e79c5c86798c,Female,45,Rural,0,1,Month-to-Month,Premium Connect,Digital Wallet,1,118.3318131407518,7099.908788445108,60,1,134.0,0,0
a1564fc7-31a0-40dd-9ecc-ccb67eeb17d9,Female,51,Urban,0,0,Month-to-Month,Basic Connect,,1,29.191034439441747,82231878.21255572,43,0,40.0,0,3
2702d2a3-4faa-47a7-a6ba-5cbf609f4a08,Female,53,Urban,1,0,One Year,Premium Connect,Bank Transfer,1,101.02418414125196,174302170.3395875,42,0,99.0,0,1
34617c78-9688-460d-9302-531130d43f56,Male,54,Urban,0,1,One Year,Basic Connect,Mailed Check,1,63.21972580493076,167785731.12300327,59,1,64.0,0,0
e4e18a74-200c-4134-95fb-5a8862e003e9,Female,69,Urban,0,0,Month-to-Month,Standard Connect,Digital Wallet,0,74.30316490758617,2674.913936673102,36,0,69.0,0,3
d15e0a3f-1190-4f04-a841-46e4bda0a24d,Prefer not to say,78,Urban,0,1,Month-to-Month,Basic Connect,Digital Wallet,1,41.74509728880733,2087.2548644403664,50,1,27.0,0,3
78c42078-b3ba-4cb1-9188-bce10207b6ba,Male,82,Rural,0,0,One Year,Basic Connect,Credit Card,0,27.01412926335352,84280744.35103768,42,4,34.0,1,3
5443a540-beb5-4c36-88c8-9235510ce7d1,Male,38,Urban,1,0,Two Year,Standard Connect,Digital Wallet,0,69.70980950046642,111314956.057743,44,1,70.0,0,3
b8e75322-3c0e-4d6c-a845-af22f3ac5f66,Female,22,Urban,0,0,Month-to-Month,Basic Connect,Credit Card,1,22.141688020544013,68317794.132787,52,1,64.0,0,3
fc99cdef-5269-4c09-9181-81b06360dc1c,Male,60,Urban,0,0,Month-to-Month,Basic Connect,Bank Transfer,0,20.0,33523880.15154399,54,2,28.0,1,0
adf49456-b234-48be-a398-cfaafdf83d38,Male,84,Suburban,0,1,Month-to-Month,Basic Connect,Credit Card,1,50.1731022656696,109839939.60086314,53,3,32.0,1,0
a0bdbdfb-a33d-4ff9-9d6c-71ec394895be,Male,44,Suburban,0,0,Month-to-Month,Basic Connect,Bank Transfer,1,52.86914987964375,127576408.46237096,48,1,60.0,1,3
647f0d7b-31e8-414b-a2c8-6a888b69149c,,27,Urban,0,0,One Year,Basic Connect,Credit Card,0,25.641627427129794,39967489.896126606,41,2,38.0,0,3
da363aba-e117-4f95-9e60-acb3cad720cd,Female,37,Suburban,0,0,Month-to-Month,Basic Connect,Credit Card,1,32.32094038199773,72143961.0592849,56,4,47.0,1,0
6f4134e7-9ba0-4d82-83e9-9417bc7b35bf,Male,28,Suburban,1,0,One Year,Premium Connect,Bank Transfer,1,64.08552025648723,247108896.53197268,44,2,154.0,0,1
62407455-b04e-4f65-9311-cbb210047db4,Male,33,Urban,0,0,Month-to-Month,Standard Connect,Credit Card,0,58.05139397943865,152437026.4483972,46,1,86.0,0,3
4e56ff3d-b008-4881-84b1-ec3d05500e0e,Male,22,Rural,1,1,Month-to-Month,Basic Connect,Credit Card,1,32.127678213922806,55215327.2323477,62,1,53.0,1,0
e51db351-7e1f-4fa3-b12a-34de9a262a3d,Female,41,Urban,1,1,Month-to-Month,Basic Connect,Credit Card,1,33.02174958980948,79447653.22668296,67,0,45.0,0,0
1f22cb3f-3d8f-4698-a897-71ef322f00ad,Female,64,,0,0,Month-to-Month,Premium Connect,Credit Card,1,90.84945889300016,260780051.32385924,49,0,84.0,0,1
b3028f09-55f0-43d1-9693-0965fd97f933,Male,73,Rural,0,0,One Year,Basic Connect,Digital Wallet,1,44.6571691093896,130149326.7421337,38,2,62.0,0,3
a5a3b88d-deb4-43d7-8bf8-59501d68c22b,Male,32,Suburban,0,0,Month-to-Month,Basic Connect,Bank Transfer,1,30.16412143894708,1236.7289789968304,41,0,25.0,0,3
1c117e14-630c-429c-aa1e-1a0ec2a7b997,Female,50,Countryside,0,0,Two Year,Premium Connect,Credit Card,1,104.1260885840884,283682831.0493751,59,1,58.0,0,1
27c1d8ee-a0bb-43e0-a6f8-f6a98dc5f453,Female,36,Rural,0,1,Month-to-Month,Basic Connect,Bank Transfer,1,64.08552025648723,61517352.84874767,34,0,31.0,1,3
13f5ef6e-9caa-41f4-9f39-490e4cfc8362,Female,33,Rural,1,0,Month-to-Month,Basic Connect,Credit Card,1,39.634860084173866,61705742.9513345,51,0,35.0,1,3
046e6eb0-7ff0-46de-b386-1ffcae63da26,,39,Urban,1,1,Two Year,Basic Connect,,1,33.07822213007019,75234546.81265713,54,0,22.0,0,0
973ebbc1-d418-43e1-8af5-3a4fb98244c0,Male,81,Suburban,1,0,Month-to-Month,Premium Connect,Bank Transfer,0,130.78508929983929,265477162.2385344,66,1,187.0,1,1
a6345b14-a26f-4230-ae85-1bea28f5f618,Female,51,Rural,1,1,One Year,Basic Connect,Credit Card,1,45.08318625485078,100038718.60481437,45,4,51.0,1,3
23265a64-0a5f-4f0b-b697-6d97cab4dda6,Non-Binary,51,Suburban,0,1,Month-to-Month,Basic Connect,Bank Transfer,1,60.38276375077064,41232548.334191225,48,18,333.0356212,0,3
224bfc4b-fa9c-4fd1-a5cc-f8c303d48e33,Female,55,Rural,0,0,Month-to-Month,Basic Connect,Credit Card,1,46.96723734141561,129138293.20383832,62,2,46.0,0,0
edac0175-3951-494e-b90f-9e9fd098bad1,Female,51,Urban,0,0,One Year,Basic Connect,Digital Wallet,0,20.0,45743557.67394174,46,1,25.0,0,3
cb5785fc-3bd1-4d11-b30f-c7dbbe80e723,Male,39,Urban,0,1,One Year,Basic Connect,Bank Transfer,0,64.08552025648723,133649286.30670406,36,5,36.0,0,3
86519ea1-e905-4c5f-a77e-e2d0d8e91665,Female,32,Urban,0,0,Month-to-Month,Basic Connect,,1,55.12426004985674,105422569.64725716,51,1,65.0,0,3
45a4b586-9460-4d04-80f9-0c5ef68435ef,Female,55,Suburban,0,0,One Year,Basic Connect,Credit Card,1,47.00433859941551,100853282.33059543,63,1,64.0,0,0
0c8f7baa-e9db-4502-85ce-becf0138f43a,Female,34,Urban,0,1,Month-to-Month,Standard Connect,Digital Wallet,1,46.251536702255855,102549095.82347724,38,0,30.0,1,3
70c219b8-180a-4045-99f8-b81322002329,Male,65,Urban,0,1,One Year,Basic Connect,Digital Wallet,1,20.934204802921336,1360.7233121898869,65,1,35.0,0,0
84a76f9a-d7e0-4b7b-81dd-baedeb69dfc2,Female,67,Urban,1,0,Month-to-Month,Basic Connect,Bank Transfer,1,35.9779442911534,93091729.65509638,42,2,38.0,1,3
87094c29-fec1-459f-9064-a12171a01eed,Male,29,Rural,1,0,Two Year,Basic Connect,Bank Transfer,1,64.08552025648723,123792762.983883,62,2,84.0,0,0
7c5154e1-f9d4-4176-891c-f4dc204ea997,Female,81,,0,0,Month-to-Month,Standard Connect,Credit Card,0,83.23096194546571,142674868.60811347,53,1,63.0,1,1
b6c93c12-a36e-4e79-b3ea-9ee4ff7e7741,Male,69,Suburban,0,0,Month-to-Month,Standard Connect,Bank Transfer,1,97.30089729486994,166645836.6201149,40,0,64.0,0,1
b10753a0-0507-4ec0-af93-e1ae6b4d7981,Male,63,Suburban,0,0,Two Year,Basic Connect,Credit Card,1,20.0,53648797.62808926,69,4,27.0,1,0
f34bb9ec-8724-43bd-a27d-79064e104eb9,Female,51,Urban,0,1,Month-to-Month,Basic Connect,Credit Card,0,62.05873424241934,158589818.75069502,66,4,52.0,0,0
7afe77ae-baf7-41ba-98f9-aa707ea4fbae,Male,33,Suburban,1,0,Month-to-Month,Basic Connect,Credit Card,1,64.08552025648723,78152475.76387022,59,0,44.0,1,0
55ad93ed-295b-4ba6-b7eb-9898f89f3aa7,Female,25,Suburban,0,0,Month-to-Month,Standard Connect,Credit Card,0,68.17814270800872,205101138.2236758,55,1,103.0,1,1
2988129a-3cb0-45f5-a7d2-10db0574b100,Female,24,Suburban,0,0,Month-to-Month,Standard Connect,Bank Transfer,1,54.44212922422631,165442427.21133637,55,1,57.0,0,0
649eb3e6-e796-467c-8609-7659b4f8467e,Male,54,Urban,1,0,Month-to-Month,Premium Connect,,1,110.8200541065211,289750326.3533589,41,3,75.0,0,1
4b9ab2f3-5805-46f4-8933-3cf907d4bd49,Prefer not to say,67,Urban,0,0,One Year,Standard Connect,Bank Transfer,0,97.30638932020211,236179219.3300353,50,1,117.0,0,1
68cdbaeb-c1f8-4e0c-8d0e-f01bab0821bf,Male,73,Rural,1,1,Month-to-Month,Basic Connect,Credit Card,1,26.838670355148388,48755919.88279601,65,0,37.0,1,0
9c6e8fea-6dc0-4ee5-917a-dcd8e1d83b55,Male,56,Urban,0,0,Two Year,Premium Connect,Mailed Check,1,100.08834208904952,5204.593788630575,52,0,107.0,0,0
78834ca0-ebfc-4e51-becf-c80f17c7886e,Male,61,Suburban,1,0,Two Year,Basic Connect,,0,55.58771235990411,2612.6224809154933,47,1,67.0,0,3
cc5da622-2225-4ed0-aa58-9acb90d30a99,Male,54,Urban,0,0,Month-to-Month,Premium Connect,Digital Wallet,1,112.9043173556112,196491036.55796093,63,1,102.0,0,1
59bcdc90-3e05-4da1-beb9-e52cf5b69ac5,Male,61,Rural,0,0,Month-to-Month,Basic Connect,Credit Card,1,29.84477536246153,74899063.58657326,35,1,42.0,0,3
21b6e1c2-a77b-4495-b56a-d7ce42180c75,Male,51,Suburban,1,1,Two Year,Premium Connect,Credit Card,1,115.372092080873,174017907.79388782,69,5,114.0,0,1
c2c03830-b038-4438-b45b-b8baa2bb47a1,Male,56,Suburban,0,0,One Year,Basic Connect,Digital Wallet,0,45.4220970834705,102950730.20880856,48,1,60.0,0,3
d7a9abd5-b957-4486-9230-f784293e2bd7,Male,37,Rural,0,1,Month-to-Month,Basic Connect,Bank Transfer,1,27.36271751298338,85747417.38621852,55,0,27.0,0,0
89c8d4a8-ec59-44f3-8c9e-6be7b8e24b2a,Male,30,,0,1,Month-to-Month,Basic Connect,Bank Transfer,1,41.65542909292047,95401669.76972616,36,1,55.0,0,3
c6683481-6272-402d-af70-9b41cf3cad41,Male,47,Urban,0,1,One Year,Basic Connect,Credit Card,1,64.08552025648723,97424124.65250368,52,3,59.0,0,0
df45fe1b-35c2-4818-84c8-039568c9df82,Male,34,Urban,0,0,One Year,Basic Connect,Bank Transfer,1,71.24011224142015,127959936.80732052,46,4,102.0,0,3
692c6964-cec7-417f-afab-ee076a44b013,,80,Suburban,0,0,Month-to-Month,Premium Connect,Digital Wallet,1,115.80445649380874,6485.04956365329,56,2,64.0,1,0
17761771-4b32-421e-b18b-69479d0f40c1,Female,43,Rural,0,1,Month-to-Month,Basic Connect,Bank Transfer,0,39.37096874335443,65145472.86580754,68,1,30.0,0,0
ebf36c17-7c29-4cc4-adcf-05d6b92a7f27,Female,48,Urban,1,0,Month-to-Month,Basic Connect,Credit Card,1,40.29886126368948,75114928.72201657,42,1,44.0,0,3
20bfff79-ed50-4ee6-85c4-52eb755127e7,Male,37,Rural,1,0,One Year,Premium Connect,Credit Card,0,103.89172049026196,259000940.5360795,68,0,93.0,1,1
d083c1ee-6c7a-4010-adc1-633599752b19,Female,42,Suburban,0,0,Month-to-Month,Standard Connect,Mailed Check,1,64.08552025648723,3524.703614106797,55,1,70.0,1,0
a29b3ef6-9044-491c-bdfb-581abaf7b13e,Male,22,Suburban,0,0,Two Year,Standard Connect,Credit Card,1,74.85832587912932,174612653.3871759,35,2,54.0,0,3
9bbb4bae-bd30-4dbe-8eb7-7a6c1a47c60b,Female,20,Urban,1,1,Month-to-Month,Basic Connect,Credit Card,1,64.08552025648723,85363534.24549086,45,1,64.0,0,3
a8d3258a-2fc3-41f6-8a47-9797d3509ba5,Female,56,Urban,0,1,Month-to-Month,Premium Connect,,1,101.36248134726274,189281147.4586901,36,1,100.0,0,1
abfada87-8dd6-437e-8aac-0624d36e271b,Male,27,Urban,0,0,Month-to-Month,Basic Connect,Credit Card,0,54.94662633638187,150952860.16022858,34,3,49.0,0,3
fbf5b8d3-fe30-4e1d-9e80-7ed355487f06,Female,70,Urban,1,0,Month-to-Month,Standard Connect,Mailed Check,1,64.08552025648723,170644626.62225002,54,2,62.0,0,0
78eb6ce4-5bfe-4599-9d49-84b1d24b6527,Male,82,Rural,0,0,Two Year,Basic Connect,Credit Card,0,20.0,1040.0,52,0,34.0,0,0
5acd63ba-9e2f-45dd-909a-0a03802539b7,Male,72,Rural,0,1,One Year,Basic Connect,Digital Wallet,1,29.09461687870093,86860187.60986862,36,1,46.0,0,3
6a3225d0-c4ba-466e-b393-acd50386b438,Female,37,,0,0,Two Year,Basic Connect,Mailed Check,1,39.5309883742268,102930593.55968936,68,0,48.0,0,0
68f63958-619a-4841-be57-0bd0a477e941,Male,83,Rural,0,0,One Year,Basic Connect,Bank Transfer,1,21.45282538704516,1136.9997455133937,53,1,34.0,0,0
52b47515-ffcc-417d-ba8a-91e4cea743f4,Male,75,Rural,0,1,One Year,Basic Connect,,1,56.16171809028333,90531414.41991012,41,2,64.0,0,3
a7e0a213-2470-4f57-878b-d2dff33d96ed,Male,32,Suburban,0,0,Two Year,Standard Connect,Digital Wallet,0,64.08552025648723,3973.302255902208,62,2,59.0,0,0
ba51a619-0233-463f-8a6f-c4107d87fd87,Female,48,Urban,0,0,Month-to-Month,Premium Connect,Digital Wallet,1,86.11255052065478,247258594.0089904,43,2,64.0,0,1
b7fa1138-efa7-4b1e-a766-e1a43caa02b5,Female,63,Urban,1,0,Two Year,Basic Connect,Credit Card,1,38.682913343171336,100205403.30895442,41,0,58.0,0,3
e0e9a32c-29ad-44d5-a2ab-f00905b0fdd3,Female,81,Suburban,1,0,Two Year,Premium Connect,Credit Card,1,90.3359841553175,248265532.11517185,69,2,60.0,0,1
54375326-c98a-4a99-9fc2-3b5a896fadf8,Male,22,Suburban,1,1,One Year,Basic Connect,Digital Wallet,1,34.66049782389062,106297610.40835832,65,1,64.0,0,0
b5e5dd77-96a2-49ce-a40c-decceacd15ab,Male,63,Suburban,0,1,One Year,Standard Connect,Bank Transfer,0,94.02890197237738,271716714.07478374,54,1,124.0,0,1
aa8587e0-c593-4073-9fb1-9a14a29525b6,Female,49,Rural,1,0,One Year,Basic Connect,Mailed Check,0,44.182655248700726,99482680.572319,39,3,31.0,0,3
3b4babba-3fb7-4fac-8438-d83592db5a57,Prefer not to say,66,Urban,0,0,Month-to-Month,Basic Connect,Mailed Check,1,44.36781558902923,120974424.69201487,66,0,59.0,1,0
1f63afb8-9155-4ded-878e-ee6501538ce6,Female,42,Suburban,0,0,Month-to-Month,Basic Connect,Credit Card,1,28.83591545528271,91480240.27344704,40,0,64.0,0,3
2111a265-1db1-47fd-993d-c0032d30011b,Male,48,,1,1,One Year,Basic Connect,Mailed Check,1,56.80618830886655,86573628.14607044,53,0,60.0,0,0
19f52f7e-19bf-4468-81c2-01ee3d7dfc8d,Male,54,,0,0,Month-to-Month,Basic Connect,Credit Card,0,28.94395652574914,70198781.43018712,44,4,44.0,1,3
0ce2ea72-dc1f-4c67-9b20-ae8f73fd612f,,60,Urban,0,0,Month-to-Month,Standard Connect,Credit Card,0,63.68213176891848,130216409.29484408,48,1,84.0,0,3
f63c54f9-4d37-46d5-9bee-2fc29f45c174,Male,64,Urban,0,0,Month-to-Month,Basic Connect,Credit Card,1,64.08552025648723,75194787.6887203,49,1,29.0,0,3
b39f5115-7b38-43de-a5a5-148a36e33b88,Male,18,,1,0,One Year,Basic Connect,Credit Card,1,29.16926701303277,54159804.97181449,50,1,22.0,0,3
fbc0ebb3-ffae-443e-a165-31de6911c1e0,Female,42,Rural,0,1,One Year,Standard Connect,Bank Transfer,1,77.15330944000141,162005599.9343569,58,0,91.0,0,1
26d1b94b-fcff-4985-8334-531280f14456,Male,40,Suburban,0,0,Month-to-Month,Premium Connect,Bank Transfer,1,113.64524711472332,7046.005321112846,62,1,83.0,0,0
f9d45751-b071-499b-b95e-1ced94991f23,,28,Urban,0,0,Month-to-Month,Standard Connect,Bank Transfer,1,60.434036693890256,100651641.30594382,53,3,39.0,0,0
2110857d-ac57-4083-9946-8cddfd9cb9e9,Female,20,Urban,0,0,Month-to-Month,Premium Connect,Digital Wallet,1,116.98828036695306,6200.378859448512,53,5,167.0,1,0
bb043197-052f-4b06-ad98-ca7e9ac8e93b,Female,52,Urban,0,0,Month-to-Month,Basic Connect,Bank Transfer,1,64.08552025648723,73556567.53650987,44,1,53.0,0,3
c548a4ed-bd11-451a-bc89-4c4960562537,Female,47,Urban,0,0,Month-to-Month,Basic Connect,Credit Card,1,41.93144691616691,122367531.99889578,58,1,59.0,1,0
e954a465-4545-499e-a597-d48af9a9cc5a,Female,69,Rural,0,0,Month-to-Month,Basic Connect,Digital Wallet,0,22.716119739264443,66296863.66148776,47,3,28.0,1,3
cff52af1-134f-4df0-8ea6-bcf574de945d,Non-Binary,47,Urban,0,1,Month-to-Month,Premium Connect,Bank Transfer,1,115.75469244355467,251067591.52556345,67,3,123.0,0,1
9fe6fdd6-e188-4098-b751-b71bb821e184,Male,57,Urban,1,0,Month-to-Month,Premium Connect,Credit Card,1,64.08552025648723,2371.1642494900275,37,1,44.0,0,3
ea3504c2-ea50-429a-9e27-9482d9297e1e,Male,79,Suburban,1,0,Month-to-Month,Standard Connect,Bank Transfer,1,64.08552025648723,159176501.1653506,55,2,74.0,0,0
f50d8533-66af-49e4-9081-02343da6f5d3,Female,66,Suburban,0,1,One Year,Standard Connect,Credit Card,1,80.45707642569239,233823748.57050785,56,2,86.0,0,1
3b2ca88f-7672-4af1-b78b-519ad7b94647,Female,51,Urban,0,0,Month-to-Month,Premium Connect,Digital Wallet,1,90.92609057926155,137932001.13022003,39,2,140.0,1,3
389b5127-99a0-436c-9b25-36db679708e6,Female,54,Urban,0,0,Month-to-Month,Standard Connect,Credit Card,0,97.96379234713046,156346483.14174566,45,1,130.0,0,1
2dfcdc8b-aa37-4435-bb73-675d33b182f6,Male,72,Urban,1,0,Two Year,Basic Connect,Credit Card,1,52.707197645075176,87691236.46906632,67,2,60.0,0,0
d8b8ff62-f2b2-43cc-99e2-22db167267b8,Female,25,Urban,0,0,Month-to-Month,Standard Connect,Bank Transfer,1,62.286394741725466,106169386.2090546,41,0,90.0,0,3
ec9f18a4-4930-4ccd-b1f7-580b842486c3,Female,76,Urban,1,1,One Year,Premium Connect,Credit Card,1,82.6803573737993,153982744.7944473,47,1,64.0,0,1
480b94d4-1461-4aca-9388-fee8cf8c1e13,,74,Suburban,1,0,Month-to-Month,Premium Connect,Credit Card,0,89.59713415784395,238812186.6277104,41,3,105.0,0,1
67ff0541-918f-4b31-b610-0d9c994a1a01,Female,43,Urban,1,0,Two Year,Standard Connect,Credit Card,1,64.08552025648723,104179066.53085136,60,1,39.0,0,0
021603bc-509a-40b8-b042-8067403a7d7b,Non-Binary,75,Urban,1,1,Month-to-Month,Standard Connect,Mailed Check,0,69.71174294977536,194241622.45798,42,3,108.0,0,1
a319ebf7-b9c1-48bc-a18d-6e1bf1ae3a8f,Male,83,Rural,0,0,Month-to-Month,Premium Connect,Mailed Check,1,86.60663044895456,168107793.80111676,40,1,95.0,0,1
ee7a0e4c-a86f-4246-bef6-ce3cce04bf56,Male,83,Urban,1,0,Month-to-Month,Standard Connect,Digital Wallet,1,71.38380064196143,164105158.21703666,65,1,93.0,0,0
33dd3049-ad42-4e77-915a-417faed48b9c,Female,36,Urban,0,0,Month-to-Month,Standard Connect,Bank Transfer,0,86.5535867367513,162474759.21134517,62,1,112.0,1,1
72f24537-10ab-4525-8585-a6368c3ce399,Male,18,Urban,1,1,One Year,Standard Connect,Digital Wallet,0,74.90947198874768,150806848.2986461,46,1,96.0,0,3
50db5bba-57ac-4640-8326-710c27a03fa1,Male,39,Suburban,0,0,One Year,Standard Connect,,1,41.167481143689926,103170316.92143998,35,1,42.0,0,3
9e66cc2e-c137-465c-9c79-8de05d15d81f,Female,41,Rural,0,0,Two Year,Basic Connect,Credit Card,0,50.383950315342304,131536621.71754694,60,0,74.0,0,0
4e62bf6f-0c59-492c-9eca-92a18db1e3c6,Female,29,Suburban,0,0,Month-to-Month,Premium Connect,Bank Transfer,0,110.86020174561632,297922055.5545524,69,1,114.0,0,1
58f8913a-3ceb-4097-97ba-29e9e78daae2,Male,44,Urban,1,0,Month-to-Month,Basic Connect,Credit Card,0,39.59500217461181,114915523.06271632,38,1,27.0,0,3
70233c03-20d7-4fad-9a2d-fafaa5aca74b,Female,21,Suburban,0,1,Month-to-Month,Basic Connect,Credit Card,0,53.95543625962061,2104.262014125204,39,2,44.0,1,3
1434f9bb-e7b1-42f5-88c6-27fa76e7c5a8,Prefer not to say,71,Rural,0,0,One Year,Standard Connect,Credit Card,0,50.368754141250896,106531135.46443944,47,3,36.0,0,3
f58c6ca4-c147-412f-9233-23f3464dcc7a,Female,75,Rural,1,0,Month-to-Month,Standard Connect,Bank Transfer,1,55.82809594610727,128468321.42510007,55,0,72.0,0,0
97bc5eeb-401e-4617-bb30-d1d685658d0d,Prefer not to say,25,Urban,0,0,Two Year,Basic Connect,Digital Wallet,1,20.0,47362164.296685696,34,1,31.0,0,3
7156fd83-7669-4c99-9527-91c5b8ad50b2,Female,75,Urban,0,0,One Year,Standard Connect,Credit Card,0,67.97527572711627,136272465.77371675,56,4,77.0,0,0
9c74a73c-798d-4be4-83db-efe32f0ca924,Female,56,Suburban,1,1,Month-to-Month,Standard Connect,Digital Wallet,1,103.48620237792946,300296269.0960588,43,4,110.0,0,1
c2094829-dfd2-4237-b4fb-4bce4b7fbd03,Male,73,Urban,1,1,Month-to-Month,Premium Connect,Bank Transfer,1,76.61573971072848,180373004.2343136,41,5,57.0,0,1
48f47c96-442b-4924-9b98-a17c1e6562cf,,55,Urban,1,1,One Year,Standard Connect,Mailed Check,1,78.28773445863607,171099919.51826876,55,3,68.0,0,1
f681887a-8208-4e1e-b954-1a92d6a9ad77,Female,73,Urban,0,1,Month-to-Month,Standard Connect,Credit Card,1,71.43390767694055,159645436.33721054,61,1,77.0,1,0
fce4181b-cf9c-4403-b5ab-b6f4e0ecab4e,Male,74,Suburban,1,0,Month-to-Month,Basic Connect,Bank Transfer,1,72.43669697371801,3911.5816365807727,54,2,100.0,0,0
c2beb897-aabf-4c09-a276-9c586c8a82d3,Male,22,Urban,0,0,One Year,Premium Connect,Digital Wallet,0,64.08552025648723,234448378.08258733,50,2,64.0,1,1
77257684-ebcc-4e67-a1c7-f2539cc02ae2,Female,51,Suburban,1,0,One Year,Basic Connect,Bank Transfer,1,126.7342931251143,54486511.933926016,60,20,289.7719871,0,2
e0e80236-1986-4539-a740-11173adb9d5e,Male,45,Suburban,0,0,Month-to-Month,Premium Connect,Mailed Check,1,94.50575772826822,202884159.7261184,47,2,87.0,0,1
82a1b8ba-0537-4c70-9f5f-174755bb6b5c,Female,56,Urban,1,0,Month-to-Month,Basic Connect,Bank Transfer,1,20.0,53858132.30447976,61,0,25.0,0,0
7fe85ca8-d830-4462-a74f-70a3f7cdb25c,Female,74,,1,1,Month-to-Month,Basic Connect,Bank Transfer,1,24.855628599651656,61295185.25954432,66,1,20.0,0,0
2f20f1e5-4fe7-43cd-9dbe-62d35031bdd3,Female,25,Suburban,1,0,Month-to-Month,Premium Connect,Bank Transfer,0,98.48977495351964,164770615.03859767,53,3,121.0,1,1
7f446c03-3938-4cd6-b06a-d1a19f64a6bd,Female,62,Urban,0,0,Month-to-Month,Standard Connect,,1,99.32837651835612,324261690.23709667,38,1,130.0,0,1
dc23bb69-7d0c-42ce-b993-511949a18192,,51,Urban,1,0,One Year,Premium Connect,Mailed Check,1,121.62215622179708,198133855.6231203,46,2,64.0,1,1
3e753008-5ffa-4f07-afab-7243330d3bd7,Male,67,Suburban,0,1,Month-to-Month,Basic Connect,,1,20.0,40125743.68977933,48,0,17.0,0,3
a18017b8-5b6d-4f9c-a0a2-e1106cf6031e,Female,58,Suburban,0,0,Month-to-Month,Standard Connect,Credit Card,1,53.579199586114974,102202946.2589331,52,1,74.0,0,0
9bef7818-8906-444e-a6bf-a8c28ad5be9e,Female,56,Suburban,0,0,Month-to-Month,Standard Connect,Credit Card,0,64.08552025648723,247855403.4104022,36,2,115.0,1,1
229e5a60-f63c-4212-8612-49d988b98bcf,Male,65,Urban,0,0,Month-to-Month,Premium Connect,Bank Transfer,1,86.09042563817175,190408858.0995749,42,3,126.0,0,1
36a098da-2fa5-47c0-b967-9b3dc9e3e5ba,Male,70,Suburban,0,0,One Year,Premium Connect,Bank Transfer,1,129.01885683790957,394248670.3829447,47,2,74.0,0,1
5d9c07c3-3ccf-4912-b091-59e776ce0c11,Female,44,Rural,1,1,Month-to-Month,Basic Connect,Mailed Check,1,25.891957103085712,40845513.42273408,43,7,23.0,1,3
808fd37d-95ca-4abe-ab7a-22c9f2177f87,Female,61,Urban,1,0,Month-to-Month,Basic Connect,Credit Card,0,20.0,33807440.65011399,60,1,64.0,0,0
07eedd30-3876-477f-b572-253061bd1f47,Male,19,Urban,0,1,Two Year,Standard Connect,Credit Card,1,69.71706112591656,204379453.80231908,47,1,65.0,0,1
6c2e2eae-8783-4eda-ba2f-19bb31c0afda,Female,51,Urban,0,0,One Year,Basic Connect,Digital Wallet,0,35.308280010708714,49068700.95377837,46,1,55.0,0,3
4fc0d4c7-196d-4d00-a826-a426d638eb42,,18,Rural,0,0,Month-to-Month,Standard Connect,Credit Card,0,55.67051804775566,110503001.82272056,66,3,46.0,1,0
8a6541ea-f4fa-490b-a4a5-e0776bce72a0,Male,58,Urban,0,1,Month-to-Month,Basic Connect,Digital Wallet,0,39.16392528989035,87849979.55994885,39,2,36.0,0,3
21e46688-4bf4-4de5-a750-ac18f8eb8f4d,Female,70,Suburban,0,1,Month-to-Month,Standard Connect,Credit Card,1,60.04336666004013,3482.5152662823275,58,1,36.0,1,0
e30ebb72-24c7-4d56-8134-1aed4e9e8b29,,18,Suburban,0,0,Month-to-Month,Basic Connect,Bank Transfer,0,41.65198158529799,2165.9030424354955,52,0,55.0,0,3
57c9cd0e-8809-4ad7-9f05-1382bf24aec5,Female,35,,0,0,Two Year,Standard Connect,Credit Card,1,88.08661116390066,230809492.9916401,34,2,85.0,0,1
3adb71d0-b274-450b-ad8b-756bd86d0e9b,Female,55,,1,1,Two Year,Basic Connect,Bank Transfer,0,32.180900590708006,105188845.50274834,65,1,45.0,0,0
cef58cce-6d78-44fb-a7ee-583729f966c0,Male,82,Urban,0,0,Two Year,Premium Connect,Digital Wallet,0,90.95492967988116,141258906.33686808,66,4,120.0,0,0
e79deaaa-78b8-4e4b-9db5-94f9db347230,Female,43,Urban,1,1,Month-to-Month,Standard Connect,Credit Card,1,100.63588654856804,282309519.7292786,64,1,68.0,0,1
ada236aa-2d79-4bad-a4de-cf0d42324da4,Male,19,Urban,0,0,One Year,Standard Connect,Bank Transfer,1,72.36426844095156,141470553.50857744,40,3,98.0,0,3
ecc232b6-3c60-48c9-b38b-e6fb59e99cc2,Female,69,Urban,0,0,Two Year,Basic Connect,Digital Wallet,0,41.7078460907447,95316107.02027068,63,3,56.0,0,0
b14d7670-9f1b-4edb-ad0c-70fab4e2a8f8,Female,21,Urban,1,0,One Year,Basic Connect,Credit Card,1,41.612995404952585,63068291.17501723,64,3,52.0,0,0
08efdf27-0c4e-44b0-a2d0-08b921c22ca2,Male,78,Suburban,1,0,Month-to-Month,Basic Connect,Bank Transfer,0,29.42032944355422,89516831.95824382,50,0,28.0,0,3
7c1b54d0-1b71-4ba9-8457-a6d14e7e372d,Female,58,Rural,1,0,Two Year,Standard Connect,Credit Card,0,75.32544830867964,179107832.6374488,48,6,68.0,0,1
83fce887-22d8-472f-a6c3-c4d23936c0ae,Female,77,Rural,0,0,Month-to-Month,Standard Connect,Credit Card,0,63.31229657988733,2532.4918631954934,40,1,88.0,0,3
c2d56766-2a4e-4f6b-9ba8-a587bafdcc82,Female,37,Suburban,0,0,Two Year,Basic Connect,Bank Transfer,1,20.0,54959468.60208231,49,1,24.0,0,3
90a95f86-61e8-4752-8cde-b4ac4c50900e,Female,84,Suburban,1,0,Two Year,Basic Connect,Digital Wallet,1,58.46175317922384,105988272.5046083,49,1,47.0,0,3
2cf2a8d8-e1b2-4893-ad38-e0a693515b94,Female,66,Rural,1,0,Month-to-Month,Premium Connect,Credit Card,0,64.08552025648723,156040266.99879435,63,3,127.0,1,0
ae21f8ac-ff30-4f3b-a934-628b3b3ecc4b,Male,32,Suburban,0,0,Month-to-Month,Basic Connect,Mailed Check,1,47.76100553339825,122907690.17136298,61,5,65.0,0,0
0eaa0cd6-c95b-44c4-a56f-69dd220dfd5f,Male,75,Suburban,0,0,Two Year,Standard Connect,Digital Wallet,0,29.62345199531584,87771026.7784516,66,1,23.0,0,0
9e5920d6-8aed-47cd-81b5-f5f0b7305499,Female,48,Suburban,1,0,Month-to-Month,Premium Connect,Bank Transfer,1,84.14092035274163,211913040.536308,42,0,72.0,1,1
d27357c9-a7c7-4a53-8c07-53a41a6a7431,Female,27,Urban,0,0,Month-to-Month,Basic Connect,,0,45.288651340482176,122158533.608286,60,0,42.0,0,0
c9a8aaf6-2e5f-4b98-8f69-4ea2dafffdbe,Male,51,Urban,0,0,Month-to-Month,Premium Connect,Bank Transfer,1,114.15367319338064,250258458.35772,64,0,159.0,1,1
05053b93-0ae0-499f-a0e5-56926ec0a22d,Male,52,Urban,0,1,Month-to-Month,Basic Connect,Bank Transfer,0,50.187425085932304,2860.683229898141,57,3,63.0,0,0
ebdc02b1-9ed3-464a-9b9a-9ae835409501,,66,Urban,1,0,One Year,Standard Connect,Mailed Check,0,88.35701176858896,226125503.264953,42,0,104.0,0,1
3cfaf53f-bc5e-4f8d-b28d-11084773ac58,Male,76,Suburban,1,0,One Year,Standard Connect,Credit Card,0,84.69396157624134,185107616.70107016,65,1,113.0,0,1
6d92f28d-b55a-4607-9665-df4b0b695208,Female,33,Rural,0,0,Month-to-Month,Basic Connect,Digital Wallet,1,36.14431840466396,71225502.35756634,35,2,24.0,0,3
f9168401-3905-43ed-a14a-8084d1944515,Female,59,Suburban,1,0,Two Year,Standard Connect,Bank Transfer,0,50.98302337060821,130354257.28521992,46,2,80.0,0,3
09e00fe9-e4b2-47ed-8c24-6e2f064dfd9d,Female,71,Rural,0,0,Month-to-Month,Basic Connect,Bank Transfer,1,38.64703948059712,93036411.14090654,58,0,36.0,0,0
eb83fae7-4c1d-4173-a09c-b11278e0b630,Female,43,Suburban,0,0,One Year,Basic Connect,Credit Card,0,34.55676764461026,82283186.93436669,35,2,55.0,0,3
319050e3-6eda-4621-a4dd-760601c091a6,Male,35,Suburban,1,0,Month-to-Month,Basic Connect,Digital Wallet,0,58.20845184525578,147472019.27309942,34,2,61.0,0,3
7ffd16b8-24fd-4abc-b66b-088c9cd077e2,Male,35,Urban,1,0,Month-to-Month,Basic Connect,Credit Card,0,64.08552025648723,3524.703614106797,55,1,34.0,0,0
98ac375d-a8d3-4397-ae41-968badf5b753,Non-Binary,70,Urban,1,0,Month-to-Month,Standard Connect,Credit Card,1,41.62938338049045,108532808.05149797,35,0,37.0,0,3
b810299d-e5b3-489e-bb59-a4c4941e9706,Female,78,Suburban,1,0,Month-to-Month,Premium Connect,Digital Wallet,0,91.21881606334148,193074875.4946735,61,2,64.0,0,1
f4d99207-0007-45d1-ac8e-6fb80bb4f124,Female,65,Suburban,1,1,Two Year,Basic Connect,Credit Card,1,41.35692936163,100151406.69205046,45,0,39.0,0,3
89f2eff3-513b-4957-8a37-fcfbf55facef,Female,69,Rural,0,1,Month-to-Month,Standard Connect,Bank Transfer,0,71.67061249081947,116711094.54875636,34,1,64.0,0,3
030a5b8f-9e94-41ad-b2d9-7bd0c0ceb1c3,Male,56,Urban,0,0,Month-to-Month,Standard Connect,Bank Transfer,0,64.08552025648723,200717726.1662794,36,1,94.0,0,3
e9e2ba02-3a55-4f90-b67b-f30efd2a33c4,Male,18,Urban,0,0,One Year,Basic Connect,Mailed Check,0,33.090051070129846,77698545.00404127,52,0,64.0,0,3
cefb1ccb-b8aa-44de-8c96-5965b02d0a83,Male,24,Suburban,1,1,One Year,Standard Connect,Digital Wallet,1,73.01595585707663,116459002.42541504,65,1,64.0,0,0
52dcdfc1-3ec7-4a71-b3a3-2ebe6b9aa8b2,Male,52,Rural,0,0,Month-to-Month,Standard Connect,Bank Transfer,1,71.95687025360088,4965.024047498461,69,1,71.0,0,0
3913eff8-fff8-403a-8c39-ae67b588ec12,Male,36,Rural,0,1,Month-to-Month,Premium Connect,Digital Wallet,0,86.21737655420723,254943691.1064383,40,0,124.0,0,1
d7b3fac3-28b6-484c-942a-4adf485da40d,Female,72,Urban,0,0,Two Year,Basic Connect,Digital Wallet,1,23.600700421167407,59104909.03744884,37,2,22.0,0,3
10669b2f-e331-45c2-b610-ff3ed7b82a21,Male,24,Suburban,0,0,Month-to-Month,Premium Connect,Credit Card,0,64.08552025648723,182828845.7426876,61,1,125.0,1,1
b3f5197d-793f-4978-bade-2937ece00603,Male,18,Suburban,1,1,Two Year,Premium Connect,Mailed Check,1,129.01668622164306,230210248.98419407,54,1,161.0,0,1
174bb1e5-b284-4dd1-ac41-56561ecc4fed,Male,51,Suburban,1,0,Month-to-Month,Premium Connect,Credit Card,0,64.08552025648723,238721864.0424334,57,1,117.0,0,1
ef9ffb96-8abf-438a-b9e3-f227d28432c9,Female,53,Suburban,0,0,One Year,Premium Connect,Bank Transfer,1,125.75016890399918,367381878.6049465,56,2,129.0,0,1
95681b43-2578-4bdb-97db-ea578a930fc3,Male,52,Urban,1,0,Month-to-Month,Basic Connect,Credit Card,0,24.66975840849827,75957798.99506411,68,2,36.0,0,0
a5b5e6af-f63c-43e8-bb67-38f0e34425ea,Male,51,Suburban,1,0,Month-to-Month,Basic Connect,,1,31.96738342888322,58746531.16516326,49,1,26.0,0,3
4b598659-7bb8-4460-bcae-c355488e650d,Non-Binary,51,Urban,0,0,Month-to-Month,Premium Connect,Credit Card,0,101.06432413990385,194661754.21715912,59,2,107.0,0,1
0732617b-5250-4840-a409-104c57d3bfdd,Male,38,Urban,0,0,Month-to-Month,Premium Connect,Credit Card,1,95.48202255445676,262631663.7764883,41,0,66.0,1,1
4a835a0b-253f-45ff-9be0-2f50aa081e53,Female,66,Suburban,0,1,Month-to-Month,Premium Connect,,1,91.1134135080377,245747648.18173623,56,0,99.0,0,1
102a6ca6-4da1-49a9-b7db-dae4cf5368de,Male,38,Urban,1,1,Month-to-Month,Standard Connect,,1,84.71371210178626,215624214.81250963,55,1,52.0,0,1
22283087-30ba-4f40-a0c3-44496576264f,Female,81,Urban,0,0,One Year,Basic Connect,Mailed Check,1,20.564731500695977,40825560.14941534,34,2,30.0,0,3
741824fa-75fb-48b2-a267-46e366dab41d,Male,49,Suburban,0,1,Month-to-Month,Basic Connect,Credit Card,1,52.97545360303244,148583663.29741582,47,1,67.0,0,3
0dd8e759-28fa-44b9-9e9d-350e25b2eabe,Female,48,Rural,0,0,One Year,Basic Connect,Credit Card,0,47.16007171511027,110483517.19180772,36,2,29.0,0,3
68385721-495e-47f5-a205-a94416c52956,Male,76,,0,0,Two Year,Basic Connect,Digital Wallet,1,26.268772200741363,69871783.73966154,34,0,34.0,0,3
0b665c38-9409-4596-a344-471555849cca,Female,18,Suburban,0,0,One Year,Premium Connect,Digital Wallet,0,93.95848519161552,231232762.5009389,51,2,81.0,0,1
52f5db29-33c0-4193-961e-aefb2af46731,Non-Binary,49,Suburban,0,0,One Year,Basic Connect,Bank Transfer,1,20.0,43632518.3622519,54,0,24.0,0,0
38df4ecd-16ef-4717-b27f-24235811876f,Male,20,Rural,0,1,Month-to-Month,Basic Connect,Mailed Check,1,29.47079206869965,99911931.607394,62,1,47.0,0,0
474f5c5f-27a6-44d9-a99a-a7f9178dc764,Female,19,Suburban,1,0,Month-to-Month,Premium Connect,Bank Transfer,1,108.30056672137722,277048308.425348,65,1,138.0,0,1
68a1730b-9086-4bc4-8676-fb048c59188c,Female,28,Urban,1,0,Month-to-Month,Standard Connect,Credit Card,0,63.46433763914559,172177917.36847603,62,5,78.0,0,0
7ca177ac-a249-4bd4-92fa-f1116093e2d6,Male,20,Urban,0,0,Month-to-Month,Basic Connect,Credit Card,0,47.10619277631359,73473321.36594056,69,1,51.0,0,0
73c8d530-1341-49f4-b93e-78dce96562ea,Female,45,Urban,0,0,Month-to-Month,Standard Connect,Credit Card,1,54.725982000635625,129831412.46344107,57,1,79.0,0,0
f6651449-14a2-46cd-a495-b8170217e144,Female,77,Urban,1,0,Two Year,Standard Connect,Bank Transfer,0,63.78328043550023,107665495.9950482,43,3,61.0,0,3
8fce7e48-2fbe-4d52-b260-f4a6a2f257e5,,51,Urban,0,1,Month-to-Month,Basic Connect,Digital Wallet,1,91.85140103800362,59029397.37706469,45,25,458.6750428,0,2
8ae3acdb-a5f3-43b5-9460-df695e21dbbf,Male,70,Urban,0,1,One Year,Basic Connect,Bank Transfer,1,53.80538985417296,150877014.24346036,39,1,46.0,0,3
2790c88d-097a-4385-93e5-0a594c64f741,Female,83,Urban,0,0,One Year,Basic Connect,Credit Card,1,46.01878904576833,111882958.60703832,52,0,61.0,0,0
a2934b4e-6598-45e4-b407-da751712aa6e,Non-Binary,81,Urban,0,1,Month-to-Month,Standard Connect,Credit Card,0,60.8714941284497,156877129.18757552,63,1,36.0,0,0
57a58d91-fa09-4ce0-9b97-f0d2d995d78f,Female,64,Urban,0,0,One Year,Standard Connect,Digital Wallet,1,107.39017632067988,248612186.59805533,45,1,137.0,0,1
1bb4de3d-b7f0-4865-a737-483249629c1e,,83,Suburban,0,0,One Year,Basic Connect,Digital Wallet,1,74.42428615559224,213584146.3257256,37,3,62.0,0,1
b81db9cd-d29e-4fef-b966-399ddd9141e5,Male,51,Rural,0,0,Month-to-Month,Premium Connect,Bank Transfer,1,115.98909852780808,292340864.88843805,64,3,145.0,0,1
284542d0-d051-4f20-b52e-6eae4d4f9b6d,Male,73,Urban,0,1,Two Year,Premium Connect,,1,77.7515823936957,198381735.75857088,65,1,58.0,0,0
98d2c8c4-d7cf-47b7-988f-860d9e6a8631,Male,58,Urban,0,0,Month-to-Month,Premium Connect,Digital Wallet,0,75.94974297260403,207700505.30724293,49,0,105.0,0,1
60706e82-9578-46b7-95b0-a249717f927e,Female,53,Suburban,1,0,One Year,Standard Connect,Credit Card,1,64.08552025648723,117037242.504838,60,2,45.0,0,0
95bcccf7-396b-4d64-8702-104adfc2be76,Female,79,Suburban,0,0,Month-to-Month,Basic Connect,Digital Wallet,0,36.72162622278607,103580956.41241264,61,2,64.0,0,0
128ffab4-2f63-45b1-83cb-4393db784aeb,Female,65,Suburban,0,0,Two Year,Standard Connect,Bank Transfer,0,63.93918177968465,129880789.78206676,68,1,85.0,0,0
0c7e6100-c078-4188-89bd-b187cbeee0df,Non-Binary,55,Urban,1,0,Month-to-Month,Basic Connect,Credit Card,1,71.11969305775028,141288954.47388318,57,1,89.0,0,0
b8dba51a-4787-4612-a536-0dd06a1bcff9,,23,Urban,1,1,One Year,Standard Connect,Credit Card,1,56.180602214088296,104636788.18797275,37,1,64.0,0,3
22956d12-4eac-4ac4-b296-ab255691e252,Male,69,Suburban,1,0,Two Year,Basic Connect,Credit Card,1,38.8710065223008,93951232.8246089,49,1,48.0,0,3
fc37d38e-7844-4eef-afd4-edb831399146,Male,65,Urban,1,0,One Year,Premium Connect,Bank Transfer,0,64.08552025648723,330924037.3713326,58,1,159.0,0,1
9ccd5f0b-cb51-4eb0-a0a9-52f7e16fe941,Male,32,Rural,1,0,Month-to-Month,Premium Connect,Bank Transfer,1,93.22360414226696,271500855.38858366,59,2,120.0,1,1
5b9ac751-6247-49f4-9996-f2e22bede965,Female,35,Suburban,1,0,Month-to-Month,Standard Connect,Mailed Check,0,64.08552025648723,170169668.41160455,46,2,86.0,0,3
0af7ec11-ec5f-4d9d-8d6d-f9e8dd624955,Male,51,Urban,0,0,One Year,Premium Connect,Credit Card,1,88.8771929251725,175346787.81762594,56,5,115.0,1,1
b10efcbe-e784-4850-9aad-de92cabfec5f,Male,25,Rural,0,0,Month-to-Month,Standard Connect,Bank Transfer,1,68.11955090105668,185575505.1851473,58,1,100.0,0,1
48bda24e-f9d5-47cd-8607-08aa21a249de,Male,42,,1,0,Two Year,Premium Connect,Credit Card,1,111.02067006988128,171254087.65749297,52,3,70.0,0,1
bcbaf8f5-255e-4e48-92a6-accb5adb59a7,Female,24,Urban,0,0,Month-to-Month,Premium Connect,Bank Transfer,1,97.54032422386636,172723067.0714786,36,1,113.0,0,1
99b66a46-5492-40ba-bbf7-5929e655b0b6,Male,22,Suburban,1,1,Month-to-Month,Standard Connect,Bank Transfer,1,50.01656995237856,148226533.25873542,37,1,43.0,0,3
fdaa17dc-2157-45e8-a356-bfe800f56602,Male,22,Urban,0,0,Month-to-Month,Basic Connect,Digital Wallet,1,64.08552025648723,172526473.624639,40,1,91.0,0,3
7802c0de-8885-4939-8107-2bc4ecf21385,Male,46,Rural,1,0,One Year,Premium Connect,,1,87.83214762487601,131647336.00603,53,0,76.0,0,1
b9db934b-4e3f-4af4-88b6-1acb0ac67ec4,Female,51,Rural,0,0,Month-to-Month,Standard Connect,Digital Wallet,1,48.276199055120586,3186.2291376379585,66,1,64.0,0,0
dfde8d9f-cae1-49bd-80ca-b853faa37eb7,,83,Urban,0,0,Month-to-Month,Basic Connect,Bank Transfer,1,64.08552025648723,29336646.189909715,55,5,64.0,0,0
fecda41f-1b7a-4da6-855c-aaf9a37ca169,Female,35,Rural,0,0,One Year,Basic Connect,Credit Card,0,35.96691428697755,98783088.12341654,45,2,54.0,0,3
3a2fc1da-0ac7-4c84-8499-eee5eda64647,Male,77,Rural,0,0,Month-to-Month,Standard Connect,Credit Card,0,63.37035785728821,2154.592167147799,34,0,99.0,0,3
6a2e5b0a-1254-4964-b8dd-8a7468e4d9a3,Female,53,Urban,0,0,Month-to-Month,Standard Connect,Bank Transfer,1,40.50929903877026,85266474.58168896,63,2,56.0,0,0
466d1971-ec5d-49ec-b613-9e6fe9a4fcfa,Male,50,Urban,0,1,Month-to-Month,Basic Connect,Bank Transfer,1,31.5989041453786,77241754.0164524,59,0,24.0,0,0
a7212890-1a52-42ca-bd16-cf66ade46f7c,Male,40,Rural,1,0,One Year,Premium Connect,Credit Card,0,116.72027853859436,344819145.4750158,61,2,68.0,0,1
f9810fef-a844-4df9-87b0-0482bb7ffba0,Female,29,Urban,1,1,Month-to-Month,Basic Connect,Credit Card,1,61.590560879278094,107536589.63363008,59,0,66.0,0,0
20c4a6d6-bc17-4c1d-8e2f-28c43cdcd5fc,Male,65,Urban,0,1,Two Year,Premium Connect,Credit Card,0,100.54235322562724,289724171.5606671,40,0,149.0,0,1
60d77d26-4252-4e53-8038-cf24447fc687,Male,84,,0,0,One Year,Basic Connect,Digital Wallet,1,49.88926031144554,153180207.1807364,40,1,69.0,1,3
70c9aff0-5bf7-4204-9c18-876ac781aabf,Female,51,Rural,0,0,Month-to-Month,Basic Connect,Bank Transfer,1,55.664933508994686,123637865.05654708,69,1,74.0,1,0
ca714831-712d-40cd-8015-6e2039b445f4,Male,28,Rural,1,0,Month-to-Month,Standard Connect,Bank Transfer,1,52.72636950845898,86235655.53479439,48,0,64.0,0,3
e607cfa9-92c3-4b7d-a482-80cb15025e3f,Male,27,Rural,0,1,Month-to-Month,Basic Connect,Credit Card,1,21.89546138622127,53879752.13242708,35,0,23.0,0,3
6b277bfd-2af0-47cd-b634-0e0c1d29f2dc,Female,65,Suburban,0,0,Month-to-Month,Basic Connect,Digital Wallet,1,40.8293995990835,60153338.84660154,37,4,64.0,0,3
6647d64a-9eb6-489d-87b9-ae54874b4569,Male,24,Urban,0,0,One Year,Basic Connect,Bank Transfer,0,53.84116625006945,136621849.43293875,34,2,71.0,1,3
a4bedf39-c107-4f0e-a2e7-3277652974b1,Female,65,Urban,1,0,Two Year,Basic Connect,Bank Transfer,0,35.831252356448935,118481296.72795326,64,3,25.0,0,0
a01723ce-4c0a-4c81-8ee6-63df74cc1b26,Male,49,Urban,0,0,Month-to-Month,Basic Connect,Mailed Check,1,25.91097610133815,48219379.843804926,61,3,32.0,0,0
c83232d0-6872-4322-b7a2-743b6e7a8b84,Female,54,Rural,1,0,One Year,Standard Connect,Credit Card,0,79.14980188631645,188242239.6890832,59,0,103.0,0,1
bebecc31-f6dd-4d43-a022-67a8580d91f4,Female,57,Rural,1,1,Two Year,Basic Connect,Digital Wallet,1,59.38450422858861,111348729.43102238,42,0,59.0,0,3
449dc70e-da30-41b1-89b8-28d09ae6f54b,Male,50,Rural,0,0,Month-to-Month,Basic Connect,Bank Transfer,0,29.00773589895226,82660571.3601369,61,3,24.0,0,0
7470414f-7622-4335-9906-db19c48e8f64,,55,Suburban,0,0,One Year,Premium Connect,Credit Card,0,120.85072344468264,263497273.84298345,50,0,64.0,0,1
032476a8-2844-4734-b6f2-3b77967762d0,Female,34,Suburban,1,0,Month-to-Month,Premium Connect,Credit Card,1,64.08552025648723,309118120.8849943,55,2,163.0,0,1
3507f209-81e0-4def-8de3-1e2ed7fcad5c,Female,51,Rural,0,0,Two Year,Standard Connect,Credit Card,1,251.05851457770407,175370732.31572053,44,1,1140.084541,0,2
6f7aef9e-2d6b-4f75-8f7b-e4fe0b377e84,Male,19,Urban,1,1,Month-to-Month,Premium Connect,Bank Transfer,0,136.54448824006968,7373.402364963763,54,2,201.0,0,0
67599c56-81ea-4e0d-bfab-aa7a16ae1f20,Male,61,Urban,0,0,Month-to-Month,Standard Connect,Bank Transfer,0,94.88657039346788,234267184.3294092,47,1,109.0,0,1
c6b7fb92-a3f3-4692-989a-f6b060794cac,Female,65,Rural,0,1,Month-to-Month,Premium Connect,Bank Transfer,0,107.18171006705624,155027566.76727158,55,1,99.0,0,1
8c4910b0-68b0-4cd5-8781-19d4a5ff3fba,Female,82,Suburban,1,0,One Year,Premium Connect,Bank Transfer,0,97.96926606505426,204917355.2775395,57,1,73.0,0,1
50514344-71e4-4943-8ee0-45d25fc14818,,27,Suburban,0,1,One Year,Standard Connect,Mailed Check,0,64.2254611586836,108759112.67826185,36,1,88.0,0,3
76a50fe6-066d-4c9e-8834-80e627fbf94a,,50,Suburban,0,0,One Year,Standard Connect,Bank Transfer,1,65.90189868057763,166960830.7805402,45,1,73.0,0,3
ee280bab-47a0-4d14-819c-acb21e9d9af6,Male,37,Rural,0,0,One Year,Premium Connect,Credit Card,1,116.0582970384731,331850642.3889932,48,3,64.0,1,1
5fcda940-6214-4902-8353-3b022ddedcb6,Male,58,Urban,1,0,Two Year,Basic Connect,Credit Card,0,30.62256728166486,2082.3345751532106,68,2,23.0,0,0
7376fe95-2a1f-47cd-b8a4-c7af16a52deb,Male,60,Urban,0,0,Two Year,Standard Connect,Bank Transfer,0,62.061636445848,123788735.5438779,55,0,46.0,0,0
3ca8fdd8-6aca-46d8-87bd-2eabdcbb4010,Female,82,Urban,0,0,One Year,Premium Connect,Credit Card,1,103.66552196472831,195126720.5702884,45,5,106.0,1,1
44c42e93-9cea-44db-8b50-d3cb007ce061,,29,Rural,1,1,Month-to-Month,Standard Connect,Credit Card,1,55.76133783768561,179004074.94150358,67,2,46.0,0,0
2e93aef5-b66c-4eba-af4d-37344060ddec,Male,63,Rural,0,0,One Year,Standard Connect,Credit Card,1,72.6565911387535,135505341.3515963,45,1,67.0,0,3
ca24d7ea-5e2e-4150-8c34-032044a3dd92,Male,41,,0,0,Month-to-Month,Standard Connect,Credit Card,0,64.08552025648723,245356113.8600298,37,3,107.0,0,1
ca68208b-8e41-41a6-986a-ae40dd640def,Female,74,Suburban,0,0,Month-to-Month,Basic Connect,Credit Card,1,76.64753058592302,160522987.86717096,53,0,114.0,0,1
71ae5fa1-7e25-404f-a35d-e21f32c99f27,Female,19,Urban,1,0,One Year,Basic Connect,Credit Card,0,64.08552025648723,86196971.2260964,38,1,41.0,0,3
1b5e4255-55a9-437f-8fc0-81870e4998f6,Male,84,Urban,0,1,Month-to-Month,Basic Connect,Credit Card,1,23.71942470038237,45017922.40403037,43,1,35.0,0,3
ef48d5a5-9884-43c8-a04f-79462b6e7168,Male,51,Urban,1,0,One Year,Premium Connect,Mailed Check,1,64.08552025648723,251778982.15946305,38,26,1707.766841,0,2
d89de9e5-ad9b-4a47-89fc-308a35b9dc95,Non-Binary,71,Rural,1,1,One Year,Basic Connect,Bank Transfer,1,20.0,39927366.19173104,41,3,17.0,0,3
4c3815f4-b0c7-48e2-bddf-fbad89f8f9ca,Female,72,Suburban,0,0,Month-to-Month,Premium Connect,Digital Wallet,1,56.60776099815852,110782531.97244573,60,2,64.0,0,0
cf0b7399-3457-418c-a477-1465a14243ed,Female,79,Suburban,0,0,Month-to-Month,Standard Connect,Mailed Check,1,61.80756136228025,164857746.12637487,66,1,80.0,1,0
c589ddd7-2f19-421b-9b8e-f39f7e6e1601,Female,69,Suburban,0,0,Month-to-Month,Premium Connect,Bank Transfer,1,86.1138852674573,210056921.59686223,67,1,66.0,0,1
ccc9c0e0-e0ce-4e69-867f-6cb6d6ae1a4d,Male,51,Urban,1,1,Month-to-Month,Premium Connect,Bank Transfer,1,86.61082649837716,3724.265539430218,43,3,59.0,0,3
3268b7a5-f2a5-4877-86d9-8a66d57ad63e,Male,39,Urban,0,0,Month-to-Month,Premium Connect,Credit Card,1,117.60044605231732,287311235.7464854,62,0,115.0,1,1
ea86663a-0cef-42ed-8ff7-07f4944ebefc,Female,49,Urban,0,0,Month-to-Month,Basic Connect,Digital Wallet,1,35.34989561282762,111533354.49637446,51,2,34.0,1,3
adde429f-1009-4c90-ba61-9487ec18229d,Female,21,,1,0,Month-to-Month,Basic Connect,Credit Card,1,30.02649924871537,1471.2984631870531,49,0,32.0,0,3
00fa1d72-9cd8-4ad3-b2c2-7755ff41472b,Male,31,Rural,0,0,Month-to-Month,Premium Connect,Credit Card,0,108.56247893936477,197763776.28988805,56,2,64.0,0,1
441e749e-10ab-4fdb-9e26-b47df2ff4dbf,Male,48,Suburban,1,1,One Year,Standard Connect,Credit Card,1,89.62430187230598,185380969.89021644,65,1,121.0,0,1
9fcb17e7-b51c-4bc7-b9f2-812cdb02b49d,Male,62,Suburban,0,0,Month-to-Month,Premium Connect,Digital Wallet,0,88.8506194907937,163600471.09841773,60,1,90.0,0,1
bd6c8fd5-197c-440d-ad70-9d148fc22980,Female,36,Suburban,0,1,Two Year,Premium Connect,Bank Transfer,1,107.24984072386655,253876158.2749897,53,3,127.0,0,1
eca0bca9-6855-4860-b358-b124dcc775d9,Male,40,Suburban,1,1,Month-to-Month,Standard Connect,Mailed Check,1,68.12324868471083,180410379.64929503,67,2,57.0,0,0
24045c0b-82e3-430e-8bde-837bdaf9e481,Male,53,Urban,1,0,Month-to-Month,Standard Connect,Bank Transfer,0,60.31848084694215,168916655.65414757,51,3,83.0,0,1
bb716c96-e60a-430e-84ed-ce2f9cbefd9d,Male,37,Urban,1,0,One Year,Basic Connect,Digital Wallet,1,52.84053251184599,101275340.13728304,41,2,53.0,0,3
4a61aa57-2fe9-4493-92f8-e555675c0387,Female,83,Urban,1,0,Two Year,Premium Connect,Bank Transfer,0,109.354666307553,247656900.49186885,46,4,76.0,0,1
ae56c8f9-2c53-4b3c-b9b5-af34405ed720,Female,50,Suburban,0,0,Month-to-Month,Basic Connect,Digital Wallet,1,55.20020705350276,96451449.37836772,57,1,82.0,0,0
51bbdcdc-05e5-4e92-b7b1-7aeeac654dd8,Female,40,Suburban,0,0,One Year,Basic Connect,Bank Transfer,1,57.9376459435731,123482917.6870686,63,2,45.0,0,0
98742272-2a2b-437b-bcb2-730dbd71c3bc,Male,63,Rural,0,0,One Year,Standard Connect,Digital Wallet,1,63.95750519856599,2750.172723538338,43,1,39.0,0,3
91c75179-fabb-42ae-9146-4ad85c576411,Female,30,Rural,0,0,Month-to-Month,Premium Connect,Mailed Check,1,82.2505775652977,119764831.17645793,47,0,64.0,0,3
af753aac-0aea-477c-acc8-5c605dfb0ba2,Male,31,Rural,0,0,Month-to-Month,Basic Connect,Credit Card,0,34.22598913785885,94674566.18285644,56,2,22.0,0,0
080a3c4f-208c-497b-9107-779fd7e99f9c,Male,74,Rural,0,0,One Year,Basic Connect,Credit Card,1,24.684567929881627,56296707.64604717,58,2,31.0,0,0
b9a2462e-56ac-48ab-9b82-9d3a39396844,Male,74,Urban,0,0,Month-to-Month,Premium Connect,Credit Card,0,89.38802738041984,187811355.13577825,69,3,68.0,1,0
a2d49634-5bcc-4fc2-9d75-2a91b2148676,Female,38,Urban,1,0,Month-to-Month,Standard Connect,Digital Wallet,1,68.4707357898155,128074637.24425004,64,2,42.0,0,0
58203468-f1bc-4219-842a-a9b5230d12ad,Female,39,Suburban,0,0,Two Year,Basic Connect,Credit Card,0,45.977098136931815,74841607.02081506,66,1,47.0,0,0
1002c846-0b84-4dc4-92d6-7c6332d2c6b1,Male,65,Rural,0,0,One Year,Standard Connect,Bank Transfer,1,74.5745319292752,125312418.09382012,66,3,42.0,0,0
86bb8ff2-d292-4eaa-8345-1363c3c03b00,Female,59,Urban,0,1,Two Year,Premium Connect,Credit Card,0,94.24545979975632,203115554.96128047,39,2,61.0,0,1
cd4970a8-f5c0-4c48-9146-35063edad235,Female,57,Urban,0,0,Month-to-Month,Premium Connect,Bank Transfer,0,109.24352576860706,218395824.8606092,42,1,64.0,0,1
57b3d3d5-2fbb-4fd0-a03c-3a4de3cbcc70,,84,Urban,0,1,One Year,Premium Connect,Mailed Check,1,102.220652764105,295810783.93544394,51,2,142.0,0,1
50e1ccdc-acee-4dcc-9554-0b75cfceb6fc,Female,37,Suburban,0,0,Month-to-Month,Basic Connect,Digital Wallet,1,64.08552025648723,77049993.93448146,63,1,52.0,1,0
f32dbc01-fc39-4732-94cc-565159491b0b,Female,45,Urban,0,0,Month-to-Month,Basic Connect,Mailed Check,1,42.00325080083664,98076907.55306908,64,0,52.0,0,0
2665c711-3126-4dbb-b762-2fda709fefef,Male,30,,0,0,Month-to-Month,Premium Connect,,0,114.21011937219625,167424995.20181292,61,0,64.0,1,1
bf2803ca-1295-4c27-be50-cfb050235416,Male,68,Urban,0,0,Two Year,Basic Connect,Credit Card,1,39.51339751621051,72648813.29144375,65,3,55.0,0,0
7a578411-9702-4d88-b384-9e2dc9874f82,Male,51,Rural,0,0,One Year,Basic Connect,,1,32.06971780689356,73884086.04219048,60,4,47.0,1,0
825c3c75-9437-4251-90ba-52a67bbd36f4,Male,26,Urban,0,0,Month-to-Month,Standard Connect,Credit Card,1,91.13320543351824,195022152.13753256,34,1,108.0,1,1
8fecd92d-4a6d-4d8b-bb82-cad5c4ab71af,Male,38,Urban,1,0,Month-to-Month,Standard Connect,Digital Wallet,1,106.50542100162896,5538.281892084706,52,2,60.0,0,0
ba9e464e-6404-409a-b6af-ebfd13577473,Male,30,Urban,0,0,One Year,Basic Connect,Mailed Check,1,24.33014715217694,73472011.42091739,62,1,28.0,0,0
96bd0bdb-9878-4acc-8c0a-fda10e462701,Female,37,Rural,0,0,One Year,Standard Connect,Bank Transfer,0,71.79609364165239,223188927.41297144,61,2,88.0,0,1
80c6aede-7e53-46f9-b4b3-aeff99840785,Female,72,Rural,0,0,Month-to-Month,Basic Connect,,0,64.08552025648723,46513190.23036792,62,2,35.0,0,0
d6f59369-94e6-4a6b-83bf-1f466f91f6d8,Female,47,Rural,1,1,Month-to-Month,Basic Connect,Credit Card,0,25.9947516822524,68339522.11999123,50,4,20.0,0,3
6b5400a0-66ae-4cb4-929c-dd12e590acd8,Female,70,Urban,1,0,Month-to-Month,Standard Connect,Credit Card,0,83.18520681943498,5074.297615985533,61,1,119.0,0,0
2f74c170-3fd5-423c-9765-d1c2246f3b4a,Male,84,Urban,0,0,Month-to-Month,Standard Connect,Mailed Check,1,65.76419796088284,142628259.2995348,48,1,71.0,0,3
535fba04-87e7-4ce5-99da-cd5b5dbc5842,Female,49,Suburban,1,0,One Year,Basic Connect,Mailed Check,1,41.492824055787146,128756207.07174145,47,1,54.0,0,3
0a591364-dd46-408f-bbb4-6bd0513a1dc2,Female,68,Urban,0,1,Month-to-Month,Standard Connect,Credit Card,1,79.16140043303076,181302717.61459577,51,1,98.0,0,1
d048dbe1-dcfd-424c-b639-d468dab51ebf,Male,67,Suburban,1,1,Month-to-Month,Basic Connect,Credit Card,1,54.43144850673909,139836133.7505593,57,2,57.0,1,0
b041aa7c-a9e7-4125-92f1-c42f97fb1c84,Male,25,Urban,0,1,Month-to-Month,Premium Connect,Bank Transfer,0,66.94054150960899,2811.502743403578,42,1,64.0,0,3
224d47e3-428d-464d-af33-d9c918ee9197,Male,51,Suburban,0,0,Month-to-Month,Basic Connect,Credit Card,1,62.53037989929622,4064.474693454255,65,0,46.0,0,0
94a52505-1c8f-466b-856d-a643361fdebd,Female,48,Urban,1,0,Two Year,Basic Connect,Digital Wallet,1,50.96070724243378,116727832.9365082,42,0,34.0,0,3
e99b94b6-0d80-486c-af60-08c438b77053,Male,26,Suburban,1,1,Month-to-Month,Basic Connect,Bank Transfer,1,58.98870185161039,107424125.0143024,69,0,44.0,1,0
b3589680-ebb6-481f-a18b-fcb80e84b1b2,Female,64,Urban,1,1,Month-to-Month,Basic Connect,Digital Wallet,1,38.998637880251614,91515787.2617318,34,1,26.0,0,3
fa3bfcda-bd46-4fee-a67e-76077659c11f,Male,58,Suburban,1,1,Two Year,Premium Connect,Credit Card,0,63.43969703350715,147687981.655069,65,1,70.0,0,0
4ef9b453-8cd2-425b-9ab7-cbbe90c8608f,Female,28,Urban,1,0,Month-to-Month,Basic Connect,Credit Card,1,20.0,52546862.504172064,46,2,33.0,0,3
85191340-8005-4614-be87-5b136e4b292a,Female,39,Rural,1,0,One Year,Premium Connect,Digital Wallet,1,98.24915246014476,272319203.3847508,51,2,113.0,0,1
218d4a39-82e3-4271-88e9-8973d25e4fef,Non-Binary,71,Urban,0,0,Two Year,Basic Connect,Bank Transfer,1,27.21186541226267,81092691.11316583,41,1,27.0,0,3
ca897754-54ff-41ac-aee8-3747a0b9c6e0,Male,43,Urban,1,0,One Year,Standard Connect,Credit Card,1,90.22856409284353,4421.199640549333,49,3,131.0,0,3
5c16dea1-16fc-4331-9953-badc5346029a,Non-Binary,29,Urban,0,1,Month-to-Month,Basic Connect,Mailed Check,0,41.56936953136001,78965487.90036888,56,0,43.0,0,0
968d2414-c09c-406e-be35-13b0c5512259,Male,80,Urban,0,0,Two Year,Premium Connect,Digital Wallet,1,87.92301414097871,245567909.9553438,43,0,113.0,0,1
d10c0ad8-8a9c-474e-bf9a-dd70a690529f,Female,43,Suburban,0,0,Two Year,Basic Connect,,0,31.03500463599546,44898977.03376341,36,2,24.0,0,3
52d30432-3c2e-4de6-aedb-7a7243b525fa,Male,63,Rural,0,0,Month-to-Month,Premium Connect,Credit Card,1,115.3925890783687,216999400.02097428,67,2,118.0,0,1
d861ebed-7c02-4a7e-a363-746c670e2678,Male,61,,0,0,Month-to-Month,Basic Connect,Bank Transfer,0,64.08552025648723,3909.2167356457207,61,1,40.0,0,0
83646fcb-98a6-4ff0-90cd-8373bf44690e,Female,73,Suburban,0,0,Month-to-Month,Premium Connect,Credit Card,0,59.13585563700445,87665464.75414957,67,1,51.0,1,0
e60b600e-b161-4b51-9eb1-ec2588985c33,Male,56,Suburban,0,0,Month-to-Month,Standard Connect,Credit Card,1,92.92002513720897,177125601.97384217,35,0,67.0,0,3
59db060a-f705-4647-b30f-237c3daeadf2,Female,46,,1,0,Month-to-Month,Premium Connect,Credit Card,1,84.81488593354379,157820054.53981018,46,3,104.0,0,1
c00dd1f0-4b70-474b-8942-19420e6bfa39,Male,25,Urban,1,0,Month-to-Month,Standard Connect,,1,64.08552025648723,165091061.669549,61,0,43.0,1,0
e7d9c9ed-fbf0-48ea-bef9-52a5e7d80d81,,25,Urban,0,0,One Year,Basic Connect,Credit Card,1,36.246246920912505,109089957.0175832,60,0,54.0,0,0
7568ff67-d202-447c-9d6e-d980e6786b89,Prefer not to say,19,Urban,0,0,Month-to-Month,Premium Connect,Credit Card,1,104.9877545330567,4514.473444921438,43,1,137.0,0,3
0b6876a1-f544-453d-addf-b3fe8ec9a7b6,Male,55,Urban,0,0,One Year,Basic Connect,Credit Card,1,20.0,720.0,36,1,33.0,0,3
fb24c7b7-d206-4d2c-b7c8-84e97caa41ae,Female,40,Urban,0,0,One Year,Standard Connect,Bank Transfer,1,78.92415588022581,224081126.7957533,67,0,76.0,0,1
dee09375-db2e-4f4a-9234-ad175d452447,Female,35,Suburban,1,0,One Year,Standard Connect,Digital Wallet,1,53.36753070777555,117764029.5554349,63,1,39.0,0,0
d8030547-7200-42aa-a115-a168c461938e,Prefer not to say,25,Urban,1,0,Month-to-Month,Basic Connect,Digital Wallet,1,41.97235914827775,2434.3968306001093,58,1,29.0,0,0
8ab47d78-7738-4a6e-bc6d-ef5535136e75,Prefer not to say,42,Urban,1,0,Month-to-Month,Basic Connect,Digital Wallet,1,36.72977857708416,103433724.86493818,43,1,25.0,0,3
50a088f1-1691-4189-8fd7-4a7e9aee10a4,Female,59,Rural,1,1,Month-to-Month,Premium Connect,Credit Card,0,98.7736622287164,299814778.5291566,53,1,62.0,1,1
8e1e8a1b-0522-4155-85cb-f16e4010765e,Non-Binary,28,Rural,0,0,Two Year,Basic Connect,Mailed Check,0,50.58162988274932,156174583.9880081,59,4,72.0,0,0
2f64da95-9ee5-457c-a0cd-c9bf9470c133,Female,36,Urban,1,0,One Year,Standard Connect,Bank Transfer,1,83.39288048448051,214644026.6593184,64,3,75.0,0,1
39527af0-f814-4722-b031-207117fc84d3,Prefer not to say,34,Urban,0,0,Month-to-Month,Standard Connect,Credit Card,0,67.97699103956293,143859128.55506757,39,0,64.0,0,3
51c030da-942d-42f0-a158-4bb5ec610ca2,Male,51,Rural,1,1,Month-to-Month,Standard Connect,Credit Card,1,81.75488850074636,247233002.50869897,69,1,76.0,0,1
a4503872-356c-4504-b52d-5dd04e9d48ee,Male,47,Urban,1,0,Month-to-Month,Basic Connect,Bank Transfer,1,31.019757113899107,91287857.49094422,47,1,48.0,0,3
32a097d6-8dba-424f-ac35-47674987be93,Female,78,Suburban,1,0,Month-to-Month,Standard Connect,Bank Transfer,0,46.65510383164199,81867491.19129433,45,1,64.0,1,3
291b7973-e0eb-4956-ac90-88a1d3fdd7d9,Male,70,Suburban,0,0,Month-to-Month,Basic Connect,Bank Transfer,1,22.86736655921311,46202592.64620436,45,1,22.0,1,3
48341400-f4da-4c52-835e-e35f36d7bba9,Female,59,Suburban,0,0,Two Year,Basic Connect,,1,64.08552025648723,74355457.13156758,58,0,24.0,0,0
4481a284-2f8b-497e-aeec-e5b4e300206b,Female,51,Urban,1,0,One Year,Premium Connect,Credit Card,1,407.4380472963047,305410466.03225243,47,31,2228.163258,0,2
f94d09e7-ac03-48cc-8f96-e31241566d98,Male,81,Urban,1,1,One Year,Premium Connect,Digital Wallet,1,105.28451391924736,303417291.4423093,64,3,126.0,0,1
3df1f028-9cb4-4280-a7f7-ae7d9dee2d60,Female,52,Rural,0,0,One Year,Basic Connect,,1,32.224741528809645,1353.439144210005,42,1,31.0,0,3
627f327a-1bb9-4010-9db6-1bdcf79f9b4c,Female,75,Urban,0,1,One Year,Premium Connect,,1,121.56887287235006,226137959.93270248,43,0,67.0,0,1
0db372ab-928f-4a42-9d8c-0d8bf90197dc,Female,23,Urban,1,1,One Year,Basic Connect,Bank Transfer,0,79.03978528185247,200244416.51967603,59,1,51.0,0,1
69e3e131-7425-47bf-abf7-a3e0a85c7aa2,Male,41,Rural,0,0,Month-to-Month,Standard Connect,Mailed Check,0,63.32163327436918,181850949.12833127,69,0,91.0,0,0
06bd9347-1a55-4b65-b3a3-0f0e3eb834b4,Male,44,Rural,0,0,Two Year,Premium Connect,Digital Wallet,0,86.12088117999,172116742.55766612,37,2,64.0,0,3
1d2a5c75-4ca6-430f-85f4-d9be6481d771,Male,48,Rural,0,0,Month-to-Month,Standard Connect,Bank Transfer,0,51.64398495165917,3098.6390970995503,60,4,73.0,0,0
91dd94ee-ee20-4a8e-a00d-87ea34ff3a62,Male,27,Suburban,0,1,One Year,Basic Connect,Mailed Check,1,20.0,37178208.216011584,57,2,24.0,0,0
65c17ec6-5817-4245-b13a-e48f3ebc4921,Male,68,Suburban,1,0,Month-to-Month,Premium Connect,Mailed Check,0,107.89976572270866,229653183.6367802,67,1,90.0,0,1
f90d2fe1-6409-4c14-a568-ba5c6f54c069,Female,25,Urban,1,0,Two Year,Premium Connect,Digital Wallet,0,101.02716963402742,236528714.52932912,53,2,67.0,0,1
76a796e9-5b7b-485a-a106-a176babeacbf,Female,62,Urban,0,0,One Year,Standard Connect,Bank Transfer,1,65.0301700227737,123330151.34247498,39,2,54.0,0,3
3d0cc508-73e1-4a30-a9d5-046f88d71cb9,Male,48,Urban,1,1,Month-to-Month,Basic Connect,Credit Card,1,59.71164154267282,106391309.87281892,60,0,64.0,0,0
a02b0737-62e6-4ebb-a560-9467379abff8,Male,51,Suburban,1,0,Two Year,Standard Connect,Bank Transfer,1,60.328136158509736,88670874.0574353,60,3,67.0,0,0
b76c0016-d456-4e48-905e-8ae101881a37,Female,36,,0,0,Two Year,Standard Connect,Credit Card,1,58.31011861716747,94426424.36698322,43,0,89.0,0,3
fcc20a99-fa43-4421-871d-ea989e0e9458,Male,53,Rural,1,1,Month-to-Month,Premium Connect,Credit Card,1,93.11222032573058,149802761.2379107,43,3,143.0,1,1
ddca337d-6d1b-4802-9b78-f6a70b58aca0,Male,59,Rural,0,0,Month-to-Month,Basic Connect,Credit Card,0,72.43454765325988,150963066.57449692,68,2,65.0,0,0
0a473490-eb78-4bee-a5d8-804213cff031,Male,49,Suburban,1,0,One Year,Premium Connect,Bank Transfer,1,123.16510175146904,251327746.037193,41,0,156.0,0,1
4c6d14ae-c4ce-4366-b103-7323a508f0ca,Male,49,Urban,0,0,Month-to-Month,Basic Connect,Credit Card,1,41.01608598103112,89132230.16434732,66,1,54.0,0,0
7a891e12-d897-44c2-bcdf-3d72b366f72d,Male,25,Suburban,0,0,Month-to-Month,Premium Connect,Digital Wallet,1,119.38487288113532,268549885.96476895,63,3,170.0,0,1
1ecd8348-f4b2-43aa-bd6c-c383f561d521,Male,29,Rural,1,1,Month-to-Month,Standard Connect,Digital Wallet,1,50.45968145755057,142878698.93439463,45,0,53.0,1,3
942289cf-0692-4230-93d6-09071412cb94,,29,Urban,0,1,Month-to-Month,Basic Connect,Digital Wallet,1,59.58428062172843,96430250.56229544,53,0,94.0,0,0
827ee1de-b827-444d-aeea-0f5119a53171,Female,51,Suburban,1,0,Month-to-Month,Basic Connect,Credit Card,0,33.37830646523339,88729360.36531812,41,2,38.0,0,3
ff29b25c-375f-4a08-ab13-aa2ded0caea6,Male,82,Suburban,0,0,One Year,Basic Connect,Bank Transfer,1,26.879955668544323,46775321.3931113,58,1,33.0,0,0
c947a8f5-9aaa-4a7e-8c64-37985311c420,Male,51,Rural,1,1,One Year,Basic Connect,Bank Transfer,1,44.5336023397275,2404.814526345285,54,2,49.0,0,0
334a3b89-f797-469b-8213-ac7f6033272d,Female,54,Suburban,0,0,Month-to-Month,Premium Connect,Credit Card,1,95.0002215384225,195784110.4409445,53,1,77.0,0,1
c76b71db-dc12-4c22-9f4d-47a1ed79a410,Male,80,Suburban,0,1,Month-to-Month,Premium Connect,Credit Card,0,103.46749147731552,3724.829693183359,36,1,64.0,0,3
b4e633fe-ab7c-4b3d-98af-01b632e61210,Female,51,Suburban,0,0,One Year,Basic Connect,Bank Transfer,1,45.05678402411601,106747482.11775512,68,5,29.0,0,0
e9fa274d-e82d-4d9b-8554-bb3ac160894d,Male,60,Suburban,0,0,Month-to-Month,Standard Connect,Bank Transfer,0,64.08552025648723,280408956.48516154,67,0,94.0,0,1
8c1f6468-8cd2-42bb-9241-de62b2b70600,Female,81,Suburban,1,0,One Year,Standard Connect,,0,74.41199768744755,145811709.68506142,35,1,106.0,0,3
1a01d3ea-8da4-4623-bfe5-3f507eb31dc0,Male,36,Rural,0,0,Month-to-Month,Standard Connect,Bank Transfer,0,55.73832105242116,3288.560942092849,59,3,55.0,1,0
ff4b557a-dbe0-46a2-87d9-c5bf23d9446f,Male,30,Urban,0,0,Two Year,Basic Connect,,1,64.08552025648723,158954412.71771702,57,1,63.0,0,0
1ab9e436-f65d-41ce-8dce-d57e2ce9a6dd,Male,51,Suburban,1,0,One Year,Basic Connect,Bank Transfer,1,64.08552025648723,2371.1642494900275,37,3,66.0,0,3
aa61992a-e378-4675-a8f0-6166a58c53a1,Male,51,Rural,1,0,Month-to-Month,Basic Connect,Credit Card,1,132.16840599195967,95392262.63055512,53,26,292.1882794,1,2
2cb04895-0ee6-48ad-a3a4-c6432058da26,Female,29,Suburban,1,0,Month-to-Month,Basic Connect,Digital Wallet,1,35.3433454381861,64196199.36059553,52,2,28.0,0,3
e40a7b93-6fe3-4a34-90b3-37585cbe6caa,Female,18,Suburban,1,1,Two Year,Basic Connect,Digital Wallet,0,59.90591602589992,136207434.62432912,49,3,51.0,0,3
97347c4d-e1d7-4085-9f06-034bfb1de973,Female,75,Suburban,1,0,Month-to-Month,Basic Connect,Credit Card,1,41.57210374996136,110993275.21425626,65,3,64.0,1,0
637b610b-b86e-466a-9c41-d43613b8b2f7,Female,36,Urban,0,0,One Year,Standard Connect,Credit Card,1,95.56587030611384,258792627.8626592,60,2,73.0,0,1
b0d782d8-ee67-4e9d-8c20-4f9d52c721da,Female,35,Urban,0,0,Month-to-Month,Standard Connect,Bank Transfer,1,65.19535102527755,113501136.63988385,34,3,45.0,1,3
ffc51b4c-5397-4a2e-a0be-82c28d3ff6fc,Female,55,Suburban,0,0,One Year,Premium Connect,Bank Transfer,1,93.15971046865836,188163189.4617361,42,2,126.0,0,1
827334cb-dcaf-4889-a7df-df66012635dd,Male,69,Urban,0,1,Month-to-Month,Basic Connect,Mailed Check,1,64.08552025648723,174020284.39306572,63,1,64.0,0,0
2050f247-5856-40b6-abf7-66ce3a79af00,Female,51,Rural,1,0,Month-to-Month,Basic Connect,Credit Card,1,33.823848967310106,67639167.53223296,38,0,41.0,0,3
eb61a4c8-8295-427d-83b8-b16777b8a8a4,Male,34,Suburban,1,0,Two Year,Standard Connect,Digital Wallet,1,73.28229683063692,4250.373216176941,58,0,48.0,0,0
790f5813-6125-4eb2-8792-5d6d62250bb8,Female,45,Suburban,1,0,Two Year,Premium Connect,Bank Transfer,0,98.25482739104127,192550852.35543665,58,1,60.0,0,1
1863bae8-4a8c-4223-bb57-6edd100a9a66,Non-Binary,67,Suburban,1,0,Month-to-Month,Basic Connect,Mailed Check,1,38.67615803052341,1895.131743495647,49,1,32.0,1,3
24aaf000-e22d-4749-be2b-fe4ad44c5735,Prefer not to say,51,Urban,1,0,Two Year,Basic Connect,Mailed Check,0,52.3684611190911,85446458.83974652,34,1,64.0,0,3
996ad02e-9a09-41ca-ac44-d93ac47b88e1,Male,53,Urban,0,0,Month-to-Month,Basic Connect,Credit Card,1,64.08552025648723,38478075.4618843,59,0,45.0,0,0
b18eb8b6-a573-46e7-ac6c-ccfc2a1d4683,Male,26,Urban,1,0,Month-to-Month,Standard Connect,Digital Wallet,1,63.01776357367276,134929160.31936228,69,2,99.0,0,0
13ebd706-c8d0-4ec2-9644-62e5e8fbe287,Male,30,Suburban,0,0,Month-to-Month,Standard Connect,Digital Wallet,1,67.5229721541247,180425682.0604407,62,2,64.0,1,0
eec0e9bd-42ad-4b4d-b94c-b5dae1746e3b,Male,51,Urban,1,1,Month-to-Month,Premium Connect,Mailed Check,1,113.9716473037845,267667276.1184503,63,4,132.0,1,1
dfa84729-fd7d-40f2-bf78-15791a07ec7b,Male,73,Urban,0,0,Month-to-Month,Basic Connect,Bank Transfer,1,41.60109732871206,100372164.89974092,59,2,26.0,0,0
0dea7062-5a39-46c3-ba65-5719c6e658fb,Female,66,Urban,1,0,Month-to-Month,Premium Connect,Digital Wallet,1,116.60904927812923,210966092.12169456,38,2,152.0,1,1
d7d678fe-f45c-4940-81c8-31baa89b63c7,Female,19,Urban,0,0,Two Year,Premium Connect,Bank Transfer,0,99.41943660241353,170196527.2140186,54,5,73.0,0,1
be4a336b-974b-4f72-b94a-b44c095376f5,Female,39,Urban,1,0,One Year,Standard Connect,Bank Transfer,1,62.72849811944843,149551256.19507307,63,0,46.0,0,0
7b047c84-dc7c-41fe-8284-70cb8ed9c1f2,Male,61,Suburban,0,0,Month-to-Month,Basic Connect,Digital Wallet,1,51.44109439970659,133437949.4224981,41,1,72.0,0,3
a0013a3b-91cf-47be-b646-76dbf8b11ad2,,46,Rural,1,0,Month-to-Month,Premium Connect,Bank Transfer,0,113.23368469948537,317672472.8583888,56,0,120.0,0,1
d81c9405-334e-4668-af3f-812998509ea5,Female,58,Urban,1,0,One Year,Basic Connect,Mailed Check,0,40.03324138972067,94668157.1246338,61,3,46.0,0,0
a408e2dd-5036-4b23-924a-27691ae5fdf3,Female,26,Suburban,0,0,One Year,Standard Connect,Digital Wallet,1,74.8127353764425,147478543.84840414,54,2,64.0,0,1
cd32535a-ab9a-4633-a538-d98700606682,Male,20,Suburban,0,0,Month-to-Month,Standard Connect,Bank Transfer,1,53.5918354142961,98472968.3242209,62,3,63.0,0,0
f4899637-3a4f-4e56-a80d-8a625e116c33,Female,71,Urban,0,0,Month-to-Month,Basic Connect,Digital Wallet,1,37.56428617909376,72312395.31878152,36,0,27.0,0,3
a902fc8c-2897-480c-9c9c-5a9fa1dd63e2,Male,54,Urban,0,1,Month-to-Month,Standard Connect,Bank Transfer,1,63.076112521523534,100598875.54496384,55,1,76.0,0,0
19883826-d674-45b1-b119-35b8f135bee3,Female,53,Urban,0,1,One Year,Basic Connect,Credit Card,1,59.59533672648931,121858010.72479956,56,2,85.0,0,0
005ae0ef-722f-4ceb-83d0-bb946a110673,Male,79,Suburban,1,0,Month-to-Month,Basic Connect,Mailed Check,0,20.0,48228819.043559685,38,3,15.0,0,3
40853466-ab18-4ba0-8bdb-e5ec663dc0ea,Female,32,Rural,0,0,Month-to-Month,Basic Connect,Bank Transfer,0,37.55195610006184,73483754.7869989,66,1,53.0,0,0
067ec5c3-0277-45d3-bbd7-5e964853c9fc,Male,51,Rural,0,1,Month-to-Month,Basic Connect,Credit Card,1,47.31170778001952,131353485.13943024,37,4,60.0,1,3
dd8c83d0-9f69-4dd2-bb33-c60adc1cacce,Female,55,Rural,0,0,Month-to-Month,Standard Connect,Bank Transfer,0,72.72300068922779,4363.380041353667,60,2,51.0,0,0
0f0a2ae1-a614-4d07-b378-5fb4e4c01ce9,Male,79,Suburban,0,0,Two Year,Basic Connect,Mailed Check,1,59.34932283253181,161746160.03773478,62,2,55.0,0,0
3f8c271d-fc78-476c-9da4-ba03d24a07cf,Female,49,Urban,1,0,Month-to-Month,Premium Connect,Credit Card,0,106.87374493693758,163338223.98609173,60,3,131.0,0,1
ad17e295-20f1-49fb-be08-d845b20d4dcd,Female,20,Urban,0,0,Month-to-Month,Standard Connect,Credit Card,0,51.17842640187309,140005645.88131544,69,2,54.0,1,0
a93967f0-7cc4-41ce-869e-ec2dd1044ee3,Male,44,Urban,1,0,Two Year,Basic Connect,,0,36.05699527782872,82921258.15848021,64,0,56.0,0,0
ba51a671-9520-4c79-8efb-ca1ad5dc33cf,Female,51,Rural,0,1,Month-to-Month,Basic Connect,Mailed Check,1,46.34851036728389,128548335.5251844,46,2,62.0,0,3
9152667b-c652-474e-ad9d-7e01b29cd3d6,Female,52,Rural,1,0,Month-to-Month,Standard Connect,Mailed Check,1,62.60681671288367,98106700.65927964,58,2,40.0,0,0
795e6ced-0eec-4244-9d8d-8a4d7296df6a,Female,79,Suburban,0,0,Month-to-Month,Standard Connect,Credit Card,1,75.2148739678697,154305620.3157127,59,3,104.0,0,0
5c51d5c0-180f-4e09-a77f-d09d3f78f890,Female,56,Suburban,1,0,Month-to-Month,Basic Connect,Mailed Check,1,33.68368129691576,74397839.08909437,66,2,34.0,1,0
0375effa-8294-41f0-a540-59dcee56fbb6,Female,30,Suburban,0,0,Two Year,Basic Connect,Bank Transfer,1,76.7560588254149,172196643.60758987,64,1,97.0,0,0
ea311dfb-276b-4b7d-a23a-ec89eca06c58,Male,64,,0,0,One Year,Standard Connect,Credit Card,0,62.77582164668373,93160200.23595344,49,1,49.0,0,3
aa2fd107-dda6-471c-83c6-22827570da2a,Male,72,Suburban,1,0,One Year,Basic Connect,Digital Wallet,1,29.365947595582988,76618885.78763264,61,1,27.0,0,0
60fdc3bd-e118-4237-af29-ab342188fcab,Male,63,Suburban,1,0,One Year,Standard Connect,,0,89.63942616877786,289333611.08651644,44,5,117.0,1,1
7de689a0-eb6a-42a9-b546-76866718d50f,Male,51,Urban,0,0,Month-to-Month,Standard Connect,Digital Wallet,1,30.14540633628362,71972063.74104482,55,1,47.0,0,0
5b76e916-ac5e-43af-b5a0-ac06245ed960,Female,32,Urban,1,0,One Year,Basic Connect,Mailed Check,1,62.37929395930314,162767025.86361003,61,0,90.0,0,0
4eb0f7d9-21a4-483a-9dcf-19fb752e0d2a,Non-Binary,84,Rural,0,0,Month-to-Month,Basic Connect,Credit Card,1,49.936488495879225,78217895.28573152,39,1,40.0,0,3
db870274-2b22-4a14-9845-b9183a0b3fe9,Non-Binary,53,Urban,1,1,Two Year,Standard Connect,Digital Wallet,1,76.92185066335173,119709817.5660348,50,5,81.0,0,3
24b0b84e-b4e0-4d79-81c5-c9b4e135c554,Male,64,Suburban,0,0,Month-to-Month,Standard Connect,Credit Card,1,84.97091291503403,130836279.59330562,64,0,88.0,0,0
e21aa3cc-8c63-4c62-9eed-718e4a3eb4d3,Female,63,Urban,1,0,Month-to-Month,Standard Connect,Digital Wallet,0,52.78031331511085,83849474.92865634,56,3,45.0,1,0
2fae2386-e034-48f6-bbf6-e4c8f6c352c0,Female,51,Suburban,0,1,One Year,Basic Connect,Mailed Check,1,36.190248634683016,80643800.09337457,58,3,35.0,0,0
ce8ff672-4025-462c-9e8c-25d2e0f9383c,Male,51,Rural,1,0,Month-to-Month,Basic Connect,Mailed Check,1,51.42366561057408,3188.267267855593,62,1,60.0,0,0
1571fe50-ea96-4ffb-81b4-9748e2aa3744,Female,67,Suburban,1,1,Month-to-Month,Standard Connect,Credit Card,0,88.35388213505362,199150633.99612764,53,2,113.0,0,1
ae19c07d-2cd1-4cf9-97b3-b2bbe50ed571,Female,76,Suburban,1,1,Two Year,Basic Connect,Credit Card,1,41.68266299917517,60193624.25220513,37,1,64.0,0,3
1e7f500c-3cab-4883-a6c1-5d39a832d183,Female,67,Rural,0,1,One Year,Standard Connect,Mailed Check,0,88.03415817196479,151376490.4533568,48,1,67.0,0,1
7db3b4df-fce2-4f70-8ed0-132f35824ac3,Female,22,Urban,0,0,Month-to-Month,Premium Connect,Digital Wallet,1,92.11751389975332,171135538.23835897,57,0,121.0,1,1
c2aeff74-8978-482f-bc4f-bc4d2cac1a85,Female,33,Suburban,0,0,Two Year,Standard Connect,Bank Transfer,1,46.47185750206611,130608166.40119275,41,1,29.0,0,3
17ba82e0-e44b-421f-b6a6-3baed6b579a0,Female,71,,0,0,Month-to-Month,Standard Connect,Digital Wallet,0,72.07534585505421,124806898.46652424,65,3,92.0,0,0
c43bf449-6bb3-4c60-86fe-f2346b8c1898,Male,44,Urban,0,0,Month-to-Month,Standard Connect,Credit Card,1,90.26249639526512,282022187.48919386,49,0,139.0,0,1
b5be5fec-1c5f-497c-8927-416be6418c0a,Prefer not to say,40,Urban,1,0,Month-to-Month,Premium Connect,Credit Card,0,129.71445519039997,5966.864938758399,46,1,172.0,0,3
35512ccb-6a41-4149-927a-869ac6f913b8,Male,38,Urban,0,1,One Year,Basic Connect,Credit Card,0,64.08552025648723,2307.0787292335403,36,1,64.0,0,3
8d760eee-0b00-4d91-9c69-9a16d01933f8,Male,46,,0,0,Month-to-Month,Premium Connect,Credit Card,1,127.3550032384454,242182487.0425004,45,1,134.0,0,1
651be96a-657e-4762-92c7-14eb0d6a9f9f,Male,58,,0,1,One Year,Basic Connect,Digital Wallet,0,62.27247293973367,137828914.9563842,54,1,52.0,1,0
95127ca5-0f0b-419a-b501-1cd2d00c703e,Female,80,Urban,0,0,Month-to-Month,Basic Connect,Bank Transfer,1,55.632194461698745,166311159.90864897,34,4,87.0,0,3
aceda641-0023-40fd-b56d-b7c984172083,Male,67,Urban,0,1,Month-to-Month,Premium Connect,Credit Card,1,93.84047163320952,213957360.82973665,69,0,135.0,0,1
9418841f-14eb-49d8-af49-7cfb3b20a71b,Male,51,Urban,0,1,Month-to-Month,Standard Connect,Credit Card,1,65.79967404881843,198807245.7852853,50,0,88.0,0,1
070eb18a-8b16-4832-8d96-8e06d01dd708,Female,49,Suburban,0,0,One Year,Basic Connect,Bank Transfer,1,49.76847480254351,119438574.66579208,69,1,59.0,0,0
28490606-d688-4419-97ef-f6f90d3004b0,Male,69,Rural,0,0,Two Year,Basic Connect,Bank Transfer,1,28.586748537308665,1886.725403462372,66,1,27.0,0,0
52b04c03-1032-4907-848a-579b332227a8,Female,18,Urban,1,0,Two Year,Standard Connect,Digital Wallet,1,76.35795837513483,138977149.1743818,45,1,73.0,0,3
74a7c367-8e21-4e40-9194-0bb5f5cadc2e,Female,34,Urban,0,1,One Year,Basic Connect,Credit Card,1,41.54586823180152,75542422.23633529,58,1,64.0,0,0
d9481024-1b98-4d30-a5a4-2814ae8e533e,Female,81,Urban,0,1,Month-to-Month,Basic Connect,Bank Transfer,1,35.86170489418107,55388045.37470783,52,2,36.0,0,0
58a868c7-e455-455e-9445-ba5c36dfcfdf,Male,37,Urban,0,0,Two Year,Basic Connect,,0,48.96539451682044,101433490.98429167,56,2,41.0,0,0
0be4c730-e352-4dfd-8e6a-eba47db57477,Male,70,Urban,0,1,Month-to-Month,Standard Connect,,1,79.96518758955143,172627910.00287426,42,4,80.0,0,1
809beb94-5488-46ea-966b-98f8c3b67503,Male,45,Suburban,1,1,Month-to-Month,Basic Connect,Bank Transfer,1,33.92737047460903,71473271.83058275,61,2,42.0,0,0
e1c540d2-92a7-40d8-8cb4-b29f0c63b0ed,Male,21,Rural,0,0,Two Year,Standard Connect,Mailed Check,1,64.20857627465374,172933324.46921134,66,1,58.0,0,0
d5f02b4a-6393-4f14-9819-2ce5803a19dc,Female,77,Urban,0,0,Month-to-Month,Standard Connect,Bank Transfer,1,76.5547825253548,175335838.7865079,65,2,112.0,1,0
8cc983b9-b603-4b0b-b4a1-1bce1cb8bd37,Male,50,Suburban,1,0,Two Year,Standard Connect,Credit Card,1,64.08552025648723,119693701.48208883,58,4,67.0,0,0
78deead8-d925-47ad-8e47-cdec8a86135e,Female,29,Urban,0,0,Two Year,Standard Connect,Bank Transfer,1,64.08552025648723,147835557.0769769,47,0,53.0,0,3
cd2ecdb9-f9ea-47e4-a9b4-aeb8ce296bf5,Male,67,Urban,0,0,Month-to-Month,Basic Connect,Mailed Check,1,39.28681907135383,65624446.83288613,57,5,41.0,0,0
af07ba97-e6ba-4c98-9ab9-1f669949f161,Female,36,Suburban,0,1,One Year,Standard Connect,Bank Transfer,1,67.52311259150784,189203657.80383345,42,0,98.0,0,3
582017e6-037c-4c66-9275-599e4b7f0d40,Female,45,Urban,1,0,One Year,Basic Connect,Credit Card,1,20.0,1140.0,57,1,19.0,0,0
8d52f68f-db5b-4fc5-b3de-805af26abd5b,Female,23,Suburban,0,0,One Year,Standard Connect,Credit Card,0,87.19276974067867,237876639.74382785,39,1,64.0,0,1
7b76574a-9d87-4257-870a-78424f2cf0f5,Male,69,,0,1,One Year,Standard Connect,Bank Transfer,0,85.0675086468202,133402056.79828252,61,3,95.0,0,0
3cfe7cb4-b2fe-4ef7-86c1-644a147d0065,Female,52,Urban,1,0,One Year,Premium Connect,Credit Card,1,82.91421766537553,186052796.4184164,37,3,56.0,0,3
f392543d-4a81-4c4a-beab-8955b8114c7a,,46,Suburban,1,1,Month-to-Month,Basic Connect,Credit Card,1,39.83244227535182,124228025.37541814,63,0,25.0,1,0
f59ae1fe-0f1c-46c6-a325-57a7ede4d2dd,Female,42,Suburban,0,0,One Year,Basic Connect,Digital Wallet,1,35.366321045588535,107785234.43064085,36,1,53.0,0,3
eba73a95-0160-480b-b09b-8c1167a292a0,Male,70,,0,0,One Year,Standard Connect,Bank Transfer,0,60.75850852554111,136563369.2908975,63,4,76.0,0,0
6e8c39c0-96dc-4f50-963f-b26a3ba118cb,Male,39,Suburban,1,0,One Year,Standard Connect,Credit Card,1,63.00128973655746,103895483.13534434,58,1,53.0,1,0
2cc24caa-4f23-4a87-8708-c0d9b0966d7c,Male,51,Urban,0,1,Two Year,Basic Connect,Mailed Check,1,55.80621917656589,125905247.2552066,60,2,64.0,0,0
54bded3b-b5a3-4f33-b447-2bf0f7a464ce,Male,77,Suburban,1,1,Month-to-Month,Standard Connect,Digital Wallet,1,84.4143616856205,4727.204254394748,56,5,106.0,1,0
e8a71347-42b5-480c-abf7-f68276c76b99,,36,Rural,1,0,Two Year,Basic Connect,Credit Card,1,42.28926985944074,136923722.93603802,38,2,41.0,0,3
a7d2c06c-42c7-45c8-a21b-44ccac79c206,Male,64,Urban,0,0,Month-to-Month,Standard Connect,Credit Card,1,53.4560414314626,125071661.52626093,48,0,77.0,0,3
d64d5061-50a4-4ae7-99b7-d2050dd0e7e7,Female,25,Rural,0,0,Two Year,Premium Connect,Bank Transfer,1,76.19656694455634,167504352.0271089,39,2,47.0,0,3
196651cc-e5cd-4b6b-bf6c-2cfa63f618e0,Female,72,Urban,1,0,Month-to-Month,Premium Connect,Bank Transfer,1,94.1779247826287,218434573.0909553,54,1,76.0,0,1
2caddfa8-bc48-4e58-98f8-be9c03a382fb,,77,Rural,1,0,Month-to-Month,Standard Connect,Credit Card,1,54.03109756736808,164063456.32997283,37,1,50.0,0,3
06f5a61b-6ef8-48e7-b8a4-c5abb38fdc44,Female,34,Suburban,0,1,Month-to-Month,Standard Connect,Mailed Check,1,93.84962940015596,164986608.08178803,58,0,119.0,1,1
85922d40-1929-4529-bec1-8d85a62af80b,Male,79,Urban,0,0,One Year,Basic Connect,Bank Transfer,1,33.94515169252448,92406546.22571702,41,5,39.0,0,3
6112fe17-81d7-4690-8a12-23cd7db8300a,Male,41,Urban,0,0,One Year,Basic Connect,Digital Wallet,1,30.5622798323853,76734904.20244238,36,1,29.0,0,3
fb7d9027-af72-4069-a6c1-9294aa53251e,Female,70,Rural,0,0,One Year,Basic Connect,Digital Wallet,1,55.60421064960795,149994440.21499485,69,0,38.0,0,0
4a11b374-eccf-4b9e-a488-362525a2e450,Male,81,Urban,0,1,Month-to-Month,Premium Connect,Bank Transfer,1,104.71351405492004,5654.529758965682,54,1,61.0,0,0
79d73e71-649b-44bb-b860-3e818faf80a6,Male,64,Urban,1,1,One Year,Premium Connect,Digital Wallet,0,82.31349489743654,151740946.11925265,39,1,68.0,0,3
3c14fffa-831a-4715-a600-7a958c9416dd,Female,73,Urban,0,0,Two Year,Standard Connect,Digital Wallet,0,41.60809525621805,107705300.42805344,37,1,41.0,0,3
ebdf1f4d-c7cc-4eeb-9971-a627a2f8c4f6,Male,51,Rural,0,0,Month-to-Month,Basic Connect,Credit Card,0,196.7159073937274,105461169.97529894,55,1,606.9298938,0,1
60f4add2-1c06-42b8-bedf-32a167b1d8c1,Female,43,Rural,0,0,Month-to-Month,Standard Connect,Credit Card,0,58.1115553995961,100293107.7778661,51,1,44.0,0,3
246e02be-efd4-42b5-bd69-f2877b1aaecb,Male,51,Urban,0,1,Month-to-Month,Standard Connect,Credit Card,1,68.11502089928142,166385799.30553192,36,0,64.0,0,3
25584f8f-b3fe-4702-886f-8ebf303a10f5,Male,51,Urban,1,0,One Year,Basic Connect,Mailed Check,1,20.0,29198173.981647126,41,1,64.0,0,3
6eaa1713-316f-4476-abfb-365b7e46d878,Female,81,Urban,1,0,One Year,Standard Connect,Credit Card,1,64.08552025648723,133736370.93102176,42,2,91.0,0,3
0b33a09f-e613-4ff1-8106-aeed2aecf468,Male,63,Urban,0,0,Month-to-Month,Premium Connect,Credit Card,1,67.55374985992682,117861402.51664056,69,3,72.0,1,0
799843ec-1af0-492f-922c-fb53a929cdaa,Male,76,Urban,0,0,Month-to-Month,Standard Connect,Digital Wallet,0,79.64202683302999,253538471.28776008,62,1,101.0,0,1
2c40357d-0ae0-4a87-aa23-ce492a3c3cef,Female,33,Rural,1,0,Month-to-Month,Standard Connect,Credit Card,1,84.06410274535537,212185976.4389045,60,1,98.0,1,1
c9a30539-2f75-4a49-9cd1-7d5ca8e3f3a1,Female,19,Suburban,0,1,Two Year,Basic Connect,Digital Wallet,0,47.4633096752802,101556362.060312,62,4,70.0,0,0
836f9e60-8c07-4fa1-90ee-c3cc67714a8b,Female,34,Suburban,1,0,Month-to-Month,Standard Connect,Bank Transfer,1,51.44653634171026,167670817.752006,48,2,81.0,0,3
dbde2a89-6c26-40a1-b409-619513d91a5e,Male,51,Urban,0,1,Month-to-Month,Basic Connect,Digital Wallet,1,45.21001458744581,83494783.09438504,40,0,68.0,0,3
6856cf1c-07e3-4dce-bd54-9adb2248a073,Female,45,Suburban,0,0,Month-to-Month,Basic Connect,Credit Card,1,57.984302004091234,87536614.97478127,43,4,48.0,1,3
ee9bdfdf-70ca-48cc-acb6-7c9d774b80ca,Female,34,Urban,0,0,Month-to-Month,Basic Connect,Credit Card,1,20.0,48525978.22369291,57,1,22.0,0,0
584558b5-8a69-44a5-a972-f2ae1e961f7b,Male,61,Suburban,1,0,One Year,Premium Connect,,0,104.86284688193172,155144637.80694148,65,1,147.0,0,1
9442c420-634b-464f-94db-55fac69943d8,Male,51,Suburban,0,0,Month-to-Month,Basic Connect,Bank Transfer,1,38.89934065763892,1944.967032881946,50,1,33.0,0,3
1fb6285e-2c03-420b-8145-f6f681634db1,Female,43,Rural,1,1,Month-to-Month,Basic Connect,,1,57.265004720433126,130567590.41397172,50,0,42.0,0,3
f9e670a0-aa79-41b0-b865-00a6a7b5f790,Female,84,Urban,0,1,Month-to-Month,Standard Connect,Mailed Check,0,65.57732419816216,191651948.8441151,57,2,64.0,0,1
3bfb20de-5857-4764-9286-9be7e83b5c9d,Male,74,Suburban,0,0,One Year,Basic Connect,Digital Wallet,1,35.26820889775212,56614461.16087704,52,0,37.0,0,0
a1a6f03d-6f86-47d9-83e4-126870d71ede,Female,73,Urban,0,0,Month-to-Month,Premium Connect,Bank Transfer,1,110.66071277777348,244821376.99320084,46,3,111.0,1,1
28743cc9-2f67-4500-a846-eefc5e81e173,Male,24,Urban,1,1,Month-to-Month,Basic Connect,Bank Transfer,0,64.08552025648723,2819.762891285438,44,2,27.0,0,3
755b1348-a203-4ba8-9b26-1a2064ca9784,Male,61,Urban,1,0,One Year,Basic Connect,Credit Card,0,34.02237802298532,91706898.5812576,38,0,28.0,0,3
efd346cc-9700-4f2d-b1e5-a48d3945d5c0,Female,73,Urban,0,0,Month-to-Month,Basic Connect,Bank Transfer,1,46.79537671638005,96785964.3319022,56,2,53.0,0,0
c7e4af71-c507-44b7-b858-a2bde50ba580,Non-Binary,31,Urban,1,0,One Year,Basic Connect,Credit Card,0,26.88379324289836,61792626.32740067,49,1,39.0,0,3
4a754fa9-d487-42d8-b6fc-41dce34f405c,Male,58,Suburban,0,1,Two Year,Basic Connect,Digital Wallet,0,52.56268446179378,152171854.3031623,53,2,83.0,0,0
a72c56cc-e0cd-4226-8fac-3dce0237a379,Female,73,Urban,1,1,Two Year,Basic Connect,Digital Wallet,0,43.03417646426146,128333178.54567029,35,2,49.0,0,3
75bcae92-cb3a-43a4-b338-bcfbd9898b74,Male,27,Rural,0,0,One Year,Standard Connect,Digital Wallet,1,79.20200969394783,247628545.8773897,45,0,71.0,0,1
06325be2-36d8-4083-b7b7-f88f91d07cd1,Male,73,Suburban,0,0,Two Year,Basic Connect,Credit Card,1,64.08552025648723,78526092.66977201,37,3,62.0,0,3
3c60e62c-f486-406d-bb53-d6fdc8cb8a2c,Non-Binary,63,Urban,0,1,Two Year,Premium Connect,Digital Wallet,1,67.48663682137955,197545471.9319704,63,0,105.0,0,1
6e7ea223-5bbe-4c50-ac6e-ee0622dcc233,Male,35,Urban,1,0,Month-to-Month,Standard Connect,Bank Transfer,1,65.3880860901549,107419463.49690077,65,1,65.0,0,0
fdc744ba-a93d-4817-82ed-6a8277ec9544,Female,72,Suburban,1,0,One Year,Standard Connect,Credit Card,1,62.18127814673354,114059005.98494072,39,1,40.0,0,3
782b1198-5dd5-4cb7-abe2-52482c4eb5d3,,46,Rural,1,0,One Year,Premium Connect,Bank Transfer,1,100.23068392640788,6514.994455216512,65,1,97.0,0,0
96b35983-2c0d-4827-8e43-37a39a09f39d,Male,70,Urban,0,0,Month-to-Month,Standard Connect,Mailed Check,0,93.07020308312664,235403275.1785365,69,1,139.0,0,1
6c1a30f3-6822-4cda-9784-d20664b98f8e,Female,27,Suburban,0,0,Month-to-Month,Premium Connect,Bank Transfer,1,85.04785959951225,141196827.08214018,49,2,64.0,0,1
f7a619b6-276b-438a-a880-1b2cb4f5230b,Non-Binary,56,Rural,0,0,Month-to-Month,Basic Connect,Digital Wallet,1,64.08552025648723,68984167.97460318,43,1,34.0,0,3
e796c8c5-37cd-4450-9f92-4bbbc2961058,Non-Binary,71,Urban,0,0,Two Year,Basic Connect,Mailed Check,0,64.08552025648723,109682304.35040714,41,2,60.0,0,3
71b7d90e-3fd9-4a90-aa99-a98c61c93ed4,Male,49,Suburban,0,0,One Year,Basic Connect,Credit Card,1,37.43191242640173,56918854.37274344,59,1,64.0,0,0
2cd34834-e77b-4137-9f41-e21d04cd8535,Male,71,Urban,0,1,One Year,Basic Connect,Bank Transfer,1,48.03811799164043,117600779.3841406,56,1,68.0,0,0
100211b0-3c55-49b7-a012-a60033f0417d,Male,54,Rural,0,1,Month-to-Month,Premium Connect,Bank Transfer,1,110.01310415901526,159650555.3899365,39,0,67.0,0,1
daaf1b0b-b56a-4a5c-9ee0-65b9f1e59037,Female,18,Urban,0,0,Month-to-Month,Premium Connect,Bank Transfer,1,80.26486480840548,251104026.0602785,65,2,87.0,0,1
8b82bc53-cbbe-4d6c-b98e-320404fbeb22,Non-Binary,22,Urban,1,0,Month-to-Month,Standard Connect,Digital Wallet,1,72.04729835625119,103859001.46538644,35,1,67.0,1,3
4b4a4780-72a1-43b1-b3b6-a9a3bf1a862c,Male,23,Suburban,0,0,Month-to-Month,Standard Connect,Mailed Check,1,81.35155852072245,141556305.50124216,45,0,91.0,0,3
748ebc99-20a2-433c-812b-be9237d51f3f,Female,54,,0,0,Two Year,Standard Connect,Digital Wallet,0,72.8397923591713,164123207.6003711,43,1,90.0,0,3
e2e251e1-e024-4df8-99d4-75c5a7925d57,Male,76,Urban,1,1,Two Year,Basic Connect,Digital Wallet,0,22.630934252666805,56725047.570724085,57,1,17.0,0,0
945d1ff6-86df-4912-b164-1fee107c9e6a,Female,82,Urban,1,0,Two Year,Basic Connect,Credit Card,1,53.25515349046461,116082945.4699306,38,1,71.0,0,3
eec297c1-292b-4a4e-bbc2-f44779e50ffd,Male,58,Rural,1,0,Two Year,Standard Connect,,1,78.54821250825856,195797418.40063813,46,2,92.0,0,1
4cb8b5e3-8e14-433a-849f-385a7d8952ed,Male,75,Suburban,1,0,Month-to-Month,Basic Connect,Digital Wallet,1,59.965762580295376,131919103.2842249,69,2,55.0,1,0
09b6dd46-0e6e-4a32-83b3-5c1f66c223fd,Female,58,Rural,1,0,Month-to-Month,Basic Connect,Bank Transfer,1,59.348763418423125,156780763.11824414,50,3,73.0,0,3
4ead712e-c4af-4d77-b60d-9a116c32aa2b,Female,25,Urban,1,0,Month-to-Month,Basic Connect,Digital Wallet,1,52.04063150039771,124168272.29101962,60,0,64.0,0,0
c41b3063-bd51-46fa-8d54-3c80fb80585a,,48,Urban,0,1,Month-to-Month,Basic Connect,Credit Card,1,29.26790308443323,45888081.79895544,62,1,45.0,0,0
fb616806-3860-47b8-80a2-3af09e49157a,Male,82,Urban,1,1,Month-to-Month,Standard Connect,Credit Card,1,67.91289289543657,195981962.18529645,43,0,48.0,1,1
78bc04a0-daed-42f5-8183-85074c0e9f82,Male,18,Urban,1,0,Two Year,Basic Connect,Digital Wallet,1,49.31762969712197,112676865.81880598,58,1,64.0,0,0
faf5dac1-9872-4745-81cd-15e74025e4e7,,53,Urban,1,0,Month-to-Month,Premium Connect,Digital Wallet,1,103.89170949297134,229236418.5025665,54,1,140.0,0,1
0cf5b262-2913-4739-b954-371e1de652dd,Female,63,Rural,0,0,One Year,Standard Connect,Credit Card,1,86.44599054970288,243180990.4854841,59,2,90.0,0,1
6f40f9dd-29c3-42af-b55d-7c8cd5f024df,Male,80,Suburban,1,0,Two Year,Premium Connect,Credit Card,0,61.8347235249847,194689828.5922669,62,2,85.0,0,0
b3d48d93-0658-4268-ab59-2b688da2245f,Male,67,Urban,1,0,Month-to-Month,Standard Connect,Bank Transfer,0,76.31682165278906,225699120.7951643,62,3,113.0,0,1
4feff71f-2dc9-4c43-8a48-7b0ed598a4d2,Female,72,Urban,1,1,Month-to-Month,Premium Connect,,1,64.08552025648723,253465520.12060228,57,2,108.0,0,1
fce1d804-f000-4ef0-bab1-a8fee7f3e1a7,Male,79,Rural,1,0,Two Year,Standard Connect,Bank Transfer,0,57.38508633838178,91574358.72828607,38,1,40.0,0,3
935010c7-b551-43d6-a277-bfd198991c2e,Female,58,Urban,1,0,Month-to-Month,Basic Connect,Digital Wallet,1,64.08552025648723,94140900.61383323,52,3,29.0,0,0
c5e34d22-99f5-40ca-821d-9f1fb6f7d037,Female,59,Suburban,0,0,Two Year,Premium Connect,Credit Card,1,64.08552025648723,248031362.0046669,47,1,83.0,0,1
b35ce2b2-dfcc-44a2-89ed-801c9e9d11ad,Male,65,Rural,0,0,Month-to-Month,Basic Connect,Credit Card,1,43.62156462019804,115907018.0579334,63,1,64.0,0,0
4b94373a-5f5a-4733-8072-1671bc4cc292,Male,60,Suburban,0,1,One Year,Basic Connect,Credit Card,1,54.826550604270366,91414599.50709888,50,1,64.0,0,3
adf39b6e-9448-4027-bd7b-05a8b07f4e49,Non-Binary,75,Suburban,0,1,Month-to-Month,Basic Connect,Credit Card,1,43.25303191215129,114927713.93663467,54,1,64.0,0,0
bf46fae4-070a-407a-bbb1-ac2be2be5289,Female,50,Suburban,0,0,Two Year,Standard Connect,Bank Transfer,1,77.00640327995333,216265666.1266921,37,3,64.0,0,1
261e37cd-004c-4926-bed2-dfd1f7ca5443,Female,53,Suburban,0,0,Two Year,Premium Connect,Bank Transfer,0,92.86338222529244,139467322.68078798,41,2,92.0,0,3
28214fef-062a-4e24-b5be-90f9ea1c9e23,Male,56,,0,0,Month-to-Month,Basic Connect,Credit Card,1,34.07716879416025,87086807.80715787,60,3,43.0,1,0
4ed6d025-d34b-40ba-ad0f-d2e7a80dcb57,Female,68,Suburban,0,1,Month-to-Month,Basic Connect,Bank Transfer,1,44.86568620303028,102177003.5885608,47,3,43.0,0,3
5fd6d95d-32c9-44f3-94a6-59e81c397cc6,Female,19,Urban,0,0,Month-to-Month,Premium Connect,Bank Transfer,1,111.31812125278752,232459529.4942851,64,1,155.0,0,1
0b4f5b4d-af6e-46fb-86bd-c487969e539e,Male,49,Suburban,1,0,One Year,Basic Connect,Bank Transfer,1,35.780869837476395,84583478.70907822,66,0,24.0,1,0
d913f2b3-6e5b-4b18-8d73-fd7241c3dea4,Male,21,Suburban,1,0,Month-to-Month,Basic Connect,Bank Transfer,0,64.08552025648723,90653398.92163631,68,0,30.0,0,0
221f008a-7c35-4e26-990e-826ff323d00f,Male,48,Rural,1,0,Month-to-Month,Premium Connect,Bank Transfer,1,106.04701010527909,244107178.02599967,60,2,60.0,0,1
9a6a4b13-7d45-4a79-bbd8-a3887a1bda4b,Male,27,Urban,0,0,Two Year,Standard Connect,Digital Wallet,1,73.68951789554708,124206696.88894404,50,3,46.0,0,3
a376adba-9a8d-4cb9-887f-68081ef4179c,Male,73,Suburban,1,0,Month-to-Month,Premium Connect,Bank Transfer,1,90.35323880389036,230342040.9344801,57,0,75.0,0,1
84f88319-3aec-4eae-ad30-3270773785cc,Male,29,Urban,1,0,One Year,Premium Connect,Credit Card,0,75.00576990614367,135591560.7424658,69,1,63.0,0,0
53f15bfa-2b08-4ec6-b696-7d501ee320c8,Prefer not to say,21,Rural,0,1,Month-to-Month,Premium Connect,Bank Transfer,0,127.77484716690668,367612728.2139445,65,2,150.0,0,1
94d5ce90-d05c-4813-96b7-caf92e6b5ed6,Female,54,Suburban,0,1,Month-to-Month,Basic Connect,Digital Wallet,1,55.65082517127469,122702088.13127352,61,0,51.0,0,0
f5c560ef-977d-42e9-be92-b2dac9994d26,Female,75,Suburban,1,0,One Year,Standard Connect,Bank Transfer,1,80.54431515192243,177227799.37254405,41,3,66.0,0,1
89d18ef0-60e4-4954-856e-001496718079,Male,36,Urban,1,0,Month-to-Month,Standard Connect,Mailed Check,1,76.79364700680578,4914.79340843557,64,2,90.0,0,0
8a519b0b-0107-422b-8b85-4d4a97e64ba4,Female,40,Urban,0,0,Two Year,Basic Connect,Bank Transfer,1,46.55277469713212,83909652.38223958,63,0,38.0,0,0
aa3a1296-5805-4da9-8279-581854489afc,Female,49,Urban,1,0,Month-to-Month,Premium Connect,Credit Card,1,64.08552025648723,308579719.10805446,42,3,156.0,1,1
3470c9a9-1c7b-496b-94d5-95290785bc3d,Female,71,Rural,0,0,Two Year,Premium Connect,Mailed Check,0,95.46279562314388,3245.735051186892,34,2,130.0,0,3
f0590834-c75a-464a-a4dd-cae8bd221d32,Female,61,Urban,0,1,One Year,Standard Connect,Bank Transfer,1,84.00162134490566,144562548.46159616,67,0,91.0,0,0
72c091ac-c8ff-4991-8237-ed6a7c227f54,Male,69,Urban,0,1,Month-to-Month,Standard Connect,,0,81.97637988010678,172689298.64647555,56,2,115.0,0,1
80b36fe2-1deb-4dbc-8c10-0e8fb857acb3,Male,31,Urban,0,0,Month-to-Month,Basic Connect,Bank Transfer,1,64.08552025648723,140913683.04384372,68,1,60.0,1,0
4c982386-3409-42b1-8e93-0274576cf5a8,Female,76,Urban,0,0,Month-to-Month,Standard Connect,Credit Card,0,106.27503337804237,249430185.4410953,50,3,79.0,1,1
11d78a20-d5e3-4186-90ca-01a0dca1314f,Female,68,Urban,1,1,One Year,Standard Connect,,0,74.96555655097626,115704453.78685556,36,2,96.0,0,3
9ed5df80-0935-4ef9-a81d-056445daeed6,Prefer not to say,63,Urban,0,0,Month-to-Month,Premium Connect,Credit Card,0,103.4072166689266,334189515.52926755,46,1,129.0,0,1
487bcc2c-96eb-491d-8b34-38a16486c753,Male,45,Suburban,0,0,Month-to-Month,Standard Connect,Credit Card,0,36.02699047148644,109855307.45302126,54,1,44.0,0,0
41e2369c-65fa-4013-9f89-8b6a100759bd,Male,67,Suburban,0,0,One Year,Premium Connect,Bank Transfer,0,95.13307967565338,278298800.1088987,38,1,119.0,1,1
a0f0ccd2-cce0-442a-9a9c-c95f9247346f,Male,25,Suburban,1,0,One Year,Basic Connect,Bank Transfer,1,30.85400743998401,75232419.01649016,65,3,23.0,0,0
db6772a9-686a-4565-9d93-152d1b0abea7,Female,51,Suburban,0,1,Month-to-Month,Standard Connect,Bank Transfer,1,91.48352473884458,222207286.1908464,58,0,138.0,1,1
8e3eefd4-7039-4ee5-9ec9-7563580d16e3,Male,63,,0,1,One Year,Basic Connect,Credit Card,0,44.08721915107309,74494489.15174827,43,0,51.0,0,3
d10e6f98-4c45-4c93-a954-388c29a74a40,Female,37,Urban,0,0,Month-to-Month,Basic Connect,Mailed Check,1,36.03605155143413,104323971.60012288,61,0,57.0,0,0
a1224d4c-92a9-438c-b1c3-b9c8ff40cf4e,Male,72,Urban,0,0,Month-to-Month,Standard Connect,Credit Card,1,82.38387178321626,130113428.56575993,58,1,57.0,0,0
b1e889aa-2f9c-4fba-8f46-f7e8f453a48c,Female,77,Urban,0,0,Month-to-Month,Basic Connect,Bank Transfer,1,66.14718126474044,184218332.69564784,41,2,64.0,1,3
3f8f777c-7f28-49cd-b6de-51182bf7fc7e,Male,64,Suburban,1,1,Month-to-Month,Premium Connect,Credit Card,0,89.38586529143014,171821665.9396892,68,2,119.0,0,0
3698f917-612e-43ea-8d03-633fa8a8c181,Male,73,Suburban,0,0,Month-to-Month,Standard Connect,Bank Transfer,1,53.63859062424923,153525625.7894253,68,0,65.0,0,0
f1c0ee0d-3269-444d-ae21-279efd9adf8d,Male,49,Urban,0,1,Month-to-Month,Standard Connect,Bank Transfer,0,65.6139535057973,3149.4697682782703,48,2,81.0,0,3
2aba72ef-5f95-4d84-9f96-05f39befe269,Male,37,Rural,0,0,Two Year,Premium Connect,,0,64.08552025648723,166195818.29641688,37,2,95.0,0,3
fa122a80-6e5e-4f6c-9f12-2bd51bc1eecc,Non-Binary,41,Urban,0,0,Month-to-Month,Premium Connect,Bank Transfer,0,101.97661234778036,251279530.2931502,57,1,85.0,0,1
9bcf83f1-510e-4944-9974-16cfde9b5f74,Female,63,Urban,0,0,Two Year,Premium Connect,Bank Transfer,0,64.08552025648723,299203166.4683867,56,1,73.0,0,1
cdb3f173-3a5e-4a1b-951a-0d85641f59d6,Female,82,Urban,0,1,Two Year,Premium Connect,Credit Card,1,125.66228962079654,328234307.7783626,49,1,128.0,0,1
6d610c3e-c6c4-43be-9983-aff35cf367ab,,84,Suburban,0,1,Month-to-Month,Basic Connect,Credit Card,1,35.457284096161544,83699958.13502508,67,3,64.0,0,0
bfb3d81d-b795-41e3-a1ed-43e12ad1e287,Prefer not to say,52,Rural,0,0,Two Year,Standard Connect,Mailed Check,1,64.08552025648723,100680499.99283768,37,2,78.0,0,3
a9998ed7-a49c-4890-978c-9877f812f18c,Male,51,Rural,1,1,Month-to-Month,Standard Connect,,1,60.09859265447272,111956943.03423426,42,0,55.0,0,3
bc40e5ec-2054-40cd-a812-4af4f153d3c2,Female,84,Urban,0,0,Month-to-Month,Basic Connect,Credit Card,1,25.432240133467293,59613717.2202844,52,1,20.0,0,0
9aa8fa98-f9d7-4b04-8d6d-c7370a289edf,Male,51,Urban,0,0,Month-to-Month,Standard Connect,Digital Wallet,0,67.58875277180618,175717621.25436088,38,1,55.0,1,3
5ec05cbf-abc3-44bf-b04c-1f234997a7a2,,84,Urban,1,0,One Year,Standard Connect,Bank Transfer,1,76.45749918050024,210999926.011512,60,0,76.0,0,1
e28383aa-6419-492a-a9bc-22689b46213c,Male,72,Suburban,0,0,Month-to-Month,Premium Connect,Credit Card,0,77.22388993075761,202355415.27503783,35,1,64.0,1,3
ed9ca472-9b7a-4919-bba7-cbad55512bd1,Female,29,Urban,0,1,Month-to-Month,Standard Connect,Credit Card,0,103.51599366161253,167058887.38467133,37,3,103.0,1,1
1802837d-9bfa-4905-aaed-0d56a30d49e8,Female,51,Urban,0,1,Month-to-Month,Premium Connect,Bank Transfer,1,102.84585492899492,6376.443005597685,62,0,146.0,1,0
cc3ab067-3520-46d4-85b0-ae271b1177f5,Male,74,Urban,0,0,Month-to-Month,Basic Connect,Credit Card,1,75.45180067517595,122043603.64086272,60,3,89.0,0,0
5114e7ee-3424-4012-96f5-7a5c9927cc16,Female,77,Suburban,0,0,One Year,Basic Connect,Bank Transfer,1,49.29199099543119,160442067.3448546,64,2,64.0,0,0
37c5b0ff-3793-4dc9-ae62-9b280efb009e,Male,75,Suburban,1,0,Month-to-Month,Basic Connect,Bank Transfer,1,23.65999902517743,46780313.00404658,39,1,22.0,0,3
038a791a-82fb-458b-a4c2-783b76c8e2d6,Male,37,Urban,1,0,One Year,Standard Connect,Credit Card,1,91.383163054968,195758852.28670868,49,2,53.0,0,1
6fdd8e96-326f-4ae2-aeb3-72f9aa310e64,Female,19,Urban,0,0,Month-to-Month,Premium Connect,Mailed Check,1,89.58090256094097,182969699.1218614,41,2,55.0,0,1
277fa0f3-2a73-4300-890b-8c7402f253e1,Male,38,Suburban,0,0,Two Year,Basic Connect,Mailed Check,0,20.0,34340088.80389094,49,1,20.0,0,3
cfe35f50-d57c-48aa-9fba-0d1950c5f33c,Male,45,Urban,1,0,Month-to-Month,Basic Connect,Bank Transfer,0,57.52665368832696,3163.9659528579828,55,0,57.0,0,0
4c09b985-9696-4c3e-808b-3f4e0290492a,,47,Rural,0,0,Month-to-Month,Standard Connect,Credit Card,1,64.75109113230809,184207542.6785905,47,1,59.0,1,1
ad779663-f5e1-499a-9267-f2976b8ef6c4,Prefer not to say,51,Urban,1,1,One Year,Standard Connect,Bank Transfer,0,65.57133627622255,94972963.64886248,52,4,40.0,0,0
46bb03bd-c2f1-4f97-92f9-6c6e77a1c7c7,Male,34,Suburban,1,1,Month-to-Month,Standard Connect,Bank Transfer,1,34.60678781446379,49683481.42647927,61,1,25.0,0,0
76488c4e-f494-48bf-a1d9-43fc1cf59a25,Male,18,Urban,1,1,One Year,Basic Connect,Bank Transfer,0,38.53653094387242,2119.509201912984,55,1,58.0,0,0
c70f27e8-8d37-4d4a-b66b-9ab9fb2fdce6,Female,66,Suburban,0,1,One Year,Basic Connect,Bank Transfer,0,64.19842193308651,133906171.32504565,50,0,100.0,0,3
d6adf7fa-4aea-4255-b387-6b5c333fb9de,Male,53,Urban,0,1,One Year,Basic Connect,Bank Transfer,1,43.58980336772256,3007.6964323728566,69,3,40.0,0,0
22d31146-d70b-42ff-bf2c-75b25ad17a41,Female,84,Urban,1,0,Month-to-Month,Basic Connect,Bank Transfer,0,43.90883563579844,74131168.05988492,47,0,62.0,0,3
9c41d5d3-50e1-45c5-975e-35c6486598f8,Female,68,Suburban,0,0,Month-to-Month,Premium Connect,Bank Transfer,0,85.12529669696872,250474355.7757968,36,1,60.0,0,1
e8e6a002-bd4c-4c90-bb46-9299fd3c49d2,,38,Suburban,0,0,Month-to-Month,Basic Connect,Credit Card,1,64.08552025648723,46426818.65232222,44,0,64.0,0,3
f4c41ee9-810d-4d35-8e98-bf492215d05b,Male,27,Rural,1,0,Month-to-Month,Basic Connect,Credit Card,1,30.422847527559192,55628426.1258979,61,1,45.0,1,0
1acd4914-b939-4e48-9a93-34937cfa6c93,Female,77,Urban,0,0,One Year,Standard Connect,Credit Card,1,66.22853115617004,107580683.31211612,51,0,40.0,0,0
8a0b54f0-1784-4ed1-afa2-a07c9246f03a,Female,30,Suburban,1,1,One Year,Premium Connect,Digital Wallet,1,91.11966975737214,232310351.8824076,58,1,53.0,0,1
c3f67e81-c573-402c-a42b-827bac1473a4,Male,55,Urban,0,0,One Year,Basic Connect,Digital Wallet,1,45.3368595912622,2765.548435066994,61,1,54.0,0,0
47ef86f3-d08a-411b-a685-32347a2872fc,Female,66,Urban,1,1,Month-to-Month,Premium Connect,Mailed Check,0,132.41714660494284,7150.525916666914,54,2,72.0,1,0
f75b7af4-6a4b-45e1-83a3-6179e23840bf,Female,39,Rural,1,1,Month-to-Month,Standard Connect,Credit Card,1,64.08552025648723,224208230.32278693,61,3,70.0,0,1
e97cbf42-dc24-4f09-ab0c-f913ec1fac9d,Female,84,Suburban,1,1,One Year,Basic Connect,,1,41.22412723371909,68388029.1570148,39,1,64.0,0,3
d52bb4ec-b25f-47d5-8328-4d12bbbdec12,Male,38,Suburban,1,1,Month-to-Month,Basic Connect,Bank Transfer,1,32.94162434359552,1680.0228415233717,51,4,40.0,0,3
6ea6ae0e-6ab8-48b4-9966-ea3e0761c03c,Female,70,,1,0,Month-to-Month,Standard Connect,Digital Wallet,1,65.71830935161036,4468.845035909504,68,1,99.0,0,0
2fa1b835-d86f-4c8e-a888-2eb148a9d1a0,Female,58,Urban,1,1,Month-to-Month,Standard Connect,Credit Card,1,56.72433123685893,95727683.76156443,59,2,61.0,0,0
d4d5e8d3-36c8-49af-af23-467b7b2356d0,Male,52,Urban,0,0,Month-to-Month,Standard Connect,Bank Transfer,0,70.4238918563585,138706863.6809498,44,1,49.0,0,3
3b6bba6e-1cc6-4c87-87cc-97e3d27f3cd4,Prefer not to say,30,Rural,0,0,Month-to-Month,Standard Connect,Digital Wallet,0,82.9436812997081,3649.5219771871566,44,0,79.0,0,3
73fb7f44-4050-425f-ad73-2323bdfeef82,Female,54,Urban,1,0,Month-to-Month,Basic Connect,Digital Wallet,0,32.73985725943252,89879381.53548257,51,2,26.0,0,3
14d088c2-6652-4930-ba07-9b6dfab839b8,Female,34,Urban,0,0,Month-to-Month,Basic Connect,Bank Transfer,1,61.73318981272788,112688455.5668254,51,1,78.0,0,3
3a66814e-2162-422f-ae5b-a4cc99d37edc,Male,39,Urban,1,0,Month-to-Month,Premium Connect,Credit Card,0,94.81180845641114,214229188.94954324,58,2,140.0,1,1
44385d59-543b-4823-a61b-8a8b2c5e473f,Female,56,Urban,1,0,Two Year,Basic Connect,Bank Transfer,1,29.82418837877408,63270341.58905128,58,2,45.0,0,0
c5884da2-1258-49e8-a15f-76a0c9724921,Non-Binary,57,,0,1,Two Year,Standard Connect,Bank Transfer,0,64.08552025648723,4101.473296415183,64,0,110.0,0,0
074aa27d-fdbc-45e3-bb70-be01756fc8c7,Female,56,Suburban,0,0,Month-to-Month,Basic Connect,Credit Card,1,51.811592416977305,143048964.11647668,40,0,66.0,0,3
a3ecc8c8-9e44-4df6-a8bd-e8e33abd054b,Male,46,Urban,0,0,One Year,Basic Connect,Bank Transfer,1,48.44005632320844,150131586.81238896,52,4,49.0,0,0
5be5777a-3e12-4dce-acb8-bc269b613b8e,Male,72,Suburban,1,0,Month-to-Month,Basic Connect,Bank Transfer,0,35.81658353192227,77644430.09684107,66,3,40.0,0,0
579a3f42-6733-4dc0-8d48-b8e904db746b,Female,37,Rural,0,0,One Year,Standard Connect,Credit Card,1,71.36349210673657,219374789.92548063,60,0,49.0,0,1
b22e8a04-7471-4ce0-b8fe-002f746c633f,Male,51,Rural,1,0,Month-to-Month,Basic Connect,Bank Transfer,1,109.07917715969748,33288069.626214195,50,24,295.3137014,0,2
97da2544-f1c9-4748-8e65-71b2a8a2d5e9,Male,42,Urban,0,0,Two Year,Basic Connect,Digital Wallet,1,44.283185035392606,96310504.7281527,50,1,46.0,0,3
13cf83ec-d0a7-412d-96b2-8e6d9f1d6f04,Female,66,Urban,1,1,One Year,Premium Connect,Credit Card,1,90.42377510300588,158118056.90349287,38,2,139.0,0,1
cddbf4eb-610d-4f2d-a91a-04d6c7952501,Female,29,Rural,1,0,One Year,Standard Connect,Bank Transfer,1,75.344435895929,179866593.78724843,55,0,101.0,0,1
0e37f030-d021-4e31-8876-81d61709dc23,Female,22,Suburban,0,0,Month-to-Month,Standard Connect,,1,75.21961767087211,128914985.6731998,43,3,44.0,0,3
861ec055-d4bd-4b5f-be76-f88d95b4a1ab,Female,30,Urban,1,0,One Year,Basic Connect,Bank Transfer,1,50.69882513429363,81459112.55228783,43,0,51.0,0,3
f13d7ca3-c2ad-47e1-8ee3-e313636ef3c9,Female,75,Urban,1,1,One Year,Premium Connect,Bank Transfer,1,87.2890006304072,172365786.58130187,44,2,130.0,0,1
e2d62849-5e4c-42a6-9629-75f6e39ff865,Female,59,Rural,0,0,One Year,Premium Connect,Bank Transfer,1,84.73965088372825,132830523.32665408,65,1,101.0,0,0
2e4a56df-bf7d-413e-b3fb-566df6bbd0d7,Female,68,Suburban,0,0,One Year,Basic Connect,Bank Transfer,1,29.75732692489226,71791134.77525139,59,1,22.0,0,0
623c1a44-8590-4049-857e-4b955808ecfa,Male,82,Urban,0,0,Month-to-Month,Premium Connect,Credit Card,0,103.65338876938677,229516088.7862849,54,1,64.0,1,1
6211a071-0f15-4c3a-b1a8-c8361ae2d496,Male,51,Rural,1,1,One Year,Basic Connect,,0,20.0,1100.0,55,2,29.0,0,0
f8a19db1-8391-4260-8516-e4bf148e376c,Male,59,Urban,1,0,Month-to-Month,Standard Connect,Digital Wallet,1,70.48238452238604,187313362.2821852,65,0,96.0,0,0
55c6418a-b892-42f0-9bc2-e99128a987a3,Female,70,Urban,0,0,Month-to-Month,Premium Connect,Credit Card,0,87.52955869270733,189834076.61039,42,1,55.0,0,1
6b0aedf1-2155-42ec-96c4-58bb155767dd,Female,34,,1,0,Month-to-Month,Premium Connect,Credit Card,0,133.6606283610883,244309785.68087417,50,2,92.0,1,1
f6b498b1-75e6-407e-82f9-ac576c44f4c4,Female,73,Suburban,0,0,One Year,Standard Connect,Bank Transfer,1,64.08552025648723,4293.729857184644,67,0,68.0,1,0
d7198404-23ee-4c87-962e-ca55c5647058,,22,Suburban,1,0,Two Year,Basic Connect,Bank Transfer,1,26.92570303765644,59297843.02993608,69,3,34.0,0,0
9ab940dd-f065-4707-822e-0021c2ea9e91,Female,50,Suburban,0,1,Month-to-Month,Premium Connect,Credit Card,1,114.49565352777432,304632964.4948073,60,3,64.0,0,1
8f8ded10-cd1b-4343-bdbd-36e1a6ca1106,Male,42,Urban,1,1,Two Year,Basic Connect,Credit Card,0,47.56381093701164,105798193.79869568,57,1,67.0,0,0
ea7e021a-189a-423c-b7fb-6c27c40bfe56,Female,50,Urban,0,0,Month-to-Month,Premium Connect,Mailed Check,0,105.89311294678328,254958002.7710699,65,3,86.0,1,1
08e6bc1b-251a-45a7-a847-09486a7b7ca5,Female,27,Suburban,1,0,Month-to-Month,Basic Connect,Bank Transfer,0,28.70859931903609,50360344.03146984,45,0,39.0,0,3
b3686324-2e4f-4d18-9a4a-b2633d86ca0e,Female,70,Urban,0,1,Two Year,Premium Connect,Mailed Check,1,98.6658192862906,187079798.32121527,53,4,97.0,0,1
f0c38c42-00fe-48af-be18-cffea1aa809b,Female,82,Urban,1,0,Month-to-Month,Premium Connect,Mailed Check,1,113.92129061030516,331208421.3568276,69,4,97.0,0,1
326901ec-0697-4f8f-a211-c11140119060,Female,24,Urban,1,1,One Year,Standard Connect,Bank Transfer,0,65.4518048301882,2618.072193207528,40,1,101.0,0,3
6f236489-1756-4c01-ac1f-f89079cfc7bd,Female,35,Urban,0,0,Month-to-Month,Basic Connect,,1,46.37452182940328,1576.7337421997115,34,2,57.0,0,3
b1e56bdd-74fb-4ce2-974a-fe696e3a968c,Male,67,Rural,1,0,Month-to-Month,Standard Connect,Digital Wallet,1,65.53108588387177,128367553.74402346,63,0,87.0,1,0
e98b7f75-799f-4c38-a257-69f65c8f54a0,Female,64,Suburban,1,1,One Year,Premium Connect,Bank Transfer,1,104.5449788966048,200256650.565404,55,2,58.0,0,1
7dbd23f0-4ccc-40aa-990d-cd96f76ee191,Male,82,Urban,1,1,Month-to-Month,Basic Connect,Digital Wallet,1,20.0,34843279.32408302,34,2,26.0,0,3
62a6bc5b-ed62-4dd1-97b3-ee0fd0d1522b,Female,51,Suburban,1,0,Month-to-Month,Standard Connect,,1,87.1801946351218,220993284.35265705,46,4,93.0,1,1
2af5ec2a-2b75-4d50-b128-3780b0bef2c4,Male,37,Urban,1,0,One Year,Basic Connect,Credit Card,0,62.03995670493047,113334528.26618506,62,2,72.0,0,0
29aba3fe-c5dd-4a86-9ae4-408d45494dca,Male,37,Urban,1,0,Month-to-Month,Standard Connect,Bank Transfer,1,64.08552025648723,114057641.85159464,62,1,78.0,1,0
4fa360a7-4016-497f-b7be-0ff7d9b0580c,Male,52,Suburban,1,0,Month-to-Month,Premium Connect,Bank Transfer,1,87.08284153211615,5486.219016523318,63,1,56.0,0,0
70bbf673-42b3-47f7-b8bd-90ec4a642380,Female,54,Rural,0,0,Two Year,Standard Connect,Mailed Check,1,53.46747074808256,144932861.04338872,58,1,63.0,0,0
08a1487c-5795-4267-884e-9ab06118607d,Female,71,Suburban,1,1,Month-to-Month,Premium Connect,Digital Wallet,1,64.99273111549397,184059119.04725468,55,0,44.0,1,1
0a6afa14-ad71-43c3-9239-c94a605aca81,Male,49,Rural,0,1,Month-to-Month,Premium Connect,Mailed Check,1,64.08552025648723,255618570.2471144,34,2,64.0,0,1
bea179c0-4c82-476d-bdd6-5a252aa6f492,Male,73,Suburban,1,0,Month-to-Month,Basic Connect,Mailed Check,0,64.08552025648723,73263947.90922335,55,2,33.0,0,0
bbdeb126-84e5-4054-8bb7-e5393c7cab93,Male,79,,0,0,Month-to-Month,Standard Connect,Bank Transfer,1,59.02834048327962,138994175.26904723,50,2,89.0,1,0
54680063-fb82-44ae-a370-ceeff988a473,Male,83,Suburban,0,0,Two Year,Premium Connect,,1,105.68357735728512,344055009.5712053,50,2,137.0,0,1
9a8cb8b9-0622-4021-988c-bb0ba3979a9c,Male,29,Urban,1,0,Month-to-Month,Basic Connect,Bank Transfer,0,36.47678031328592,65950005.86620452,44,4,53.0,0,3
463c2e18-e4f1-484c-afd1-b0382746a2cd,Male,67,Suburban,0,0,One Year,Basic Connect,Digital Wallet,1,20.0,48935967.85624971,45,0,28.0,0,3
ad51e3a3-68d4-4a7b-b300-54dae30c4886,Female,47,Urban,1,0,Month-to-Month,Basic Connect,Bank Transfer,1,54.56598668015901,104049392.85216598,40,0,75.0,0,3
6e83d143-9d6e-4d45-9122-add5702e9868,Male,76,Urban,0,1,Month-to-Month,Basic Connect,Bank Transfer,1,32.66262111070927,88963145.131757,48,1,29.0,0,3
f5c73dec-1e24-4bcf-9c9b-4499e576497b,Male,73,Urban,0,0,One Year,Basic Connect,Bank Transfer,1,54.3023086155948,87169081.65724583,62,1,53.0,0,0
6948fceb-93e5-4e20-80d9-3837ef450c13,Male,53,Suburban,1,1,Month-to-Month,Standard Connect,Credit Card,1,62.85344125184203,195179366.2885043,37,1,91.0,0,3
b9dadfd7-f762-4042-bbe2-18c7c3f4b58b,Male,55,Urban,0,1,Two Year,Standard Connect,Bank Transfer,0,77.77059287468168,190958538.6039744,42,3,86.0,0,1
a4ddc0d3-d8cb-4c05-b5a0-cf3d1831ca71,Female,75,Urban,1,0,One Year,Standard Connect,Credit Card,0,58.72943244598361,132454274.01367372,43,2,59.0,0,3
fcae336d-8f17-45e4-8a87-225a3c50c38d,Female,51,Urban,0,0,Month-to-Month,Basic Connect,Mailed Check,1,41.00079612674938,124404334.83931674,45,2,33.0,1,3
548183fc-b831-43ce-97d0-d7efd98c39cc,Male,78,Rural,0,1,Month-to-Month,Basic Connect,Credit Card,1,37.1120058786093,1892.7122998090745,51,3,50.0,0,0
3e7416a3-d270-4a76-ab4e-0a84eee11f1a,Non-Binary,46,Urban,1,1,Two Year,Premium Connect,,1,112.09255793100228,161736734.60576424,65,2,165.0,0,1
fc2f05c0-1e28-4970-90b7-79b77c88ed09,Prefer not to say,45,Rural,1,0,Month-to-Month,Standard Connect,Digital Wallet,1,75.13815011898788,138281254.0582799,56,2,60.0,0,0
598b40b3-1823-4667-9595-f3933ec63a20,Prefer not to say,70,Rural,0,0,Month-to-Month,Basic Connect,Digital Wallet,1,27.2486845282422,42065352.28962564,39,4,24.0,0,3
b4c7fba7-561e-41fc-9021-566f33e11837,Male,26,Suburban,1,0,One Year,Standard Connect,Bank Transfer,1,91.83619652155238,143369017.9226298,35,2,132.0,0,3
1a515065-0a1b-4a89-ae98-9674ffa89410,Male,60,Urban,1,0,One Year,Premium Connect,Digital Wallet,1,103.93972874428884,279528567.1923245,54,2,62.0,0,1
8b4588d0-db60-4237-80d9-6c6b32eca77f,Male,59,,0,0,Month-to-Month,Basic Connect,Credit Card,1,36.1970821142762,102839193.41943207,59,4,48.0,0,0
00597989-51b1-4e59-9c6e-09bc0da0c5cf,Male,75,Urban,1,0,Month-to-Month,Premium Connect,Digital Wallet,1,67.60249006658063,114900588.071822,39,1,92.0,0,3
24dcb6ff-d0bb-4e1e-9d2c-467742a54d5b,Male,64,Suburban,0,1,One Year,Premium Connect,Bank Transfer,1,109.00726452075332,5886.39228412068,54,2,134.0,0,0
87e67c7d-6917-4b40-84f4-95e4594afd94,Female,75,Urban,1,0,Two Year,Premium Connect,Credit Card,0,95.9856077084154,246074604.657817,45,3,96.0,0,1
43ce09cc-211d-4bb5-98c0-41071567bf52,Male,44,Urban,0,0,One Year,Basic Connect,Bank Transfer,1,24.095557694031697,56604142.07049464,67,2,28.0,1,0
fa3155ac-c47c-4477-b042-4d99d285fa92,Female,74,Rural,1,0,One Year,Premium Connect,Credit Card,1,89.14175087693353,193291345.11460432,36,2,101.0,1,1
3e94f46f-d496-4900-b741-6d71a19c0ca2,Male,51,Urban,0,0,Month-to-Month,Standard Connect,Credit Card,1,68.8951772950167,3651.444396635885,53,3,95.0,0,0
ecd143f0-201a-4cb0-a641-cf1b308aabeb,Female,46,Urban,1,1,Month-to-Month,Basic Connect,Credit Card,1,37.97505504063452,58102761.27702404,55,2,43.0,0,0
4d2d1355-7abe-42de-b226-75e88ddcb3a0,Non-Binary,53,Urban,0,1,Month-to-Month,Premium Connect,Bank Transfer,1,111.2979950938246,165728374.1948004,41,2,157.0,0,1
44adfc18-5d7a-4b9b-9dd6-b6fe1a340f1f,Female,46,Urban,0,1,Month-to-Month,Basic Connect,Credit Card,1,47.35410284411162,73448594.22555116,34,1,29.0,0,3
e2468d30-c88c-449f-beca-9ea4b7c29cfe,Male,40,,0,0,Two Year,Basic Connect,Bank Transfer,1,68.78264368491926,191476194.34478223,40,1,104.0,0,3
5c62095e-2841-4d9a-a7d2-a8399939dc22,Male,35,Rural,0,0,Month-to-Month,Basic Connect,Digital Wallet,0,44.192568957393625,113096304.07904792,54,1,57.0,1,0
050204a0-6df0-411b-84ae-c8660350e93c,Female,58,Suburban,0,0,One Year,Standard Connect,,1,53.4040806606853,78900990.68755132,45,1,39.0,0,3
d3be94ef-8da0-47a1-8a45-9fa513c9c102,Female,83,Urban,1,0,Month-to-Month,Basic Connect,Credit Card,1,64.08552025648723,136246674.15060562,67,5,83.0,1,0
e07d6b8e-0329-4b58-9e51-9be2a4250698,Female,67,Urban,0,1,One Year,Basic Connect,Credit Card,0,51.31373242647265,108018156.6863992,41,0,67.0,0,3
bf328992-a0d2-42a3-8795-c781ea32a117,Prefer not to say,24,Suburban,1,0,One Year,Basic Connect,Digital Wallet,0,22.62209681929645,44945861.97776567,65,1,64.0,0,0
e9490330-0c19-46f2-929c-5a811384926a,Female,45,Suburban,1,0,Month-to-Month,Standard Connect,Credit Card,1,45.468784951443126,120417935.31344034,38,0,31.0,0,3
a74b4bba-1c2f-470c-9e5f-1a999ec08a0d,Female,47,Urban,0,0,One Year,Premium Connect,Bank Transfer,0,113.0139075942244,259886491.1855486,66,1,141.0,1,1
4f1c9a31-4e18-462e-b8cf-b48c4dab0185,Male,83,Urban,0,0,Month-to-Month,Standard Connect,Credit Card,1,58.3827226766921,121594430.4067372,65,1,65.0,0,0
772c0463-df7e-4352-a51b-6018c1bb5d7b,Male,76,Suburban,1,0,One Year,Basic Connect,Bank Transfer,0,43.10052551338533,117661806.1837604,40,3,41.0,0,3
e1dbc81a-f7b9-417c-863b-6ffade31c3bd,Male,63,Urban,1,0,Month-to-Month,Basic Connect,Digital Wallet,1,37.7971460995488,62231259.88474147,34,1,47.0,1,3
f7626113-43ce-419c-bad0-e6bc27bd4bee,Male,77,Rural,0,0,Month-to-Month,Standard Connect,Digital Wallet,0,67.28540204817907,161183396.65988368,42,2,64.0,0,3
02e191b9-f3f6-4ea1-96db-f5ecc258ed78,,78,Urban,1,1,One Year,Basic Connect,Credit Card,0,20.0,50287326.83691676,36,2,26.0,0,3
57c58906-9c9f-42e4-a0c1-b2920a25e564,Non-Binary,48,Suburban,0,0,Month-to-Month,Basic Connect,Bank Transfer,0,31.07558326535109,92865862.2585302,52,0,25.0,0,0
de2824fd-4f9b-4129-8199-57c9b32cb550,Male,65,Suburban,0,0,Two Year,Basic Connect,Bank Transfer,0,20.0,33155408.60422009,54,4,26.0,0,0
f5897922-055e-4231-9c51-7d405141448c,Female,51,Urban,0,0,Month-to-Month,Premium Connect,Credit Card,1,308.86457644056657,174268697.01428044,69,15,1072.968633,1,2
30a1a401-529f-4af1-9a67-cb82fc9ee983,Male,64,Urban,0,0,Month-to-Month,Basic Connect,Digital Wallet,1,61.76252039954724,153853702.7667942,64,0,68.0,0,0
e0fecadd-d4e0-4829-bbe4-1d67bc15a360,Male,21,,0,1,One Year,Standard Connect,Bank Transfer,1,64.08552025648723,3716.9601748762593,58,0,125.0,0,0
1ebd2c3b-a27e-4ede-a63a-72a440c7f5c1,Male,20,Suburban,0,0,Month-to-Month,Basic Connect,Credit Card,0,64.08552025648723,75978845.55667613,55,1,40.0,0,0
768a4650-201a-4563-9955-d0a8ae8be8ea,Female,64,Suburban,1,0,One Year,Basic Connect,Digital Wallet,1,64.08552025648723,91693717.48017602,60,1,64.0,0,0
05a5ea42-715c-4298-8607-0ce7edaf83cb,Male,36,Rural,1,0,Two Year,Standard Connect,Bank Transfer,1,102.43079108348304,227316856.72147623,43,2,139.0,0,1
7ea8d4f8-7d75-4423-94db-8f9526a218a3,Male,73,Urban,1,0,Month-to-Month,Basic Connect,Credit Card,1,64.08552025648723,142420204.38707018,64,2,92.0,0,0
127a2f87-c4f7-4df4-9d69-4e15afabfd73,Male,82,Suburban,0,0,Month-to-Month,Basic Connect,Credit Card,1,40.85562741721616,96171492.68223,49,3,42.0,0,3
2d624e83-bfad-4b7d-97fc-a255606c0809,Male,24,Urban,0,0,One Year,Basic Connect,Bank Transfer,1,20.0,31379477.036895063,65,6,22.0,0,0
454bbe7e-2eea-4816-96d1-cf8d85d87ad5,Female,56,Urban,1,0,Two Year,Basic Connect,Credit Card,1,20.68721814580623,44237524.24220762,47,1,22.0,0,3
16f3987d-25cd-4042-8580-6b9616f18be9,Non-Binary,38,Suburban,0,1,Month-to-Month,Basic Connect,Mailed Check,0,20.0,58723646.94193632,43,1,29.0,0,3
9576f1c0-7a8b-40b9-bcd6-79e122fc1005,Female,29,Urban,1,1,One Year,Basic Connect,Credit Card,0,27.29620675005186,69347999.30423994,36,0,28.0,0,3
6bbd3500-c7a2-4e1f-ad9c-cffc92333e2d,Male,81,Suburban,1,0,Month-to-Month,Premium Connect,Credit Card,1,80.55659797003487,243736761.88708287,67,1,102.0,0,1
85e49eee-631e-4a13-b038-9aa0051f235a,Male,50,Urban,0,0,Month-to-Month,Standard Connect,Digital Wallet,1,74.82473548749213,152397949.53978473,66,3,108.0,0,0
47a14f4c-d8fb-42dc-b5d2-8c1adec4ab93,Non-Binary,58,Urban,0,0,Two Year,Basic Connect,Bank Transfer,1,35.53718596469826,65327541.6760968,66,1,25.0,0,0
aa70e427-1c5b-4e51-af90-d3ccbfb44534,Female,57,Urban,1,0,One Year,Standard Connect,Digital Wallet,1,64.08552025648723,112659073.66993833,63,1,69.0,0,0
6a3eee8b-c07d-4502-8c74-7ffe2e260725,Female,31,Urban,1,0,Month-to-Month,Basic Connect,Digital Wallet,1,65.40770903299476,122293834.28844506,53,1,66.0,1,0
816c0c48-2184-4a83-ac8c-4691d3b0cd8e,Prefer not to say,36,Rural,1,0,One Year,Basic Connect,Credit Card,1,28.888937240765248,60673571.92675993,44,1,31.0,0,3
8ed4c28e-9ed7-4e73-a9fa-4e752e48ff4b,Female,32,Suburban,1,1,One Year,Premium Connect,Credit Card,1,61.99710203364982,116566588.17722154,68,1,63.0,0,0
05bba756-1c00-44c0-9161-d54140f66b42,Female,23,Rural,0,1,Month-to-Month,Standard Connect,Credit Card,1,41.0678169530709,66927130.19507713,40,1,64.0,0,3
2cb6698c-46bb-4647-8bef-df5fd167335a,Female,34,Rural,0,0,One Year,Premium Connect,Bank Transfer,1,93.86976504578035,266862712.61781257,38,1,66.0,0,1
d493f05b-af3b-437f-9297-212252e9398c,Male,54,Urban,0,0,One Year,Standard Connect,Digital Wallet,0,77.56635005663108,171921250.589071,64,2,70.0,0,0
7c9256da-eea2-4ad5-ab62-79b4c31bd4ad,Female,20,Suburban,0,0,Month-to-Month,Basic Connect,Digital Wallet,1,46.54862503207467,129788231.90537044,61,1,57.0,1,0
9e424d9d-145b-4858-838a-e72cb771d892,Male,38,Urban,0,1,One Year,Standard Connect,Digital Wallet,1,72.46756741466595,184057805.87785864,57,1,50.0,0,1
5db65d88-5e1c-4b7d-8160-eaa79b6f4c92,Female,66,Rural,0,1,One Year,Standard Connect,Credit Card,1,63.34330426478836,148817151.62822026,40,2,42.0,0,3
e3aa8f30-6e15-4459-afe0-90ac1e9719a0,Prefer not to say,21,Suburban,1,0,Month-to-Month,Basic Connect,Bank Transfer,1,21.239031760683684,53197640.436406,35,0,33.0,0,3
2c200165-6a8e-4d6e-9d9d-b51d9a168580,Male,60,Urban,1,0,Month-to-Month,Basic Connect,Credit Card,1,20.0,35860738.23281074,61,3,33.0,0,0
e3855ebb-3d56-42b9-abf5-835518d0ab84,Prefer not to say,44,,0,1,Month-to-Month,Premium Connect,Bank Transfer,1,111.43006369514688,161790239.47608855,65,1,141.0,0,1
b97d280c-d089-4fae-a0f7-c2ae150f6927,Male,32,Rural,1,0,Month-to-Month,Basic Connect,Mailed Check,1,48.28209081455414,71972528.98452657,57,3,48.0,0,0
d5f3db67-7572-4712-b076-83ed8b09576f,Male,30,Urban,0,0,Month-to-Month,Standard Connect,Credit Card,1,93.2696650109412,229404615.17466444,40,1,127.0,0,1
3082cc8e-2c2f-40df-bdc1-8975004f0fad,Female,35,Urban,0,0,Month-to-Month,Premium Connect,Bank Transfer,1,100.4527799834388,326579101.387832,64,2,75.0,0,1
6a175b8d-26e5-4cb5-afbe-086acfc15086,Non-Binary,60,Suburb,0,0,Two Year,Standard Connect,Digital Wallet,1,62.116745392215456,106805370.65429378,39,2,96.0,0,3
534b06e7-9ade-43e2-abdf-5efd41e03b80,Male,51,Urban,1,0,One Year,Premium Connect,Credit Card,0,123.78506768428107,205210339.58896777,40,1,188.0,0,1
6a34510c-79c7-427c-aef8-cdadfa08568b,Male,68,Urban,1,0,Month-to-Month,Premium Connect,Mailed Check,0,98.54966084925552,269027088.6115446,46,4,142.0,1,1
3e4809e5-1f02-4aec-a829-c0a48820a589,Female,79,Urban,0,0,Month-to-Month,Basic Connect,Credit Card,1,60.02574831776185,109590772.70231828,52,0,48.0,0,0
d6205869-5e19-4d50-84db-d86fc89a3a0a,Male,46,Rural,0,1,Month-to-Month,Basic Connect,Mailed Check,1,65.53081022849,206028221.2768277,47,2,64.0,1,1
0601a4bd-a0b2-4058-bd1c-b4024be4671b,Female,64,Urban,0,1,Month-to-Month,Basic Connect,Credit Card,1,20.0,59591558.15922763,67,4,32.0,0,0
e9b79a76-c135-495c-94ea-c151b6d0ff36,Female,28,Urban,0,0,Month-to-Month,Premium Connect,Bank Transfer,1,104.94923409532517,223476007.7497756,44,1,124.0,0,1
77a3e342-f0dd-4ede-954f-3450ed8cd357,Male,22,Rural,0,0,Month-to-Month,Premium Connect,Bank Transfer,1,97.3034929707262,257818265.94939592,53,3,147.0,0,1
4d38a454-fd53-445f-9c38-32978929462a,,68,Suburban,1,0,One Year,Premium Connect,Bank Transfer,0,80.01030533942817,198625707.76666343,66,0,106.0,0,1
9ab9e3f7-9801-41a5-b5fe-1fb0119a5d24,Male,53,Suburban,1,0,Month-to-Month,Basic Connect,Credit Card,1,53.84932896663463,113610638.87954038,44,3,49.0,0,3
14a04a8a-3123-4011-9f57-2de739102afe,Prefer not to say,80,Suburban,0,0,Month-to-Month,Premium Connect,Bank Transfer,1,111.68249934272212,294407266.3125129,36,1,87.0,0,1
21a9c2ca-8551-46a3-9080-f78346c6e73d,Female,47,Suburban,1,1,Month-to-Month,Standard Connect,Credit Card,0,80.50030991354359,222562121.6595904,54,0,120.0,0,1
1bece5e8-7df2-4857-a4e3-01fad66f74ca,Female,82,Urban,0,1,Two Year,Premium Connect,Credit Card,0,109.1410591440061,298455486.361333,35,3,70.0,0,1
7dd65f22-8803-46b5-a761-79bd35f2702f,,37,,0,0,Month-to-Month,Premium Connect,Bank Transfer,1,64.08552025648723,248544956.50146508,49,1,71.0,0,1
d18db31e-a369-405f-88bb-70793009781e,,23,Urban,0,0,Month-to-Month,Standard Connect,Digital Wallet,0,78.44609354117871,223162403.76209605,44,1,82.0,0,1
1859cae5-b27d-4f0f-99d2-004246514f26,Female,60,Urban,0,0,Month-to-Month,Standard Connect,Mailed Check,1,55.83734648535747,154954333.6769188,65,1,39.0,0,0
08fb9b7e-287f-4bfa-8c28-3e7872236d43,Female,29,Rural,0,0,Month-to-Month,Premium Connect,Credit Card,1,104.0981638737076,248897020.29920027,60,1,74.0,0,1
81f6c21f-f5df-489e-93bf-75d7b351b7ec,Female,37,Urban,0,0,One Year,Basic Connect,Bank Transfer,1,42.4691157098134,102707559.86777772,45,1,49.0,1,3
3cac66ee-75e5-49fb-b982-85487a6f1f41,Female,24,Urban,1,0,Month-to-Month,Premium Connect,Credit Card,0,101.64525830872292,180560192.51552823,53,2,64.0,1,1
ffe99915-fc05-48b2-985d-a82679c3aaf5,Female,79,Urban,0,0,Month-to-Month,Basic Connect,Bank Transfer,1,26.01978344622498,1561.1870067734988,60,2,41.0,1,0
45941a1a-1c1e-4242-b742-95174420e742,Male,57,Urban,0,0,Month-to-Month,Basic Connect,Credit Card,1,41.84790222526452,89205914.68664734,63,0,58.0,0,0
4ee36c9e-3e46-4cf5-a23f-4eb6c8bfa15f,Female,84,Urban,1,0,Month-to-Month,Premium Connect,Bank Transfer,1,103.23933793788072,157672277.56847462,56,2,134.0,1,1
4a6d9603-9541-41c7-a31d-f002d667f552,Male,57,Urban,0,0,Month-to-Month,Standard Connect,Credit Card,0,67.18146544073011,158543205.0157879,42,2,88.0,0,3
e236d88c-d644-4a56-bb20-30bca08a7397,Male,79,Urban,1,0,Month-to-Month,Basic Connect,Mailed Check,0,20.0,49836059.01363874,47,1,18.0,1,3
21872f06-4ef0-4802-ab7a-285d46f01693,Female,51,Suburban,0,0,Two Year,Standard Connect,Digital Wallet,0,96.45843522401984,259365734.7067486,42,0,143.0,0,1
4470b2d6-94ef-4026-8f67-5cc25283d4c1,Female,84,Rural,0,0,One Year,Basic Connect,Bank Transfer,1,23.43211876914498,43416355.97249287,66,1,30.0,0,0
afd61184-5294-41b7-b8c5-5c1bed7329a8,Male,73,Urban,0,0,Month-to-Month,Standard Connect,Bank Transfer,1,65.39336984349939,191309720.4807948,65,2,92.0,1,0
352f387f-7620-40f6-9c4f-9e9557039e42,Male,21,Urban,1,1,Month-to-Month,Basic Connect,,1,50.17643053707798,91436758.71965349,35,1,46.0,0,3
bbfeab67-eec5-4472-b82f-8e43386ccd20,Male,64,Rural,0,0,One Year,Basic Connect,Digital Wallet,0,59.9147349451033,116753993.4042895,59,4,72.0,0,0
12677d44-8a79-4b09-b3ea-4fcb3a338566,Male,59,Suburban,1,0,Month-to-Month,Standard Connect,,1,66.70471044432314,155105831.94322968,52,0,87.0,0,1
faf93c12-5453-4770-aa50-ce8e6a0ff0d9,Female,57,Rural,0,1,Two Year,Standard Connect,Credit Card,1,59.58018067719363,2323.6270464105514,39,3,91.0,0,3
c1ac99e9-7b07-4641-b086-209f0074e6ff,Female,29,Urban,1,0,One Year,Basic Connect,Credit Card,1,37.283716151116536,107087815.73614174,55,1,36.0,0,0
c332f141-9a57-4eb3-8a67-e3d9cee4e102,Non-Binary,27,,0,0,Month-to-Month,Premium Connect,Credit Card,0,64.08552025648723,3460.6180938503103,54,4,57.0,1,0
5e387dfc-e908-4525-86b4-5465c27ea2e0,Male,24,Urban,0,0,Month-to-Month,Basic Connect,Credit Card,1,20.0,1340.0,67,1,25.0,0,0
4b0f7a83-f590-4118-92dd-cde113a69acc,Male,62,Urban,0,0,One Year,Basic Connect,Bank Transfer,1,64.08552025648723,77625628.61087082,49,3,26.0,0,3
ddb60ad8-62e6-4bcb-b40d-d4b309e225f4,Male,60,Suburban,0,0,Month-to-Month,Basic Connect,Credit Card,1,41.27412704256865,123823417.36549903,38,0,32.0,0,3
67519557-a6a0-4f96-8718-83cc28ef260d,Female,65,Suburban,0,1,Month-to-Month,Premium Connect,Bank Transfer,1,64.08552025648723,163097005.52822053,58,4,138.0,1,0
5594c7b6-f9bf-4c49-bbf4-dc8d32506781,Female,35,Urban,0,0,Month-to-Month,Standard Connect,Bank Transfer,1,64.09317388853499,100617106.59069706,36,3,64.0,0,3
f0e7d6b6-434f-419b-b649-23372d46326e,Male,51,Rural,0,1,Month-to-Month,Premium Connect,Credit Card,0,88.66777036538654,243133339.60838583,36,3,112.0,1,1
2c914749-155e-4a91-aa51-59ae790d6695,Male,22,Urban,1,0,Two Year,Standard Connect,Digital Wallet,0,64.08552025648723,217738429.5240802,40,1,69.0,0,1
31d97681-fe4c-45d5-a8da-3c850b490cce,Female,41,Urban,0,0,One Year,Basic Connect,,1,21.559453105150624,34169830.06062725,44,2,21.0,0,3
538163eb-948b-4a70-b616-586c2be3c6aa,Female,20,Rural,0,0,Month-to-Month,Standard Connect,Digital Wallet,1,93.61618032455436,229434578.41268745,69,1,64.0,1,1
295ccf39-7942-42cc-87ba-d811b8c64b70,Male,32,Suburban,0,1,One Year,Premium Connect,Credit Card,1,119.16131157665228,282812678.0664478,45,2,88.0,1,1
6dce9c3d-ad5d-4843-979c-ec2d7f02c73c,Male,45,Urban,0,0,Month-to-Month,Standard Connect,Credit Card,1,91.7924307319334,135900309.77113438,38,0,139.0,0,3
a228714c-2596-4e11-a627-2e942aa81f02,Female,69,Suburban,0,1,One Year,Standard Connect,,1,60.31869986273285,106208939.6364482,64,0,79.0,1,0
5d99e011-1059-44bc-be06-bbe3554239b1,Male,51,Urban,1,1,Month-to-Month,Basic Connect,Bank Transfer,1,51.56959501766154,139411297.2557397,52,1,37.0,0,0
76cdfd16-0f34-4a59-a65d-44547c6817f9,Female,51,Urban,0,1,Two Year,Basic Connect,Credit Card,0,56.29077503227575,117001451.19893572,35,1,73.0,0,3
fcdc7ea9-2649-4440-a1fe-3ae85a7909a3,Female,71,Urban,0,0,Month-to-Month,Basic Connect,Credit Card,0,43.11267835212816,84378205.85634485,68,1,45.0,1,0
ea99793b-d24e-411d-8e9b-02602a0fd678,Female,34,Rural,0,0,Month-to-Month,Basic Connect,Credit Card,0,21.840418595403,54784098.3619828,44,2,21.0,0,3
28c1448b-bb04-457f-8382-dcb9f30fbf24,Male,79,Urban,0,1,Two Year,Premium Connect,Mailed Check,0,100.82232352605098,231295286.8647193,55,0,91.0,0,1
5fa43be3-4aa2-496e-9994-3c4adcdcac7b,Female,51,,0,0,Month-to-Month,Basic Connect,Credit Card,1,45.73251863448904,132106284.60686024,61,1,70.0,0,0
ea16563e-58ba-43fb-8dbe-ecc771c28a10,Female,82,Urban,0,0,Month-to-Month,Premium Connect,Credit Card,1,93.95210901122242,229005892.4520396,54,1,94.0,0,1
5cc26a9e-9212-4cc0-9882-2ff1f2a16284,Female,48,Suburban,0,1,One Year,Standard Connect,Bank Transfer,1,66.75288240095574,191396719.8351529,59,2,47.0,0,1
7f462dda-9c2a-4d83-9aef-0037cc8a6e71,Male,59,Suburban,1,0,Two Year,Premium Connect,Bank Transfer,0,80.39737405550215,187393216.95590025,45,2,85.0,0,1
74227ed6-23ed-488d-8f71-8b5603f3220c,,51,,1,1,Two Year,Standard Connect,Digital Wallet,1,98.88240549395638,154652104.0421272,34,0,92.0,0,3
c766c170-9b9f-4084-94cb-c2a82fc9b348,Female,38,Urban,0,0,Month-to-Month,Premium Connect,Bank Transfer,0,109.67572329070464,313057453.95946324,38,0,150.0,0,1
9d3ed3bf-81d8-48ad-a835-e2c1c0667bfd,Male,51,Urban,0,0,Month-to-Month,Premium Connect,Credit Card,1,114.20082737018096,165882955.06245363,65,1,149.0,0,1
898af469-3a34-4ca4-bed7-821f7bbc16c9,Female,59,Suburban,0,0,Two Year,Standard Connect,Mailed Check,1,63.32641030215175,140524880.93016154,65,0,40.0,0,0
7089e73e-49fe-47cc-a2a4-d1a22361fcee,Male,44,Suburban,1,0,Month-to-Month,Standard Connect,Credit Card,1,80.31962306665409,148042222.72257438,62,1,64.0,0,0
69a665f4-9128-4428-b030-8fc404c47e62,Female,31,Suburban,0,1,Month-to-Month,Basic Connect,,1,36.27218449146906,82459224.4289066,42,1,53.0,1,3
b4be2345-d35d-4ed7-9160-039065022274,Female,56,Urban,0,0,One Year,Premium Connect,Digital Wallet,1,109.13013190500364,183209588.9865236,64,5,98.0,0,1
cc6225f8-6294-48ed-a734-8e6fa569d1aa,Female,82,Suburban,0,0,One Year,Standard Connect,Bank Transfer,1,64.08552025648723,154572481.767895,38,0,50.0,0,3
48a29de2-026b-43f7-9a35-b2debceb7309,Prefer not to say,66,,0,0,One Year,Basic Connect,,1,26.90888261386273,995.628656712921,37,1,41.0,0,3
00b11591-d1a8-4b22-a81b-947979a744a0,Male,36,Urban,0,0,One Year,Standard Connect,,1,77.6557261247306,155961116.93458763,52,1,111.0,0,1
8ade8b25-510f-40ad-a031-d114a9880730,Female,63,Urban,0,1,Month-to-Month,Basic Connect,Credit Card,0,51.73359888608545,132653634.14640956,45,1,60.0,0,3
f4c168a8-6553-44ac-91e1-eb7142ca11a7,,59,Suburban,0,0,Month-to-Month,Basic Connect,Bank Transfer,1,55.84380749221651,105457933.6113408,56,1,88.0,0,0
df08e5a0-14b2-45ae-9277-de8d95ae3a7d,Female,25,Urban,0,0,Two Year,Standard Connect,Digital Wallet,1,69.34092532811479,139208517.95744872,56,1,39.0,0,0
b5cf81e7-4a3c-4f19-b3d8-d35fb2462eff,Female,25,Suburban,1,1,Month-to-Month,Standard Connect,Credit Card,1,69.36708899163915,100611197.79032354,36,2,51.0,1,3
f707c858-c3e2-48df-b087-14b6ea03a3ef,Female,54,Urban,0,0,Month-to-Month,Basic Connect,Digital Wallet,0,50.75541324134016,3096.080207721749,61,3,58.0,0,0
dfd02090-a7f8-4166-971f-5a13aeac5f0d,Male,42,Urban,0,0,One Year,Standard Connect,Bank Transfer,0,98.28443102708746,5110.790413408548,52,2,134.0,0,0
b36c577e-b457-4bfc-8f9d-6a57b3e3d7ae,Female,67,Urban,0,1,Month-to-Month,Basic Connect,Digital Wallet,0,41.144641319778,110233627.21907692,53,1,65.0,1,0
924626c8-970a-4086-bc12-e38810751caa,Male,31,Urban,0,0,Month-to-Month,Premium Connect,Bank Transfer,1,109.82345983936288,305177308.23995805,57,0,143.0,0,1
3c5b30fa-c133-4d84-98dc-57d3c6413219,Male,32,Urban,1,0,Month-to-Month,Basic Connect,Credit Card,1,65.9752707714128,4090.466787827593,62,2,52.0,0,0
18ad66be-4ec2-4ab1-b044-8f2a7ba02a47,Male,80,Suburban,0,0,Month-to-Month,Basic Connect,Bank Transfer,1,35.231110236242955,91112295.14348838,52,1,38.0,0,0
5ff59eb1-cc58-4ddf-81a9-7356ca658d09,Male,65,Suburban,0,0,One Year,Premium Connect,Credit Card,1,77.54151800337095,144823442.6588082,61,3,108.0,0,0
3db40035-da4d-400c-a6e2-0140ddec681e,Male,60,Urban,1,1,Two Year,Standard Connect,Credit Card,0,72.00659308291701,105205028.0770139,37,2,101.0,0,3
50cdc81f-bc9c-4004-903c-5a9d6412df6a,Male,24,Urban,1,0,Month-to-Month,Standard Connect,Credit Card,0,64.08552025648723,4357.815377441131,68,4,103.0,1,0
b9f94820-a753-4e91-b19c-7e25cdd904bf,Male,57,Urban,1,0,Month-to-Month,Premium Connect,Digital Wallet,1,108.7304381075252,327688635.87354344,41,1,117.0,1,1
f32c49dd-908c-4b0f-afb7-853c573fde94,Male,18,Urban,0,0,Month-to-Month,Standard Connect,Credit Card,1,64.08552025648723,115507529.70138884,66,1,41.0,0,0
fe4ba7b4-2bc0-4820-8c2a-4b6e03a992a6,Female,76,Rural,0,0,One Year,Premium Connect,Bank Transfer,1,107.36202065978377,265645470.1720773,41,0,96.0,0,1
8359a6a8-3a40-47b4-9895-4913345f7e16,Male,78,Urban,1,1,One Year,Basic Connect,Bank Transfer,1,58.59810373110263,157472149.27511173,66,2,37.0,0,0
e49d241c-6fc5-4379-bf1a-b10834294536,Non-Binary,51,Rural,0,0,One Year,Basic Connect,Bank Transfer,0,24.96888747171877,1048.6932738121884,42,3,64.0,0,3
029d6bd7-64ea-4f44-81d0-98e05806bc4d,,57,Urban,1,1,Month-to-Month,Premium Connect,Digital Wallet,1,83.78147689267293,189752488.98341665,66,1,63.0,0,1
dea079ab-9c93-4996-88d8-8f86379fabff,Male,51,Suburban,0,1,One Year,Premium Connect,Credit Card,1,113.47062625233926,239392420.02327183,51,1,105.0,0,1
3299b5b3-4af9-479d-957b-883823a1be66,Male,22,Urban,1,0,Month-to-Month,Basic Connect,Mailed Check,0,20.43255672274151,39129192.13588478,41,0,16.0,0,3
4b980624-68c2-48c5-85c6-106830870661,Male,57,Urban,0,0,Month-to-Month,Standard Connect,Digital Wallet,1,77.13281655931425,187840259.8136621,42,2,86.0,1,1
761e36c0-fa2d-4246-8d9a-ac5d30d237a7,Male,57,Urban,0,1,Month-to-Month,Standard Connect,Credit Card,1,65.06821740200179,199838021.79577303,39,0,38.0,0,3
1edf89e1-aa7b-44a8-b008-f1e34c6bba9c,Female,55,Suburban,0,0,Month-to-Month,Basic Connect,Credit Card,1,39.01125866967252,97686775.41408172,36,0,64.0,0,3
e1be4192-7dcf-453e-8bf0-dcdbfef2aa01,Male,41,,0,0,Month-to-Month,Standard Connect,Credit Card,0,57.88992850138233,175462935.25606596,63,0,78.0,0,0
a14698ff-1d5c-442c-9b44-388cb2baac42,Male,24,Urban,0,1,Month-to-Month,Standard Connect,Bank Transfer,0,73.07364416483512,4384.418649890107,60,0,56.0,1,0
930e7f09-9440-4f27-8e21-7872f724637e,Female,59,Rural,0,0,Month-to-Month,Standard Connect,Credit Card,1,68.82535594618624,3028.3156616321944,44,1,48.0,0,3
6cab0d0a-8db3-46db-aa5a-ee12d0bdb82d,Male,43,,0,1,Month-to-Month,Basic Connect,Credit Card,0,42.48658675188465,107358968.14117526,48,2,36.0,0,3
dc5f5cb5-608a-4caf-8f53-47bf0b100213,Female,71,Urban,1,1,Month-to-Month,Basic Connect,Bank Transfer,1,20.0,28433767.21136349,44,0,25.0,0,3
7173fede-890f-4022-bb6a-a2fcf3251b56,Female,70,Suburban,0,0,Month-to-Month,Basic Connect,Bank Transfer,1,20.490930789159208,35908802.269290045,48,3,20.0,1,3
d8108134-947d-46e1-9d70-0d7a4bffdc2a,Male,80,Urban,1,0,One Year,Premium Connect,Credit Card,1,92.6677122341583,146016034.03334573,54,2,64.0,0,1
8dd1883b-539d-4e8d-a6f5-595e6a34a3c7,,36,,0,0,One Year,Basic Connect,Bank Transfer,1,34.14234358185627,71049265.98101397,39,3,31.0,0,3
ba886849-b94b-4694-b445-10fd4fad3022,Female,22,Suburban,1,1,Month-to-Month,Premium Connect,Digital Wallet,0,84.23871943357939,158344227.357937,66,3,98.0,0,0
1f59e6d1-d797-46af-8b7b-94010a7565ae,Female,27,Urban,1,0,Month-to-Month,Standard Connect,Bank Transfer,1,88.29568514075568,171107887.28305188,39,1,81.0,0,3
15d5ad25-ac6c-48ad-a8cd-6e5f1a7f3cd6,Male,18,Suburban,1,0,Two Year,Standard Connect,Mailed Check,0,69.50305255497682,187412143.7388281,35,1,102.0,0,3
170b784f-b1a1-4338-9bd9-c3237d48a2b9,Male,43,Urban,0,0,Month-to-Month,Basic Connect,Credit Card,1,46.42141808099939,110110451.86738074,40,3,74.0,0,3
094a5c2d-d5a1-424e-8db9-059cddb6cd59,,66,Suburb,0,0,One Year,Basic Connect,Mailed Check,1,57.9797381032372,103009969.34890224,34,1,91.0,0,3
07d89f84-d5e8-4c4e-83d6-b90d2bbf2f8a,Male,59,Suburban,0,0,Month-to-Month,Standard Connect,Bank Transfer,1,56.932554802773296,3017.4254045469847,53,2,80.0,0,0
8954a692-2971-4d55-b20e-9c28b1f88168,Female,71,Rural,0,1,Month-to-Month,Basic Connect,Credit Card,0,20.0,40279723.83026478,59,1,34.0,0,0
e7759137-63bb-4fab-b3dd-096fe1a42eea,Female,46,Urban,0,0,Month-to-Month,Standard Connect,Credit Card,0,64.08552025648723,2627.5063305159765,41,1,73.0,0,3
6477684f-b270-47d9-9f61-fe289f72f2b1,Male,67,Urban,0,0,One Year,Premium Connect,,1,61.53990399847197,93789532.2908721,57,1,38.0,0,0
1aff249e-5d50-49f3-b778-acb3b0059d86,Male,30,Rural,0,0,One Year,Premium Connect,Credit Card,1,83.17329376987192,116583273.63198076,66,1,89.0,0,0
acb06613-47bb-4d3d-8981-0622c678043c,Male,38,Suburban,1,1,Month-to-Month,Standard Connect,Credit Card,0,69.73686424355495,191307968.0376036,35,1,47.0,0,3
b73d0bb4-e5d2-4a2b-854d-48108194d6f1,Female,58,Countryside,1,0,One Year,Premium Connect,Credit Card,1,101.50018752734212,156537355.279508,51,1,84.0,0,1
f13f0a4b-ce8d-4e7f-87d9-49c3dfa8f97f,Female,53,Urban,1,0,One Year,Standard Connect,Credit Card,1,49.38142374615997,121674935.31249838,38,4,37.0,0,3
6c1ec93e-e4c7-4aa6-bdac-c5d0a4a7ade1,Prefer not to say,80,Rural,1,0,Month-to-Month,Standard Connect,,0,93.04908843502638,185218450.3944455,39,3,62.0,1,1
918d8928-9acb-4391-888d-a0e882253bfe,Female,46,Urban,1,0,Month-to-Month,Basic Connect,Mailed Check,1,44.83218667181548,73468723.46433692,43,0,66.0,0,3
c3566388-23c2-4b19-9bae-e4647b863141,Female,40,Suburban,0,0,Month-to-Month,Premium Connect,Credit Card,1,96.1055121404304,147726420.25389606,46,1,55.0,0,1
1b200a96-360f-4572-bc05-2a76cb1e4a00,Male,77,Urban,1,1,Month-to-Month,Standard Connect,,0,64.08552025648723,187711347.7629723,37,3,64.0,1,3
27c9abca-fe38-4a17-9a2a-6a928c9a0d8a,Female,72,Urban,0,0,Month-to-Month,Standard Connect,Mailed Check,0,88.19578082441916,213393673.82874808,64,0,64.0,0,1
bc795bd8-9a02-4b2c-b34e-72cd7e15ea01,Female,52,Rural,0,0,Two Year,Standard Connect,Credit Card,1,48.43804443064265,79766820.41419406,34,0,71.0,0,3
082a7cff-088e-44f0-be7c-8f391b37bb95,,63,Rural,0,0,Month-to-Month,Standard Connect,Digital Wallet,1,63.58243785688144,111547844.84837866,44,0,74.0,1,3
f175ba36-e91d-45b2-90a4-32048c0f8668,Male,39,Suburban,0,0,Month-to-Month,Basic Connect,Bank Transfer,1,50.52936474325208,95229210.672269,42,1,64.0,1,3
3c1c08a1-8745-4b75-9bd4-66f9645c6e3b,Male,18,Urban,0,0,Month-to-Month,Standard Connect,Credit Card,0,40.28949990586917,94854664.3938342,63,0,31.0,1,0
8e8276d7-6456-483e-9b58-2d2c6d3c6694,Male,61,Urban,0,0,Month-to-Month,Premium Connect,Credit Card,1,90.548722100489,210466734.60205185,42,2,65.0,0,1
1488415e-5c2b-46b0-a6fa-faf7c3ba9bdb,Male,66,Urban,1,1,Month-to-Month,Premium Connect,Bank Transfer,1,93.69521469964008,230438351.2762767,57,3,56.0,0,1
3b9a994d-a27b-41f0-9a48-b05eef8a7e91,Prefer not to say,79,Suburban,0,0,Month-to-Month,Standard Connect,Bank Transfer,0,66.54349324176322,110525511.40888478,35,4,50.0,0,3
e5d494e4-0e17-46b9-a1f1-d2d525d3189f,Female,33,Urban,0,1,Month-to-Month,Standard Connect,,0,85.55932819784735,192881277.10219648,43,1,105.0,0,1
d9c604fe-d494-439b-a4ee-4cd1c8c51595,Male,60,Suburban,1,0,One Year,Standard Connect,Credit Card,1,63.62584937840264,136081471.50309286,38,2,100.0,0,3
3eb2baa8-de33-4d67-86cc-3306960f8b68,Male,33,Suburban,1,0,One Year,Premium Connect,Digital Wallet,1,102.40674202344071,6554.031489500206,64,1,67.0,0,0
5e31a289-62eb-4546-a076-6b5aeeda2dc2,Female,18,Urban,0,0,Month-to-Month,Basic Connect,Bank Transfer,1,36.12795810511299,76455335.93725072,53,1,30.0,1,3
af21ec4f-0284-4ab3-9dd5-81bb6a20f77a,Male,44,Urban,1,0,Two Year,Basic Connect,Bank Transfer,1,63.36668303935062,147636551.0284462,46,1,44.0,0,3
f4ff98d1-1adf-4d06-9eb5-6784dc1dd4c0,Female,48,Suburban,1,1,Month-to-Month,Premium Connect,Bank Transfer,0,83.33744300054799,221170577.9148784,54,1,127.0,0,1
f537fba4-1da4-4f23-9b9b-4c7d9e140713,Female,84,Rural,0,0,Month-to-Month,Standard Connect,Credit Card,1,64.08552025648723,126873465.24915683,49,0,41.0,0,3
810c54ee-d0af-4ea8-ba6a-71e47767cbe4,Female,74,,1,0,Month-to-Month,Basic Connect,Credit Card,0,41.937831575992725,85109627.54165602,36,2,34.0,0,3
c42256f5-ae5d-4d91-b964-c9e592e75eba,Male,46,Suburban,1,1,Month-to-Month,Basic Connect,Bank Transfer,1,48.985794078919085,88870080.61064583,68,1,71.0,1,0
0d42befe-2622-4333-bf5d-9b419380b248,Female,78,Suburban,0,0,Two Year,Premium Connect,Credit Card,0,74.66655322500635,149582937.94265896,69,2,94.0,0,0
4173871c-d1c7-4ac3-b53e-857353db2a21,Female,64,Urban,1,0,Two Year,Standard Connect,Mailed Check,1,53.86090023349572,2800.7668121417773,52,2,51.0,0,0
1e630df7-6797-4b60-bbb8-68aeb498e814,Male,22,Urban,1,0,Month-to-Month,Basic Connect,Digital Wallet,0,64.08552025648723,62546154.59883379,34,4,45.0,0,3
d22ba321-6a53-429c-a8ef-c7875a3cc2f0,Male,76,Rural,1,0,Two Year,Standard Connect,Credit Card,1,45.09406635863107,88894346.23537627,68,2,32.0,0,0
dc6053d9-4121-485c-80dd-c7770ad7723e,Female,51,Rural,0,0,One Year,Standard Connect,Bank Transfer,1,65.61229040021851,158087498.1375837,43,1,87.0,0,3
f5a073a7-5c55-427b-964b-2bd88b80c341,Female,52,Rural,1,0,One Year,Standard Connect,Credit Card,1,76.96599246682992,219403419.5582944,66,2,94.0,0,1
9400ff6a-a2d3-4724-814a-6924ab000bb3,Female,51,Urban,1,0,One Year,Basic Connect,Bank Transfer,1,53.70457027033557,2201.8873810837586,41,1,40.0,0,3
c73355c2-4f02-4c2f-a063-07a619aa0307,Female,46,Urban,1,1,One Year,Premium Connect,Bank Transfer,0,93.99384867359704,232622337.7657522,62,2,139.0,0,1
d928b5cc-4af1-4f46-9865-d1c4fb8645b2,Female,32,Urban,0,0,One Year,Standard Connect,Bank Transfer,0,92.66680169129708,183013792.7599012,53,3,137.0,0,1
ea24b897-1914-464e-967d-c5afe64a165b,Female,78,Suburban,0,1,Month-to-Month,Basic Connect,,0,48.88582885252741,78924941.14305286,40,3,73.0,0,3
7aa9f2e7-2db9-4cb7-83ac-2ceaf59e0feb,Female,84,Suburban,1,0,Month-to-Month,Standard Connect,Bank Transfer,1,67.54858566213953,109621171.55887854,69,2,57.0,1,0
19a76b35-dc52-4517-9cd9-436368369549,Female,77,Suburban,1,1,Month-to-Month,Basic Connect,Digital Wallet,1,70.2150176140173,169199258.35054445,36,1,73.0,0,3
375dd0d7-086f-4a55-a786-29374ae4a696,Prefer not to say,32,Suburban,1,1,Month-to-Month,Standard Connect,Bank Transfer,1,69.75928533404146,142020942.59739196,62,0,63.0,0,0
acbe1108-b3d7-40ff-a9a9-6650b16f37ed,Male,72,Urban,0,0,Month-to-Month,Basic Connect,Credit Card,1,21.457534189131472,46389024.75607365,66,1,34.0,0,0
52d1f69a-9962-4865-a45e-ccc44a6535d0,Female,79,Urban,0,0,Month-to-Month,Premium Connect,Digital Wallet,1,126.20031383771776,5426.613495021864,43,0,125.0,0,3
964c9034-1e32-43d2-bd63-980dfe4ba83d,Male,51,Urban,0,0,One Year,Basic Connect,Digital Wallet,1,44.2636109336467,90627658.66233784,63,2,32.0,0,0
5c43f4a7-f265-4a71-9582-57ecb9955193,Female,49,,0,1,Month-to-Month,Premium Connect,Credit Card,1,109.52366454639954,233015075.8509529,47,1,141.0,1,1
1173c303-9b44-4553-afe6-ef78ca9c3d38,Male,44,Urban,1,1,Two Year,Standard Connect,Bank Transfer,0,64.08552025648723,111676682.86190596,66,1,56.0,0,0
82af1e54-ce1d-4d5c-a412-1db8631e6c4a,Prefer not to say,27,Rural,0,1,Month-to-Month,Premium Connect,Mailed Check,1,117.67250624303844,235884529.3704563,52,3,84.0,0,1
14b3eb50-0461-45c9-878e-4a919549bbaf,Female,38,Urban,0,0,One Year,Standard Connect,Credit Card,1,65.01847846897516,125744761.2550814,50,1,93.0,0,3
b7cbadee-f4bc-44cc-aac0-0cd0080de277,Female,36,Urban,0,0,One Year,Standard Connect,Credit Card,1,50.75612688923238,136058279.5613064,54,1,73.0,0,0
592e9f71-13a8-4769-a91a-7b3af10bee61,Male,51,Urban,1,0,Month-to-Month,Basic Connect,,0,64.08552025648723,74005926.40614057,38,2,31.0,0,3
2ef125ea-6980-4843-a0c7-607466e5f3f8,Male,77,Urban,1,0,Month-to-Month,Standard Connect,Bank Transfer,1,77.30749152196398,129918804.76899038,53,1,64.0,0,0
3d17c4bc-ba54-4d13-9161-3f01da1548e3,Male,70,Urban,1,0,Month-to-Month,Premium Connect,,0,109.51963260427156,223186811.718281,40,1,150.0,1,1
806e53dc-e735-4b94-b0b4-99b346fa627f,Female,61,,0,0,Month-to-Month,Standard Connect,Digital Wallet,1,88.00032158123426,137375243.60340086,58,1,53.0,1,0
becf8798-7012-4c9c-af18-7d75066c2500,Male,54,Urban,0,0,Two Year,Standard Connect,Credit Card,1,61.12133232497873,166051654.29796392,39,3,86.0,0,3
843ea447-8927-4f07-a4aa-f4a3478624d1,Female,84,Urban,1,0,Month-to-Month,Premium Connect,Bank Transfer,1,98.2100994589668,246145251.0039787,50,3,149.0,0,1
fb3b8c56-47ce-4353-975b-3bbceb89be76,Female,28,Urban,0,1,Two Year,Standard Connect,,1,42.11651413599327,100884424.40286706,67,1,62.0,0,0
2951a449-9a11-472c-b070-434d23ce6ff7,Female,20,Suburban,0,0,Month-to-Month,Premium Connect,Bank Transfer,1,91.79135784254906,278863944.5510758,63,1,64.0,0,1
511cd960-82bc-49c5-bedd-19506972826e,Male,80,Urban,0,0,Two Year,Premium Connect,Credit Card,1,88.27847345626651,229562494.9200044,50,3,52.0,0,1
37e82d46-4296-417c-a2dc-99ac072cf63c,Female,38,Urban,1,0,Month-to-Month,Premium Connect,Bank Transfer,0,109.30130245565655,304939194.9485166,55,2,138.0,1,1
140fd1c7-cc57-4af4-ac55-e815c6b566b9,Female,36,Suburban,1,0,Month-to-Month,Standard Connect,Credit Card,0,46.00494565868283,112845385.32554284,58,5,54.0,0,0
4b7eff47-4bd1-4a1e-8474-fb764827cbad,Female,45,Suburban,1,0,Month-to-Month,Standard Connect,,1,97.02332064478152,6403.53916255558,66,1,135.0,0,0
80a6c6d3-ce61-4fb6-868f-8b3fe5d1c829,Female,57,Rural,1,0,Month-to-Month,Standard Connect,Bank Transfer,1,53.69536133109193,91772237.95016064,37,0,36.0,0,3
cbf591b3-05d6-4133-92b6-7deb58c5a2d3,Female,33,Urban,1,1,One Year,Basic Connect,Bank Transfer,1,22.8742051425504,49715233.77516165,35,3,27.0,1,3
db64e134-82b9-43e0-becc-0a25fc802306,Female,28,Urban,0,0,Month-to-Month,Premium Connect,Digital Wallet,1,74.65284130239112,179338143.74411792,53,1,59.0,0,1
ad412277-dcbd-47be-997f-1f1d9b1a64a7,Male,47,Suburban,0,1,Two Year,Premium Connect,Bank Transfer,1,88.35400263081736,174000061.21086162,42,1,64.0,0,1
55f4fe2a-df8c-4aad-bc01-a7a177eed370,Female,74,Urban,0,0,Two Year,Standard Connect,Credit Card,1,68.66336111539722,166447603.8911413,63,1,82.0,0,0
bf514916-6eb5-44f9-b2aa-a5f047986632,Female,73,Suburban,0,0,One Year,Basic Connect,Bank Transfer,0,54.11912724568934,136914097.57633024,53,1,52.0,0,0
50992428-a5c3-4e08-b47e-1e3fe59aa57a,Male,64,Rural,1,1,Month-to-Month,Basic Connect,Digital Wallet,1,22.20729640763208,69114983.37131707,39,2,27.0,0,3
4e0458bd-b01c-4d3c-bad2-77bc813ae2db,Male,84,Suburban,0,1,Month-to-Month,Standard Connect,Credit Card,1,58.49662588486583,147665742.7114765,52,0,74.0,0,0
3426b337-b3b8-449e-9a07-e0110977ca87,Female,65,Urban,0,0,Two Year,Premium Connect,Digital Wallet,1,131.88558049050874,291679861.46328133,60,1,201.0,0,1
dc53b107-1f52-4da4-aa2b-c164b79eb61b,Male,19,Urban,0,1,Month-to-Month,Basic Connect,,0,49.47514531225662,3364.30988123345,68,0,78.0,0,0
3f6afaae-1de8-435e-8f01-607a2276a91d,Female,74,Rural,0,1,One Year,Basic Connect,,0,37.546525928222295,63208143.54272868,55,2,31.0,0,0
c73bf6eb-3bc0-44ef-a47a-85eab4bd5f2f,Prefer not to say,30,Urban,0,0,Month-to-Month,Basic Connect,,1,64.08552025648723,40938731.76586623,66,1,24.0,1,0
a91fa110-537e-4e81-9528-33a6ba2ad3b2,Female,69,Urban,0,1,One Year,Standard Connect,Credit Card,1,62.34248939077714,141193119.6699591,34,1,68.0,0,3
65aa4c3d-993b-443f-9f52-f5a24d965230,,44,Suburban,1,0,Month-to-Month,Standard Connect,Bank Transfer,1,57.899661655304186,134237069.5930982,50,0,78.0,1,3
bbffc438-5cd0-4425-80a5-395a28d5a4b9,Male,48,Urban,1,1,Two Year,Basic Connect,Credit Card,0,38.22798868296548,64973686.80272885,46,1,32.0,0,3
4cdee928-ac62-4c07-8b57-dedaa6587251,Male,44,Urban,0,0,One Year,Premium Connect,Bank Transfer,1,106.33108217599651,189283826.56019127,46,0,156.0,0,1
9ac87369-f8ff-4fde-8ac7-9e169fecae42,Male,61,Urban,1,0,One Year,Premium Connect,Bank Transfer,1,115.29755057406214,307914851.1439679,45,0,86.0,0,1
a9dd35db-e056-41b0-8d27-414de0d8adeb,Male,84,Rural,0,0,Month-to-Month,Premium Connect,Mailed Check,1,64.08552025648723,219565196.93960404,66,0,136.0,0,1
aa8244e5-bcd7-4834-b77f-d2a35f48df0f,Male,67,Suburban,0,0,Month-to-Month,Standard Connect,Mailed Check,1,77.06047645669359,191007342.63950047,64,0,103.0,0,1
1553b5d1-1070-4e4f-b74b-12813599b500,Male,38,Suburban,0,1,Month-to-Month,Basic Connect,Digital Wallet,0,48.65542556875216,102294712.85510004,38,2,52.0,0,3
337ec2c3-8a4c-4124-8558-d9e149489445,Female,61,Urban,1,0,Two Year,Standard Connect,Bank Transfer,0,71.25861872521848,118431500.43551654,65,2,84.0,0,0
e606dcee-f63d-4d40-8d76-b4cb1b40842b,Female,27,Urban,0,0,Month-to-Month,Premium Connect,Digital Wallet,1,103.2086916623736,202174687.1801985,34,1,139.0,0,1
d1ea94a4-98ef-40e3-a6f3-c5f3dda3152d,,80,Urban,0,0,Two Year,Standard Connect,Credit Card,0,52.82952023753765,96845461.76063834,41,0,37.0,0,3
fbc28765-d244-4b3e-abbd-ac97804ae466,Male,58,Rural,0,1,Month-to-Month,Premium Connect,Credit Card,0,109.39927152272678,178369085.9370533,62,2,111.0,1,1
843ab125-a800-4fb1-b5b8-fd7d7418e65c,Male,70,Rural,1,1,Month-to-Month,Standard Connect,,0,104.7575492870917,174268889.3338277,55,3,108.0,0,1
314392c9-099c-41ca-9317-7234a0372d4c,Male,84,Rural,1,0,One Year,Basic Connect,Bank Transfer,1,67.56510739883399,202310280.77000389,55,3,64.0,0,1
46f4dbfe-1b3b-4b0d-9e5d-300cc6e980c9,Female,50,Suburban,1,0,Two Year,Basic Connect,Credit Card,1,44.94429029600527,120455476.45969552,60,6,30.0,0,0
b84a354c-533c-4c2e-83c7-4b4fd04b6245,Female,80,Suburban,1,0,One Year,Basic Connect,Digital Wallet,0,43.64540171168477,82333930.85420114,36,0,50.0,0,3
02b3211c-de28-4296-a5ee-0cd9d1339a2b,Female,70,,0,0,One Year,Basic Connect,Digital Wallet,0,43.29957496655184,2857.771947792421,66,2,27.0,0,0
a894ee86-0f27-4a9d-874c-3cf6a111a1d6,Male,52,Urban,1,1,One Year,Basic Connect,Credit Card,0,40.59280568712157,1664.3050331719844,41,1,39.0,0,3
afaeeb54-0094-4d63-879e-cbe6eb1cf2ec,Female,82,Suburban,0,0,Month-to-Month,Standard Connect,Credit Card,1,84.86546199006717,213658832.8825473,49,1,110.0,0,1
598b9955-dc14-4af5-ae28-6f785d2654d6,,48,Urban,0,0,One Year,Standard Connect,,1,74.39622206292763,207057487.3984397,50,2,58.0,0,1
c0fc4052-3b01-4abf-9a30-d638a80f765e,Female,68,Urban,0,0,Month-to-Month,Premium Connect,Digital Wallet,1,116.60373667857264,272916477.89387685,41,1,64.0,0,1
498fd2e5-1b6a-482a-bad5-aa4a044c6475,Female,63,Rural,0,0,One Year,Basic Connect,Digital Wallet,0,29.280485894731232,68093486.4831448,63,1,48.0,0,0
66da5ec7-72af-4920-a5ba-48345f14db63,Male,33,Urban,0,1,Month-to-Month,Basic Connect,Credit Card,1,35.10509300339162,85948667.34652749,36,0,57.0,0,3
c2981ac7-f109-4b79-b8f1-c57998a2d563,Female,62,Suburban,1,1,One Year,Standard Connect,Mailed Check,0,70.1443708711248,146157403.124376,63,2,91.0,0,0
ca15e498-3502-41c1-a7e7-a4ab236ed902,Male,61,Urban,0,0,Month-to-Month,Basic Connect,Bank Transfer,0,31.18935672706451,56145598.07571207,53,2,40.0,0,0
bbd6551a-9b42-49dc-896a-9d2942c94a4a,Female,46,Urban,0,0,Month-to-Month,Basic Connect,Bank Transfer,0,20.29672689037396,58235454.11377757,40,0,26.0,0,3
458cb0b3-0bf1-43c5-a029-3278a42cd9f0,Male,35,Urban,1,1,Month-to-Month,Basic Connect,Credit Card,1,64.08552025648723,102442573.82322116,53,4,32.0,0,0
2ebdc51a-2965-4069-8e94-5f6839858b47,Female,67,Urban,1,0,Month-to-Month,Basic Connect,Bank Transfer,1,20.0,50313847.934898175,41,3,25.0,0,3
c80fd79a-6291-4707-bc44-ecb0431febf9,Male,81,Suburban,0,1,One Year,Standard Connect,Bank Transfer,1,70.37526241240502,118171409.67736591,52,1,72.0,0,0
85388f95-61c9-475e-9988-43546b5be39b,Female,20,Urban,0,1,Month-to-Month,Premium Connect,Mailed Check,0,82.02288410904666,150966363.02384305,65,1,64.0,0,0
c54d6b3b-f51f-4298-a485-971228ed25f9,Female,65,Urban,0,0,Month-to-Month,Basic Connect,Credit Card,0,46.29367036403838,111811332.27626789,58,3,62.0,0,0
9f8002e4-bd9e-48b4-ab4f-d22c4519a72e,Female,76,Urban,0,1,Month-to-Month,Standard Connect,Credit Card,1,64.24937882685319,94179906.4591466,47,2,89.0,0,3
27cf9528-a98a-45ba-a597-7f69268b3332,Female,51,Urban,0,0,One Year,Basic Connect,Digital Wallet,1,20.575728220630893,57225746.18122498,58,3,17.0,0,0
2936df47-f2f9-42f9-a521-6055181700d0,Female,50,Rural,0,1,Month-to-Month,Basic Connect,Digital Wallet,1,21.12481912305609,866.1175840452996,41,1,26.0,0,3
44d67fcd-118d-452a-9a0e-97ad5201ac9e,Male,55,Urban,0,0,Month-to-Month,Basic Connect,Digital Wallet,1,32.41868019251234,89857502.19106859,41,4,64.0,0,3
dcf03d87-09e9-4d3d-aaf2-7ee3ad67063d,Male,40,Urban,0,0,Month-to-Month,Standard Connect,Digital Wallet,1,92.79807407878668,247069951.09160268,61,0,114.0,1,1
4406fd94-3436-4087-a892-cfc83483f587,Male,44,Urban,1,0,One Year,Standard Connect,Credit Card,1,62.359868347672176,179396150.62710297,45,0,63.0,0,3
3b72a038-ef27-4096-9c8a-2f98a9a6a6cb,Female,38,Urban,0,1,One Year,Premium Connect,,1,81.04758637900102,132402263.96278912,41,1,93.0,0,3
1c0be64a-7013-461d-85c8-66a52fccd474,,78,Suburban,0,1,Month-to-Month,Basic Connect,Digital Wallet,0,36.7498052712481,81596355.8120291,53,1,34.0,0,0
7541b5f8-2872-41cf-939b-d48dca662565,Female,46,Urban,1,1,Two Year,Basic Connect,Bank Transfer,0,40.580578628668576,116646648.48184404,45,1,64.0,0,3
beacda6e-16fa-4dba-b847-f932a92d8efb,Female,56,Suburban,1,0,Month-to-Month,Standard Connect,Bank Transfer,1,55.89983795570584,121334166.5659785,48,3,50.0,0,3
f624e80e-08eb-4cd1-9994-9eeea43a0d1e,Prefer not to say,65,Suburban,0,0,Month-to-Month,Premium Connect,Bank Transfer,1,110.79556160605252,5872.164765120783,53,2,109.0,0,0
5a0f566c-20dc-4e1d-a249-af72e97e6761,Male,29,Urban,0,1,Month-to-Month,Premium Connect,Digital Wallet,1,107.68737947592096,287591186.2094374,60,1,111.0,0,1
b52b4eb2-dcb4-4dc0-bcb6-de410e93b9a1,Male,66,Suburban,0,0,Two Year,Standard Connect,Bank Transfer,1,85.87667657811109,142421961.12534565,49,1,123.0,0,1
2812ddad-7da3-45f2-ba31-de04088aad5f,Female,75,Suburban,1,0,Two Year,Basic Connect,Credit Card,0,35.41896119239314,77074857.92096202,34,1,29.0,0,3
0118ca78-5000-4d2d-8c06-f0cfdf772ecb,,51,Urban,0,1,One Year,Basic Connect,Credit Card,0,138.96003635628512,8615.522254089678,62,28,459.9035748,0,2
b2e180cd-a556-464a-9e07-77fcaeb023fb,Male,47,Urban,1,0,Month-to-Month,Basic Connect,Credit Card,0,57.91241419925897,95867389.73074162,45,1,71.0,0,3
ce744d6b-3b21-4656-9c13-146235c4d086,Male,29,Urban,0,0,Month-to-Month,Standard Connect,Credit Card,1,105.61551491507018,5492.006775583649,52,1,138.0,0,0
6250b221-391f-4f95-85f9-2270f9763ef1,Male,62,Urban,0,0,Month-to-Month,Premium Connect,Credit Card,1,64.08552025648723,184404895.56373653,43,0,121.0,0,1
fb0a0586-76b0-4107-91a6-8ca8dc178404,Male,53,Urban,0,0,Month-to-Month,Standard Connect,Credit Card,1,91.94993119131291,228212906.29451108,44,1,115.0,1,1
9012c41a-bd65-4afe-97a7-2fb56483e307,Male,78,Urban,0,0,Month-to-Month,Basic Connect,Mailed Check,0,36.225552083027736,74558838.57069968,42,1,47.0,0,3
3cfdf2ad-0312-4c9c-ac10-7575e275316e,Male,76,Urban,0,1,Month-to-Month,Premium Connect,Mailed Check,0,112.85906404896538,308327021.2678205,37,1,154.0,0,1
f5b581a7-45a6-4d72-9a04-43bda3074842,Male,19,Suburban,1,0,Two Year,Basic Connect,Credit Card,1,31.10127351711856,45960242.66720829,44,4,29.0,0,3
f102ca45-3be7-41b8-8cff-35590ee2b4c9,Male,37,Rural,0,0,Month-to-Month,Basic Connect,Credit Card,1,69.38281498796172,140133476.73407868,44,1,79.0,1,3
3ff60634-b60d-493e-9c1d-cb241d8c797a,,34,Suburban,0,1,Month-to-Month,Basic Connect,Digital Wallet,1,23.703438703633733,48047140.51304706,38,2,27.0,0,3
84aa9e2f-1f3c-4896-87b4-5962990cbee2,Prefer not to say,35,Suburban,1,0,Month-to-Month,Premium Connect,Digital Wallet,1,103.61851065205924,260575921.6315744,45,1,75.0,1,1
664446cf-aadc-44f1-8ebc-327cece1b272,Female,25,Urban,1,0,Two Year,Basic Connect,Bank Transfer,1,64.08552025648723,4421.900897697618,69,1,25.0,0,0
0104ee1d-7584-42d3-86fa-3a08fda6d2ed,Male,57,Rural,0,0,One Year,Basic Connect,Credit Card,1,64.08552025648723,66453952.7907799,54,1,39.0,0,0
37e64d32-bdfc-4a9a-a293-a412aeda71bc,Female,31,Suburban,0,0,Month-to-Month,Premium Connect,Bank Transfer,1,96.34574246889945,168289136.23825336,44,0,76.0,1,1
7eec8621-020a-49f1-ac2b-804de97a7f9a,Female,42,Urban,0,0,Two Year,Basic Connect,Digital Wallet,1,64.08552025648723,36245192.148418665,51,1,28.0,0,3
aa160cb0-80d7-4168-b325-21a1e74e7aa7,Female,30,,1,0,Month-to-Month,Basic Connect,Bank Transfer,0,47.69803041694249,128819276.6259786,41,0,64.0,0,3
a5b55461-248f-46f7-ac8a-25b67f46a565,Female,32,Urban,1,1,Month-to-Month,Standard Connect,Bank Transfer,1,53.81428584725909,85760085.00078177,49,2,60.0,1,3
859bb683-cabe-4d28-b457-dc898472440a,Female,37,Suburban,0,1,One Year,Standard Connect,Digital Wallet,0,87.23348046526364,274691876.13441104,62,1,54.0,0,1
e7b9e5a9-3fd5-4a99-abca-07a43653f6bb,Male,27,Rural,0,0,Two Year,Standard Connect,Bank Transfer,1,80.02621994033876,143001380.1250656,43,1,76.0,0,3
68565ce1-e4f9-45a6-85d4-6288efcedb88,Female,27,Urban,1,0,Month-to-Month,Standard Connect,Credit Card,1,46.66259381106951,74589930.8868226,61,2,67.0,1,0
01ad2c8f-13f7-4c3c-8dc3-40f0d8bc0f76,Female,56,Rural,1,1,One Year,Premium Connect,Digital Wallet,1,91.046039034577,138011862.31660625,60,1,52.0,0,0
d4688ea3-5008-4271-89fa-7e1da6f3e37a,Male,79,Rural,0,1,One Year,Basic Connect,Mailed Check,1,20.0,49095853.719034046,56,0,20.0,0,0
37cfe653-6074-428b-9e2e-674413a9b97e,Male,61,Rural,1,0,Month-to-Month,Basic Connect,Mailed Check,1,49.67673125360693,120681649.02057593,52,1,64.0,0,0
3891f177-34d6-4f09-a504-d0e563651460,Male,49,Urban,1,1,Two Year,Basic Connect,Digital Wallet,1,31.92477891688047,82082378.20792101,64,2,64.0,0,0
41a5e590-b471-496d-a634-23304aadccae,Female,41,Urban,1,1,Month-to-Month,Premium Connect,Digital Wallet,1,88.15050788512605,242569186.69436124,49,2,89.0,0,1
af692f71-496a-4cee-a842-19acf90b9a39,Female,61,Urban,1,1,Two Year,Standard Connect,Bank Transfer,1,60.01781346167694,104347302.1444745,67,1,45.0,0,0
920a8995-db2a-4b3e-bcb8-09b506ac954a,Male,32,Urban,1,0,Month-to-Month,Premium Connect,Mailed Check,0,110.36683810547586,329297626.19598174,51,4,147.0,1,1
87e3b1a9-a030-4fa0-bc9b-9e0f8169baa3,Male,25,Suburban,1,0,Month-to-Month,Premium Connect,Digital Wallet,1,119.18111533800496,305965843.79992896,51,0,155.0,0,1
ff43e530-57b5-4c57-a20a-6e143fe6a7ad,Male,32,Suburban,0,0,Month-to-Month,Standard Connect,Bank Transfer,0,74.39541071680726,188326725.9757312,58,3,65.0,0,1
372d4838-4acb-4905-9ed4-f0bfa8947da1,Male,67,Urban,1,0,Two Year,Standard Connect,Credit Card,1,79.65223698662525,224267992.1477672,61,1,103.0,0,1
a5e30877-ac0e-4f60-8ad9-132e79abda94,Male,42,Suburban,0,0,Month-to-Month,Standard Connect,Digital Wallet,0,59.5312690661322,116007919.19936754,50,0,37.0,1,3
d39a860e-1044-41cf-af56-21d0c5e434c5,,23,,1,1,Month-to-Month,Premium Connect,Bank Transfer,1,105.8632175443363,227664435.4228152,56,1,64.0,0,1
9c607f40-2c2e-414e-95b9-8f1d73df573d,Female,38,Urban,1,0,Month-to-Month,Standard Connect,Mailed Check,0,80.43864427284663,141774000.53663364,37,1,106.0,0,3
7cc82c1c-1b1e-4823-87ae-283d1d8d8b17,Female,23,Urban,1,0,Month-to-Month,Basic Connect,,1,34.66989251581393,97431966.8980302,41,3,53.0,0,3
2933e644-8451-4eae-9d95-f915b408202b,Male,54,Suburban,0,0,Two Year,Basic Connect,Credit Card,0,22.074643150676707,49131176.55328445,56,2,27.0,0,0
f5538608-9adc-42f6-bbd2-dd3255083dbb,Male,67,Rural,1,0,Month-to-Month,Basic Connect,Bank Transfer,1,21.66459189563725,58444542.29010788,54,1,32.0,0,0
58b701dc-2762-4182-bf7f-3ff2746345bc,Male,74,Rural,0,1,One Year,Premium Connect,Credit Card,1,103.10503377157052,7011.142296466795,68,2,88.0,0,0
b1466ec3-a6e0-464d-89fc-1c052e6dabd5,Female,36,Urban,0,0,Month-to-Month,Basic Connect,Digital Wallet,0,47.358410100796405,122883368.41410248,52,1,39.0,0,3
86a9ca79-6383-4b19-ba4b-c680335b8a9f,Female,70,Rural,0,0,Month-to-Month,Standard Connect,Credit Card,1,85.31106379711728,265730272.80518952,39,1,62.0,0,1
eff6ddb6-4f48-4c5a-a8ac-b857f7524aa5,Female,49,Suburban,0,0,Month-to-Month,Basic Connect,Mailed Check,1,26.045955260070823,78433402.43341225,64,0,21.0,0,0
fa433b8d-61dd-49a8-afca-fb5e1efcec83,Male,72,Urban,0,1,Month-to-Month,Basic Connect,Bank Transfer,1,43.92211070690608,77576860.48235993,69,2,50.0,0,0
3187d76f-ba3a-43bf-b5d2-24e99dfea4f6,Female,36,,0,0,One Year,Premium Connect,Bank Transfer,1,64.08552025648723,248539295.07344773,59,1,98.0,0,1
f31a80f6-d9e1-4f2b-92fd-6f299a1f9174,Female,64,Rural,0,0,Month-to-Month,Basic Connect,Digital Wallet,1,59.37593119167583,153421828.5969632,43,1,84.0,1,3
dce93fe0-12fc-4de5-83f7-e49ce259e12d,Female,66,Urban,1,0,One Year,Standard Connect,Credit Card,0,102.74060429693664,231023564.40245903,36,1,64.0,0,1
bb9eeba5-9417-4b7e-9007-ad0f6c771677,Non-Binary,27,Urban,0,1,Month-to-Month,Basic Connect,Credit Card,1,31.141531229533776,1058.8120618041485,34,1,35.0,0,3
cc3ca955-fdf2-4f3f-a738-169847e49b8f,,66,Urban,0,0,Month-to-Month,Standard Connect,Bank Transfer,1,69.44636973806536,184775960.245584,44,1,87.0,1,1
ffa22b48-8359-4dac-a04a-a041e9933f1c,Female,28,Urban,0,0,Month-to-Month,Basic Connect,Credit Card,1,56.30217199454507,168312874.98522568,51,0,34.0,0,3
68943278-c9c1-4c08-81af-fc034bb0205f,Prefer not to say,33,,0,1,Month-to-Month,Basic Connect,Bank Transfer,1,65.04270096921405,144671997.2903869,48,2,64.0,0,3
99734aa9-4497-415d-a71b-e3e9e36bc2e6,Female,56,Urban,1,0,Month-to-Month,Basic Connect,Bank Transfer,1,20.0,38984928.01410079,41,0,23.0,0,3
536593cb-62f3-42cf-825e-5c44167a1e3d,Female,47,Suburban,0,1,Two Year,Standard Connect,Bank Transfer,1,77.43051328095973,210041844.4497473,42,0,102.0,0,1
519ed9ba-a909-44e7-b143-01026acc113d,Male,64,Urban,0,0,One Year,Standard Connect,Credit Card,1,66.37633298130646,153538121.3011679,48,2,80.0,0,3
a5169b77-1346-4d54-a6b6-9ae5ac0626fb,Female,36,,0,0,Month-to-Month,Basic Connect,Credit Card,0,51.30634084152592,3488.831177223763,68,3,61.0,0,0
eb9a120c-da98-47a7-87ff-e2e9ff642d90,Female,41,Rural,1,0,Month-to-Month,Basic Connect,Digital Wallet,1,55.38897760991175,171183959.77430606,64,0,70.0,0,0
2edbbdb6-73be-456f-9e96-34a0622b9be5,Male,33,Suburban,0,0,Month-to-Month,Basic Connect,Bank Transfer,1,20.0,880.0,44,1,32.0,0,3
fa5215d5-dfd9-4733-8fa4-a19c3a4007df,Male,68,Suburban,0,1,One Year,Premium Connect,Bank Transfer,0,100.883720374861,5548.604620617355,55,1,63.0,1,0
a88bf418-20c3-4981-be91-4352dcd0cd5e,Male,54,Urban,1,0,Month-to-Month,Premium Connect,Credit Card,0,81.17243785352859,3246.897514141144,40,1,58.0,0,3
6253dae9-23cb-4613-8336-f58f2f039b4e,Female,83,Urban,1,0,Month-to-Month,Premium Connect,Bank Transfer,0,90.51565552350868,229064024.7153501,38,1,93.0,0,1
f38ae3e0-59ed-4c56-9283-a61bb354f953,Female,30,Urban,0,0,Month-to-Month,Basic Connect,Bank Transfer,0,40.96607666913259,106525092.95280266,67,1,51.0,0,0
b4506458-dcb0-4b31-9dd7-1bf047cb964e,Prefer not to say,36,Suburban,1,0,Month-to-Month,Basic Connect,Bank Transfer,1,44.49522602340373,72717798.95772757,69,2,60.0,0,0
fc0f0caf-d94c-4742-9615-2aa68a3b230e,Female,25,Suburban,1,1,Month-to-Month,Standard Connect,Digital Wallet,1,64.08552025648723,173929614.42953286,37,2,78.0,0,3
049241d9-9609-4048-b7d5-028822eb8e59,Female,26,Rural,0,0,Two Year,Standard Connect,Bank Transfer,1,58.13118684477762,125949334.65097123,64,1,45.0,0,0
ffef1ad1-2c53-4a10-b5f5-c38057779645,Male,64,Urban,1,0,Month-to-Month,Standard Connect,Credit Card,1,64.47021492292998,145508825.30575386,52,1,90.0,0,0
32f5c2aa-a771-47d4-92b6-fe552ffc6b56,Female,84,Urban,0,0,Two Year,Standard Connect,Bank Transfer,1,74.83681047536325,150587589.05968976,56,1,59.0,0,0
27710a90-00c3-4809-96f9-2f3a0263e3cf,Female,58,Urban,1,0,Month-to-Month,Standard Connect,Bank Transfer,1,104.90944507607828,6504.385594716854,62,1,160.0,0,0
8b3ee3f1-9ff5-4c17-b569-1031bc6f57bc,Female,65,Rural,1,0,Month-to-Month,Basic Connect,Credit Card,1,20.0,1140.0,57,0,18.0,0,0
afe6b3cd-142a-49b7-ae07-68e31f306cf2,Male,20,Urban,1,1,Month-to-Month,Basic Connect,Bank Transfer,1,67.31004865487401,120313421.22171864,50,3,69.0,0,3
1c0d446e-d891-4395-aeda-effb25b96351,Female,56,Suburban,0,0,Month-to-Month,Premium Connect,Credit Card,1,112.69522546811308,324653992.31771773,44,0,136.0,0,1
3161986a-d8d0-441e-970d-75ba3beb8366,Male,61,Urban,0,1,Month-to-Month,Standard Connect,Bank Transfer,1,64.08552025648723,134760963.8943526,44,1,63.0,0,3
cb5f9acf-55f2-45d6-8408-3a9ea94d893e,,56,Suburban,0,1,Two Year,Basic Connect,Credit Card,0,49.68525455674629,72730504.08273296,52,2,55.0,0,0
0a728017-ccbf-4566-a191-5970fc865947,Male,56,Urban,1,0,Month-to-Month,Premium Connect,Bank Transfer,1,98.10658719855562,199927514.3941303,39,2,101.0,0,1
e58a32e1-5712-4a27-aa1f-ad407d74fb24,Female,19,Urban,0,0,One Year,Basic Connect,Credit Card,1,49.53104023452235,140523305.27195105,52,3,63.0,0,3
3bb6a455-6a95-41fd-a10f-726981b94403,Female,58,Urban,0,1,Month-to-Month,Basic Connect,Mailed Check,0,51.38678618789368,143550730.56575865,66,0,33.0,1,0
46cb21d8-9feb-4948-ac9f-e9e04a5c3ddc,Female,37,Urban,1,0,Month-to-Month,Basic Connect,Credit Card,1,42.11102712410519,101555078.49066356,39,0,37.0,0,3
247c91aa-34d7-4015-97bc-9de37512a670,Male,27,Rural,0,0,One Year,Standard Connect,Mailed Check,1,43.16475290593026,130857212.5176608,68,1,28.0,0,0
ae9e0c1d-651f-4c54-ae06-0b815fe98420,Male,81,Suburban,1,1,Month-to-Month,Premium Connect,Bank Transfer,1,98.54112535648063,5518.303019962916,56,1,70.0,1,0
8902598d-570e-4542-aff5-095d06366b6c,Female,24,Urban,0,1,Two Year,Basic Connect,Bank Transfer,1,59.01147995162949,119100257.61669524,63,0,44.0,0,0
8bc0028f-60f7-4598-a878-2d1522417a2c,Female,36,Suburban,1,0,Month-to-Month,Basic Connect,Bank Transfer,1,33.41174921571455,62964833.01304505,54,2,43.0,1,0
b1f6e3c2-d1ab-4cfd-901d-d796a401e7a3,Prefer not to say,54,Urban,1,1,One Year,Basic Connect,Digital Wallet,1,41.16353802175608,66977377.01352698,40,2,64.0,0,3
3abb2573-0e59-4a92-9aee-66c0a644cde6,Prefer not to say,31,Urban,0,0,Month-to-Month,Premium Connect,Bank Transfer,1,106.83775451970824,172451361.43802094,55,1,77.0,0,1
aea4dfd7-b5f3-4d85-a411-bbacd52e1438,Male,49,Urban,0,1,Month-to-Month,Premium Connect,Credit Card,1,105.773587253402,175693881.5667944,42,1,157.0,1,1
0b0575fb-7f59-4f8b-b5b4-90babb3fdeec,Female,45,Urban,0,0,Month-to-Month,Premium Connect,Digital Wallet,1,64.08552025648723,233248163.2996886,43,3,136.0,1,1
787de10c-172f-45c4-9e87-43d04d8d3545,Female,44,Urban,0,0,Month-to-Month,Premium Connect,Mailed Check,0,114.623097429288,255570760.02307487,53,1,64.0,0,1
03f8c9fd-ea47-4501-863a-810e4398b85c,Female,63,Urban,0,0,Two Year,Basic Connect,Mailed Check,0,31.422953956644047,49917408.79330766,35,5,51.0,1,3
df4b8e65-8ef9-4da4-b0f0-446e2a153dca,Female,40,Suburban,0,1,One Year,Basic Connect,Bank Transfer,1,64.08552025648723,162574744.79455766,60,0,47.0,0,0
9083af78-dcbe-44d9-8304-c0ba9ab598a1,Non-Binary,48,Rural,0,0,Month-to-Month,Premium Connect,Digital Wallet,1,106.73700399151136,200894224.57386848,64,2,127.0,0,1
074999a3-2af7-40c4-a52d-19ca3364b6e6,Female,24,Urban,0,0,Month-to-Month,Premium Connect,Credit Card,1,64.08552025648723,3396.532573593823,53,3,121.0,0,0
f0d6e723-1c07-4e43-979f-fc83123d8c44,Female,75,Rural,0,0,Month-to-Month,Premium Connect,Bank Transfer,0,71.8212315211943,3878.3465021444927,54,1,108.0,0,0
b8eadb8e-2b99-4acb-925d-e477200bfa32,Prefer not to say,27,Rural,1,0,One Year,Basic Connect,Credit Card,0,29.75562236002436,63683566.02500895,69,1,45.0,0,0
fb75dd3b-e1d7-4705-be8a-960d66e8f49b,,83,Suburban,0,0,One Year,Basic Connect,Bank Transfer,1,40.50791661160133,1579.808747852452,39,1,52.0,0,3
2b3fea49-aaa6-4608-8840-a6e7c06f183b,Prefer not to say,50,Urban,1,0,Month-to-Month,Basic Connect,,0,38.46099589728753,115947768.92637873,42,1,32.0,0,3
7e10b22f-d27c-4df7-b945-573744676a04,Female,53,Suburban,0,1,Month-to-Month,Premium Connect,Credit Card,1,92.41797859341808,5545.078715605085,60,1,131.0,1,0
ce86893d-dcdd-4be0-94e8-0ca535ee21da,Male,45,Urban,0,1,Month-to-Month,Premium Connect,Credit Card,0,104.80104220685617,275726146.4031295,52,6,64.0,0,1
a86a3ff1-2e85-45a6-928d-a6fea388c5db,Male,60,Urban,0,0,Month-to-Month,Standard Connect,Credit Card,1,48.57503699056568,2914.502219433941,60,0,64.0,0,0
e4c10f5d-325d-4ecb-8f6e-ededcf1a174d,Female,56,Suburban,0,0,One Year,Basic Connect,Digital Wallet,1,20.0,1040.0,52,0,22.0,0,0
08545daa-7c87-418c-ab71-fccbb383c518,Male,76,Urban,0,0,Month-to-Month,Premium Connect,Bank Transfer,1,95.56842678920422,214859293.38855803,50,2,101.0,1,1
87584788-85ad-44a1-8263-ff8196299786,Male,51,Rural,0,0,Two Year,Basic Connect,Credit Card,1,42.02824521417091,119472736.27905048,38,1,54.0,0,3
95cbe216-e66c-487e-817e-7179ac54c3f4,Female,68,Suburban,0,0,One Year,Basic Connect,Credit Card,1,46.56860778367938,103543779.1361184,48,1,43.0,0,3
470d366e-c1f5-4ea3-9aaa-c1d6fdf7c3f0,Male,37,Suburban,1,1,Month-to-Month,Premium Connect,Digital Wallet,0,83.48621942305125,5176.1456042291775,62,2,49.0,0,0
e84bbdc3-18f3-47cf-abb0-10e9cc9f1f40,Female,47,Suburban,1,0,One Year,Premium Connect,Credit Card,1,96.98910682255722,235528587.5348918,46,0,106.0,0,1
428e1118-8c5e-4e91-8a2f-17e5d739d875,Male,25,,1,0,One Year,Basic Connect,Mailed Check,1,32.2366760506936,63484478.17149623,34,2,64.0,0,3
fee98808-2ddc-4376-bdd8-9d77a99834ed,Female,60,Urban,0,0,One Year,Basic Connect,Digital Wallet,1,47.5881830717902,97070007.26605032,56,2,73.0,1,0
4bcfdeb0-e9d6-4359-8458-71424debcb3a,Male,51,Urban,0,1,Month-to-Month,Standard Connect,Bank Transfer,1,92.9599888425613,188976994.8063829,42,0,113.0,1,1
aa055042-b3c1-49dc-b39c-59570bb5ca90,Male,80,Rural,0,0,Month-to-Month,Basic Connect,Credit Card,1,55.50445595278981,104213765.60438412,36,0,46.0,0,3
d69ea274-66bc-4ae5-93d7-887a2548ca24,Male,21,Rural,1,0,Month-to-Month,Standard Connect,Digital Wallet,1,64.08552025648723,102918990.53706656,34,1,87.0,0,3
109d8990-fe40-43ef-a62e-72bae4376fb8,Prefer not to say,57,Urban,0,0,Month-to-Month,Basic Connect,Credit Card,1,64.08552025648723,97799329.09607832,43,1,24.0,0,3
4aca273a-8c04-4edc-834d-73c19ac10b31,Male,68,Urban,0,0,Two Year,Standard Connect,Bank Transfer,0,73.3120419538894,192146874.7671881,44,0,104.0,0,1
83e87773-9b69-4edb-b60e-dd9a6c319f82,Female,82,Suburban,1,0,One Year,Standard Connect,Bank Transfer,1,85.97189296107248,194613849.501016,69,0,86.0,0,0
46a44c1a-f6b7-4b4d-b998-c6c182f586ce,Female,51,,0,0,One Year,Basic Connect,Bank Transfer,0,20.0,50349139.57633796,38,3,27.0,0,3
dd41416e-aaa5-4ffe-a493-a2fa20d5a403,,51,Urban,0,0,Month-to-Month,Premium Connect,Mailed Check,1,64.08552025648723,199773317.56478983,66,1,119.0,1,0
8167edae-6da6-4f87-9a04-fa92ddbb072f,Male,51,Urban,1,1,One Year,Standard Connect,,1,98.00096393669064,193205476.5123829,36,3,86.0,0,1
0a48f5c4-676f-450e-84af-146ee9e5c33f,Female,75,Rural,0,0,One Year,Standard Connect,Credit Card,1,98.85360540386372,4151.8514269622765,42,1,57.0,0,3
5b01871c-1b4a-4852-9f31-35e6bd81ce30,Male,34,Rural,1,0,Two Year,Basic Connect,Bank Transfer,1,45.49086387979888,141705873.33648866,52,1,56.0,0,3
2e125ae6-9471-4b63-b1b4-9ee849762bec,Male,24,Urban,0,0,Month-to-Month,Premium Connect,Bank Transfer,1,94.14408779766296,253442521.37365225,66,1,90.0,0,1
21ef8bb2-298e-44f5-943f-95f7e24ee33b,Female,66,Urban,0,0,Month-to-Month,Basic Connect,Digital Wallet,1,33.393775613554766,86452913.6212682,34,1,64.0,0,3
2499bfa8-16dd-4d6a-aada-5be985312dc4,Female,30,Suburban,1,1,Month-to-Month,Premium Connect,Bank Transfer,1,97.42771120967282,225865732.57368183,61,4,130.0,1,1
5df0c642-cd47-4940-8955-e42fbe1d63e2,Male,47,Urban,0,0,Month-to-Month,Premium Connect,,0,93.32593796892982,162168124.65983334,63,1,121.0,0,1
c3eb0811-a951-41bd-aa56-1a2beacc3eea,Female,28,Suburban,0,1,One Year,Standard Connect,Bank Transfer,1,61.877657331856966,181418966.77810496,49,0,75.0,0,1
431e7e2c-6a74-4330-bbd3-f0805ebbbda0,Female,18,Rural,1,0,One Year,Standard Connect,Mailed Check,0,99.97480690836436,280750158.64739573,43,1,76.0,0,1
3ef02991-4c88-452a-892e-c577bd082bec,Female,77,Urban,0,0,Month-to-Month,Standard Connect,Digital Wallet,1,67.72524638067684,139778043.44785073,38,1,64.0,0,3
535160e1-6148-41be-a20b-c0850d697335,Female,26,Suburban,1,0,Month-to-Month,Premium Connect,Digital Wallet,0,119.95388596517842,207432631.72293425,55,1,78.0,0,1
5d9742f3-e4dd-4a03-b714-08b3ba9518ae,Male,51,Suburban,1,0,Month-to-Month,Basic Connect,Credit Card,0,48.41580084024011,91540837.18338671,60,2,56.0,0,0
4deaa9cc-087b-446f-bd91-1c1421bfb1e9,Female,44,Suburban,0,0,Month-to-Month,Basic Connect,Credit Card,0,37.55477529910846,1877.7387649554228,50,1,24.0,0,3
cf2cc064-dbb7-4cf8-84ca-ee2678735c3d,Male,54,Urban,1,0,One Year,Standard Connect,Credit Card,0,64.08552025648723,133505547.43221176,62,2,109.0,0,0
22db48c5-73ac-4903-903b-b914a7cc1338,Female,39,Urban,0,0,Two Year,Standard Connect,Digital Wallet,0,50.99305936061623,94315976.1700547,35,2,67.0,0,3
756d6511-6c9b-4c9c-98ef-fcd94de670b1,Female,67,Suburban,0,0,Month-to-Month,Standard Connect,Bank Transfer,1,65.82234961064674,156414475.33292723,54,0,44.0,0,0
2f4fe48b-b18b-44e0-98c2-fe5ccf997578,Female,26,Urban,1,1,Month-to-Month,Standard Connect,Credit Card,1,56.18983122474207,86696049.72596107,35,0,58.0,0,3
8905918b-2171-421d-817e-1cbb00f98684,,54,Rural,1,1,Month-to-Month,Basic Connect,Mailed Check,1,20.0,35972444.43202288,64,2,21.0,0,0
a1e57bf5-e52e-460f-a999-1b43175a09f4,Male,41,Urban,0,0,Month-to-Month,Premium Connect,Credit Card,1,126.36008236644471,305650106.8428332,60,1,181.0,0,1
bc0388bf-b731-497b-a6be-592f6f48ca9a,Male,33,Urban,0,0,Month-to-Month,Standard Connect,,1,64.08552025648723,2307.0787292335403,36,1,46.0,1,3
2f772ce1-d9cb-4da8-bbd4-27c7ce3b09cc,Female,82,Suburban,0,0,Month-to-Month,Standard Connect,Bank Transfer,1,82.55088840685016,184167518.05864432,50,2,81.0,0,1
691ad115-11f0-41ac-aeee-9b7ec9c49da9,Female,49,Urban,0,0,Month-to-Month,Standard Connect,Bank Transfer,0,67.58581642653951,127379056.136387,52,2,61.0,1,0
620e55ac-cc66-44ac-874c-e35b5bb3b0a4,Male,47,Suburban,0,0,Month-to-Month,Basic Connect,Digital Wallet,1,48.87721332894792,109015268.19176637,45,2,59.0,0,3
2903234b-0549-4eed-8937-94169aa9eae4,Male,63,Suburban,1,1,One Year,Premium Connect,Digital Wallet,1,64.08552025648723,247392310.31832653,61,1,69.0,0,1
d22b0f07-f1ec-4cd6-9b7b-402284cc171c,Female,55,Rural,1,0,Two Year,Standard Connect,,0,68.23858759709269,138118338.83507693,38,4,56.0,0,3
7e838151-f673-4b65-aba1-04511de3e8e6,Female,25,Suburban,0,1,Month-to-Month,Premium Connect,Bank Transfer,1,96.1786298481192,153736423.7914928,35,1,145.0,0,3
0e7364e3-c152-4e35-babb-793ef22e5a64,Male,74,,0,1,Month-to-Month,Standard Connect,Credit Card,1,70.85367823805235,183654287.09690744,63,0,56.0,1,0
de974c6b-5765-4ae1-983f-b3d314c3b1d2,Female,25,Suburban,0,0,One Year,Premium Connect,Bank Transfer,1,64.08552025648723,280194236.2414991,38,1,64.0,0,1
9335cb87-381c-40bf-b3e2-a1dba7d44010,Female,26,Suburban,1,0,Month-to-Month,Standard Connect,Bank Transfer,1,64.08552025648723,139329446.38363448,46,2,64.0,1,3
ab6ebcc7-a6d6-4707-b837-374505255db6,Female,40,Suburban,0,0,Two Year,Premium Connect,,1,118.78327892240578,376566963.80137503,58,0,146.0,0,1
c5d1c1a9-7bac-4dcc-8b40-853757c630ec,Male,57,Suburban,0,0,Two Year,Premium Connect,Bank Transfer,1,93.52159621303242,145966771.66088536,39,1,64.0,0,3
a727f6ab-f4b0-44cc-9663-59fc39adb7da,Prefer not to say,58,Urban,0,0,Month-to-Month,Premium Connect,Bank Transfer,1,94.76171533000196,276191771.44496244,48,1,116.0,1,1
be49a3cc-2935-49be-90a1-a140da1996e1,Female,37,Urban,0,0,Month-to-Month,Premium Connect,Digital Wallet,1,81.2253286128037,177263031.31314114,52,1,68.0,0,1
7e6a9691-9ddc-42cd-8bbc-e6672f1c170d,Female,23,Suburban,0,0,Month-to-Month,Standard Connect,Bank Transfer,1,58.21885745496175,140252451.2835346,44,0,62.0,0,3
3f6e4f26-7801-452a-bce0-c54fce354014,Female,60,Suburban,0,1,Month-to-Month,Premium Connect,,1,68.37201259243545,148410852.13399693,63,1,55.0,0,0
d1bc6a51-4676-4129-a95b-28640e21e342,Female,82,Urban,1,0,Two Year,Premium Connect,Bank Transfer,1,124.05655706780024,194735297.08181268,52,4,64.0,0,1
f2a9f0d7-6e8f-4436-a339-9e937151d250,Female,21,Urban,0,1,Two Year,Basic Connect,Credit Card,1,64.08552025648723,102363014.94431256,48,3,83.0,0,3
ecfa9967-6e65-42e4-b666-00a287c5177c,Male,42,Urban,0,0,Month-to-Month,Premium Connect,Credit Card,0,72.48702351909895,2609.5328466875626,36,0,80.0,0,3
c309f9f3-8076-46fb-87d1-2438b4d57f27,Male,63,Urban,0,0,Two Year,Basic Connect,Credit Card,1,64.08552025648723,57927794.72265396,56,0,36.0,0,0
11c88c98-c65e-482b-a230-c57419fc3800,Male,30,Urban,1,1,Month-to-Month,Basic Connect,Credit Card,1,76.43161214635971,108291865.6644968,63,1,80.0,0,0
a3d1d1f2-2b51-47d1-a469-9ae41d7aef09,Male,61,Urban,0,1,Month-to-Month,Premium Connect,Credit Card,0,107.37906104190532,194386983.594796,45,2,111.0,0,1
84294d2b-c4a0-4b35-be5b-01e69e6a3513,Male,83,Urban,0,0,Month-to-Month,Premium Connect,Bank Transfer,0,103.55658790673164,291257694.6452514,64,2,57.0,0,1
26acacbd-0832-4f0f-a84f-d4ae47324993,Male,51,Urban,0,0,One Year,Basic Connect,Credit Card,1,183.87839948411084,71766005.01144564,47,23,1067.022568,0,2
514e5030-1767-4eb5-8ac2-ef687d01ee22,,59,Rural,1,0,Month-to-Month,Basic Connect,Mailed Check,0,26.56410560538472,62924998.64963869,68,1,28.0,0,0
73c5f47d-e3f7-4970-9781-0cae92134f18,Female,59,Suburban,0,0,One Year,Basic Connect,Credit Card,1,20.0,60205770.7757154,66,0,25.0,0,0
d596f7ad-e407-4fdc-9781-4cb2d8b7c015,Male,79,,0,0,Month-to-Month,Standard Connect,Credit Card,1,64.08552025648723,175791965.2770628,48,1,95.0,0,1
8424ac51-823b-421c-a5c3-5acaac68f3af,Non-Binary,27,Rural,0,0,Two Year,Standard Connect,Digital Wallet,1,78.9298601112192,193840378.6670777,38,0,74.0,0,3
984d660a-05cd-4868-bf29-1072b8e71a00,,43,Suburban,0,0,Month-to-Month,Premium Connect,Digital Wallet,1,64.08552025648723,236626883.41030788,37,2,51.0,0,1
0bea3085-a153-4f13-9512-ee421d51edba,Male,45,Urban,0,0,One Year,Standard Connect,Credit Card,0,69.97980925962618,156901388.8053262,44,3,80.0,0,3
50dfbf90-36dc-40c9-b657-a23ad1561dab,,82,Suburban,0,0,Month-to-Month,Standard Connect,Mailed Check,1,76.70818944005816,106229216.32053116,59,1,46.0,0,0
6c780f72-b595-46bb-bcbe-e70b43e9ee9d,Female,29,Urban,0,0,One Year,Basic Connect,Bank Transfer,1,49.40191160468527,136204170.8851272,49,0,53.0,0,3
600d74fa-102b-416d-864b-fd113255c41a,Male,79,Urban,0,0,Month-to-Month,Basic Connect,,1,49.68102300689385,153879891.38806993,36,0,33.0,1,3
d981c656-ff2b-414f-9dc4-6783c52cf768,Male,35,Suburban,0,1,Month-to-Month,Basic Connect,Digital Wallet,1,44.48038926527617,107411407.80265088,43,0,45.0,0,3
a36c8976-4968-4a28-a45f-dc1a24876a76,Female,19,Urban,1,0,Month-to-Month,Premium Connect,Credit Card,1,116.40719332298968,201410986.68882072,44,1,104.0,0,1
d7db4244-916c-4737-9a0a-cf7cef7ccce0,Female,69,Suburban,1,0,Month-to-Month,Premium Connect,Digital Wallet,1,97.24008040773158,257450655.7744701,54,0,57.0,0,1
43dd1677-317b-4162-ac13-7bd212dad172,Female,75,Urban,0,0,Month-to-Month,Premium Connect,Bank Transfer,0,113.51872234871168,237904349.20549488,36,9,96.0,1,1
01823583-8d58-40c3-b306-8e89cccf6d23,Male,71,Urban,0,0,One Year,Basic Connect,,0,62.69581820725839,136405021.2474688,36,1,84.0,0,3
b5b93fca-562d-460a-8b98-f88e3469eeec,Male,61,Urban,1,0,Month-to-Month,Basic Connect,Mailed Check,0,34.79344679313657,62033153.09293981,54,2,64.0,0,0
893d3e5a-25b9-4396-aeb4-9aa948d3c184,Female,48,Urban,0,0,Month-to-Month,Standard Connect,Mailed Check,1,101.34828557083294,255955510.3120716,68,5,97.0,1,1
0f5e8bf3-4ecf-4d25-bcba-0c3d1fedb804,Male,46,Suburban,0,0,One Year,Premium Connect,,1,108.3366121686839,161776274.38856828,62,2,83.0,0,1
9d9108d2-31e4-4a55-ba56-9b5eda65bf0d,Female,21,Suburban,1,0,Month-to-Month,Basic Connect,Mailed Check,1,53.18146579833464,108770435.91049904,57,2,40.0,0,0
06ab5c97-d103-4031-82ed-ae99c27c4e92,Male,67,,0,0,Month-to-Month,Standard Connect,Credit Card,1,64.08552025648723,115616294.44106863,56,0,90.0,0,0
50587f60-1ba0-4fb5-8459-88fe46e3bd14,Non-Binary,34,Rural,1,1,One Year,Basic Connect,,1,44.11826322198071,88260355.55855982,39,0,47.0,0,3
1a460a38-f7f3-4536-98c2-3a028f6a847f,Female,73,Suburban,1,0,Two Year,Basic Connect,Digital Wallet,1,70.69151712649861,106061819.49517056,60,4,80.0,0,0
04c26a8b-355b-4eab-b20e-3c404e7079d7,Female,72,Suburban,1,1,Two Year,Basic Connect,Bank Transfer,1,48.02841006155858,117817704.7989708,61,5,64.0,0,0
58e5b47d-f627-4ac5-b673-c18a7d67ad1f,Female,62,Urban,0,1,One Year,Standard Connect,Credit Card,1,51.21128568868345,86779175.55278486,62,0,54.0,0,0
44a4576b-5790-4838-ba01-7e77cf729c7f,Female,38,Rural,0,1,One Year,Standard Connect,Bank Transfer,1,95.04364198545268,238538050.9117033,41,1,116.0,0,1
adf8d486-bbe4-4872-82de-f0dd67c14264,Female,78,Urban,1,1,One Year,Basic Connect,Digital Wallet,1,69.30165744650785,126712769.43756188,64,1,61.0,0,0
fa59e059-23cc-4a32-b2a0-0d1c655cfe7e,Male,39,Urban,0,0,Month-to-Month,Standard Connect,Bank Transfer,1,66.76207616055072,187417754.48612663,43,0,64.0,1,3
b87c9928-e9ab-4c2a-95aa-459ff989d9db,Male,21,Urban,1,0,Month-to-Month,Standard Connect,Credit Card,1,82.14216272411198,252597411.8758864,56,2,117.0,1,1
57353736-7c34-44e6-9190-cf3a01c89927,Female,74,Urban,1,0,Month-to-Month,Standard Connect,Bank Transfer,0,67.79309266502847,179388822.80218104,69,5,64.0,0,0
c2d4b8b2-b77f-4890-baa9-225be9cd82ed,Male,24,Suburban,1,0,One Year,Standard Connect,Bank Transfer,0,45.60189798225969,1915.2797152549072,42,3,65.0,0,3
cb76bd0e-838c-440f-bc6a-18aa8a29282f,Female,81,Urban,0,0,Month-to-Month,Basic Connect,Credit Card,1,28.002909577326847,61612743.80443012,65,2,33.0,1,0
e3e6fd81-0929-48b6-bbf6-0dd498577167,Male,37,Urban,1,0,Month-to-Month,Standard Connect,Digital Wallet,0,74.01180138581933,160134372.28111023,42,1,109.0,0,3
f715362b-3c60-4591-95fa-4c35587877f7,Male,25,Suburban,1,0,Month-to-Month,Standard Connect,,1,47.30123585029203,124432347.7453562,60,0,59.0,0,0
487f384f-6fbb-49a3-9bc5-667082b958ac,Non-Binary,70,Rural,0,0,One Year,Basic Connect,Bank Transfer,0,42.247044351452494,119068918.88365103,36,1,51.0,0,3
c7625327-4828-4bd6-a19a-4aa9b1c8cdbe,Male,38,Suburban,1,0,Month-to-Month,Premium Connect,Credit Card,1,64.08552025648723,174792193.6289381,39,0,64.0,0,3
7e7fdc2b-dfe8-4eda-875e-168fe65dddba,Male,32,Urban,0,0,Month-to-Month,Premium Connect,Credit Card,1,64.08552025648723,176930964.29914632,54,1,124.0,1,1
09e1e8cf-c5e8-4c62-aa54-7f4a933330f8,Female,33,Suburban,0,0,Month-to-Month,Basic Connect,Mailed Check,0,30.41408440395476,85989235.18433341,58,0,33.0,0,0
60192bfb-3939-481e-9a43-ed450f9eced2,Female,24,Urban,0,0,Month-to-Month,Basic Connect,Credit Card,1,20.0,41864663.32195715,40,3,18.0,1,3
c73ebbbd-5f0b-4e99-88bd-eafa8b6cff2c,Female,78,,0,0,One Year,Basic Connect,Digital Wallet,0,23.470247728039418,51467084.88677997,58,1,38.0,0,0
9f828f62-190a-4709-8e48-23b5d37c7ec6,Female,60,Rural,0,1,One Year,Premium Connect,Bank Transfer,0,95.91722581750282,239638295.32140708,46,2,115.0,0,1
244c4600-1bec-4e4b-8f2b-efabf2acf605,Male,69,Rural,1,1,Month-to-Month,Standard Connect,Credit Card,1,83.80463573949412,4357.841058453694,52,3,121.0,0,0
142c66af-c936-4d0e-9066-ba01a15c2768,Prefer not to say,81,Urban,0,1,One Year,Premium Connect,,0,64.08552025648723,159551968.5801069,50,1,119.0,0,1
00a028ea-2d98-4db2-a63c-9da1cc189317,Female,41,Rural,1,0,One Year,Standard Connect,Credit Card,1,68.8398431663646,123042295.97061436,45,1,81.0,0,3
b3c0ff88-ba3c-4532-a884-e1c56e9d9e10,Male,74,Suburban,1,0,Month-to-Month,Premium Connect,Bank Transfer,1,93.56751876252144,231932168.15005845,55,1,84.0,0,1
618e576c-f611-412c-8e23-06f5d76c3e10,Female,82,Urban,0,0,Month-to-Month,Standard Connect,Bank Transfer,1,53.12688046380916,143431638.80521724,46,0,55.0,0,3
c1fd2a8c-1900-4d86-bd7a-de24b54c2a6f,Male,20,Urban,1,1,Month-to-Month,Premium Connect,Credit Card,0,98.11790426859328,249250842.0765677,40,1,149.0,0,1
80de2370-608e-414f-840a-2ef487b9fbd8,Male,51,Suburban,1,0,Month-to-Month,Standard Connect,Credit Card,1,62.08269536114882,178354838.43490002,62,1,64.0,1,0
c3642743-dd48-44ff-8b2b-a60a1a706fa7,Male,51,Rural,0,0,Month-to-Month,Basic Connect,Digital Wallet,1,64.08552025648723,79529422.09817521,63,1,45.0,0,0
ec6d24aa-afb4-4a08-9a28-6a0ff638478b,Male,35,Rural,1,0,Month-to-Month,Standard Connect,,1,91.07720293574631,160683456.12693596,53,2,94.0,0,1
71eb6398-163d-40fd-b943-079e9aefac0c,Male,21,Urban,0,0,Month-to-Month,Standard Connect,Bank Transfer,1,41.164381390774885,74678558.9154055,34,2,29.0,0,3
bc62e37c-19bb-43ca-ad12-1b6ff1c3dc22,Male,40,Rural,1,0,Month-to-Month,Basic Connect,Digital Wallet,1,42.31827758865862,66542915.1236517,56,1,29.0,0,0
ee72a658-8705-4118-9c11-99473bc70bc9,Male,70,Suburban,0,0,One Year,Basic Connect,Credit Card,0,52.385542406663845,99448050.78361498,52,1,37.0,0,0
0a8eb3b4-d0fc-4638-8340-db4a4d761ec7,Female,78,Urban,1,0,One Year,Standard Connect,Digital Wallet,1,54.45266289503495,102481789.59552088,62,0,57.0,0,0
f86817db-90bb-4848-8471-bd928b3c8ac4,Male,21,Rural,1,0,Month-to-Month,Premium Connect,Bank Transfer,0,75.35802789663279,201605038.25502977,58,0,69.0,0,1
54908118-1709-4443-8898-09eec59b0c3d,Female,36,,0,0,Two Year,Standard Connect,Bank Transfer,1,75.29420503455029,149714480.12893093,49,1,87.0,0,1
75111a54-3021-4f09-a1eb-eeacfd20815d,Female,33,Suburban,1,0,Two Year,Premium Connect,Digital Wallet,0,92.16771698579028,220075956.8427442,56,1,75.0,0,1
2d038b8a-3113-4260-bc13-afe8b631667c,Female,34,,0,0,Month-to-Month,Standard Connect,Mailed Check,1,52.95627742949589,115414777.11205985,41,2,70.0,0,3
3b680d2d-9a4f-481a-910f-afb0a3cfb02a,Male,40,Suburban,0,0,Two Year,Premium Connect,Credit Card,0,100.8103703832346,272912894.2657951,52,3,148.0,0,1
e40c382e-0dc0-41e4-b113-1bd56ab277b5,Female,40,Suburban,0,0,Month-to-Month,Standard Connect,Digital Wallet,0,54.303969550958456,153793451.26127324,62,0,34.0,1,0
2bd44144-1a5d-406a-8067-0b0ae5171547,Male,18,Urban,0,1,Two Year,Standard Connect,Credit Card,1,90.5979585473674,238572238.6479313,57,1,77.0,0,1
ff22517b-d004-443e-b66d-1bf848d4b931,Female,61,Urban,0,1,Two Year,Standard Connect,Digital Wallet,1,74.15505767333427,119096932.12863313,34,2,55.0,0,3
d3d4e4de-4d37-4279-b561-6778d083e2b1,Male,62,Rural,0,0,One Year,Basic Connect,Credit Card,1,67.51868820126059,165283081.23097086,38,0,70.0,0,3
d8cf9eeb-15c9-427b-af66-ff57bc9dc9d5,Female,82,Rural,0,0,Month-to-Month,Basic Connect,Credit Card,1,48.8584624654774,103354593.21001846,60,1,51.0,0,0
aa31b8bf-01aa-444b-afca-6e5004d19265,Prefer not to say,30,Urban,0,0,One Year,Standard Connect,Bank Transfer,1,68.58469077600692,118104696.33838142,53,2,86.0,0,0
9b46996e-ba87-4054-b2d0-6f8e32c399b2,Female,47,Urban,0,1,Month-to-Month,Basic Connect,Bank Transfer,1,42.71182798589869,58692560.86568395,34,1,67.0,0,3
9808cb5a-8f2f-4bd1-a649-3a84e3da077e,Prefer not to say,62,Suburban,0,0,One Year,Standard Connect,,1,83.06140072893784,216238680.4993461,48,2,82.0,0,1
5b68d057-d666-4922-9e4f-1c4694e8a59d,Female,38,Rural,0,0,One Year,Premium Connect,Credit Card,1,93.0370238675054,154736891.9802546,60,1,73.0,0,1
52d41d49-3b5e-4fcf-861f-eb2383fbc133,Male,55,Suburban,1,0,Two Year,Premium Connect,Digital Wallet,1,64.08552025648723,271368631.7327228,55,2,89.0,0,1
da47710a-8a0f-4e09-9f4a-3940cbc66aca,Male,23,Urban,1,0,Month-to-Month,Standard Connect,Credit Card,1,103.83625484199038,180599959.79011983,62,3,64.0,0,1
a24ac059-c8f1-4252-9847-4e3f70fe2cdc,,34,Rural,0,0,Month-to-Month,Basic Connect,,1,39.9402369999152,90167901.98926044,67,0,60.0,0,0
531bb8bc-d41c-463b-8d3d-147a7fdacfc9,,61,Urban,1,0,Two Year,Premium Connect,Mailed Check,0,85.7307886066437,130637184.83711694,60,1,65.0,0,0
8248599a-2e3e-4c39-bc42-b4c2e38822fd,Male,34,Urban,1,1,Month-to-Month,Premium Connect,Credit Card,1,132.94097710997468,205327940.02872005,57,3,116.0,1,1
1da39a12-13d7-405e-be33-7cb6e75262ea,Male,26,Rural,1,0,Month-to-Month,Basic Connect,Credit Card,1,29.887122717089817,80260769.71163413,60,5,36.0,0,0
890b2207-5645-4dfc-ba88-6f05c493e1ec,Female,43,Suburban,0,1,Month-to-Month,Standard Connect,Bank Transfer,1,74.72952070235266,4334.312200736455,58,1,114.0,0,0
0dc370fd-0f64-4f13-8778-693784e6ad3a,,52,Suburban,0,0,Month-to-Month,Standard Connect,Credit Card,0,48.90544710509736,129360777.0548052,34,2,62.0,1,3
0ff4dbc3-f096-4816-a68a-dc66eed9ad8a,Prefer not to say,22,Urban,0,0,Two Year,Standard Connect,Bank Transfer,1,66.37689140570603,119292389.00220072,65,1,48.0,0,0
cf019c54-5c48-4c6c-ab1b-b03b6d5e7dcf,Female,70,Urban,1,0,One Year,Basic Connect,Bank Transfer,1,64.19744359865882,2246.910525953059,35,0,89.0,0,3
eeb8b0f1-649b-49f5-b4b8-5c4a31848735,,20,Suburban,1,0,One Year,Premium Connect,Digital Wallet,0,111.5479060429726,250763108.9237479,58,2,153.0,0,1
5b2757bb-2084-479a-acd2-f6986572b1ff,Female,56,Urban,0,0,Month-to-Month,Basic Connect,Credit Card,1,20.0,45526628.67062141,67,1,28.0,1,0
46ab9dc0-90bc-48f8-bf17-a7f0b969b871,Male,57,Urban,0,0,Two Year,Basic Connect,Bank Transfer,1,45.70708375570885,102104415.07415572,35,1,35.0,0,3
047743f0-079a-4dae-99a4-e6acd501a164,Male,27,Urban,0,0,One Year,Premium Connect,Bank Transfer,0,84.30277842203816,263809551.4728089,62,0,87.0,0,1
561ce6a6-2c18-4043-8bcc-bccbd00af2ae,Male,80,Suburban,1,0,Month-to-Month,Basic Connect,,0,64.08552025648723,89555764.78658947,57,3,24.0,0,0
f8adbf9c-e634-4ba6-bce4-2d3c7d3b1ca8,Female,40,Urban,0,1,One Year,Basic Connect,Bank Transfer,1,64.08552025648723,79012126.84473334,38,2,47.0,0,3
84769653-c6cb-4f30-8a91-bf21c8ea6b52,Male,65,,0,1,One Year,Premium Connect,Digital Wallet,1,92.3516695428876,146083793.70181474,59,1,121.0,0,1
1d43b3a6-12bc-45a6-87a9-54660705029b,,39,Urban,0,0,Month-to-Month,Premium Connect,Credit Card,1,110.7090081112072,235364850.1194729,38,0,139.0,1,1
774ae5e8-9028-49cd-8ce0-013a37876109,Female,73,Rural,1,0,Month-to-Month,Basic Connect,,1,54.74948628503374,99097415.6231031,49,5,40.0,1,3
f99a66eb-ddbf-4427-a7ac-149e9b2a42b0,Female,33,Urban,0,0,One Year,Standard Connect,Bank Transfer,0,34.60894929998943,53668265.66508491,52,1,23.0,0,3
97df8fa5-b94e-4e3c-a377-60c2a3c29454,Female,48,Urban,0,0,One Year,Basic Connect,Bank Transfer,1,58.40907085048232,170248729.00844753,58,1,62.0,1,0
64725607-c94e-40ab-adb4-786c1452bcbf,Male,59,Suburban,1,1,Month-to-Month,Premium Connect,Credit Card,1,88.87176724834633,233268953.31310785,43,2,112.0,1,1
ddddd060-a64d-4fd3-bbff-f8637d55d544,Male,19,Rural,0,0,Month-to-Month,Basic Connect,Bank Transfer,1,29.441949232003285,88918043.67883448,65,2,33.0,1,0
006dddf6-232f-486b-8df4-0d804693bc43,Male,19,Urban,0,0,Month-to-Month,Basic Connect,Credit Card,1,57.35387404115086,162719208.50752372,34,1,54.0,1,3
330e9ae8-56f0-4a92-8c53-f9a219e5fc4a,Female,61,Suburban,1,0,Month-to-Month,Basic Connect,Credit Card,1,55.6416060419165,92759117.50406118,66,1,76.0,0,0
45c2c5c3-23cf-471a-930e-ebf1fd61fdd0,Female,39,Urban,0,1,Two Year,Basic Connect,Mailed Check,1,20.0,1340.0,67,1,15.0,0,0
8a2500f5-0919-48ab-8c9f-093199fae56a,Female,59,Urban,0,0,Month-to-Month,Standard Connect,Bank Transfer,1,69.76049372225856,135422928.77604398,53,2,99.0,0,0
3cc942a0-bef3-413d-a043-2e07e55996d8,Non-Binary,33,Suburban,0,0,Two Year,Basic Connect,Bank Transfer,1,53.2322619517643,3087.471193202329,58,1,66.0,0,0
f744140d-ccf2-4321-9a4c-225a6ea6eee6,Male,24,Suburban,0,1,Two Year,Standard Connect,Mailed Check,1,64.08552025648723,2691.591850772464,42,1,66.0,0,3
cd8e0469-9b46-40cd-84af-d73d9a6833a2,Male,51,Suburban,0,0,Month-to-Month,Standard Connect,,0,48.84437565481386,73014004.4224293,39,1,38.0,0,3
c13d5f20-ec82-4074-848c-6f696b81afee,Male,60,Rural,0,0,Two Year,Premium Connect,,1,96.07097322024524,155546716.7317382,48,2,148.0,0,1
2666d650-2769-4dd0-af06-4da337bc62a8,Male,46,Rural,1,1,Two Year,Premium Connect,Digital Wallet,1,104.28535634518316,246926831.1829164,38,2,92.0,0,1
a95e7b15-77b7-4304-9361-e86849be8207,Female,63,Urban,1,0,One Year,Standard Connect,Bank Transfer,1,63.22036109722738,104091612.73494063,55,1,64.0,0,0
778a9e54-873f-4e03-9ba1-705589947bc8,Male,25,Urban,0,0,Month-to-Month,Basic Connect,Bank Transfer,1,20.0,56004101.42178514,57,1,26.0,0,0
4101916c-e54a-4c6f-8a2e-95ac2d14baa5,Prefer not to say,76,Suburban,0,1,Month-to-Month,Basic Connect,Bank Transfer,1,55.90689348460202,154859001.70793322,41,0,85.0,0,3
8a572fd9-f927-45a2-9dfd-2aaded9ef637,Female,26,Urban,1,1,Month-to-Month,Standard Connect,Digital Wallet,0,84.3687268951239,4893.386159917186,58,1,95.0,1,0
51d749f8-f041-449a-ac56-814685064abc,Male,51,Urban,1,0,Month-to-Month,Standard Connect,Digital Wallet,0,73.16892230523561,159329940.2560301,56,2,100.0,1,1
f9e506e4-7a47-4875-9e69-88e3f8202bf5,Female,25,Urban,1,1,Month-to-Month,Standard Connect,Credit Card,0,83.00021228468664,224583920.36323,57,0,86.0,0,1
649858f1-668b-42b1-bc62-ae855ace7c45,Male,65,Urban,1,0,One Year,Premium Connect,Mailed Check,1,110.89539951045988,288237872.2150362,43,1,62.0,0,1
abbe76c5-4f49-4524-8153-6725f1d0dbbe,Female,65,Urban,0,1,Month-to-Month,Basic Connect,,0,43.08015427148675,140424535.5060115,50,1,46.0,0,3
649ee56a-306d-4d90-9b61-d4b8398e2211,Male,78,Urban,0,0,Month-to-Month,Standard Connect,Digital Wallet,1,64.08552025648723,158781680.52503738,35,2,70.0,0,3
8fb57f7d-47f3-415c-b399-8fdf21d33c5d,Female,51,,0,0,One Year,Basic Connect,Credit Card,0,35.4768163772749,1490.0262878455458,42,4,25.0,0,3
caa20ac7-e2cc-433a-bed0-9299da497f3b,,36,Urban,0,0,One Year,Basic Connect,,1,20.0,34983704.112603925,45,1,31.0,0,3
c39d403b-f8e0-46c4-915a-991a613125cb,Female,21,Suburban,1,0,Month-to-Month,Standard Connect,Mailed Check,1,100.3412437289226,241781693.3921809,53,4,75.0,1,1
2e391197-15a0-4e18-b1ba-a0342c120e51,Female,81,Urban,0,1,One Year,Basic Connect,Credit Card,1,44.13924153557283,92573631.47453846,67,4,42.0,0,0
aa1b559d-12da-4254-ad6b-afc8821c66da,Female,25,Rural,1,0,One Year,Basic Connect,Bank Transfer,1,38.40805720659269,74120492.89638054,68,0,58.0,0,0
157682bb-bb63-42b3-85f1-b2b83714ce96,Male,42,Suburban,0,0,Month-to-Month,Basic Connect,Credit Card,1,22.775579752828992,61898656.22729424,45,1,26.0,0,3
c4ee5a6b-29ad-45c7-8520-fef110b8609b,Male,65,Suburban,0,0,One Year,Basic Connect,Bank Transfer,1,27.87838410359105,53791441.57107648,45,1,39.0,0,3
e0f7149b-b52b-4eb5-a41c-44aa93be3319,Male,83,Suburban,0,0,Two Year,Basic Connect,Credit Card,0,23.39210608211122,74120400.31417242,56,1,22.0,0,0
689f8865-0dd3-4a81-b636-14bf3c219b72,Female,22,Urban,0,0,Month-to-Month,Standard Connect,Credit Card,1,75.29735791523895,117417276.84065828,41,1,73.0,0,3
6e30aba2-f2d0-4a0c-b25f-40342ab7fd01,Male,55,Rural,1,1,Month-to-Month,Standard Connect,Credit Card,1,71.91324156228332,144998176.01364166,42,2,71.0,0,3
d55a922a-82b2-4ae3-bf36-90f1359db08c,,35,Suburban,1,1,Month-to-Month,Basic Connect,Bank Transfer,1,64.08552025648723,82269684.10816714,57,2,36.0,0,0
3f80af73-9fca-42bf-b72d-d7d7c6bd4315,Female,78,Urban,1,0,One Year,Standard Connect,Credit Card,0,46.42956807326995,92846697.27343065,61,2,59.0,0,0
17be783c-f953-49aa-ad2c-3459f71dbcb8,Male,56,Suburban,0,1,One Year,Premium Connect,Credit Card,1,110.6888515421343,277329978.48921573,57,3,62.0,0,1
8300bb0b-0b9b-4cba-870c-ecc77764f1ab,Female,62,Urban,0,1,Month-to-Month,Basic Connect,Mailed Check,1,36.25873203934357,58809573.19725512,36,1,39.0,0,3
8e5a61d4-5641-4118-97a7-07f2a0cf74c2,Female,25,Urban,0,0,Month-to-Month,Standard Connect,Bank Transfer,1,67.15077274805405,95075459.9329124,65,0,83.0,0,0
34803811-ce30-44dd-877e-2f0b8f7705ac,Male,51,Urban,0,0,Month-to-Month,Standard Connect,Bank Transfer,1,73.54743354184654,214928170.3238704,41,0,52.0,0,1
4b89046a-9cfc-46b7-a53c-2eeff5daed91,Female,63,Urban,1,0,Month-to-Month,Standard Connect,Mailed Check,1,53.64996845958839,85198622.85504921,36,2,32.0,0,3
f6b51b2b-70a5-4e11-9737-8ee8a5cd7eee,Female,57,Rural,0,0,Month-to-Month,Standard Connect,Bank Transfer,1,62.47206961929244,165243740.4530143,50,1,87.0,0,1
3b0de3fe-cc06-477c-9613-bdf8090823c5,Male,82,Rural,0,0,Month-to-Month,Standard Connect,Bank Transfer,1,53.92729120366592,117842198.00670332,54,2,70.0,0,0
f073a19e-d78c-45cf-ac1b-646a3288764c,Male,48,Rural,1,0,Month-to-Month,Basic Connect,Credit Card,1,20.0,43681697.68396936,45,1,18.0,0,3
55cc1470-346a-459f-a6d6-eeff4fb014c0,Female,48,Rural,1,0,One Year,Standard Connect,Credit Card,0,90.64107829238132,4260.130679741922,47,2,91.0,0,3
19520e92-5b35-4af5-b79e-af408cc28f51,Female,62,Urban,0,0,Two Year,Premium Connect,,1,102.2974967469908,171627124.10582772,49,2,64.0,0,1
3f088707-fa37-4733-9287-8cc9b843a11a,Female,41,Urban,0,0,Month-to-Month,Standard Connect,Bank Transfer,0,64.08552025648723,207859748.25884703,60,1,105.0,0,1
880f9976-fc7c-403c-993f-a6bd8502fe48,Female,29,Suburban,0,0,Two Year,Basic Connect,,0,40.45404476155207,89156166.51540051,64,2,51.0,0,0
12b1a4ad-3e04-4c8c-b0ac-1a04558d665c,Male,41,Urban,1,1,Month-to-Month,Standard Connect,Digital Wallet,0,64.08552025648723,3268.361533080849,51,0,62.0,0,3
528e4efe-4e8f-4903-96ff-fa7032a53e46,Female,67,Suburban,0,0,Month-to-Month,Basic Connect,Credit Card,1,24.15124075977563,50633720.66879309,56,1,17.0,1,0
3c8fe2d3-06d9-4a13-8961-0e50bfb2d3be,Female,75,Suburban,0,0,Month-to-Month,Basic Connect,Bank Transfer,0,38.04759783346182,83415704.63664722,56,3,46.0,0,0
c84cfd2c-7d6c-4daf-92c4-fbc0e0548b63,Female,42,Suburban,0,1,Month-to-Month,Premium Connect,Credit Card,1,87.91949736539624,247312022.441542,50,0,125.0,0,1
33d3d574-c930-4a8e-812f-4b909112335c,Prefer not to say,21,Suburban,0,0,Month-to-Month,Standard Connect,Credit Card,1,62.09766730360256,167947944.57000196,39,1,69.0,0,3
483e917a-e673-431b-baf8-f6b75fbede9e,Male,66,Rural,0,0,Two Year,Standard Connect,Credit Card,1,39.03411601642453,63666234.7042624,66,5,37.0,0,0
18942391-ca8e-4399-b954-318becd8f3cb,Male,51,Rural,0,0,Month-to-Month,Standard Connect,Bank Transfer,0,274.6113662396696,195925512.4212301,69,25,495.701618,0,2
b8cae9d3-b69c-4c5a-a39c-b5b6b8eb94d9,Female,22,Suburban,1,1,One Year,Standard Connect,Credit Card,1,84.93362132939605,143337007.5597026,54,0,89.0,0,1
d6398934-9d9a-4143-8f0b-58adf1d462dc,Female,62,Urban,0,1,Month-to-Month,Basic Connect,Digital Wallet,0,28.902715832047363,52442151.46623286,35,2,39.0,0,3
8f17164d-603a-423e-bb4c-90b35a573d98,Male,33,Urban,1,0,One Year,Premium Connect,Credit Card,0,69.46842386866878,196893863.1727509,49,3,40.0,0,1
ca8354de-c282-4fe9-94fc-38bf678f2b74,Female,69,Urban,0,0,Month-to-Month,Premium Connect,Bank Transfer,1,64.08552025648723,274787807.5171254,50,2,65.0,0,1
7b717f00-5978-436d-846c-8cc6aa11b38c,Male,53,Urban,1,0,Month-to-Month,Standard Connect,Credit Card,1,83.00617720143195,5644.420049697373,68,1,67.0,1,0
ae1a4d09-15b0-4f4a-b2c7-07d3d000ae58,Male,46,,0,0,One Year,Premium Connect,Bank Transfer,1,106.22750741704876,196557149.7314877,40,4,147.0,1,1
aaa3a6ad-34a3-40f2-a42e-83277e930059,Male,20,Urban,0,0,Month-to-Month,Standard Connect,Bank Transfer,0,70.12265297146122,199561763.42009383,53,0,94.0,0,1
21c05e92-9e40-44b8-a81d-504603e7e8f4,Female,38,Suburban,0,0,Month-to-Month,Standard Connect,Credit Card,1,85.59394313134294,218147954.41856173,35,1,121.0,0,1
d5ea0328-2857-4828-b10e-4ba356b11f0d,Male,51,Rural,0,0,Month-to-Month,Basic Connect,Mailed Check,1,39.34175273112778,84056181.9906355,38,2,56.0,0,3
2fc49bcc-56e2-4133-a241-ec6a8769f9a3,Male,79,Urban,0,0,Month-to-Month,Basic Connect,,0,49.81121302653322,102503181.62189952,65,1,64.0,0,0
14d1a1fa-434b-4a8f-976a-fc6dab4dd275,Female,28,Rural,0,0,Two Year,Premium Connect,Digital Wallet,0,91.95187343575144,225408000.7670141,40,1,69.0,0,1
788a2595-d036-4d5e-a73e-480114da2c0b,Female,42,Suburban,1,0,Month-to-Month,Basic Connect,Credit Card,0,56.01493850905416,126883015.3962056,56,2,37.0,0,0
50657895-0580-427c-9dcd-b2b38688b4e3,Female,38,Urban,0,0,Two Year,Basic Connect,Digital Wallet,0,64.08552025648723,107826260.61606736,44,1,30.0,0,3
9b1552e9-5a52-4512-9ad6-75db5c5a2fc6,Male,44,Suburban,0,1,Two Year,Basic Connect,,1,40.843744637942414,60717066.161292575,69,3,38.0,0,0
caba872b-ac7c-443c-98f7-6c669ab033a0,Male,26,Suburban,0,1,Month-to-Month,Premium Connect,Bank Transfer,0,94.9557566958584,229694969.4604965,48,1,80.0,1,1
a7f5d296-abf3-46fb-96a0-92d6cf0b3bd0,Male,40,Suburban,0,0,Month-to-Month,Premium Connect,Digital Wallet,1,150.91926335420598,340717358.83642524,49,0,83.0,1,1
bd0576ee-70b6-4d4b-a3b3-20115215e7d8,Male,53,Rural,1,0,Month-to-Month,Standard Connect,Credit Card,0,70.16671514132705,125421104.16028392,62,1,81.0,0,0
930d309c-e60e-49a7-82e4-c518744291eb,Female,35,,1,0,One Year,Standard Connect,Bank Transfer,1,73.41775882512384,158580993.8624582,51,2,80.0,0,1
d23bddc7-f69d-475f-ab12-6102e5689452,Female,34,Suburban,0,0,Two Year,Basic Connect,Credit Card,0,45.55128971444796,82265163.12689346,40,2,72.0,0,3
b952733b-8399-4579-867c-bfbf5e203643,Female,32,Urban,0,0,Month-to-Month,Standard Connect,Digital Wallet,1,62.08918914993238,134832439.92915872,55,1,87.0,0,0
5ed72639-1cae-4ff6-a85f-095fe1e1e446,Female,58,Suburban,0,0,Month-to-Month,Basic Connect,Bank Transfer,0,35.58539250432465,87095745.36320765,47,2,41.0,0,3
6d84efcc-4ea7-492c-8b48-339e656efc30,Female,67,Rural,1,0,One Year,Standard Connect,Bank Transfer,1,59.93712798738656,119246669.73098388,66,5,42.0,0,0
dcabdfcf-14f7-442c-99ed-4c91ed503d41,Male,56,Urban,0,0,One Year,Premium Connect,Mailed Check,1,99.36835049230466,6260.206081015193,63,2,104.0,0,0
ceadba1c-2279-4632-8b51-2778dcc52dc3,Female,55,Suburban,0,0,Month-to-Month,Basic Connect,Credit Card,0,37.411119913365695,1758.3226359281878,47,4,53.0,0,3
d2fb34d4-009f-44a2-8e1b-4fdb38393ad0,Female,72,Suburban,0,1,One Year,Premium Connect,Bank Transfer,1,87.56353392948591,240087908.3901358,63,2,108.0,0,1
4adb28c4-391d-40da-870e-4d32bbfde6e8,Female,19,Suburban,1,0,Month-to-Month,Standard Connect,Bank Transfer,0,56.59456271544849,148826884.5797017,62,1,57.0,1,0
7965a8b2-5414-4b46-b584-a8be435683a6,Non-Binary,72,Urban,1,1,Month-to-Month,Basic Connect,Bank Transfer,0,25.01222461378778,41885315.89242213,66,1,18.0,0,0
9204fef6-0f22-4da5-b439-c0149658e8e1,Female,75,Suburban,0,0,Month-to-Month,Standard Connect,Credit Card,0,89.38557420887983,250747491.22758737,50,1,90.0,0,1
b8b837f7-79e8-4149-978b-59f58ccb39b7,Female,56,Suburban,0,0,Month-to-Month,Standard Connect,,1,59.76032949802695,92201920.4915798,52,2,74.0,1,0
9c4b66fc-14fe-4a58-9b36-bbe70b954f48,Female,40,Urban,1,0,One Year,Basic Connect,,0,26.64582012050847,46331968.87346811,48,3,23.0,0,3
bec36812-23a6-4021-b7c2-6d813426beec,Male,50,Suburban,1,0,One Year,Standard Connect,Bank Transfer,1,72.29662472036436,2602.678489933117,36,1,73.0,0,3
86a8182f-6a86-4654-abc2-961e8b2443e9,Female,51,Suburban,0,1,Two Year,Basic Connect,Credit Card,1,26.28147943454747,946.1332596437088,36,0,30.0,0,3
43fa64c7-82f7-48c2-83ff-803b0fa2fb3e,Male,25,Suburban,1,0,One Year,Standard Connect,Digital Wallet,1,56.01772878374789,144086247.22608632,68,1,75.0,0,0
91f2e1fc-aa2b-470d-9ba8-f3372cca397c,Female,28,Suburban,0,0,Two Year,Basic Connect,,1,20.0,52175711.46073522,51,1,24.0,0,3
b26f0f7b-ac74-46c5-b9ee-1de2a6315a9f,Female,51,Rural,1,0,Month-to-Month,Premium Connect,Credit Card,1,116.01371747439222,309150859.3482796,54,1,106.0,1,1
685293b2-1bea-4b20-b9a3-d5b3febf0158,Male,36,Urban,0,0,Month-to-Month,Basic Connect,Bank Transfer,1,45.37795866753315,122696300.06088077,49,1,64.0,0,3
1ccd6607-641d-43ef-8acf-12d9c196991b,Female,26,Rural,0,0,One Year,Premium Connect,Credit Card,1,76.68960146883983,241547055.9614672,54,2,72.0,0,1
3c7ab3bb-9405-4f94-9b5c-a0496e1c275c,Male,51,Suburban,0,0,One Year,Standard Connect,Bank Transfer,1,75.7497338269698,136412646.18532103,46,0,82.0,0,3
904e6de4-037c-4bde-a36d-ef8e23ba5057,,42,Suburban,0,1,One Year,Premium Connect,Credit Card,0,136.13584722852522,398366946.2791887,55,0,176.0,0,1
710fa3c8-6552-4524-b691-d53b08592d9d,,71,Suburban,0,1,One Year,Premium Connect,Credit Card,0,64.08552025648723,210866137.88548225,62,2,163.0,0,1
3e0f6a08-c298-4863-9f1f-be7dfe12b1b1,Male,55,Urban,1,0,Month-to-Month,Basic Connect,Digital Wallet,1,26.70515175280472,44600013.900075264,43,1,44.0,0,3
e34587c9-0340-41f9-b3ac-d5acf33ed96d,Male,49,Suburban,0,1,Month-to-Month,Basic Connect,Credit Card,1,66.63243501982254,181872273.19636527,63,2,95.0,0,0
08d27163-64a2-4c1e-9657-5c0fd2e8443e,Male,43,Suburban,1,1,One Year,Basic Connect,Credit Card,1,64.90925269317083,100561665.63475652,69,1,94.0,0,0
5abf8c0c-c95e-4ad0-a1ff-c39bd4d4a291,Female,29,Urban,0,1,Month-to-Month,Basic Connect,Bank Transfer,0,46.47229304706178,114597840.75929284,67,1,39.0,0,0
75545574-57bd-40f7-97ce-4ce106b30c58,Female,71,Suburban,0,1,One Year,Standard Connect,Credit Card,1,93.52263253338056,201774368.6573142,37,3,84.0,0,1
8d20b91a-319e-4ea3-81b2-2d410f768c46,,47,Rural,0,0,Month-to-Month,Premium Connect,Credit Card,0,106.7151023082564,338902168.8055541,57,0,68.0,0,1
74dc5574-be70-432f-865e-0db228d578ca,Male,50,Rural,1,0,One Year,Basic Connect,Credit Card,1,51.11397864197761,69416579.71955651,41,0,32.0,0,3
4ddf732a-48b0-4102-aeba-ba744a028cbf,Female,47,Suburban,1,0,Month-to-Month,Basic Connect,Digital Wallet,1,64.08552025648723,46407256.289075166,48,3,64.0,0,3
fbf0c25b-9c50-41e9-9866-5182f7fa86ed,Non-Binary,44,Rural,1,1,Month-to-Month,Standard Connect,,1,76.55760248236997,140787090.09052742,57,1,112.0,0,0
8480ca98-9901-484b-9d97-e9550cecc5b0,Female,60,Suburban,0,1,Month-to-Month,Basic Connect,Credit Card,1,47.59828820485508,89831347.94126064,53,3,46.0,1,0
53eaf309-81af-4529-830f-edecd23e716b,Female,33,Rural,1,1,Two Year,Premium Connect,Credit Card,0,107.21857362253138,158172441.14293414,58,1,140.0,0,1
8049c5f0-18b3-496b-94ea-188ff9e78468,Male,52,Urban,1,0,Month-to-Month,Premium Connect,Bank Transfer,0,113.75719162816908,5801.616773036623,51,3,80.0,1,0
242c0aaa-2d6d-4400-be82-e81fdc66b206,Female,70,Urban,1,0,Month-to-Month,Standard Connect,Digital Wallet,1,72.39628339183952,117760538.6368314,68,3,69.0,1,0
ca1eff93-f294-42b9-b3f3-f7562a360da8,Female,26,Urban,0,0,Month-to-Month,Basic Connect,Mailed Check,1,45.5338949832308,95381385.67218976,57,1,56.0,0,0
912a1451-a820-4ebe-9165-4d67a3cbec1b,,50,Suburban,0,0,One Year,Basic Connect,,1,68.4857773233285,119613444.95959309,60,2,43.0,0,0
aecf51df-6e93-4788-9eb2-f744554c3d06,Male,25,Suburban,1,0,One Year,Standard Connect,Credit Card,0,63.82310028313995,159961376.33553,69,0,71.0,0,0
efd3d0d5-801f-435a-a31d-ed203de7ad36,Female,51,Rural,0,0,One Year,Standard Connect,Digital Wallet,1,63.28168810298352,143834874.20661882,59,3,85.0,0,0
564920f2-f4f7-478e-8e18-c1426d68ddf6,Female,22,Urban,0,1,Month-to-Month,Basic Connect,Credit Card,1,41.33578608490878,67243829.45812409,47,1,56.0,0,3
a12fab1e-8d8e-4301-9ed5-9807abad42d4,Male,32,Urban,1,1,Month-to-Month,Premium Connect,Bank Transfer,1,105.29023822485544,267133183.1857313,39,1,109.0,0,1
7b66a5a6-f5da-4438-82cc-d88a8ca79ebc,Male,73,Suburban,1,1,Month-to-Month,Standard Connect,Bank Transfer,1,93.76963511887638,253197253.8712156,52,0,66.0,0,1
023ec4ef-25a9-42d5-a155-76cf6606f068,Male,47,,1,0,Two Year,Basic Connect,Digital Wallet,0,20.0,55505169.04695204,54,0,34.0,0,0
bbb62ec3-e6bd-44ed-9a5f-c3bf5a52d65d,Male,50,Urban,0,0,Month-to-Month,Basic Connect,Digital Wallet,1,20.880554316992864,49686758.626530685,44,1,32.0,0,3
6c428f0e-abcb-4e2e-90a8-342a9ec502fe,Male,29,Rural,1,0,Two Year,Basic Connect,Bank Transfer,1,33.23758544637021,79532922.39106213,50,1,50.0,0,3
5e13b0a1-2ec6-434f-ba99-646e8722f055,Male,61,Suburban,1,0,Month-to-Month,Basic Connect,Bank Transfer,1,52.407557187171456,103742450.33978096,50,0,48.0,1,3
44f3537f-06f7-491b-ac8b-585037953a2b,Female,22,Urban,0,0,Month-to-Month,Standard Connect,Digital Wallet,1,50.956860711349,101882591.99817452,66,5,68.0,0,0
d154d9d7-8282-443f-9e8b-ded4f420e174,Female,33,,0,0,Month-to-Month,Standard Connect,Digital Wallet,0,77.00507276693031,147009174.48547128,43,1,115.0,0,3
a6dd9037-3d7b-4101-9875-8f77ae6cbc8d,Male,31,Suburban,1,1,Month-to-Month,Premium Connect,Credit Card,1,97.15370708425228,169184096.5757682,68,1,118.0,0,1
ecf97960-5701-4277-b91f-c637ccb4d546,Male,31,Suburban,0,0,Month-to-Month,Basic Connect,Credit Card,1,66.96094698058288,197904547.1255215,61,2,42.0,0,1
7a176ea3-9352-44d2-a3af-cebb5913ca46,Male,82,Rural,1,1,Month-to-Month,Premium Connect,Bank Transfer,0,101.69728329509276,4169.588615098804,41,5,149.0,0,3
201d1d1d-50fb-4f39-9296-7afb50eb7404,Male,34,Rural,1,0,Month-to-Month,Basic Connect,Bank Transfer,0,55.18106771845994,124638959.44573653,45,0,64.0,0,3
b76a2f8f-61b1-4ac5-9992-1a8ca7943561,Female,84,Rural,1,0,Two Year,Premium Connect,Mailed Check,0,85.71070153234963,227242682.47409365,48,1,62.0,0,1
b945a47d-aae5-4a4e-be78-97bf5ad23da0,Female,49,Urban,0,0,One Year,Standard Connect,Mailed Check,0,69.91634193516435,180405872.01548457,61,2,59.0,0,0
7e21663b-224d-4dc3-81aa-8f16007b8f82,Male,67,Urban,1,0,Month-to-Month,Basic Connect,Mailed Check,0,49.12281919137621,76583665.47257414,53,1,64.0,1,0
1b970ca8-7792-4991-805b-ba0c99af4a2d,Male,42,Urban,0,1,One Year,Basic Connect,Bank Transfer,1,43.12802936802083,109974838.28773072,39,1,60.0,0,3
5e858f10-d821-4c61-8af4-149f4e3891a6,Female,54,Urban,0,0,Month-to-Month,Premium Connect,Digital Wallet,1,89.90190039291538,210834553.91463023,35,2,87.0,0,1
d1eb46de-5aff-4791-b322-fddfa5396f42,Male,69,Urban,1,0,One Year,Basic Connect,Digital Wallet,1,27.20872173415882,85751509.04269129,35,1,22.0,0,3
202a1a33-8f61-4d1a-9534-4de237e08308,Non-Binary,66,,1,0,Month-to-Month,Premium Connect,Mailed Check,1,83.39935919669156,141394267.92732295,53,0,117.0,0,1
256ad2c3-3f0e-4cf0-aa7e-6b8cfe3d661a,Male,81,Suburban,1,0,Month-to-Month,Standard Connect,Mailed Check,1,81.94513982564135,198634988.7212342,65,1,126.0,0,1
d997d8db-92b8-4236-85fc-f17a3306155f,Female,43,Rural,1,0,Month-to-Month,Standard Connect,Credit Card,1,101.01367703686503,255399242.46327728,49,2,64.0,1,1
444e247f-2461-4c3f-928b-04c77f853972,Female,71,Urban,0,0,Month-to-Month,Premium Connect,Bank Transfer,1,84.01865846014844,196360290.83611664,37,3,62.0,0,1
6c07f003-e760-4323-b465-a355b0b7c6a4,Female,73,Suburban,1,0,One Year,Basic Connect,Credit Card,0,65.24169158024318,149743301.53663152,50,2,102.0,0,1
25bd57e2-9603-446c-a2f7-740db71c1c64,Female,75,Suburban,0,1,Month-to-Month,Standard Connect,Bank Transfer,1,84.9184393873417,232930743.29305613,37,1,77.0,0,1
e13a1f56-b9ca-436d-875f-69928f632123,Female,19,Suburban,0,0,Two Year,Premium Connect,Bank Transfer,0,98.26594489579134,281581331.24471885,62,1,81.0,0,1
3ef888cc-eccd-4406-99a1-dfe95e20c498,Male,25,Suburban,1,1,One Year,Premium Connect,Mailed Check,1,122.74482268690728,264083657.65594697,39,1,143.0,0,1
c2f14e99-9340-4aee-aaa5-21e052e1df79,Female,59,Urban,1,0,Month-to-Month,Premium Connect,Bank Transfer,0,128.28996903487516,5901.338575604257,46,2,185.0,0,3
c8c9aa51-4726-4117-b1a4-7ab70b4048db,Female,42,Urban,0,0,Month-to-Month,Premium Connect,Mailed Check,1,94.35603953890482,153779878.29943883,36,2,64.0,0,3
fc964060-526b-4ec7-b19e-4a207622dac4,Male,35,Urban,0,0,Month-to-Month,Premium Connect,,1,112.39373826675116,307544137.89333355,53,0,67.0,0,1
a8cf8642-f271-4acb-9a58-5ca57053c08f,Male,83,Urban,0,0,One Year,Premium Connect,Credit Card,0,90.67754778523653,218945222.320938,48,1,73.0,0,1
7f535a71-5eed-40fd-a1fb-86cb090bd607,Prefer not to say,84,Rural,1,1,Month-to-Month,Standard Connect,Credit Card,0,76.0907187789172,205317836.56700337,46,2,89.0,1,1
cf775ac4-5d44-4ae9-ad09-19e78244a28e,Male,53,Urban,0,0,Month-to-Month,Premium Connect,Digital Wallet,1,109.46884007695816,243406824.64033616,37,1,76.0,1,1
e224aed3-b10c-4e38-afb0-02ae57981434,Male,30,,1,0,Two Year,Basic Connect,Credit Card,1,40.636227882119904,117587074.86040206,51,1,60.0,0,3
aaa50923-3779-462d-a2d7-6f669980565d,Male,75,Suburban,1,1,One Year,Standard Connect,Bank Transfer,1,64.03660885120665,147699420.64436328,54,3,80.0,0,0
160364a9-001c-43ed-98b9-76f234209ed2,Female,69,Suburban,0,1,Month-to-Month,Standard Connect,Bank Transfer,0,71.72373529211923,148810339.2250627,65,1,107.0,1,0
8df5a663-c17f-4494-91e5-fc48392ac73b,Female,53,Urban,1,0,Month-to-Month,Premium Connect,Credit Card,0,112.77322190513009,272283132.68460786,61,5,116.0,0,1
969b84cb-3296-47fa-937a-40ae1872deac,Male,71,Urban,0,0,One Year,Standard Connect,Digital Wallet,0,107.1536921215348,170909130.23224285,62,2,60.0,0,1
ffbad891-ead5-48c7-b195-5258c75016ea,Male,24,Urban,0,1,Month-to-Month,Premium Connect,Bank Transfer,0,87.92202998922916,4484.023529450687,51,1,131.0,0,3
b09ca1f0-aeb2-45d4-8f32-f8b0354262ee,Male,62,Rural,0,1,Two Year,Standard Connect,Credit Card,1,64.41130449880445,186609411.21698257,39,2,52.0,0,3
1c04f629-1791-4abe-aa66-10439a25213c,Female,41,Urban,0,1,Month-to-Month,Standard Connect,Bank Transfer,1,63.29138625252763,104888803.24914606,56,1,91.0,0,0
9284fe41-cc20-46da-b96b-4dc147015ead,Prefer not to say,53,Suburban,0,1,Month-to-Month,Premium Connect,Digital Wallet,1,101.27228039542936,213669097.40626603,34,2,118.0,0,1
9717f846-1d05-439d-93f9-bb8b84477071,Female,36,Urban,0,0,One Year,Premium Connect,Credit Card,1,72.96421152012765,152718345.32073858,56,0,64.0,0,0
90f79771-5c36-4c26-8327-d62f12573093,Female,48,Suburban,1,0,Month-to-Month,Basic Connect,Bank Transfer,0,43.058554346444815,87278319.53993061,43,1,39.0,1,3
a929aaef-91ba-4e2f-bf33-afa7bc49aa3a,Female,71,Urban,0,1,Month-to-Month,Premium Connect,Credit Card,0,95.77777051024673,180658052.73793608,44,0,66.0,0,1
eb51240f-0250-4bb4-9bd1-c10dfd8da33c,Female,32,Urban,0,0,Two Year,Basic Connect,Credit Card,0,49.625179734051656,2580.509346170686,52,1,52.0,0,3
bb5e4644-0e7b-41ff-abf8-e00d4fdc1d64,Male,78,Rural,0,1,Month-to-Month,Standard Connect,Digital Wallet,1,74.41487387027192,128309208.6343814,56,2,59.0,0,0
3cb76fd3-3c86-41cc-a59e-766f10bc1f55,Female,79,Rural,1,0,One Year,Standard Connect,Digital Wallet,1,68.74297617193714,120235122.59795122,44,2,106.0,0,3
863f03cd-53a1-475a-8f3b-16d87dbc2e9f,Female,31,Urban,0,0,Month-to-Month,Basic Connect,Credit Card,1,42.76506100626332,116327115.11989804,40,1,45.0,0,3
b6fb8d8f-47d3-4ded-a1c3-0220b9bdd7ec,Non-Binary,25,Suburban,0,0,One Year,Basic Connect,Digital Wallet,1,46.51360994903664,97182687.63456444,44,1,68.0,0,3
b753acba-5de8-4c87-93a3-9bda99dd3f7f,Female,69,Rural,0,0,Two Year,Standard Connect,Credit Card,1,64.097634710049,179716446.40189672,67,1,96.0,0,0
414aa3e3-8125-4849-8e4a-e2d45dbf2a10,Female,30,Urban,1,1,Two Year,Standard Connect,Bank Transfer,0,95.71783769425129,4115.867020852806,43,0,139.0,0,3
f49cee3b-bb0c-4a8a-9857-c348670e9e77,Female,41,Rural,0,0,Month-to-Month,Basic Connect,Bank Transfer,0,64.08552025648723,46112648.02682086,61,1,64.0,0,0
8325beac-5bfd-4017-be3b-1e642283a262,,79,Suburban,0,1,Month-to-Month,Basic Connect,,1,45.86533136224724,102715631.0284306,35,1,36.0,1,3
3ca11ebc-8342-4fcc-9b0e-2359859c2d4f,Male,53,Suburban,0,0,One Year,Basic Connect,Mailed Check,1,30.601631559300955,74464153.6839952,52,1,37.0,0,0
c3f889e7-06e7-46f9-8092-60ae6da3a47a,Female,27,Urban,0,0,Month-to-Month,Standard Connect,Digital Wallet,0,43.35710914567348,129005604.10526323,67,3,64.0,0,0
b035cb38-4d1f-4be2-be92-70c1f2ac2944,Male,59,Suburban,0,0,One Year,Basic Connect,Bank Transfer,1,64.08552025648723,69360673.19267236,57,0,65.0,0,0
f54910cf-433a-481e-ac99-8a5f7f83b946,Female,28,,1,0,Two Year,Basic Connect,Digital Wallet,0,45.64321815571168,93127194.31669244,34,1,52.0,0,3
bf91343c-fc13-4e6a-ad88-4e5e4350c632,Non-Binary,76,Urban,0,0,Month-to-Month,Standard Connect,Mailed Check,1,87.57709797364906,222962184.5398534,65,5,74.0,0,1
3f68f33b-b4cb-4f68-b5d2-3a712b73704f,Female,26,Urban,1,0,Month-to-Month,Premium Connect,Mailed Check,1,105.78730588218754,197569117.8951797,57,2,63.0,0,1
f15e0fea-f36c-4c0b-998d-62846f767873,Female,59,Rural,0,0,Month-to-Month,Standard Connect,Bank Transfer,1,69.35558822613966,119089669.48935013,51,0,93.0,0,0
d96223e2-967b-4697-9655-00121c39128b,Female,46,Suburban,0,0,Month-to-Month,Standard Connect,Credit Card,1,64.08552025648723,4229.644336928157,66,0,38.0,0,0
c9110bc0-060e-4e15-bbf9-ee2a3afd0910,Female,81,,1,0,Month-to-Month,Premium Connect,Credit Card,1,114.7897766644863,335212955.32184905,56,4,64.0,0,1
28248dfb-f30d-4b2b-97c5-9838914a2847,Male,20,Urban,1,0,One Year,Basic Connect,Bank Transfer,0,36.10278596155062,58349139.83764091,57,1,31.0,0,0
896b3a94-63ef-4d29-8e23-88ecfb1ed9cb,Male,38,Urban,0,1,Month-to-Month,Premium Connect,Bank Transfer,1,77.29213609810759,143886705.53895596,41,1,61.0,1,3
3a9e1c85-2d35-4e59-8b5f-dd96e9cb8a4e,Female,36,Suburban,1,1,Month-to-Month,Standard Connect,Credit Card,1,48.86985901297389,103214995.06739272,51,0,75.0,0,3
5f9b6e13-1257-455e-a800-3a7c4f912a27,Female,24,Urban,0,0,Month-to-Month,Basic Connect,Credit Card,1,48.8784930429245,119756741.59125908,43,1,32.0,1,3
3d551a48-0985-42dc-87cc-e309bb36d69b,Non-Binary,20,Suburban,0,1,One Year,Premium Connect,Digital Wallet,1,100.91538987156032,265220138.4739374,44,1,146.0,0,1
a1f81670-924c-4b55-8aaf-a89d2a361372,Female,20,Urban,0,0,Month-to-Month,Premium Connect,Credit Card,1,100.8260944383398,267477582.13694867,49,1,100.0,0,1
fc7a5beb-4bf3-4954-adb6-88a75934d2d0,Female,40,Suburban,0,0,Month-to-Month,Basic Connect,Credit Card,0,52.241700316429146,80023419.95035253,39,3,65.0,1,3
383d1c00-b887-4f3e-b635-9ac3ee725bf4,Female,45,Rural,0,0,Month-to-Month,Premium Connect,Bank Transfer,1,113.99091252247732,173108552.25138047,34,4,68.0,0,1
ec20591a-e5ea-41f9-98ff-398051a23900,Female,35,Suburban,0,0,Month-to-Month,Standard Connect,Credit Card,1,65.08166797635437,137447881.86513096,42,4,46.0,1,3
02b9b612-d0d2-4091-9e3b-f286d47160c8,Female,69,Rural,1,0,One Year,Premium Connect,Digital Wallet,1,117.78205902024148,286967863.90296835,34,0,96.0,0,1
6f80eadc-fd28-496d-9736-a72096f3c0b9,Female,64,Suburban,1,1,One Year,Standard Connect,Mailed Check,0,86.16025806931161,173467644.95086733,40,1,108.0,0,1
077afc1e-416e-482b-a9b0-3ad97068363b,Male,54,Urban,0,0,Two Year,Premium Connect,Digital Wallet,0,112.79206779989792,268840076.21330976,39,1,66.0,0,1
39c4603e-4e7f-42e1-92d7-799e8b129b19,Female,83,Urban,0,0,One Year,Standard Connect,Credit Card,1,64.38688449197767,159270026.09608632,41,2,41.0,0,3
46f656ea-465a-4d8f-92fa-8ad2efd94065,Female,24,Urban,0,0,Month-to-Month,Premium Connect,Bank Transfer,1,113.63681688389524,322586317.2527468,56,3,148.0,1,1
8c700b09-e144-434b-b3a8-ce582b56a312,,65,Suburban,0,1,Month-to-Month,Basic Connect,Bank Transfer,0,27.73555920087325,49622124.527166255,42,2,23.0,1,3
1443b416-a359-4d12-b145-e861e7af439a,Male,50,Rural,0,0,Two Year,Premium Connect,Bank Transfer,0,73.80577547270906,132523787.0118584,49,3,104.0,0,3
8d6d8738-76d9-439a-bae2-fa9f4bb9af03,Female,44,Rural,1,0,Two Year,Basic Connect,Credit Card,1,56.204633405859255,136643201.84380612,36,2,85.0,0,3
9be1cdc8-4cea-4c84-9140-54877a578f42,,26,Suburban,0,0,One Year,Standard Connect,Digital Wallet,0,65.92067173565592,3889.319632403699,59,2,62.0,0,0
7780ac15-0eee-448b-a622-8a7aeffdbca4,Male,32,Urban,0,0,Two Year,Premium Connect,Credit Card,0,71.98531171058511,169591267.23498276,53,3,73.0,0,1
922b2e7d-f54f-4e34-8fb6-c6256c34c431,Male,80,Urban,0,0,Month-to-Month,Standard Connect,Credit Card,1,70.5263040453435,206884026.5720924,48,2,70.0,0,1
abd35988-555a-4694-a258-91e68017331c,Male,32,Suburban,1,0,Month-to-Month,Standard Connect,Bank Transfer,1,58.02376695981538,2146.879377513169,37,1,39.0,0,3
bda6ea02-0b4c-424c-8275-bf450777b865,Non-Binary,20,Rural,1,0,Month-to-Month,Basic Connect,Credit Card,1,29.775288505668406,65477645.98901263,57,0,28.0,0,0
81b404d6-3524-4bc7-8617-0ec03195fd10,Female,51,Urban,1,0,Month-to-Month,Standard Connect,Bank Transfer,1,68.20278386006436,185499365.13126603,62,1,55.0,1,0
47f3d169-712d-4084-9810-238ec25c08f3,Male,20,Suburban,0,1,Month-to-Month,Premium Connect,,0,75.2983315990763,131398607.26958986,69,1,105.0,0,0
a64a6e05-e4d5-4e22-b4bf-b42fd11b8b98,Prefer not to say,37,Suburban,1,0,Two Year,Standard Connect,Digital Wallet,1,57.25532857305909,93087348.8901478,48,1,71.0,0,3
4e506cc3-4d31-445b-ad16-70ff664d5f69,Female,84,Urban,0,0,Month-to-Month,Premium Connect,Credit Card,0,64.08552025648723,176295495.2448794,55,1,44.0,0,0
53ed3a95-340e-4182-ab64-ddeed89e22a8,Female,30,Urban,1,0,Month-to-Month,Basic Connect,Bank Transfer,1,39.49831753003341,2567.390639452172,65,4,31.0,0,0
58a00315-d86e-4c87-b693-c37c91808203,Prefer not to say,58,Suburban,0,0,Month-to-Month,Premium Connect,Credit Card,1,118.05055916177062,233621042.4352569,59,2,178.0,1,1
64027ed6-f33b-4b57-a368-5b118aacc6b3,Prefer not to say,77,Urban,0,0,Two Year,Standard Connect,Bank Transfer,0,86.83355203374636,235584213.9032078,52,1,61.0,0,1
74088f0c-bac8-49b6-be69-7d5993234f3c,Female,25,Rural,1,0,Two Year,Basic Connect,Bank Transfer,1,64.08552025648723,101758490.16112028,49,1,41.0,0,3
11d46916-4cb9-406f-88b8-93e045a4bdfb,,84,Urban,0,1,Month-to-Month,Standard Connect,Bank Transfer,1,58.80078690581737,2998.8401321966858,51,2,46.0,0,0
62a9abdd-ebdd-48fa-9c99-7d47786047fd,Female,44,Suburban,1,0,Month-to-Month,Standard Connect,Digital Wallet,1,99.08862271465932,267279049.0932846,58,0,126.0,0,1
0a794b2e-b955-4587-8e32-f1a32df7f727,Male,51,Suburban,0,0,Month-to-Month,Standard Connect,Bank Transfer,1,32.44083140695909,85959021.08084802,64,0,31.0,1,0
b594c8aa-2a6d-44b6-a60d-7c3aad44eb1a,Male,53,Urban,1,0,Month-to-Month,Standard Connect,Digital Wallet,1,62.21195994374991,159713946.55251586,68,0,74.0,0,0
0c66c6c3-e905-4f26-ae5f-61239a637e89,Female,23,Suburban,1,0,Month-to-Month,Basic Connect,Digital Wallet,1,42.44010152088025,99967267.01632532,39,3,58.0,1,3
040383de-c414-48ef-9946-a51b32f473ca,Female,80,Urban,0,0,One Year,Basic Connect,Digital Wallet,1,26.477973440643343,62923369.63600035,55,3,38.0,0,0
70ed1c89-df20-4a51-a2b6-3f6e710dfc20,Female,18,Urban,0,0,Two Year,Basic Connect,,1,20.0,52263027.65516451,63,2,16.0,0,0
a157f2d7-5b27-4db0-b487-52ba0ee14d9e,Female,35,Urban,0,0,Two Year,Basic Connect,Mailed Check,1,64.08552025648723,73443531.3507018,60,0,29.0,0,0
44396c80-a2d9-482a-a9ba-d3ffc3f8baae,Female,68,Urban,0,1,Month-to-Month,Basic Connect,Credit Card,0,23.02069344015363,68616500.39140455,52,3,36.0,0,0
891b9061-307c-40fd-8a30-55036d674fc4,Male,31,Suburban,0,1,Month-to-Month,Basic Connect,Bank Transfer,0,20.0,1080.0,54,2,18.0,0,0
712612a0-1520-4952-bdf7-6b3d40a5a7f5,Male,60,Suburban,1,0,Month-to-Month,Premium Connect,Bank Transfer,1,108.80317897822708,321882266.78218853,53,2,128.0,1,1
69cfea59-dbea-4007-93df-f8321658235e,Female,64,Urban,0,0,Month-to-Month,Premium Connect,Credit Card,0,125.49430729557122,188261199.05872324,50,0,142.0,0,1
124af3ec-e0a8-4df4-aa5f-d6f150da7e58,Female,49,Urban,0,0,One Year,Basic Connect,Bank Transfer,1,25.76914542932061,69780891.33313265,49,1,43.0,1,3
2d22008e-3fce-43b1-924c-daefe04d8037,Female,67,Urban,0,0,Month-to-Month,Premium Connect,Credit Card,1,113.20839764689134,180616030.7183382,40,1,159.0,0,1
ec84804b-e87f-4801-bb69-24e7052126e9,Male,21,Rural,0,0,Month-to-Month,Premium Connect,Bank Transfer,1,59.37606131425101,138134863.53862026,55,1,82.0,0,0
739bc607-2c7b-4232-9616-cd30d810aaac,Female,79,Urban,0,0,One Year,Basic Connect,Credit Card,0,29.37464472497696,47589050.792754,39,1,33.0,0,3
ddd09fc7-9db0-43ce-9a80-2767957d9590,Female,69,Urban,0,0,Two Year,Basic Connect,Bank Transfer,1,40.897600416794326,107692146.65072426,45,0,30.0,0,3
247f201d-8fe8-4297-ad81-60439127589a,Male,19,Urban,1,0,Month-to-Month,Premium Connect,Credit Card,0,91.7585069178014,176038418.06344843,34,5,68.0,0,3
4fcf7eb5-f073-417b-8456-79b879cdd619,Prefer not to say,78,,0,0,Month-to-Month,Standard Connect,Credit Card,1,60.33140907644794,158881732.7493922,67,1,67.0,0,0
643d2f10-923d-433e-bfac-b5157d646f9c,Male,25,Urban,1,0,One Year,Standard Connect,Digital Wallet,1,64.08552025648723,179356345.80208173,63,1,56.0,0,0
2bce9551-8604-456a-93ac-182409fd3392,Non-Binary,39,Urban,0,0,One Year,Basic Connect,Credit Card,0,49.66866759502975,137623442.50312322,65,2,64.0,0,0
28d7f00a-679d-4e68-af91-5d0e19c2f359,Male,67,Urban,0,0,One Year,Premium Connect,Credit Card,1,113.77227672437172,250449407.07062244,40,0,162.0,0,1
bea2c24f-ba52-4a97-a937-8b9dff3d1083,Male,76,Urban,0,1,Two Year,Premium Connect,Credit Card,1,108.58021981249024,287497109.9291668,63,2,80.0,0,1
63be2d43-1970-4e30-85dc-30bba4b8e9c2,Male,25,Urban,1,0,Month-to-Month,Basic Connect,,1,44.95787121454806,76527331.76673217,56,3,59.0,0,0
cdc5c185-1d2c-4e3d-9dc8-bdf64f10717f,Female,80,Suburban,0,1,Month-to-Month,Basic Connect,Credit Card,1,37.065834062777775,121178248.36606084,37,0,57.0,0,3
fdc0f029-48cf-462b-a854-99a3e9a81214,Female,31,Suburban,0,1,Month-to-Month,Basic Connect,Bank Transfer,1,64.08552025648723,3012.0194520549,47,2,64.0,0,3
b94edb18-6756-4efc-802f-671d883523b5,Female,74,Urban,0,1,One Year,Basic Connect,,1,64.08552025648723,69471430.81983717,59,4,38.0,0,0
6534346a-489b-4f36-85e3-5c45ee5ad5d0,Male,39,Rural,0,0,One Year,Basic Connect,Credit Card,0,36.37108361582613,69089767.89426498,44,0,23.0,0,3
8d8fc4a1-18ec-4e3e-97b2-0284a3d11100,Male,53,Rural,1,0,Month-to-Month,Premium Connect,Credit Card,0,97.90058158305928,173380080.90117642,62,2,106.0,0,1
561519fc-857f-4553-a7f7-247883d2f858,Male,81,Urban,0,0,One Year,Standard Connect,Bank Transfer,1,87.37507856295375,199026356.26993105,49,1,129.0,0,1
f517a5e7-180b-4685-abb1-f378b641b187,Female,78,Suburban,0,0,Month-to-Month,Premium Connect,Bank Transfer,0,122.3398996898541,354777949.82059884,62,1,133.0,0,1
033565b8-b7da-4cec-b34b-ce7092842f57,Female,51,Suburban,0,0,Month-to-Month,Premium Connect,Credit Card,1,83.44195051028794,128798509.5367286,59,1,64.0,0,0
be07b78c-c6c1-48a7-97a7-78762e69cdb4,Male,21,Urban,0,0,Month-to-Month,Standard Connect,Bank Transfer,1,89.60695535496137,188511522.7805456,35,2,64.0,1,3
266e2fda-a0d6-45dc-9b99-ba7b1cff3995,Female,47,Rural,1,0,One Year,Basic Connect,Credit Card,1,41.74866614541327,2087.433307270663,50,1,64.0,0,3
1fa837bb-feac-4bc9-a42e-233714c9d9bd,,51,Urban,0,0,Month-to-Month,Premium Connect,Mailed Check,1,92.1168403302554,256566678.63251188,65,1,65.0,1,1
fa5ff8b3-307d-4c70-a7fe-ba3b50ce775e,,57,Urban,0,0,Month-to-Month,Standard Connect,Credit Card,0,79.21297353210939,3643.796782477032,46,0,85.0,1,3
2d45c4f6-535d-4e97-9cba-f6ad4e7bbef2,Female,33,Urban,0,1,Month-to-Month,Basic Connect,Digital Wallet,1,36.14772979117608,86098189.81863545,68,1,52.0,0,0
c83c608d-23ad-43fb-8524-d57d89cc3cb9,Female,69,Urban,0,1,Month-to-Month,Basic Connect,Bank Transfer,1,20.0,30664610.635127105,64,0,19.0,0,0
a80aea3d-e317-429e-a022-1d59131c6778,Male,49,Urban,0,1,Two Year,Standard Connect,Credit Card,1,113.127419766324,308429338.0630529,58,2,79.0,0,1
236ccfdb-6704-4a99-ba9c-c6f85a7dc6b4,Male,82,Urban,0,0,Two Year,Basic Connect,Credit Card,1,42.269097780970185,125319362.18398048,60,0,64.0,0,0
30d45219-fafc-425f-9ce4-100f5e182e64,Male,47,Rural,0,1,Two Year,Standard Connect,Bank Transfer,1,109.22322043596934,256010970.235404,42,1,64.0,0,1
8f8b2671-9f87-41c3-88cb-d563e10bba7e,Female,54,Urban,0,0,Month-to-Month,Premium Connect,Credit Card,1,102.06056864989569,266900013.83923268,50,3,58.0,0,1
5bc4a1d3-c265-4774-9032-10e0b10ecf2e,Female,68,Suburban,0,0,Month-to-Month,Standard Connect,Bank Transfer,1,82.26874831356083,143852328.86285508,37,1,123.0,0,3
b2a1ea59-f155-4c41-ba69-04ad7faa7e1a,Female,18,Suburban,1,1,One Year,Standard Connect,Credit Card,1,64.08552025648723,2307.0787292335403,36,2,107.0,0,3
ac85b424-04db-4afe-b9bd-be7841e412e3,Female,52,Rural,1,0,Month-to-Month,Basic Connect,Credit Card,1,100.5213957697902,180811037.07131565,36,0,90.0,1,1
896596a4-cadf-480a-858e-5516ee8708bc,Non-Binary,81,Urban,0,1,Month-to-Month,Standard Connect,Bank Transfer,1,79.64469801157661,221907607.5694464,56,1,95.0,0,1
88f3cdd8-dc42-4e82-a281-b0ec53fd1616,Female,18,Urban,1,1,Month-to-Month,Basic Connect,Bank Transfer,1,34.3366560774693,94278667.34112434,67,1,48.0,0,0
7601296e-40d4-43cc-aebc-57f0c2a89af9,Female,38,Suburban,1,0,One Year,Premium Connect,Digital Wallet,1,107.1389908424413,4714.115597067417,44,1,127.0,0,3
ee5f36f5-acb8-4f0e-ac01-f2d9cd6608c1,Male,68,Urban,0,1,Month-to-Month,Standard Connect,Digital Wallet,1,59.71579629044968,141185651.6259305,42,1,62.0,0,3
e4557d9e-3605-45e5-bc7d-a3562bcedb02,Prefer not to say,45,Urban,0,0,Month-to-Month,Premium Connect,Mailed Check,1,103.20845698456044,147085669.3589092,65,1,125.0,1,1
00aba2f0-b75f-4a32-86be-2188472fdc61,Male,60,Rural,0,0,Month-to-Month,Premium Connect,Digital Wallet,0,121.71478113186502,261694384.4698448,56,0,112.0,1,1
b754c506-7166-4c04-b06b-4959fa6c8865,Male,76,Rural,0,1,One Year,Premium Connect,Credit Card,0,93.43582091589148,245958567.8988177,60,1,95.0,1,1
78107277-e44b-4a40-ae07-d04aa063cb29,Male,30,Urban,0,0,Month-to-Month,Premium Connect,Credit Card,1,111.54290151029296,280470931.5615539,64,0,161.0,0,1
8a7f6ffb-28cd-4f90-a0a7-e498852eada6,Female,38,,0,0,Month-to-Month,Standard Connect,Bank Transfer,1,67.923519107931,141576286.08244544,47,2,50.0,0,3
6b6f55a2-00b8-487f-ab40-9ee03510d328,Male,22,Urban,0,0,One Year,Basic Connect,Credit Card,1,52.0597336736756,102882491.50628732,56,0,57.0,0,0
39b1674b-82b1-4c91-a130-ce391910bf3b,Female,53,Suburban,0,0,Month-to-Month,Premium Connect,Credit Card,1,83.56716200290091,213480017.7419417,53,1,73.0,0,1
dc63ccfe-00d7-426d-9131-3e2bb320a05e,,52,Urban,0,1,Month-to-Month,Basic Connect,Credit Card,1,20.0,740.0,37,1,27.0,0,3
4690c1b9-63df-45e3-b33b-601fa9acfab8,Female,77,Urban,1,0,Two Year,Basic Connect,Bank Transfer,0,38.62290412953703,78291535.61795436,45,0,44.0,0,3
d4712fe5-a2ec-486a-ac37-0639575d1231,Non-Binary,23,Urban,1,1,One Year,Premium Connect,Digital Wallet,1,90.89595584691683,231561041.63450828,52,0,135.0,1,1
2c84d9d5-8f6a-4137-8e95-c5a5e5d0b6be,Female,39,Urban,1,0,One Year,Premium Connect,Bank Transfer,1,95.07779879449052,197861703.3488232,64,0,81.0,0,1
7e96cfdf-1df1-4067-8590-6dd3906046bb,Male,75,Urban,1,0,Two Year,Basic Connect,Credit Card,1,64.08552025648723,3012.0194520549,47,1,67.0,0,3
5a053ade-c92b-4925-a2ea-30f3cd5c27c0,Male,20,Suburban,1,0,One Year,Basic Connect,Bank Transfer,1,42.98063916034933,87979656.0937423,60,3,60.0,0,0
d78a686f-ded9-4bb0-a4da-02732f5cd484,Male,52,Suburban,0,1,Month-to-Month,Standard Connect,Bank Transfer,0,59.97856238983236,4018.563680118768,67,1,68.0,1,0
98163857-dc12-4360-977d-315448c1c879,Female,84,Urban,1,0,Month-to-Month,Premium Connect,Credit Card,1,98.1515395938826,322532254.78653187,43,3,64.0,0,1
96d7fba5-2385-4b2b-a367-46e36dfc756c,Female,42,Rural,0,1,Month-to-Month,Premium Connect,,0,72.07443827771394,111194717.77289918,38,2,51.0,0,3
b0af907c-fd6c-49e8-827c-7fcad799969c,Male,53,Rural,0,1,Month-to-Month,Basic Connect,Credit Card,1,55.91348752708648,87454711.1055568,42,0,53.0,0,3
ff7d3055-fda2-43b8-a3f0-8e47f661e909,Male,48,Rural,0,1,Month-to-Month,Standard Connect,Bank Transfer,0,70.97333325158144,207833361.7136564,60,0,77.0,1,1
03e7202e-613d-4336-ac1a-29e1678121a4,Male,62,Rural,0,0,One Year,Standard Connect,Credit Card,1,63.28407428316733,88926749.27111118,53,1,95.0,0,0
9ef7e066-b8e7-4976-8f72-c5bc7228668a,Male,51,Urban,0,0,One Year,Basic Connect,Bank Transfer,1,61.23885238071884,3551.8534380816927,58,2,39.0,0,0
917f9767-14ba-4af6-88a8-6112f695151d,Male,80,Suburban,1,0,One Year,Premium Connect,Digital Wallet,0,116.8638767015281,6778.104848688629,58,1,64.0,0,0
a8f8388d-025e-497a-b41c-f2cc5aa52287,Female,42,Urban,1,0,Month-to-Month,Basic Connect,Credit Card,1,52.92781972460497,91554860.19976112,40,1,39.0,0,3
3b57bc7b-180b-4b9f-bceb-64f5c28d5358,Male,27,Suburban,0,0,Month-to-Month,Standard Connect,Credit Card,1,49.57881940298961,136392571.1254311,34,0,66.0,0,3
85d55f21-780a-419f-af8f-029beb94b56b,Female,57,Urban,1,1,Month-to-Month,Premium Connect,Credit Card,1,102.12178876067722,237877519.5577582,44,0,64.0,1,1
e9aae4ed-e70f-4c75-8125-efac7e2ea75a,Male,80,Suburban,0,0,Month-to-Month,Standard Connect,Bank Transfer,0,64.24443652128502,102684599.53947014,59,2,64.0,0,0
acf483ed-9bee-47e4-b04d-fa69644a57b2,Male,70,Urban,0,0,Two Year,Standard Connect,Mailed Check,1,86.39521397188926,152575753.98514974,61,2,54.0,0,0
4c700fb7-9210-4f31-8f61-3309f66617c6,Male,21,Rural,0,0,One Year,Standard Connect,Credit Card,1,94.6568789213172,183664508.3636417,52,2,69.0,0,1
07467d50-4c90-41bc-9a0f-a1e4dc8e3e6d,Male,27,Urban,1,0,Month-to-Month,Basic Connect,,1,41.00611759873709,109023262.3795068,54,1,30.0,0,0
549332e1-671c-4d92-a75a-12b801add703,Female,75,Rural,0,0,Month-to-Month,Basic Connect,Digital Wallet,1,59.34084610594398,119007843.09636532,64,1,76.0,0,0
3c1e218e-767c-4416-a819-c8736d4f3627,Female,23,Rural,1,0,Month-to-Month,Standard Connect,Credit Card,1,73.4815982910808,112067376.78511018,39,1,67.0,1,3
af4c3063-8207-46d7-ae99-de2e5b527674,Female,77,Urban,1,1,One Year,Basic Connect,Bank Transfer,0,38.99011101452321,80986592.61615746,61,0,52.0,0,0
9a421081-e240-431b-a5f0-ee51b20c4fbe,Female,28,Urban,1,1,Month-to-Month,Basic Connect,Credit Card,1,57.20786924230978,150493984.9261296,44,1,49.0,1,3
6cc4ce4f-e849-4a6a-9061-1e847bc12966,Female,24,Rural,0,0,Month-to-Month,Standard Connect,Digital Wallet,1,87.92242398645125,178226086.24855977,62,1,77.0,0,1
46669c30-c517-47b2-ab41-15b299520a35,Male,22,Rural,1,0,Month-to-Month,Premium Connect,Bank Transfer,1,94.45844694053618,143768136.1937321,35,1,69.0,0,3
336d3752-b699-4b71-a5ba-89fd30ee94fc,Male,84,Urban,1,0,Month-to-Month,Standard Connect,,1,69.82628890500096,211380278.8076509,35,2,106.0,0,1
9e46231c-fdf5-439d-9b36-883ddb862f93,Female,31,Suburban,0,0,Month-to-Month,Premium Connect,Credit Card,0,105.17360135029412,289217876.63464427,48,2,128.0,1,1
3f14546c-5e65-43d6-afc7-fc9fa206eca6,Male,43,Suburban,1,0,One Year,Basic Connect,Bank Transfer,1,64.08552025648723,104831558.64910138,54,0,40.0,0,0
5f4245bf-bad3-4ba9-b63b-3640ae326aa0,,32,Suburban,0,0,Month-to-Month,Basic Connect,Bank Transfer,1,43.90546982744743,126364026.25410692,38,0,61.0,1,3
c1896d79-97d7-4775-a78f-e5e7bd03ed9a,Female,34,,0,0,Month-to-Month,Premium Connect,Digital Wallet,1,96.35078169395734,227309230.4351794,58,0,89.0,1,1
75574693-b8ba-445b-84c8-8d6085c6c800,Male,81,Urban,0,1,One Year,Standard Connect,Credit Card,1,91.20741159635278,211715817.3116588,35,1,82.0,0,1
438572f1-fd7a-49fb-a1c6-ced02fcc0c18,Female,23,Rural,1,0,One Year,Standard Connect,Bank Transfer,1,60.02301765530891,95594384.46034595,40,1,57.0,0,3
78b98c34-650c-48d3-a705-45fa59cee083,Male,84,Rural,1,0,Two Year,Standard Connect,Bank Transfer,1,68.3573621507063,145854215.43126407,56,1,96.0,0,0
7c7f5945-e17e-48c2-b132-56a01fb97911,Female,64,Suburban,0,0,Month-to-Month,Standard Connect,Digital Wallet,1,64.08552025648723,177949427.84539396,61,1,78.0,1,0
551b9650-066e-4515-a702-b32e271c3080,Female,30,Rural,0,0,Month-to-Month,Premium Connect,Credit Card,1,126.84050917425368,210938971.0028305,52,1,64.0,0,1
d7ceb93a-852b-40c4-87ca-46228cc86326,Female,48,Rural,0,0,Month-to-Month,Basic Connect,Bank Transfer,1,48.88943969756368,156850550.89026877,39,3,64.0,0,3
c9b90f04-d187-48a2-b6db-23f0a94a178f,Male,74,Rural,0,0,Month-to-Month,Standard Connect,Credit Card,1,90.36391547724548,228781556.21580705,41,0,93.0,0,1
f91a3ebd-d9be-4a18-9203-0e08d3fa042c,Male,66,Urban,1,1,Two Year,Premium Connect,Credit Card,1,105.33484111233348,303610625.38557374,45,2,131.0,0,1
2c779920-352e-4e2b-b182-72e8ff7d0ee6,Female,78,Urban,0,1,Month-to-Month,Premium Connect,Digital Wallet,1,98.27779981977122,252668738.539184,44,5,105.0,0,1
e052ea87-6ca2-415d-bc25-0d0b5471e065,Female,50,Suburban,1,0,Two Year,Standard Connect,Bank Transfer,0,80.86269402076265,218019816.1099548,40,0,79.0,0,1
ca8d31a5-e57a-48ee-aeb5-87da0f668fa4,Female,76,,0,0,Month-to-Month,Premium Connect,Credit Card,1,107.18016354503176,6966.710630427065,65,3,64.0,0,0
548235f7-03b9-49e3-997a-731cefd4ce52,Female,18,Suburban,1,0,Month-to-Month,Basic Connect,Mailed Check,1,47.523865921198905,1710.8591731631604,36,1,49.0,0,3
108be471-fbd9-4475-9455-edb08c66a707,Female,51,Rural,0,1,Two Year,Premium Connect,Credit Card,0,77.70557782398653,2952.811957311488,38,2,79.0,0,3
b494a98c-cf56-4036-9b29-ee90d7334b2f,Male,58,Suburban,0,0,Month-to-Month,Standard Connect,,0,41.207759460002364,76389349.84285638,42,1,37.0,0,3
3585d483-ef47-4a5f-ae4d-d08b09f151fd,Female,58,Rural,1,0,Month-to-Month,Premium Connect,Credit Card,0,84.80224004070921,148820651.9443834,63,1,81.0,0,0
4802e3ac-6587-47e5-b2a3-41a5c7d9a2bb,Male,19,Rural,0,1,Month-to-Month,Basic Connect,Bank Transfer,1,48.31668251699118,117409949.1158522,47,1,63.0,1,3
2a2ca011-f8a5-4c4a-b453-a9fb63e055bf,Non-Binary,78,,0,0,Month-to-Month,Premium Connect,Digital Wallet,0,108.4264270598524,4662.336363573653,43,2,111.0,0,3
f61cb1ec-99ba-45b0-9891-5c58761ac388,Female,18,Urban,0,0,One Year,Standard Connect,Digital Wallet,1,70.59445294996776,153874345.16969022,39,0,41.0,0,3
70f801b3-6f59-4d54-8ed3-9af29a0482b2,Female,35,Suburban,0,1,Month-to-Month,Premium Connect,Bank Transfer,1,120.38515271145108,338970702.7864073,51,3,110.0,0,1
b8798cf3-a43c-4def-b915-07ca9a4092ca,Female,34,Rural,0,1,One Year,Premium Connect,Bank Transfer,1,100.96566278204948,6562.768080833216,65,1,73.0,0,0
d0bb0f6a-44b3-4518-acc2-fc1d846e573d,,60,Urban,0,0,Month-to-Month,Standard Connect,Credit Card,1,58.58045874014092,3749.149359369019,64,3,87.0,1,0
41cd3685-fa82-4e13-a160-6a4aa1363ff8,Female,26,,0,0,Month-to-Month,Basic Connect,Bank Transfer,0,39.24531054710644,70097146.80753928,51,2,45.0,0,3
b6a857d2-4725-41bf-bb6f-73c1d6f9973f,Female,65,Urban,1,0,One Year,Standard Connect,Digital Wallet,1,79.03140705276112,144230676.68150428,48,0,66.0,0,3
1fb41eee-a2d6-4c2d-8039-806499847b71,Male,27,Urban,0,0,One Year,Premium Connect,Bank Transfer,0,106.93626117985312,330983761.9865576,63,3,82.0,0,1
0c33faa3-7b05-4c76-a836-43615aeac217,Male,22,Suburban,0,0,Month-to-Month,Standard Connect,Digital Wallet,1,66.54630464666846,163373592.4353967,38,1,76.0,0,3
9e1a3799-690a-4ce6-8b81-2ef821119bab,Female,48,Suburban,0,1,Month-to-Month,Standard Connect,Digital Wallet,1,46.879305078494376,134633032.20609158,59,0,75.0,0,0
ea766984-b2f3-4bd0-a45f-df9fb6a29e68,Female,22,Urban,0,0,One Year,Standard Connect,Bank Transfer,0,40.70721905482735,2320.311486125159,57,2,44.0,0,0
7125decd-633d-4f83-b06a-9e06bbb9c74c,Male,74,Urban,0,0,One Year,Standard Connect,Credit Card,1,84.07954036220309,3699.499775936936,44,1,99.0,0,3
45c90b0b-2a3f-4997-b1a2-08d6d4a5fdb6,Female,37,Rural,0,0,Month-to-Month,Basic Connect,Credit Card,0,38.02970683375933,102769247.53012216,61,0,61.0,0,0
f944244c-bada-425c-8191-aaf99fde9104,Male,51,Urban,0,0,Month-to-Month,Standard Connect,Credit Card,1,35.38578492827256,56467437.23234009,66,1,49.0,0,0
5c01ba79-c5f0-41e9-951c-98a4326c9de3,Prefer not to say,68,Urban,0,1,Month-to-Month,Standard Connect,Credit Card,0,68.52239969721155,118922213.58466244,61,0,71.0,0,0
5a68740e-df78-4dd0-9fd5-18068a66b9ca,Female,73,Suburban,1,0,Month-to-Month,Basic Connect,,1,55.58356377350383,170987477.72796112,68,1,66.0,0,0
e84fa570-165c-42e0-98ee-c9b4fa5c16a0,Female,38,,0,0,One Year,Premium Connect,Digital Wallet,1,106.22399606673632,190655785.9338649,56,0,69.0,0,1
aaf7cc92-2a11-4513-ba89-3f2075de43c2,Male,64,Urban,1,0,Month-to-Month,Premium Connect,Credit Card,1,110.59873090862712,195684333.642184,69,2,91.0,0,1
f1a5d24f-7cab-470f-995c-d5d22a963859,Male,76,Urban,1,0,Month-to-Month,Standard Connect,Bank Transfer,0,75.3297108046133,163751721.62885776,36,1,70.0,0,3
64fa7ea5-4b8d-460c-b017-3278c3225687,Female,79,Suburban,1,1,Month-to-Month,Standard Connect,,1,76.38583612562881,263615941.5333076,45,2,66.0,0,1
c29402a5-de36-4b23-a112-5804e24b148e,Male,25,Urban,0,0,Month-to-Month,Premium Connect,Digital Wallet,0,109.35063539664144,298269190.0330301,41,3,64.0,1,1
6ba80dc0-fa21-467e-a070-b954a978796f,Female,71,,0,1,One Year,Standard Connect,Bank Transfer,1,79.07418240868955,126173594.60987756,55,1,50.0,0,0
e508c578-e9f7-4fa3-bd2f-da6a086ab106,Female,24,Urban,1,0,Month-to-Month,Basic Connect,Bank Transfer,1,24.513774358293624,61313669.96497102,48,2,24.0,0,3
848f76dc-5c98-4a78-88f6-976f8e0ff884,Female,47,Suburban,1,1,Two Year,Basic Connect,Credit Card,1,30.61051313208421,64681329.6616348,41,3,34.0,0,3
4a869b0f-1142-4686-aee3-f93593406d85,Prefer not to say,33,Suburban,0,0,Month-to-Month,Basic Connect,Credit Card,1,37.84712822208882,69056808.2649303,48,2,25.0,0,3
56bfbabd-1e4b-4a3a-b1f6-fc19f2fd3b9b,Female,33,Suburban,0,0,Month-to-Month,Standard Connect,Digital Wallet,1,89.6902143476963,188094573.50813133,61,3,64.0,0,1
7f468999-33cb-482a-847d-550e1ad2dc05,Male,29,Suburban,0,0,Month-to-Month,Standard Connect,Credit Card,1,69.61330927669701,158520630.16557312,38,1,59.0,0,3
b7b44910-2597-4214-ae4d-e3f1d2f824b4,Male,59,Urban,1,0,One Year,Basic Connect,Mailed Check,1,23.342912586070668,73460012.38213632,42,2,37.0,0,3
c0c431f9-a50c-47c2-b597-70853df74cd9,Male,30,Urban,0,1,Month-to-Month,Basic Connect,Digital Wallet,0,21.43295799361888,35907552.90658729,61,4,64.0,0,0
534878c7-4ac8-4451-a4aa-190c06b8278b,Female,27,Rural,1,0,Month-to-Month,Basic Connect,Digital Wallet,1,37.91541334023671,92308263.7117528,62,2,30.0,1,0
81900553-3c99-4b00-b1bf-2e30893d5968,Male,55,Suburban,0,1,Month-to-Month,Standard Connect,Bank Transfer,1,66.21545635232772,189066183.02191943,53,0,84.0,0,1
b7db6126-0fe9-413c-90e4-0ae257871312,Male,28,Rural,1,1,Two Year,Basic Connect,Digital Wallet,1,31.26747450161726,2001.1183681035047,64,0,24.0,0,0
f0cf1054-702f-46eb-a672-ed80ad767ecb,Male,42,Suburban,1,1,Month-to-Month,Basic Connect,Digital Wallet,1,33.18331734080624,97718093.6801344,36,1,64.0,0,3
3c922b6b-5ee9-43e5-9114-590a9a05f025,Male,60,Urban,0,0,Month-to-Month,Basic Connect,,0,20.0,42005707.283809416,65,0,17.0,0,0
a13fd3c9-e19d-4f35-a014-7c2854496dae,Female,48,Suburban,0,0,Two Year,Standard Connect,Digital Wallet,1,62.4253338719429,129286968.81096676,52,1,59.0,0,0
608378de-199b-497d-b36c-fb8b838c3cc0,Male,76,Urban,0,0,Month-to-Month,Standard Connect,Credit Card,1,66.58694830561383,134228419.6811462,43,3,64.0,0,3
b8f894b7-bdb8-463b-b5f9-1b65cd84385b,Female,67,Urban,0,1,Month-to-Month,Standard Connect,Credit Card,1,73.22075009050536,187018288.79944736,51,3,104.0,0,1
5fa66553-555a-46da-a19e-089eb2c89545,Male,80,Urban,1,1,Month-to-Month,Basic Connect,Digital Wallet,0,53.86135288702522,99539181.4590098,60,1,64.0,0,0
a71e7c45-9714-44a9-bed9-23899f7c4894,Female,60,Suburban,0,0,Month-to-Month,Standard Connect,Credit Card,1,71.72446154163009,155314632.33316255,42,0,87.0,0,3
29f2ce57-510d-4d13-b674-fddacdae0c9d,Non-Binary,29,Urban,1,0,Month-to-Month,Basic Connect,Credit Card,1,64.08552025648723,2307.0787292335403,36,1,21.0,0,3
6f2eee46-2814-4ade-a3de-d39b8e77389b,Male,82,Rural,1,1,One Year,Premium Connect,Credit Card,1,114.40320539957293,307126017.8937574,61,0,176.0,0,1
197a4334-c501-4183-8206-6bcab5a1a1dd,Prefer not to say,31,Urban,0,0,Month-to-Month,Basic Connect,Mailed Check,1,20.0,59997067.86475772,61,2,64.0,0,0
bf123ff6-7803-40a8-b132-4f37327a57f8,Female,48,Urban,1,0,Month-to-Month,Premium Connect,Credit Card,1,104.3681026737735,6783.926673795278,65,2,95.0,0,0
c573e349-245e-4767-8045-a41f63a7f6b9,Female,51,Urban,0,0,One Year,Basic Connect,Mailed Check,1,64.08552025648723,3588.7891343632846,56,1,39.0,1,0
5bc1c360-ea20-4c71-acb9-eb4c23d4bef9,Female,25,Urban,1,0,One Year,Basic Connect,Credit Card,1,81.21116448515204,229895414.16113105,59,1,46.0,0,1
b5c54a0f-571b-4eb4-845e-708bc2aee33e,Male,58,Suburban,0,0,Month-to-Month,Basic Connect,Mailed Check,1,33.11054781862937,1986.6328691177623,60,1,64.0,1,0
9b225dd6-33bc-4cfb-8617-6c484e7203ba,,76,Urban,0,0,Month-to-Month,Premium Connect,Bank Transfer,1,75.72681039233576,3786.340519616788,50,1,65.0,1,0
77936bb2-4ffe-46b5-be74-fc0ee31ed41f,Male,47,Urban,1,0,Two Year,Basic Connect,Bank Transfer,1,47.2875363758999,3168.264937185293,67,0,64.0,0,0
c224a5ae-f988-4164-a6ce-713600312316,Male,58,Urban,0,0,Two Year,Standard Connect,Credit Card,0,70.20206793758358,4352.528212130182,62,4,82.0,0,0
f59051f0-6b7c-4ff4-ba47-a6b118bb07cf,Male,77,Urban,1,0,Month-to-Month,Basic Connect,Mailed Check,1,27.17960782654017,42966643.88275369,65,1,32.0,0,0
13d55f41-ab56-4d16-8237-ccad33c09ee5,Female,18,Urban,0,0,One Year,Basic Connect,Credit Card,0,62.98938869898013,162683398.8069062,62,2,99.0,0,0
75e6d5b0-cdc9-4d53-956c-54fe5907405e,Female,71,Urban,0,1,Month-to-Month,Premium Connect,Bank Transfer,1,100.26905574267238,163419797.61704865,56,3,95.0,0,1
a823a1cc-c2ec-44d0-a9ba-f53bc464daaa,Female,77,Rural,0,0,One Year,Basic Connect,Digital Wallet,0,50.75693623997692,144145710.59802687,45,1,63.0,0,3
0b46767b-935f-4b04-8c17-e61c8555e520,Female,84,Urban,0,0,Month-to-Month,Basic Connect,Credit Card,0,39.21768862870093,84243052.9282208,41,1,25.0,1,3
2dc1009d-e5f1-427b-bb13-6ba7a04c7b93,Male,83,Suburban,0,0,One Year,Standard Connect,Credit Card,1,87.91662134816464,3780.41471797108,43,0,93.0,0,3
880187c9-731c-4b5c-9513-a1ebcd94a37a,Female,78,Urban,0,0,Month-to-Month,Standard Connect,Credit Card,1,91.13197318418472,216951903.695471,53,2,90.0,0,1
3d1c6682-1011-4890-8234-d483e97ef33e,Female,44,Suburban,0,1,One Year,Standard Connect,Credit Card,1,58.94093916328103,127240421.36715208,60,2,60.0,0,0
81793862-6af4-445a-8224-06e3edbb5297,Male,22,Urban,0,0,Two Year,Standard Connect,Credit Card,1,64.32456341211864,122138503.9437997,58,1,97.0,0,0
253733bf-cd5f-4f79-a6e8-24c97d40b3a0,Female,52,Suburban,1,1,One Year,Basic Connect,Credit Card,1,55.18799150040647,119419978.64243326,43,2,78.0,0,3
5c31cf32-7c24-4a79-809b-901107d51c0e,Female,29,Urban,1,1,Two Year,Basic Connect,Digital Wallet,1,29.314671421949047,1172.586856877962,40,0,23.0,0,3
8a53a246-b3c9-4a97-9959-593bf3d4eac6,Male,21,Suburban,0,1,Month-to-Month,Basic Connect,Credit Card,1,37.38445012558299,107562255.68585014,64,1,25.0,0,0
ffd9ab58-0bea-4f89-902d-f1f305f64927,Female,83,,0,0,One Year,Basic Connect,Credit Card,0,20.0,38402479.78406847,39,3,18.0,0,3
7db74182-54e3-4152-8ed5-e0c8f4c3b5dd,Female,26,Rural,1,0,One Year,Basic Connect,,0,53.84804511492811,117131049.84993082,36,1,40.0,0,3
c196a476-fc3a-4ec1-9360-22d62ad26ec3,Female,54,Rural,0,0,Month-to-Month,Premium Connect,Bank Transfer,1,92.96980618699315,217048920.7237293,37,1,62.0,0,1
019872a9-2fba-49bd-9fc6-6ac61b6010eb,Female,31,Rural,0,0,Month-to-Month,Premium Connect,Credit Card,0,117.62127747017745,308250435.6957311,43,1,84.0,1,1
9890d4e0-5fc3-4cd1-bb3b-3cc541a94419,Male,22,Urban,1,0,One Year,Standard Connect,Credit Card,1,62.36063759416219,104792300.03233656,35,1,38.0,0,3
2fbd0e9f-977f-4504-af3d-5b7efaf972e2,Female,66,Urban,1,0,Month-to-Month,Premium Connect,Credit Card,1,116.50975172251324,3961.3315585654505,34,0,71.0,0,3
8947eb4c-89d8-4677-bd1f-09cdd3cf8085,,51,Rural,1,0,Month-to-Month,Basic Connect,Digital Wallet,0,38.08154371726531,89358840.65966184,39,0,32.0,0,3
5d7f5b12-ef63-451a-aa37-419e1c2c5069,Male,53,Suburban,1,1,One Year,Basic Connect,Credit Card,1,37.96908670783559,110742155.97364138,46,2,35.0,0,3
debe8879-2e26-4248-80a8-084009aaa47c,Male,72,Suburban,0,0,One Year,Premium Connect,Bank Transfer,0,103.0103975148908,164888248.72033054,60,1,90.0,0,1
71050c76-9f90-4364-9613-c03589c34880,Male,63,Urban,0,1,Month-to-Month,Basic Connect,Digital Wallet,1,44.53207266895821,98547676.19383387,55,3,67.0,0,0
709ec75f-c799-4af6-a835-cbbcf83fadb1,Male,51,Urban,1,1,Two Year,Standard Connect,Mailed Check,1,86.95608086594311,163877611.93133348,56,4,48.0,0,1
40b43190-7718-4cd0-9e08-a9059d9060b0,Female,73,Urban,1,1,Month-to-Month,Basic Connect,,1,58.46247376589792,150271414.41939092,66,1,81.0,0,0
7751693b-118d-4647-b3cc-a0261008fa92,Male,42,Urban,0,0,Month-to-Month,Premium Connect,Credit Card,1,104.34699260858795,280211463.32463664,44,1,141.0,0,1
06a97ef5-7359-49e6-b110-605d800a87b8,Male,61,Urban,0,0,One Year,Premium Connect,Credit Card,1,81.94412083678144,238934410.044924,48,1,122.0,1,1
b9599876-3f7a-4d1c-91e1-1d3deea53947,Male,77,Suburban,0,0,Month-to-Month,Standard Connect,Credit Card,1,68.45277365043609,4723.24138188009,69,1,87.0,0,0
48da45a5-e4ad-4dfb-93d3-7fc60a5add43,Female,51,Suburban,0,1,Two Year,Premium Connect,Digital Wallet,0,86.23173006702778,262948276.4316417,40,1,129.0,0,1
0f8b4e2c-ece6-4605-918b-47b7bf166ef2,Female,28,Rural,0,0,Month-to-Month,Standard Connect,Credit Card,1,47.58417608680364,97659811.42624326,39,1,30.0,0,3
2d3ed6f5-7cc6-4029-be80-bdd526d3a247,,35,Suburban,0,0,Month-to-Month,Basic Connect,Mailed Check,1,74.8795570897803,166136482.70439047,53,2,53.0,1,1
cd455c35-86b0-40cf-9d38-1865e0d50802,Male,44,Urban,0,1,Month-to-Month,Premium Connect,Credit Card,1,77.56282780810882,179354774.22101966,57,3,45.0,0,1
6bcae943-1876-432b-ae4b-e527c96c864b,Male,72,Suburban,1,0,Two Year,Standard Connect,Bank Transfer,0,58.324197992182334,110173924.35374355,62,0,63.0,0,0
d8631189-d2a5-48d0-b990-c93aa22cf44e,Female,53,Suburban,0,0,Two Year,Premium Connect,,0,110.51699317434448,300033962.34685785,55,0,65.0,0,1
942428e9-814f-453a-9158-cd42ee541837,Male,27,Suburban,0,0,Month-to-Month,Basic Connect,Credit Card,1,48.90434756091391,106726850.00584462,69,0,30.0,0,0
acffbc3b-c144-4c14-9868-97e42ee7b25f,Female,77,Rural,0,1,Month-to-Month,Basic Connect,Credit Card,1,50.43346076017234,113732425.76261918,65,1,37.0,0,0
95237f06-ff32-449e-a476-b3ef5649e14c,Male,43,,0,0,Two Year,Basic Connect,Mailed Check,1,49.19816251338896,99615227.42756796,54,0,76.0,0,0
92243075-0f89-4069-a447-aadcc3b11e3e,Male,29,Rural,1,0,One Year,Basic Connect,Digital Wallet,1,48.89880729706473,79308792.09767309,45,0,37.0,0,3
4c8ddef2-b700-4a50-8c65-4b763fecd66e,Female,27,Rural,0,0,Month-to-Month,Basic Connect,Digital Wallet,0,42.37880842456624,66388643.29395807,34,1,46.0,0,3
fd560d27-86e0-4db0-a609-bae630660117,Male,35,Suburban,0,0,Month-to-Month,Basic Connect,Credit Card,0,30.82418805166744,1356.2642742733674,44,1,36.0,1,3
3ce2104e-3082-4b63-b045-732498cf3b45,Female,46,Rural,1,0,Month-to-Month,Premium Connect,Digital Wallet,0,98.57715164543112,3647.354610880952,37,2,145.0,0,3
1f72d1ae-8ba4-44b9-9549-3b2ae24e482d,Female,66,Rural,0,0,Two Year,Standard Connect,Credit Card,1,60.79731553716341,98447964.08212392,56,1,69.0,0,0
dca12dff-bd7f-47e0-b75f-e2747c6fcd48,Male,42,Urban,1,0,Month-to-Month,Premium Connect,Digital Wallet,0,85.43829525212827,259180003.7539633,52,2,64.0,0,1
dd4f7fc5-5569-4347-a9f3-132560b013a3,Male,76,Suburban,0,0,One Year,Standard Connect,Digital Wallet,0,101.15694855490092,321433581.2593677,36,1,72.0,0,1
5a3c857b-5bf5-49a1-9b2b-6118c91bf64c,,56,Rural,0,0,Month-to-Month,Basic Connect,Bank Transfer,1,48.82893660484986,107446820.46487989,57,0,75.0,0,0
1a4ccbe2-03d1-46c9-b7cc-ede9676afc0e,,20,Urban,1,0,Month-to-Month,Premium Connect,Credit Card,1,102.40790536789768,278617259.6258117,42,1,112.0,1,1
74ba8184-d389-4866-b5e8-4ed6b8bacfb1,Female,35,Urban,1,0,One Year,Basic Connect,Credit Card,1,20.641198457412127,62848323.84942975,50,2,64.0,0,3
d4e030ea-9484-499d-a4bb-90bbd496d2cd,Male,20,Urban,0,0,Month-to-Month,Premium Connect,Credit Card,1,79.13134376407746,241121444.8937733,47,2,83.0,1,1
1bb8909c-3bf6-4ee6-9aca-3fcfbcc17145,Female,54,Urban,0,0,Two Year,Premium Connect,Credit Card,0,115.88876845468644,304590183.16552246,35,1,128.0,0,1
f1a50e21-bbdb-4b66-adde-6b15f0936e27,Male,54,Urban,0,0,Two Year,Premium Connect,,1,74.03052604306545,195398081.5148832,55,0,113.0,0,1
d562c02f-794b-4880-9df0-497cf9746c4e,Female,78,Urban,1,0,Month-to-Month,Basic Connect,Credit Card,1,43.980428153511866,68072632.52899338,35,1,57.0,1,3
6c59e6ef-5b81-4990-ad25-87db9670979f,Female,70,Suburban,1,0,Month-to-Month,Premium Connect,Digital Wallet,1,104.6125295643869,152249404.31499344,68,1,103.0,0,0
95d0b8ef-6cf1-40fd-bc6b-b6e6913fabaf,Female,73,Rural,1,0,One Year,Standard Connect,Credit Card,1,69.66398878320918,196022422.20101228,62,0,57.0,0,0
6aa19946-0600-413a-b75a-1a46f063b680,Male,68,Suburban,0,0,Month-to-Month,Standard Connect,Bank Transfer,0,74.88584205618943,143340517.2890612,66,1,91.0,0,0
3fdf6e56-7e2c-4e19-acc9-3c535ec2fb3f,Non-Binary,56,Rural,0,0,Month-to-Month,Premium Connect,Digital Wallet,1,105.49411041093408,256589992.2698108,40,3,125.0,1,1
2f28fa0c-4daa-4b13-b74d-29758eb4a569,Female,51,Urban,1,1,Month-to-Month,Premium Connect,,1,108.19229226505983,274040038.68746907,60,0,104.0,1,1
f2c3d23b-20c0-4c02-8fb5-687f91d1f3bf,Female,73,,0,0,Month-to-Month,Standard Connect,Credit Card,1,86.57289171060475,239165422.3287936,50,0,96.0,0,1
8456d48a-839d-4643-8738-3f2c521e5a62,Female,83,Urban,0,0,Two Year,Basic Connect,Bank Transfer,1,39.13670637591048,104056152.06815308,43,3,49.0,0,3
c8b50601-1efa-43dd-9d0a-7f4004cd2f3d,Female,51,Urban,0,0,Month-to-Month,Standard Connect,Bank Transfer,1,78.7617163055042,220555040.3445761,37,2,77.0,1,1
d0cff848-2182-4fc6-8134-a8bb995f22b5,Female,50,Rural,1,0,Month-to-Month,Premium Connect,Digital Wallet,0,117.61998630101476,194535942.77122617,46,0,152.0,1,1
5ce81360-d79d-4306-a123-5d9d4dd797b7,Female,51,Rural,1,0,Two Year,Standard Connect,Bank Transfer,0,84.00174097437032,203842681.7598973,35,1,67.0,0,1
deb26a7e-2a48-4e90-805c-8d99fce8164a,Male,29,Suburban,0,0,Month-to-Month,Premium Connect,Mailed Check,0,113.31767826578802,226442672.9579208,42,1,132.0,0,1
532174e0-2da2-4715-9f85-09d43fb40cf1,Prefer not to say,64,Urban,0,0,Two Year,Standard Connect,Bank Transfer,1,65.64925254592217,216160570.30138755,67,0,90.0,0,0
83de2f05-9b88-4927-9877-e70804bf5365,Female,68,Urban,0,0,Month-to-Month,Basic Connect,Bank Transfer,0,45.92670559728332,82039018.23717926,42,2,51.0,0,3
f2b4e977-4d64-42e8-808b-1c6767348feb,Male,51,Urban,0,0,Month-to-Month,Premium Connect,Credit Card,1,84.1536455204317,177725046.0105594,62,1,126.0,0,1
e89e3292-c36d-4219-8c7f-2d79aba58769,Male,77,Urban,0,1,Month-to-Month,Premium Connect,Digital Wallet,1,78.34781372476463,222274109.4844534,38,1,48.0,0,1
ad2a83ac-e27a-423b-a3da-9c15ae36a04f,,79,Urban,0,0,One Year,Basic Connect,Credit Card,0,34.431481144139994,54028251.01035885,52,1,32.0,0,0
bec5bd24-973d-4274-b128-089cbb7bc27a,Male,75,,0,0,One Year,Standard Connect,Bank Transfer,0,40.80490156254713,88013805.91683772,52,2,32.0,0,0
31f736d6-af0b-4402-ab8f-d9fb8f7d8cf8,Male,70,Urban,0,0,One Year,Premium Connect,Bank Transfer,0,104.89380714724786,288012127.95232284,38,1,153.0,1,1
5395f7fc-e71c-4ed5-b2e8-d90f54d47864,Male,53,Rural,1,0,One Year,Basic Connect,Bank Transfer,1,46.59266567428868,81369579.50475493,34,3,39.0,0,3
3e888abe-15a0-404e-b14e-9e6a5393e394,Male,18,Suburban,0,0,Month-to-Month,Standard Connect,Bank Transfer,1,47.00480743160018,132476701.05073056,48,1,54.0,0,3
d9ca867d-1847-482b-8172-7be1a160e4c6,Prefer not to say,63,Rural,0,0,Two Year,Basic Connect,Mailed Check,1,44.5722194492165,119260212.20341754,40,0,64.0,0,3
eed0fc87-506c-4e3a-b83c-dea79f6de9ff,Female,71,Urban,0,0,Month-to-Month,Premium Connect,Digital Wallet,1,111.74055121402174,223130855.68380705,44,1,117.0,0,1
dc62e073-ab20-4a68-850d-c44a658f1480,Male,33,Suburban,0,0,Month-to-Month,Standard Connect,Mailed Check,0,84.1430030248176,254397883.98881745,50,1,50.0,1,1
9413e9ff-0aa5-416b-ba28-64a38f4d2e2b,Female,40,Urban,0,0,Two Year,Standard Connect,Digital Wallet,1,49.15367621962274,108698554.09024182,47,0,32.0,0,3
d619bf42-c028-460b-8ea4-af71cd31da22,Female,30,Rural,0,0,Month-to-Month,Standard Connect,Mailed Check,1,73.40556397710712,141431364.45413208,44,2,72.0,0,3
b3dc3cee-7ad0-4cc5-94f7-082e15ae988f,Male,51,Urban,0,0,Month-to-Month,Basic Connect,Credit Card,1,41.061890733062185,92392697.46871734,54,2,65.0,0,0
45a2e107-20d0-48f2-a964-b97ae687d321,Male,72,Rural,0,0,One Year,Standard Connect,Bank Transfer,0,62.51701992996024,195674339.79843605,45,1,92.0,0,1
0aaa3d29-7252-4ae7-b82c-3577f3e6ad5a,Female,51,Suburban,0,1,Two Year,Basic Connect,Credit Card,0,34.35050649363518,99008613.25298488,38,3,64.0,0,3
7b2c261e-26c5-467c-9053-5b8a0ed52e10,Female,81,Suburban,0,1,Month-to-Month,Basic Connect,Credit Card,0,29.14343933138573,72085323.34606893,48,2,64.0,1,3
8f9fcea4-fdf3-48a9-9de3-48156dc8d6a5,Female,56,Urban,0,0,Month-to-Month,Standard Connect,Credit Card,1,81.11077378594628,218612366.5761881,58,1,64.0,0,1
f36fd017-91b7-4562-8e1a-1b559063792b,Male,55,Suburban,0,0,One Year,Premium Connect,Digital Wallet,0,80.3163549933045,208559289.42209125,41,1,94.0,0,1
c320da9a-2aa1-45f1-b061-6ef7c7ef1a8a,Female,83,Suburban,0,1,Month-to-Month,Premium Connect,Digital Wallet,0,97.91691870826794,261954931.66555345,63,1,107.0,0,1
afc0759d-8591-4356-b335-2d2a83cfc979,Female,51,Rural,1,1,Month-to-Month,Basic Connect,Credit Card,0,34.1530131921366,55960335.65573582,53,1,40.0,0,0
da1053b5-9ad6-4ac1-8675-3df91cb75753,Male,20,Rural,0,1,One Year,Standard Connect,Bank Transfer,1,71.37861993087132,130024221.56204686,61,3,59.0,0,0
340a93fa-f78b-4f3c-ba4f-45b22f2969e4,Female,27,Urban,0,0,One Year,Standard Connect,Bank Transfer,1,86.4207752784849,149567920.52940243,68,5,88.0,0,0
59bb5d3b-d0e8-4064-9d90-2070f9f3a633,Male,24,Urban,1,0,Two Year,Premium Connect,Digital Wallet,1,111.06637919060636,199711323.68240783,49,0,124.0,0,1
35c651c2-adc9-461a-8019-a3d1d4e3c67c,Female,24,Suburban,0,0,Month-to-Month,Standard Connect,Digital Wallet,0,86.5937034495873,170306151.99160764,63,0,124.0,1,1
6e8701df-1c39-4575-a890-9f6db17e4bce,Female,52,Rural,0,1,Month-to-Month,Basic Connect,Digital Wallet,1,29.75746809994938,49652319.61523564,56,3,30.0,1,0
fb8c5caa-0ae0-494b-ad3f-e6570df8a7f3,Male,37,Urban,0,0,Two Year,Basic Connect,Digital Wallet,1,55.95132872965517,170477277.60979185,34,0,78.0,0,3
c1f71f99-f6fa-4bdb-aad8-296fe43099a6,Male,68,Suburban,1,0,Month-to-Month,Basic Connect,Credit Card,1,27.63541385145733,75698348.58644262,53,2,41.0,0,0
c1e02179-5721-440b-bc67-2f6191241cfc,Male,25,Urban,0,1,Month-to-Month,Standard Connect,Credit Card,0,36.320675044913614,92347236.2888088,58,1,54.0,0,0
57e4c99c-2d59-44cc-9a1f-52423f6c7ad6,Male,51,Rural,0,0,One Year,Premium Connect,Credit Card,1,101.1665789336122,151425031.5232152,53,1,76.0,0,1
781d168c-da7d-4883-8a17-166200e2edfb,Female,28,Urban,0,0,Month-to-Month,Premium Connect,Bank Transfer,1,98.33376258694209,206228312.5064937,34,1,96.0,0,1
11e9ee2d-1c7c-4bb7-9ad6-b5d8b400f950,Female,19,Rural,0,0,Month-to-Month,Basic Connect,Credit Card,1,40.03636213784992,72807631.31401037,47,2,51.0,0,3
5d835d07-2d21-40cc-a4b2-e88768f9f6b1,Female,70,Urban,0,0,Two Year,Basic Connect,Bank Transfer,1,25.73605444143203,42298482.18856464,65,1,31.0,0,0
27be3b02-4b10-4ced-b4b8-331ec05865a2,Female,52,Suburban,0,0,One Year,Premium Connect,Bank Transfer,0,95.92793389745027,6427.171571129168,67,2,121.0,1,0
fa6fd55f-6058-4218-93f4-a9301626c4c8,Male,18,Urban,0,1,One Year,Basic Connect,Bank Transfer,0,35.67469252260871,73333746.10942651,53,1,28.0,0,3
bd12d7a1-a361-4657-bbaf-62bd86062c92,Male,45,Suburban,1,0,Month-to-Month,Standard Connect,Credit Card,0,74.87289292859167,181795683.7411926,49,3,103.0,0,1
ddd6ce29-625b-4420-bb2a-7ad4207c721e,Male,58,Rural,1,0,One Year,Premium Connect,Bank Transfer,1,119.22089071639364,223005746.6137664,67,1,150.0,0,1
851edf2d-f6f7-458f-b15f-c40b093fa519,Male,46,Suburban,1,0,Month-to-Month,Standard Connect,Credit Card,1,64.08552025648723,254406540.3466449,49,1,58.0,0,1
f5c1954f-30b2-487f-b8d6-9308a09f91cc,,77,Suburban,0,1,Month-to-Month,Basic Connect,,1,43.26657626243673,106569305.98383863,51,3,64.0,0,0
4fdfd74d-0f54-44eb-8a23-ca9fe13a080c,Male,48,Rural,0,0,Month-to-Month,Standard Connect,Bank Transfer,1,67.77098493592163,194450923.1879808,38,0,64.0,0,3
ee404a00-0d5c-4daf-91ae-1d3b2a24590a,Non-Binary,24,Rural,0,0,Two Year,Basic Connect,Credit Card,0,22.674107058851497,46253058.416308224,64,1,26.0,0,0
a793b961-7a52-43ff-82ca-2437dded2d7f,Male,62,Urban,0,1,Two Year,Standard Connect,Credit Card,0,47.2995240787204,112884894.73082414,49,2,57.0,0,3
1a52a935-6d2c-4e02-af38-e9006c318493,Female,71,Rural,0,0,Month-to-Month,Basic Connect,Bank Transfer,1,20.680078978152743,38043556.07700041,42,0,33.0,0,3
5dcfe7d5-4e3c-4f79-a514-f2b23a81c917,Female,48,Rural,0,0,One Year,Basic Connect,Bank Transfer,0,53.868539077502994,139467555.62435403,47,2,73.0,0,3
16964e07-4c15-4788-a3a7-2196e65c4026,Female,24,Rural,0,0,Month-to-Month,Standard Connect,Digital Wallet,0,77.41749159528979,223164940.6591493,62,3,99.0,1,1
60214170-3f58-4c3d-b534-e63ab2dff89e,Female,63,Urban,1,1,Two Year,Premium Connect,Credit Card,1,134.0370159245154,409222351.5399449,57,1,79.0,0,1
151bbce8-3c99-4edf-89e8-782680cf558d,Male,41,Suburban,0,0,Month-to-Month,Basic Connect,,1,64.08552025648723,100333344.72173762,41,1,38.0,0,3
c88213ef-6935-4f1d-9786-70d07faf7786,Male,27,Urban,1,1,Two Year,Basic Connect,Credit Card,1,25.052046219787243,60266937.53236793,66,1,39.0,0,0
ab56d9e7-b59f-4229-b3c0-a6b7048dec2e,Male,43,Urban,1,0,Month-to-Month,Standard Connect,Mailed Check,1,66.36561523665155,114245703.98640512,59,1,41.0,0,0
a19db84b-160d-4184-9d0c-04825afedac1,Male,81,Urban,0,0,Month-to-Month,Basic Connect,Credit Card,0,43.80508184937969,101533631.95259406,61,2,68.0,0,0
ebaa69a6-4c40-4d8c-b739-06d9f2290895,,70,Urban,1,0,Month-to-Month,Standard Connect,Mailed Check,0,79.41757513745756,207029343.2478464,52,2,107.0,0,1
c79a6f26-6803-4783-b0d4-a7be8cb6c2a8,Male,67,Suburban,0,0,Month-to-Month,Standard Connect,Digital Wallet,1,63.7313194402557,106980581.0833291,66,0,64.0,0,0
7b0b8d80-a721-4ff9-9a64-a9a2d7aa122b,Male,22,Urban,0,0,Month-to-Month,Premium Connect,Digital Wallet,1,84.14165998697126,199099229.5841613,65,1,121.0,0,1
09f6cb90-6664-4327-9635-3edd8e0784e0,Female,80,Rural,0,1,Month-to-Month,Basic Connect,Credit Card,1,45.651210418277216,78564000.5541044,52,1,53.0,0,0
d4f7c317-e6ce-4308-8cdf-6069dceeb337,Female,79,Urban,0,0,One Year,Premium Connect,Bank Transfer,1,107.71805562050358,240224393.2765429,63,2,163.0,0,1
5ad310c6-e8a2-4ede-8b37-f5576d8e30f0,Female,61,Suburban,0,1,Month-to-Month,Premium Connect,Credit Card,0,86.3495568179108,247049833.1070645,51,1,92.0,0,1
857a1f2c-a687-4d21-9eb4-e873a45ae2d2,Female,76,Rural,1,1,Month-to-Month,Premium Connect,,1,128.12620941089924,267630174.25634947,39,1,163.0,0,1
a22e53a3-c272-44b4-bafe-e0bac9fdc3f0,Female,71,Rural,0,0,One Year,Standard Connect,,0,45.13805852164836,105776567.67594908,55,2,29.0,1,0
643df58b-1f8e-45cd-ae9a-21e8f9b0a085,Prefer not to say,39,Urban,0,1,Month-to-Month,Standard Connect,Digital Wallet,1,62.05504851759788,153004685.9636398,45,1,92.0,0,3
808edc08-8a0a-4107-ab2a-5bd71268b0c4,Male,46,Rural,0,0,Month-to-Month,Basic Connect,Credit Card,1,32.75047906465228,55359206.48801087,65,2,22.0,0,0
6ee2937b-a24e-4e2f-800a-278b0a375dbe,Male,58,Urban,1,0,Month-to-Month,Standard Connect,Digital Wallet,1,82.2914176114528,148605615.3196713,46,2,110.0,0,1
2c15faf0-03f6-4ef6-babf-d060ea0a470c,Female,61,Urban,0,0,Two Year,Basic Connect,Digital Wallet,1,20.0,34854748.91729423,58,3,18.0,0,0
467e03aa-f5ed-4607-aeb5-9634d0de8e30,Male,45,Urban,0,0,Month-to-Month,Standard Connect,,1,68.80656948322968,100929200.1622602,67,2,64.0,1,0
c75e5e9c-2056-4330-bfd2-d584e4077dec,,56,Suburban,0,0,Two Year,Premium Connect,Mailed Check,1,90.96081209560312,232482403.2976905,34,1,98.0,0,1
bc1083c9-b0f1-4b70-86e9-742e07333851,Female,33,Urban,1,0,Month-to-Month,Premium Connect,Digital Wallet,1,97.30974701048328,149951825.53036278,62,2,64.0,0,1
13d70f5c-f210-409d-b492-802bc256e78d,Female,80,Urban,0,1,Month-to-Month,Basic Connect,Credit Card,1,34.36478817677745,66056746.24802807,61,1,27.0,0,0
66efba43-b467-4be3-bf98-f9bc9b06b457,,82,Rural,0,1,One Year,Standard Connect,Digital Wallet,1,76.97535842085634,4002.7186378845295,52,3,55.0,0,0
92c82f98-f5cb-470c-a0fa-fccf1ccb2bb7,Female,45,Urban,0,1,Month-to-Month,Premium Connect,Credit Card,0,64.08552025648723,246640588.30933425,53,2,118.0,1,1
61372656-1293-4a41-9985-72967e683ac8,Male,80,Suburban,0,0,One Year,Basic Connect,Mailed Check,0,23.892438074392828,38724460.93718698,54,2,40.0,0,0
94bf5adc-efd7-41f9-9df4-5b262e10e8e8,Male,70,Urban,1,0,Month-to-Month,Standard Connect,Bank Transfer,0,67.93381184098531,4143.962522300104,61,2,64.0,0,0
a48ef56d-8da8-4e41-88e5-cea873588017,Male,84,Urban,0,1,One Year,Standard Connect,Credit Card,1,90.09465836188356,235136639.0028683,59,1,94.0,0,1
1a4173db-8fce-4745-bf07-e8ea3350e057,Prefer not to say,39,Urban,0,0,One Year,Standard Connect,Bank Transfer,0,86.0448218933567,264478183.8474395,47,0,130.0,0,1
eaca4d61-c94b-4a93-a400-b9882b865031,Female,34,Urban,0,0,Two Year,Basic Connect,Credit Card,0,50.83416279453661,99842872.92317788,58,0,49.0,0,0
8d5ef5e7-82ed-4b4e-8314-4e309de029d0,Female,68,Rural,0,0,One Year,Basic Connect,Bank Transfer,0,68.16364942841736,157856055.31589445,37,0,58.0,0,3
1aecebac-e548-49ee-acaf-89f0b8a7de69,Male,62,Urban,0,1,Month-to-Month,Standard Connect,Mailed Check,1,76.26479628870351,4957.211758765728,65,0,60.0,0,0
ae6fb167-40d5-44ee-9bc1-6d9582d3ab28,Female,51,Suburban,1,0,One Year,Premium Connect,Mailed Check,1,64.08552025648723,206472983.15430936,63,3,64.0,0,0
d8ad128d-c41f-4857-99b3-326f2187a8bc,Male,65,Urban,0,1,Month-to-Month,Standard Connect,Mailed Check,1,28.839061686395635,51487366.715136826,62,1,40.0,0,0
3ff614cb-f649-4dd7-be3c-691372f4583b,Prefer not to say,41,Suburban,1,0,Month-to-Month,Basic Connect,Credit Card,1,30.965535652895426,62103664.268920526,57,1,49.0,0,0
94a31810-f4a2-41d1-9644-7fedc1c0c8a9,Female,26,Rural,1,1,Month-to-Month,Standard Connect,Mailed Check,1,66.13313510173704,140452881.76237133,62,0,80.0,0,0
da9823e7-1524-4eb4-8b4b-18e34c9f8837,Female,30,Countryside,0,1,Two Year,Standard Connect,Credit Card,1,66.81071817925198,104218965.96255934,43,1,68.0,0,3
23afcb82-6edc-4f00-bf1d-029bb1952346,Male,48,Rural,0,1,Two Year,Basic Connect,Mailed Check,1,20.0,840.0,42,0,22.0,0,3
0dd772e0-811d-454c-b435-4f12150505f4,Male,54,Urban,0,0,Two Year,Basic Connect,Bank Transfer,1,53.96364811321241,164932616.0940702,63,2,54.0,0,0
20ff6cef-a80a-40ff-a919-1346db71ced3,Male,46,Urban,0,1,One Year,Premium Connect,Credit Card,1,64.08552025648723,230027183.34059665,41,1,71.0,0,1
e02341be-07c4-4d5d-a7be-e6c7a1dc140c,Female,41,Suburban,0,1,Month-to-Month,Basic Connect,Bank Transfer,0,38.47780261047488,1693.0233148608947,44,2,30.0,0,3
5ba2b331-9675-4fdc-974c-2ab3dfe1dc79,Male,38,Rural,0,0,Month-to-Month,Premium Connect,Bank Transfer,1,72.28121960555843,126611396.09833008,53,3,64.0,0,0
478463ea-47dd-4827-8cb8-7ba2d474702e,Male,74,Rural,0,0,Month-to-Month,Standard Connect,Digital Wallet,0,108.04957856011433,296238401.7814852,61,1,148.0,1,1
99d5816d-efb6-403a-a9a7-4212ce19d4dd,Female,84,Urban,1,0,Month-to-Month,Standard Connect,Mailed Check,0,64.08552025648723,230562263.42236087,46,1,87.0,0,1
c4083a28-0d0f-4d85-8ce4-5057609fad6c,Male,75,Rural,1,0,Month-to-Month,Standard Connect,,0,63.49181862784073,97292922.64842445,41,1,46.0,1,3
1f3dbdac-b05a-4a00-a483-cc32827f07d7,Female,60,Urban,1,0,One Year,Standard Connect,Credit Card,1,87.86970292285004,2987.569899376901,34,2,98.0,0,3
aaa05187-01c6-4092-acbe-e6c589fa25db,Male,78,,0,0,One Year,Premium Connect,Credit Card,1,102.22724220034634,289681230.14820695,50,1,155.0,1,1
dcd92b70-c3ad-4c4e-bbf8-56c6aa810e77,Female,51,Suburban,0,0,Two Year,Standard Connect,Digital Wallet,0,43.10422724995293,2629.3578622471287,61,3,29.0,0,0
f6efe621-ba7f-4f73-9810-af1a3283961c,Male,38,Urban,0,0,One Year,Standard Connect,Mailed Check,1,59.921259036086376,172776828.9742265,38,2,38.0,0,3
734a74e5-d0e9-41f3-91f5-49c40d097ca9,,74,Urban,1,0,Month-to-Month,Standard Connect,Digital Wallet,1,59.85399164718204,177741536.8263967,57,0,73.0,0,0
654969d9-768f-4f87-a4f7-d1fcfb65f3b8,Male,77,Rural,1,1,One Year,Standard Connect,,0,61.63260340674135,123034074.48407756,56,1,35.0,0,0
28637d3c-f0c4-49c6-86bb-c10344d16c8b,Female,81,Urban,1,0,One Year,Basic Connect,Credit Card,0,39.314386276424486,2005.0337000976488,51,1,48.0,0,0
647698c8-7347-43bd-b4e2-586f3a72a7e9,Prefer not to say,34,Rural,0,0,Two Year,Standard Connect,Credit Card,1,56.27450494142157,3263.921286602451,58,1,87.0,0,0
e311e6df-649d-40ec-a4ba-2ede8a9c49bf,Male,33,Urban,1,0,Two Year,Premium Connect,Credit Card,1,122.13195788479324,195654712.14424792,64,1,150.0,0,1
aef4025c-024f-472d-81d6-c8d3d276bd7c,Male,32,Suburban,1,0,Month-to-Month,Basic Connect,Credit Card,1,26.57817813147839,70180412.87176101,68,4,64.0,0,0
93c7f4ba-1490-4686-bd0e-91d0823b3389,Male,39,Urban,1,0,Two Year,Basic Connect,Bank Transfer,1,43.49965058536006,2522.979733950883,58,0,32.0,0,0
6cbd83b7-ea51-4d22-ae65-cfcd21637272,Female,37,Suburban,0,0,One Year,Standard Connect,Bank Transfer,0,58.50958902678551,95208100.18459582,58,5,61.0,1,0
626f9765-6865-48b0-bc96-327ee7cda4bf,Female,68,Suburban,0,0,Month-to-Month,Basic Connect,Credit Card,0,48.32536491587733,2706.2204352891304,56,1,52.0,0,0
4325224d-59e4-4d74-a828-97719f4fc198,Male,72,Urban,1,0,One Year,Basic Connect,Credit Card,1,36.15577694492332,62416723.047238365,54,0,64.0,0,0
416bfe51-1b56-41bb-8394-13872737201b,Male,45,Urban,1,1,Month-to-Month,Basic Connect,Bank Transfer,0,21.185931653119127,36942159.97896279,52,1,31.0,0,0
fff6eea2-a9a2-4baa-a3c7-5df8d90228d2,Female,66,Urban,1,1,Month-to-Month,Basic Connect,Credit Card,1,51.47446011768721,99815829.43157734,53,1,55.0,0,0
bdf89c43-cbdc-4f9f-8652-314a941b8341,Female,64,Suburban,1,1,One Year,Premium Connect,Bank Transfer,1,104.0975845009792,183495834.89690268,69,1,124.0,0,1
bbe2d23a-7e38-4cea-86a3-eb458e7dd2d1,Female,56,Urban,0,0,Month-to-Month,Basic Connect,Digital Wallet,1,64.08552025648723,2371.1642494900275,37,0,23.0,0,3
61057630-cf05-4e4c-a65c-e24e041c52af,Female,47,Urban,0,0,Month-to-Month,Standard Connect,Credit Card,0,91.09585114285218,203206507.9486185,52,3,90.0,0,1
2df2e066-8354-40f9-b8e2-5c3513c39b3b,Male,33,Urban,0,0,One Year,Standard Connect,Bank Transfer,1,80.22384382145148,209090888.4624734,34,2,64.0,0,3
d1e681c5-f484-418e-92bc-99f3090ca50f,Non-Binary,32,Suburban,1,0,One Year,Basic Connect,Mailed Check,0,54.688915235471406,94628179.88996686,42,0,76.0,0,3
bae2224d-ff7f-4a08-bce6-bbb2d8155104,Male,33,Urban,0,0,Two Year,Standard Connect,Digital Wallet,1,91.19320918457342,240671947.3581164,53,2,102.0,0,1
bc4b8e40-9314-4a95-8e9f-efe4fb22da36,Non-Binary,51,,0,1,One Year,Basic Connect,Bank Transfer,1,178.70752448815588,65128417.105266325,53,16,284.942545,0,1
23039c64-3c91-4672-8300-d032454464c8,Female,57,Suburban,0,0,Month-to-Month,Standard Connect,Digital Wallet,1,48.00389214617612,89155419.72802906,44,2,33.0,1,3
025c8b12-652d-4919-9119-63c723804803,Female,37,Suburban,0,1,Month-to-Month,Basic Connect,Bank Transfer,1,60.186581689973856,146700713.8785265,61,0,64.0,1,0
da2f9985-bafb-484f-b6e4-debc5b7d0a35,Female,30,Rural,1,0,Two Year,Basic Connect,Bank Transfer,0,38.485757542723206,95586467.53845656,57,2,48.0,0,0
6539e98d-d327-4dc3-95c7-8a8cc215d8a6,Female,83,Suburban,0,0,Month-to-Month,Premium Connect,Credit Card,0,64.08552025648723,295212385.70035267,55,2,145.0,0,1
543e42c8-b19f-4083-beac-638ab31e16f0,Male,45,Suburban,0,1,Two Year,Basic Connect,Bank Transfer,1,25.98015546413461,53692820.54770368,55,1,36.0,0,0
ac3e61aa-f543-4578-9fdd-616d19d5fd52,Female,67,Urban,0,0,Month-to-Month,Standard Connect,Credit Card,1,59.915035595588144,114341945.99409974,61,2,59.0,0,0
779d59b3-67ce-4ac5-a6a0-506f4bce8488,Male,78,Suburban,0,0,One Year,Basic Connect,Mailed Check,0,56.846597423155785,123053454.82414784,46,1,43.0,0,3
58e8deca-951a-4653-b7b5-b37954f038c2,Female,66,Urban,0,1,Month-to-Month,Basic Connect,Credit Card,0,38.38206679250225,77050203.74209937,63,3,37.0,0,0
d5e51cd7-c45c-499a-8101-740a5a88f36c,Female,64,Rural,1,0,Month-to-Month,Basic Connect,Digital Wallet,1,28.923203771699463,1532.9297999000714,53,3,29.0,1,0
a9e86a2e-abfe-4110-8549-0ade3c76f4cb,Female,73,Urban,0,1,Month-to-Month,Basic Connect,Credit Card,0,46.41298112547607,108085015.31111392,56,2,41.0,0,0
77643210-0f5a-4660-9e52-4042f4720b00,Male,27,Suburban,0,0,One Year,Premium Connect,Credit Card,1,105.4204013896512,232246274.35314545,49,2,58.0,0,1
549ca546-a1d5-48fa-95f8-bf4f2ad80d08,Male,79,Urban,0,0,Month-to-Month,Premium Connect,Credit Card,1,80.69294591815338,155664314.62443775,69,4,78.0,1,0
e9bc6f3a-bcc6-4921-9d1a-889e80b4bca0,Female,37,Urban,0,0,Month-to-Month,Standard Connect,Bank Transfer,1,72.07284351634026,121376797.5065672,44,1,82.0,0,3
0f78b56e-42ed-4672-80cb-d50ad33e3704,Female,51,Suburban,1,0,Month-to-Month,Standard Connect,Bank Transfer,1,288.4349988375289,122638822.86300606,51,26,64.0,0,2
a5740e76-0f7b-41d4-a3fd-e84647380bbd,,45,Urban,0,0,One Year,Premium Connect,Credit Card,1,95.77990088620474,162484154.1003115,49,1,79.0,0,1
00c4a9cf-9bdc-4597-9ca5-d286e1d77964,Female,19,Suburban,1,0,Month-to-Month,Basic Connect,Credit Card,1,20.0,27423467.078453176,42,2,22.0,0,3
bd5fdd85-dd0d-4f40-841e-1e104fa7f54f,Male,28,,0,0,Month-to-Month,Standard Connect,Digital Wallet,1,82.04066929694653,163760101.8307847,47,0,116.0,0,1
0b710a6d-3a21-499e-bd07-a96a15d1ffdc,Female,18,,1,0,Month-to-Month,Premium Connect,Bank Transfer,1,106.7314341773152,301794241.1270606,51,1,76.0,0,1
f5db0859-9ac7-4e46-9889-7287dda1553b,Female,57,Urban,0,0,Month-to-Month,Basic Connect,Credit Card,1,20.0,44019862.10426027,37,0,27.0,0,3
f5f94662-87f6-4c93-bcb8-8f3c9e6b56f7,Male,60,Urban,1,1,One Year,Premium Connect,Credit Card,1,64.08552025648723,160261558.1988097,40,0,76.0,0,3
673f199e-b724-4c78-b586-892c7645f113,Female,42,Rural,0,0,Month-to-Month,Standard Connect,Credit Card,1,80.70722132328952,221411784.81931868,62,0,64.0,0,1
a6e3058f-8b71-4098-a9fa-4521fc5de923,Male,79,Suburban,1,0,Month-to-Month,Premium Connect,Credit Card,1,136.05106754639837,276448339.0796069,61,1,183.0,0,1
d8eb389f-254a-4af8-ac54-93e1b3414df7,Non-Binary,60,Urban,0,1,Month-to-Month,Standard Connect,Credit Card,1,50.17842155661832,79942229.29511945,62,0,45.0,0,0
f62e3c55-4d91-4622-b851-dc27e0c1739f,Female,62,Urban,0,1,One Year,Basic Connect,Credit Card,0,39.99488672171422,85122322.89198348,51,3,37.0,0,0
b3c6fe7e-71df-46f1-8922-0fbd413264cd,Male,76,Urban,0,1,Month-to-Month,Premium Connect,Credit Card,1,103.79649870851992,3944.266950923757,38,2,85.0,1,3
80c2ba83-229f-48c3-94f5-c09935bb7609,Female,35,Urban,1,0,One Year,Premium Connect,Digital Wallet,1,122.66322270192188,358095695.02045107,38,2,164.0,0,1
e58c9138-80e6-42fe-b556-52ec699e5fd0,Male,57,Rural,1,0,Month-to-Month,Premium Connect,,1,89.80095891752613,217947715.97916967,51,1,60.0,0,1
cd366817-55e7-45b4-ac2b-f0a62563ed0e,Female,77,Rural,0,1,Two Year,Standard Connect,Bank Transfer,1,66.41604067702757,119025720.52659672,61,2,83.0,0,0
e64f7bc4-3ee4-43e1-9db0-426c38db460d,Male,57,Suburban,1,1,One Year,Standard Connect,Bank Transfer,1,72.43539866708626,162539807.2046204,69,0,64.0,0,0
511cf488-8fd9-4f2a-86e2-3af0f4203bbc,Female,74,Urban,1,1,One Year,Basic Connect,Bank Transfer,0,47.28460034818448,3168.0682233283605,67,1,45.0,0,0
decbd92d-f92a-4945-87e5-6ff07cb36704,Female,19,Suburban,1,0,One Year,Basic Connect,Digital Wallet,1,37.15149295489023,64154278.65265592,63,4,39.0,0,0
9ae22505-6493-459a-add4-3a1886e903ff,Female,74,Urban,0,0,One Year,Basic Connect,Bank Transfer,1,27.80896733793759,88700487.12857239,58,0,32.0,0,0
39201af9-7edf-4802-98c4-c44ef1fb9cb6,Male,51,Urban,0,0,Month-to-Month,Standard Connect,Mailed Check,1,64.08552025648723,164480589.59113884,36,3,74.0,1,3
44507534-6c81-427f-bfae-2daa9dd5ae91,Male,78,Suburban,0,0,Month-to-Month,Basic Connect,Bank Transfer,0,35.604629532428035,112973674.04103296,48,0,45.0,0,3
6a2251c2-6c73-451e-9d35-b6a090fd5762,Non-Binary,56,Urban,1,1,Month-to-Month,Basic Connect,Bank Transfer,1,64.08884877099798,146276434.14794448,57,1,98.0,0,0
03b997b7-20bd-4b2c-9478-b7d2c928b528,Female,29,Urban,0,1,Month-to-Month,Basic Connect,Credit Card,1,54.845631681522846,104983315.18180384,45,2,60.0,0,3
df7c12f4-4db5-4834-8723-ae25be5ba6a4,Male,47,Urban,1,1,One Year,Premium Connect,Credit Card,1,89.07721002254745,279593358.0336665,66,1,50.0,0,1
3f1e3bd1-facb-4eb6-b2d7-2e00026af867,Male,66,Urban,0,0,One Year,Basic Connect,Mailed Check,1,45.53317106327496,102658893.4226174,37,0,54.0,0,3
049fec14-887d-4a83-8010-0ad0a6c83186,Female,35,Rural,0,0,Month-to-Month,Basic Connect,Bank Transfer,1,55.25790159163565,3591.763603456317,65,2,52.0,1,0
0af1224d-3b2b-4ede-b3cb-b584c1e5cbb7,Female,51,Suburban,1,1,Month-to-Month,Basic Connect,Bank Transfer,1,49.595081282140406,2529.3491453891606,51,2,76.0,0,3
1db8eb4c-5ef9-434b-93bc-2a314df146f3,Male,23,Urban,0,0,Month-to-Month,Basic Connect,Digital Wallet,1,29.59610295966265,1213.4402213461688,41,6,27.0,1,3
780fb7f4-199e-4998-8015-f1ddf483dc70,Female,79,Urban,0,0,One Year,Premium Connect,Credit Card,1,131.43583918339343,350668275.0087364,37,1,156.0,1,1
25bfbb7b-f278-4902-af65-35a299e21c77,Male,49,Urban,1,0,One Year,Basic Connect,Bank Transfer,1,32.56493334689709,52954063.08610274,49,3,27.0,0,3
4e27082c-d69b-4ed7-a188-b2d821be6751,Female,48,Rural,0,0,One Year,Premium Connect,Credit Card,1,97.16038728827893,140866441.51879984,36,0,78.0,0,3
68774fbf-4b9c-49c0-a6a5-acd907e931a8,Male,51,Rural,0,0,Two Year,Premium Connect,Credit Card,1,94.091809119211,190726950.1190372,36,0,86.0,0,1
198e6c77-1571-483e-89ec-a170c7af213f,Female,57,Rural,1,0,Month-to-Month,Premium Connect,Bank Transfer,1,64.08552025648723,217121535.42740187,47,1,121.0,1,1
611e6853-7e5e-4cbc-bb9e-fedca6bb21d2,Female,48,Urban,0,0,Month-to-Month,Basic Connect,Bank Transfer,1,38.97062685244412,80549872.88803995,57,4,50.0,0,0
5b03ae92-d17d-4073-bce7-4400aeb8cab4,Male,51,Urban,1,1,Month-to-Month,Premium Connect,Credit Card,1,440.4764924095273,233388371.89952925,41,23,1223.58221,0,2
8dd55a4d-e9a1-4184-bc59-3de4bfc6cfe3,Female,55,Urban,0,1,Month-to-Month,Basic Connect,Mailed Check,1,31.390456862232952,53130408.19789893,41,0,25.0,0,3
af83759a-9b5f-460f-bcb6-226504986408,Female,80,Suburban,0,0,Month-to-Month,Basic Connect,Bank Transfer,1,48.16646634129109,92653347.72271024,35,1,47.0,1,3
7bae09bc-e2f3-4fce-b151-cb846dbfc2f4,Male,61,,0,0,Two Year,Standard Connect,,1,72.9297265071582,199625465.98547024,45,3,62.0,1,1
b2c0e523-6b15-42a8-a8ba-5751efae0c54,Male,56,Suburban,0,0,Month-to-Month,Basic Connect,Digital Wallet,1,23.02054423325988,53393766.0502616,34,0,20.0,0,3
e481b5d1-c63b-42f4-bc2a-0cfc03c3dc2c,Male,76,Suburban,1,1,Month-to-Month,Standard Connect,Digital Wallet,0,46.94040132452564,113821313.99438062,54,1,42.0,0,0
523b068a-0c36-413d-9cd6-09db1ecc0506,Female,24,Suburban,0,0,One Year,Standard Connect,Digital Wallet,1,62.20679406144156,187523749.65283,43,0,80.0,0,3
0cd84e55-3e1f-4acb-ac37-a55ceebd09ea,Male,84,Suburban,0,1,One Year,Premium Connect,Digital Wallet,0,103.18121336236015,285846148.83666706,40,2,125.0,0,1
dc3536de-d3a8-412f-a355-48e501230275,Female,83,Urban,1,0,Month-to-Month,Basic Connect,Credit Card,0,49.05710720885504,138496642.916703,58,2,71.0,0,0
7d71fbea-663a-4a3c-ac8f-472c1f43efb0,Male,62,Urban,1,0,One Year,Premium Connect,Digital Wallet,1,108.07699905287063,162114161.7464495,54,2,64.0,0,1
b4ce81c4-b5b4-486d-890a-9cfcdeef3ba9,Male,44,Rural,1,0,Month-to-Month,Premium Connect,Credit Card,1,104.6669088179586,235455242.3431528,50,3,74.0,0,1
c5da4aa2-1740-4f49-8cf9-c2aa6489c536,Male,73,Suburban,0,0,One Year,Standard Connect,Mailed Check,1,64.08552025648723,199685319.29106185,64,1,96.0,0,0
0aad981b-e324-43d1-a2ed-8723e3274b3c,Female,70,Urban,0,0,Month-to-Month,Premium Connect,Credit Card,0,114.8874858296091,332462935.14970595,42,0,71.0,0,1
f18f2d71-3b63-4227-a5cf-8365f63f684d,Male,23,Urban,0,0,Month-to-Month,Standard Connect,Credit Card,1,85.72648909283623,177656370.00088894,48,0,93.0,1,1
e416cdfd-2acd-47db-b2a7-88f8ec459e70,Female,65,Urban,0,0,Two Year,Standard Connect,Bank Transfer,1,64.08552025648723,115342934.98722228,55,6,93.0,0,0
51c41e14-5e57-4234-b48a-8bfcea577456,Male,81,Suburban,1,1,One Year,Basic Connect,Bank Transfer,0,31.537811681814368,1513.8149607270898,48,1,49.0,0,3
5f1d4ed0-2634-48c5-916e-7a194704c0f7,Male,34,Suburban,0,1,Month-to-Month,Standard Connect,Digital Wallet,1,44.5464515084897,135033948.4064062,68,1,43.0,0,0
8754143c-8d6b-4683-95d9-710014152340,Non-Binary,18,Suburban,0,0,Month-to-Month,Premium Connect,Credit Card,1,64.08552025648723,183820315.14354253,37,0,74.0,1,3
8a7edce3-dd39-4bd0-883a-74bd77fec048,Female,25,Urban,1,0,One Year,Basic Connect,Credit Card,1,29.33210096915965,66976976.46579084,34,1,47.0,0,3
e89ca9a7-2e86-492a-951b-86205fd604d8,Female,44,Suburban,1,0,Month-to-Month,Standard Connect,Bank Transfer,0,48.6664747727816,123562176.85787444,49,0,72.0,1,3
4809f8cc-2d61-4454-8b55-e55bf3be3842,Male,80,Rural,0,0,One Year,Basic Connect,Mailed Check,1,24.77517309768266,39819094.867073566,48,1,36.0,0,3
ea3e3683-3ed5-4e76-aa47-ff08bb2e2734,Male,40,Urban,0,0,One Year,Premium Connect,Bank Transfer,0,64.08552025648723,195556365.7962885,60,0,155.0,0,1
251c182c-a874-4411-b6d9-fec9c58f76e0,Female,42,Rural,0,1,Month-to-Month,Standard Connect,Bank Transfer,1,72.13683725199856,169746438.73235288,55,2,64.0,0,1
ce1bd06d-db7c-4313-84ad-ec0a8d6114b8,,84,Suburban,0,1,Month-to-Month,Premium Connect,Credit Card,1,98.72823140800894,304640679.5302411,39,2,96.0,0,1
1f0a14d8-cc77-4196-8aeb-258dfe749126,Female,28,Urban,1,0,Month-to-Month,Premium Connect,Bank Transfer,0,111.09495205847465,235582364.8799499,69,3,83.0,0,1
81e325b3-aa61-4ffa-a58e-73fbc7f4e326,Male,51,Urban,0,1,One Year,Standard Connect,Digital Wallet,0,369.72367887539417,137169471.6971037,52,16,1493.196342,0,2
9ab0d453-0207-4b6b-8c55-45aead8c4229,Male,44,Urban,1,0,One Year,Premium Connect,Digital Wallet,1,90.86912423320857,152278960.74313682,42,0,52.0,1,3
68586397-004b-43b3-b6a5-9185eced6bb8,Non-Binary,24,Suburban,1,0,Month-to-Month,Standard Connect,,1,80.08772504532823,136985345.64773446,36,1,110.0,0,3
8442cab2-60b7-41cb-92cb-30630ba040d1,Male,47,Suburban,1,1,Month-to-Month,Premium Connect,Bank Transfer,1,94.57906558221444,237257076.5044736,51,1,74.0,0,1
160de521-d186-49e5-865c-76a7ad4039fb,Female,18,Suburban,1,0,Month-to-Month,Standard Connect,Credit Card,1,78.14062592266774,231985550.853512,36,1,106.0,0,1
0a9ec48c-bae5-4cec-a8da-9f81dd82396e,Female,39,Rural,0,0,Month-to-Month,Premium Connect,Digital Wallet,1,96.41345045294972,276100361.48048115,46,2,75.0,1,1
d7a73694-eeb2-4347-8043-fdb37fe26493,Female,72,Rural,0,0,Month-to-Month,Standard Connect,Credit Card,0,109.10314615730776,298446493.6624933,67,4,109.0,1,1
1a81ece9-a89c-425e-b246-3580e5baffaa,Female,26,Suburban,0,1,Two Year,Basic Connect,Credit Card,1,32.78599711109256,79102447.26234928,53,0,47.0,0,0
634691c3-cfa7-481d-ade1-0bd22a723e36,,51,,1,0,One Year,Premium Connect,Credit Card,1,436.8746497897268,258707302.3140481,51,18,64.0,0,2
7a0dc621-3187-4c13-89b1-1d19d5e96c7d,Female,24,Urban,0,1,Month-to-Month,Premium Connect,Bank Transfer,1,105.92197854602526,297373162.74879736,52,1,119.0,0,1
33096ba0-d310-4fa6-8aba-c9d98b7b612a,Female,34,Urban,0,0,One Year,Standard Connect,Bank Transfer,1,62.68339025331839,145315492.49730477,39,2,64.0,0,3
1ab78cb7-bf0b-4175-b38d-a18cd9bb69c2,Male,28,Urban,1,0,Month-to-Month,Premium Connect,Mailed Check,0,64.08552025648723,237982534.3233819,47,3,65.0,0,1
2d53ec41-1b49-4968-8e7d-b49bfeaae88e,Male,18,Urban,0,1,Month-to-Month,Basic Connect,Digital Wallet,1,38.277758904773336,66531468.78213228,53,0,31.0,1,3
95b49fe8-ad10-4fb4-8a2b-3e609fceef38,Male,50,Urban,1,0,Month-to-Month,Basic Connect,Credit Card,1,64.08552025648723,162234991.61010033,41,3,89.0,1,3
5af36139-1480-4e59-b9ea-9c1c73d5cc2e,Female,34,Urban,0,0,One Year,Basic Connect,Credit Card,0,49.372671085939785,112973879.86661915,34,0,75.0,0,3
3d9b1f3e-e587-4df6-99f2-fb879ffa4a4d,Female,51,Urban,0,0,One Year,Basic Connect,Credit Card,1,42.18156601006736,97717149.30592918,47,0,26.0,0,3
991920e3-bb44-4e5e-9df2-a5db613d2d01,Male,21,Suburban,0,0,One Year,Basic Connect,Credit Card,1,21.870904724101067,50556713.48026739,60,1,23.0,1,0
9312fd61-b93a-4652-b940-f72d770e6ac9,Male,55,Urban,1,0,Month-to-Month,Standard Connect,Mailed Check,1,101.40041435286967,182455972.6887824,40,1,105.0,0,1
788a7c89-e6e9-4979-b145-27b139573a70,Female,52,Suburban,0,0,One Year,Standard Connect,Bank Transfer,1,44.1642302108871,98342306.39693534,59,0,50.0,1,0
1a4c1d3c-5eba-4bae-b715-0d80e8f70c20,Male,24,Urban,0,0,One Year,Basic Connect,Bank Transfer,0,44.89143624996444,70983601.8090837,49,0,59.0,0,3
fc85132c-a203-49c4-9901-bde2bf6fef84,Female,54,Suburban,1,0,Month-to-Month,Basic Connect,Bank Transfer,0,33.08312957502105,2018.070904076284,61,0,33.0,0,0
b6eb9066-6482-462c-ac72-6481a97d2753,Female,37,Urban,0,0,Month-to-Month,Basic Connect,Credit Card,1,45.56130447256221,92097762.8371426,44,0,31.0,0,3
4f444bbc-4ee8-4bf7-a876-af391eddfcb7,,63,Rural,0,0,Month-to-Month,Standard Connect,Bank Transfer,1,67.97912828217518,117323022.076135,41,1,78.0,0,3
f1e23db2-98e1-414e-83c4-8de02d57d051,Female,74,Suburban,0,0,Month-to-Month,Premium Connect,Credit Card,1,102.75130772860577,281204983.24073845,45,5,156.0,1,1
536af651-b7d2-4b55-ae59-6f930367916f,Male,51,Urban,1,1,Month-to-Month,Standard Connect,Credit Card,1,55.99979929519556,144821335.02817807,59,1,82.0,1,0
4266fe17-f184-4424-88b2-6f4166616ab8,Female,33,Suburban,0,0,Month-to-Month,Standard Connect,Digital Wallet,0,66.51618626977344,3791.422617377086,57,2,73.0,0,0
df3f20d6-9e56-477d-9eaf-5880e1dc5386,Female,56,Urban,0,1,Month-to-Month,Basic Connect,Bank Transfer,1,45.34068756117658,137079101.8830758,54,1,63.0,0,0
6d6022f1-d5da-46e1-aab0-e2c755fcac55,Female,54,Urban,0,1,Month-to-Month,Premium Connect,Bank Transfer,0,132.21700071035124,203408957.125078,66,1,166.0,1,1
5b772efe-e099-4cf9-ae0f-ffa0a655c9e4,Male,38,Urban,0,0,Month-to-Month,Standard Connect,Mailed Check,0,67.25387654585614,164446356.73685744,35,0,40.0,0,3
c9b54b52-7483-4064-9428-6640416bbda2,Male,72,Rural,1,0,One Year,Basic Connect,Bank Transfer,1,53.49338666227091,97365370.19991164,64,1,76.0,0,0
d3b39557-e92e-49e7-a10d-f406b3b1e0f2,Prefer not to say,40,Urban,0,1,Month-to-Month,Basic Connect,Bank Transfer,0,40.28938305027941,64289355.82811309,59,5,60.0,0,0
c8605a21-eae0-446d-88a6-065690cee916,Female,48,Suburban,0,1,Month-to-Month,Standard Connect,Bank Transfer,1,84.08158772367585,275377287.5773882,43,3,102.0,0,1
785d604d-37aa-4fa5-9250-572a23830351,Female,67,Urban,1,0,Month-to-Month,Standard Connect,Credit Card,1,72.57795237003575,143026791.5939441,54,7,76.0,1,0
b7cdbcc5-4375-4f4a-95b7-a829657a801b,,76,Urban,0,0,One Year,Standard Connect,Bank Transfer,1,90.02387723500962,216836566.9816057,44,0,120.0,0,1
6fe84513-5c9b-4c6c-9bbe-81395ba4953e,Non-Binary,75,Suburban,0,0,Month-to-Month,Basic Connect,Mailed Check,0,39.06415884272833,97678198.88014014,62,1,62.0,0,0
d7282e0e-93fe-4266-8a28-681b5e4cf712,Female,46,Suburban,0,0,One Year,Basic Connect,Digital Wallet,0,51.48891972724823,122126345.90836316,41,0,45.0,0,3
9dab7b74-b134-445f-be0a-857a7158f96f,Male,69,Rural,1,1,Month-to-Month,Basic Connect,Digital Wallet,0,44.28718255292082,122794722.96024652,42,0,29.0,1,3
22fdeb25-230e-45fb-8576-01d481311691,Female,42,,0,0,Month-to-Month,Basic Connect,Credit Card,0,35.89441534164795,92913201.3876232,39,2,44.0,0,3
4881f137-764f-4ae7-9516-04e748679324,Prefer not to say,18,Urban,0,0,Two Year,Basic Connect,Bank Transfer,1,38.50954713266368,95420598.3716183,66,2,29.0,0,0
552eb00c-cec7-4968-afb6-8ef71b9465ea,Female,80,Rural,1,0,Month-to-Month,Basic Connect,,0,31.64946855761505,48276849.40733504,39,3,40.0,0,3
1dcb7ff0-0514-48a2-a3ec-db4c33aea71c,Male,38,Urban,0,0,Month-to-Month,Basic Connect,Credit Card,1,52.13708821620382,80207461.5200456,35,1,44.0,0,3
92b768c4-f699-4c0a-ba83-d4f58e87622a,Male,58,Urban,0,1,Month-to-Month,Standard Connect,Bank Transfer,1,55.93749907313493,157718034.0404588,67,1,74.0,0,0
36093682-89e4-405b-aa09-2a8ee7641775,Male,74,Urban,1,1,Month-to-Month,Standard Connect,Credit Card,0,58.286372449595206,115264328.78898692,68,0,74.0,0,0
0f9cabfd-84c8-4e36-bf30-029800526262,,29,Suburban,0,0,Two Year,Standard Connect,Mailed Check,1,64.1209213460874,169126829.31098822,60,0,55.0,0,0
eaef7e1d-19e1-49a7-bd2a-d77bb06a69c4,Prefer not to say,69,Suburban,0,1,Month-to-Month,Basic Connect,Bank Transfer,0,34.47043204406483,60573627.05433724,66,0,28.0,0,0
d4236eed-85d1-42b5-a2b0-4a34b3406954,Male,63,Rural,1,0,Month-to-Month,Basic Connect,Bank Transfer,1,49.52050814598762,147062123.56053534,44,2,64.0,1,3
7d78a9b9-2d9b-4ee5-88c5-01a2495f211e,Male,21,Urban,1,0,Month-to-Month,Premium Connect,Bank Transfer,1,130.93374340602867,371631115.4488973,60,1,159.0,1,1
eb4a1687-112d-4b1f-8679-4b1161529662,Male,57,Suburban,1,0,Month-to-Month,Basic Connect,Digital Wallet,0,47.19675617841355,70203522.2117371,59,1,48.0,0,0
f51b8c51-517e-47a3-96c0-741ef5817ba2,,50,Rural,0,0,One Year,Premium Connect,Bank Transfer,1,72.17317235536841,129760202.34268776,62,0,108.0,0,0
6292daf0-e677-4f2f-a359-612a56f68b59,Female,66,Urban,1,0,Month-to-Month,Premium Connect,Credit Card,1,93.91531044113889,210806438.36820543,39,3,98.0,0,1
e3627151-9721-4ddb-acca-f1c8341359d5,,59,Rural,0,1,Two Year,Premium Connect,Bank Transfer,0,73.37597029921153,112247906.67770182,65,2,106.0,0,0
cd19715c-238b-41ef-aec9-4b7efdf283b0,Male,50,Rural,0,0,One Year,Standard Connect,Digital Wallet,1,78.8262124643635,158355698.22849622,40,2,81.0,0,3
8a34ac37-6dbd-4a32-bc04-b06df8dbbff9,Male,24,Suburban,1,0,Month-to-Month,Premium Connect,Credit Card,0,120.357628754929,245520639.99320403,45,4,79.0,0,1
fbc5cef0-a4e9-4333-9619-b7f9fdf8c036,Female,77,Urban,1,0,Month-to-Month,Basic Connect,Digital Wallet,1,53.94796495432224,108678588.80611016,45,1,84.0,0,3
36312228-0b2c-449a-b15d-763f11e78377,Female,52,Urban,0,1,One Year,Basic Connect,Bank Transfer,1,47.56504109600275,71086891.02854447,37,1,67.0,0,3
fdf55327-6809-4d8a-8ffd-0955a8102246,Male,28,Urban,1,0,One Year,Standard Connect,Credit Card,0,67.56034313182978,146508016.6409853,69,3,46.0,0,0
70903ee8-136a-4923-8672-bb3e380784e6,Prefer not to say,54,Suburban,1,0,Month-to-Month,Standard Connect,,0,82.75290032833988,129744159.30219048,59,2,66.0,0,0
c3105ebd-26b0-4735-ba6c-cfae40f5331e,Male,36,Urban,1,0,Month-to-Month,Basic Connect,Credit Card,1,33.18127602928011,89007740.07767683,51,2,38.0,0,3
e9216050-9c90-48ec-880b-cecb585f48d0,Prefer not to say,55,Suburban,1,0,Month-to-Month,Premium Connect,Bank Transfer,0,108.72072036072464,174253318.10236377,39,1,134.0,1,1
2b6c4be5-dba5-4b69-a61b-dad1233689d8,Female,44,Suburb,1,0,Month-to-Month,Premium Connect,Credit Card,1,122.85901470718603,332527524.27054894,66,3,142.0,0,1
2d240134-71eb-4967-b145-e3536ee775da,Male,80,Suburban,0,0,Month-to-Month,Standard Connect,Mailed Check,1,57.21311100463908,130060145.51389688,62,1,79.0,0,0
db20062c-63ba-4631-91e4-6a357702d427,Female,34,Urban,0,0,Month-to-Month,Standard Connect,Digital Wallet,1,80.03445403320443,198419782.8509413,48,2,124.0,0,1
c819603c-ae79-4174-a0f8-9cb3c1be4a8e,,67,Urban,1,0,One Year,Basic Connect,,0,54.86246617724348,132138695.56969877,63,3,40.0,0,0
e6aa4770-c0ff-4999-a96a-5a1c86afab12,Male,71,Urban,0,0,Month-to-Month,Standard Connect,Bank Transfer,1,60.94819879938984,100192057.06765552,45,2,83.0,1,3
dc6c1a07-fb27-41f9-9e39-2e0828d9018a,Male,18,Urban,0,1,One Year,Basic Connect,Bank Transfer,0,35.61025127904376,61011524.34155922,59,3,64.0,0,0
b8b6091b-b78c-4837-96d6-4d0d22e15898,Male,68,Urban,0,1,Month-to-Month,Standard Connect,Credit Card,0,95.9269776257791,237994372.5328756,67,1,77.0,0,1
8aa56f29-bffc-44bc-9786-e9329ddf91e9,Male,74,Urban,0,0,Month-to-Month,Standard Connect,Credit Card,0,64.08552025648723,2178.9076887205656,34,4,46.0,0,3
b9e5928a-29d5-4e26-ac0a-9f1e6cfde870,Female,33,Urban,0,0,One Year,Basic Connect,Bank Transfer,0,37.70733930145098,88627199.23069942,39,1,44.0,0,3
f4498b44-e2d2-4e53-8396-b43ee8adfe34,Male,56,Urban,0,0,Two Year,Standard Connect,Bank Transfer,1,86.78318132220318,137749252.18046546,48,1,62.0,0,1
f6d3c3c0-8d02-42df-a640-0bc8bfc78746,,53,Urban,1,0,Month-to-Month,Standard Connect,Credit Card,0,68.84622367686349,186403045.2941765,52,0,52.0,1,1
b51898e2-6347-45bc-be87-acef5081c374,Female,39,Urban,0,1,Month-to-Month,Basic Connect,Credit Card,1,58.02833459709611,134924719.09609973,67,1,52.0,1,0
100d25a4-78e6-4808-9398-581c53fe1f2e,Female,82,Suburban,1,0,Month-to-Month,Basic Connect,Credit Card,0,40.41571196257,64470626.40298312,44,1,64.0,0,3
a8841b70-11fc-4c4b-b41b-b1b99c113666,Male,35,Rural,0,0,Month-to-Month,Premium Connect,,1,110.84121670665834,233393336.26446715,41,1,143.0,0,1
3d18232b-0cc4-4c28-a155-29cf742099ba,Male,38,Urban,1,0,Month-to-Month,Basic Connect,Mailed Check,0,26.997202505206783,47083648.07448155,56,2,31.0,0,0
9d363e17-db13-4d9c-9f32-e370511479b6,Female,52,Urban,0,0,Month-to-Month,Premium Connect,Credit Card,1,113.92096329386968,233639198.3051445,54,2,64.0,0,1
a92a4640-fcaa-4b7e-a044-87d264640d2a,Female,36,Suburban,0,0,Month-to-Month,Basic Connect,Credit Card,1,29.35304471673785,85388305.67855652,37,1,34.0,0,3
b69da53d-9813-4ecb-a469-9a64d41f232c,Male,58,Urban,0,0,One Year,Premium Connect,Digital Wallet,0,64.08552025648723,266792534.5975617,53,1,65.0,0,1
ffa49807-6f0a-47c1-8d0a-f38d3d52eed6,Male,64,Urban,1,0,Month-to-Month,Standard Connect,Mailed Check,0,71.93139691557766,127264827.38104238,65,1,102.0,1,0
70165cb4-ff06-4502-baf9-1c743d97b590,Female,68,Urban,0,1,One Year,Premium Connect,Mailed Check,1,62.5291559292954,153803876.0024166,58,1,50.0,0,0
a94e58a5-e2c7-4f81-909f-952932efd66f,Female,74,Rural,0,0,Two Year,Standard Connect,Digital Wallet,1,52.52078327941727,129619696.05595702,46,1,68.0,0,3
f8287a00-16c1-4488-8443-40fa0efac547,,74,Urban,0,1,One Year,Premium Connect,Credit Card,1,99.09524218116624,284502690.6545023,68,3,79.0,0,1
25c905de-1388-404c-a4c7-04e7769f55a2,Male,21,Urban,0,0,Month-to-Month,Standard Connect,Digital Wallet,1,31.281381772444632,75857589.6418134,36,5,31.0,0,3
6de4a5d9-5a33-44e4-9f63-37e677741e3a,Male,19,Rural,1,0,Month-to-Month,Basic Connect,Bank Transfer,1,52.330187265474606,90913482.13082206,35,1,31.0,0,3
b8c7faf8-9d3d-424a-9cc7-4e00d4fc0932,Female,32,Urban,0,1,Month-to-Month,Basic Connect,Bank Transfer,0,21.87856128716496,57378936.0324086,51,2,24.0,0,3
b238f742-aa55-4354-ab9d-680b62e5c495,Male,69,Suburban,0,0,Month-to-Month,Basic Connect,Digital Wallet,1,32.268672360387335,1129.4035326135568,35,2,50.0,0,3
31248759-48a4-4e6d-8be3-da7f0d5ec152,Male,40,Urban,0,0,One Year,Basic Connect,Credit Card,1,30.37451605216192,62314503.6844606,66,1,23.0,1,0
91af307f-58be-4889-a186-cba982eb5873,Female,74,Urban,0,1,One Year,Premium Connect,Credit Card,1,113.27264139582482,281237989.3956377,35,1,64.0,1,1
0f7698e9-b37f-4d02-9dd8-d9fdedab36c9,Male,51,Urban,0,0,Month-to-Month,Basic Connect,Credit Card,1,47.862235932085504,129434978.35860176,45,1,72.0,0,3
7905c4da-090d-4a90-912b-391e0651a988,Male,77,Urban,0,0,Month-to-Month,Premium Connect,Mailed Check,1,125.35908956746763,217010165.46514887,55,2,135.0,1,1
343cb4c6-3cae-4ca2-8858-58f5fa2049e9,Female,78,Suburban,1,0,Month-to-Month,Premium Connect,Credit Card,1,101.5740918266027,281860312.4973852,39,2,119.0,0,1
c6277019-f444-4f3d-9767-e0a6254c23c9,Male,52,Urban,0,0,Month-to-Month,Standard Connect,Credit Card,1,72.48006943988753,195347102.2478296,61,1,73.0,0,1
5ee86c9b-e4dd-4879-8e65-ace61e7b5799,Female,33,Urban,0,1,Month-to-Month,Premium Connect,Bank Transfer,1,105.86449585354208,311525320.6698234,45,1,95.0,0,1
4ababcbb-f613-4fc3-bc4f-98c820a4ead6,Male,25,Rural,1,1,Two Year,Standard Connect,Credit Card,1,70.23373043585461,121499843.837675,35,1,82.0,0,3
dc09a01d-b783-49e5-a1ec-f6c804cde599,Female,23,,0,1,One Year,Basic Connect,Bank Transfer,1,52.24686835636323,129189298.64025736,46,3,34.0,0,3
eed8eafc-48a6-492e-8e95-d4d376298b26,Female,37,Urban,0,1,Month-to-Month,Standard Connect,Credit Card,1,58.29315580997021,153499675.04923645,36,1,57.0,0,3
ac1932ae-670e-46e8-9f36-3d7dfdafdbed,Male,66,,1,1,One Year,Basic Connect,Bank Transfer,1,58.5327159837008,174080623.98429286,56,1,59.0,0,0
88df48bc-a789-4418-9376-0da5e8d730ed,Male,43,Urban,0,0,Month-to-Month,Standard Connect,Credit Card,1,45.74254601465058,73430897.34510392,53,0,35.0,0,0
0701ac20-5a05-49c7-8f3c-9b295e8568e0,Male,64,Suburban,0,0,One Year,Standard Connect,Credit Card,0,73.1255573608051,176672018.06704313,57,0,66.0,0,1
5f7b6fdd-2069-472a-9f0d-a17a44425fd9,Female,51,Urban,1,1,One Year,Basic Connect,Bank Transfer,1,40.3685481464111,1695.4790221492665,42,0,56.0,0,3
a417a003-75c7-4349-83d6-6a36bb30cd51,Female,58,Urban,0,0,Month-to-Month,Premium Connect,Credit Card,1,93.9324438765682,263209164.05740336,68,1,72.0,0,1
3eccbb95-87f0-470c-9626-618c3b788434,Male,41,Rural,0,0,One Year,Basic Connect,Digital Wallet,1,62.05761626406271,126888213.89277008,58,3,77.0,0,0
8504e5dd-f8fa-475b-a996-03595216c464,Male,81,Rural,0,0,One Year,Standard Connect,Bank Transfer,1,28.373066674282462,73350576.0014294,58,0,64.0,0,0
5479e44e-3d36-4122-a317-6520caf5941b,Female,69,Urban,1,0,Two Year,Basic Connect,Mailed Check,1,43.82661711297169,84540276.63788153,52,3,36.0,0,0
996dd00e-67b2-4e82-a011-7c0eed028e6e,Male,45,Urban,0,0,One Year,Basic Connect,Credit Card,1,38.7700897842333,79436925.40601125,34,1,48.0,0,3
775dad26-ed83-4bee-ba95-3229005968b5,Male,65,Suburban,1,0,One Year,Basic Connect,Bank Transfer,1,46.019502296633824,145996097.1034298,52,4,63.0,0,0
abfb251f-adc9-483a-9117-65abf9515ba7,Female,72,Suburban,1,0,Month-to-Month,Basic Connect,Credit Card,1,40.4370227340075,123254612.23201956,55,3,46.0,0,0
34302243-df90-4bca-8ec9-98cb4e5ad4dd,Male,52,Rural,1,0,Month-to-Month,Standard Connect,Digital Wallet,1,91.93546688993868,252593256.8841684,42,1,88.0,0,1
2d9d8368-a452-436c-affa-4687f0a68fe6,Female,36,Rural,0,0,Month-to-Month,Premium Connect,Bank Transfer,1,96.7138461258454,186779120.2568302,45,1,115.0,0,1
6fdf73b2-b073-418a-a2b6-3940e9df5640,Female,18,Rural,1,1,Two Year,Standard Connect,Mailed Check,1,70.32347664960554,121462375.03879625,51,0,90.0,1,3
0722a6b0-4fce-4efb-97cf-545b78a1f190,Male,44,Suburban,1,1,Month-to-Month,Premium Connect,Mailed Check,1,122.24014010064312,232398620.9216528,65,2,121.0,0,1
dbd86559-f2b4-4bb8-8daa-0ba124791776,Female,44,Suburban,0,0,Month-to-Month,Basic Connect,Bank Transfer,0,64.08552025648723,104837790.07864292,52,1,50.0,0,0
a64c2dd3-bf4b-4f27-8834-6756f82db5c1,Male,83,Suburban,0,0,Month-to-Month,Basic Connect,Credit Card,0,20.0,49015306.38754555,64,0,24.0,0,0
6778302b-9508-4214-a876-8e09f95b1d94,Male,52,Urban,0,1,One Year,Standard Connect,Bank Transfer,1,64.08552025648723,137333301.29001746,40,1,47.0,0,3
a596f745-4c72-45d6-ab8b-76b0aecf067e,,60,Rural,0,0,Month-to-Month,Standard Connect,Mailed Check,1,52.76795589330839,163388174.91962388,40,1,53.0,0,3
0f0e7330-4975-4e80-884a-39d357d38716,Male,33,Rural,0,1,Month-to-Month,Basic Connect,Bank Transfer,0,64.08552025648723,160382835.1490943,47,3,40.0,0,3
09753350-161c-4066-91ee-7cb3bfcb5bd2,Prefer not to say,60,Suburban,1,0,One Year,Standard Connect,Credit Card,0,63.62529587863388,125916308.41492967,56,2,82.0,0,0
4e45894e-a9aa-4fee-9d8e-7565239c6b99,Female,24,,0,0,Month-to-Month,Premium Connect,Mailed Check,0,117.653257393017,273002568.37487936,62,0,149.0,0,1
73b52a8d-b8aa-42f2-a9ba-30f2b4885c26,Non-Binary,39,Rural,1,0,One Year,Standard Connect,,1,57.20314927578972,171108275.36535773,67,1,68.0,0,0
98eba9ad-e1d1-474f-8821-9bd6e893ca30,Female,70,Suburban,1,0,One Year,Premium Connect,Credit Card,1,93.1117225945783,254578584.5894838,69,4,105.0,0,1
fe8e8a49-34bc-4bf3-b87b-287ef1939dc0,Female,83,Suburban,0,1,Two Year,Basic Connect,Bank Transfer,0,31.57281841613757,84403714.48696859,47,3,24.0,0,3
cb9910e9-6b37-42bf-8ec2-cb87c0d89252,Male,82,Rural,1,0,Month-to-Month,Premium Connect,Credit Card,1,94.45142527375178,188620044.99905688,62,1,64.0,0,1
e10843e2-feb6-4c1c-9583-5d1f0194a828,Female,45,Urban,1,0,Two Year,Standard Connect,Bank Transfer,1,81.9938675070164,4099.69337535082,50,1,83.0,0,3
1dc69089-7ccb-4833-9a47-2c16c0e010fc,Female,20,Rural,0,0,One Year,Standard Connect,Digital Wallet,1,75.15517691708587,118728374.18772864,60,3,50.0,0,0
a0580ade-60c8-4366-b08b-498d617408a8,Male,49,Urban,0,0,Month-to-Month,Standard Connect,Credit Card,1,53.3877156002675,166761465.12849066,65,2,66.0,0,0
6d967670-3ee9-480f-9f6b-2ffa85201b64,Male,51,Suburban,0,0,One Year,Standard Connect,Credit Card,1,57.62500086728111,110061535.12999988,63,0,41.0,0,0
019c64ba-3113-4265-88f3-d32b64d7b3ac,Male,38,Rural,0,0,Two Year,Basic Connect,Bank Transfer,1,35.84964608101823,105825956.26700015,61,1,32.0,0,0
d0bb671d-09b7-42f3-bd6a-8484faec88fd,Male,81,Suburban,1,0,Month-to-Month,Basic Connect,Mailed Check,1,37.85239568238495,109803018.65472618,34,2,61.0,0,3
188037bf-61ac-458b-9e23-dd0d808cdb0a,Female,62,Suburban,1,0,Two Year,Basic Connect,Credit Card,1,21.81741240161991,48958437.45774333,54,1,37.0,0,0
55b95d40-f3a3-46ec-922c-fe5a2ad96eef,Male,46,Rural,0,0,Two Year,Basic Connect,Digital Wallet,1,34.03255796827981,52618730.86291579,68,4,35.0,0,0
7a5366ed-329e-4af5-b22f-67ea76128ac2,Male,83,Urban,0,0,Two Year,Basic Connect,Credit Card,0,20.0,40970838.999474086,47,1,22.0,0,3
ed41e223-9fad-47d3-885d-826520d6c7f6,Male,35,Suburban,0,1,Month-to-Month,Standard Connect,Mailed Check,1,68.61759534768186,169132660.15266004,67,2,64.0,0,0
1eb03439-51d2-4b6c-9346-850988ce2c04,Male,78,Rural,1,0,Two Year,Standard Connect,Digital Wallet,1,58.61604537174184,135824712.89105824,46,1,64.0,0,3
08a1151b-eddf-41b7-92bc-8b97eb21c77c,Male,58,Suburban,1,0,Month-to-Month,Standard Connect,Digital Wallet,0,40.087758154468666,66979325.14193022,64,2,41.0,1,0
38300790-636c-4320-9213-8a205e6eeaca,Male,52,Rural,1,0,Month-to-Month,Basic Connect,Bank Transfer,0,20.0,1020.0,51,0,15.0,1,3
e38e7ed5-195f-439e-901b-1af295215b4e,Female,68,Suburban,1,0,Month-to-Month,Standard Connect,Credit Card,1,58.41564636374355,133427683.44720022,47,0,83.0,0,3
cd5866f6-c3dc-402d-ba61-4de79b4ba2a0,Male,84,Urban,0,0,Month-to-Month,Basic Connect,Digital Wallet,1,56.06519722364216,140055333.17570606,68,1,64.0,1,0
c6d8f131-dc95-4446-b37b-632193e79386,Male,45,Rural,0,1,One Year,Premium Connect,,1,97.67956580281898,294957810.0794847,43,1,59.0,0,1
f1ed3a04-0f5c-4113-a8d9-1fbf3966064f,Male,64,Suburb,1,0,Month-to-Month,Premium Connect,Credit Card,0,94.80041541358683,218285314.0578637,41,1,60.0,0,1
f81c8a3e-33c6-45f3-bc8b-b95776e7fef2,Prefer not to say,39,Urban,0,0,Two Year,Standard Connect,,1,73.77062535297041,123112441.08964932,36,0,67.0,0,3
24834126-c5e2-416d-b1b0-df0705c958f0,Female,70,Urban,0,0,Month-to-Month,Standard Connect,Digital Wallet,1,66.56558201775623,132733978.26377869,35,2,52.0,0,3
752b2110-f48c-4b13-a88c-c4aba102d59e,Male,69,Rural,1,0,Two Year,Basic Connect,Credit Card,0,20.0,51233804.54363835,44,2,17.0,0,3
f96b6d1b-31ed-4903-a3e9-8e4ca3387a0c,Female,51,Suburban,1,1,Month-to-Month,Basic Connect,Credit Card,1,64.08552025648723,161802884.8683643,48,1,64.0,0,3
f5f25329-0af9-45cf-ae7b-7dae52e3ef1f,Female,78,Rural,0,0,Two Year,Basic Connect,Digital Wallet,0,45.856060049263405,113127949.7070644,51,4,42.0,0,0
a5433874-d1b0-4e5b-b06f-63975afaf1b3,Female,63,Rural,1,0,Month-to-Month,Standard Connect,Credit Card,1,67.44768983559267,182333307.3470447,65,1,39.0,0,0
97a40110-ee24-49ce-81da-eceabb2ec6fc,Male,61,Rural,1,0,Month-to-Month,Basic Connect,Credit Card,1,53.81626287764936,136946626.56671995,65,0,82.0,0,0
b32fa527-b833-4bd9-a562-05548c6bd4fe,Female,72,Suburban,0,0,Month-to-Month,Basic Connect,Digital Wallet,1,35.933801786483066,55684876.99797624,46,0,28.0,0,3
2ca2d98f-c4d3-444b-be18-a2ee5e89e0bd,Female,37,Rural,0,1,Month-to-Month,Standard Connect,Digital Wallet,0,96.5002784873864,165145146.2739569,63,1,119.0,0,1
878f1a04-5859-49bb-a923-add2dcf2807c,Female,31,Urban,0,0,Month-to-Month,Standard Connect,Credit Card,0,55.58966406877119,3446.5591722638137,62,2,71.0,0,0
a4865354-26a8-4e7f-99e7-cdb0a876e4dc,Female,69,Urban,0,0,Month-to-Month,Basic Connect,Digital Wallet,1,25.568033450314218,71729434.48429441,61,2,32.0,0,0
63426c9f-e06a-4bf0-ab2d-7c716d4685a1,Female,28,Suburban,0,1,Month-to-Month,Standard Connect,Digital Wallet,1,62.227638012015376,171209092.64813465,39,2,90.0,0,3
e5e9bc80-afd5-427f-950d-a4c1933512e1,Female,64,Suburban,0,0,Two Year,Standard Connect,Credit Card,1,64.08552025648723,317423533.2615636,54,1,160.0,0,1
eda91fb6-a5cc-43f8-968e-93254c44deac,Female,62,Urban,0,1,Month-to-Month,Standard Connect,Digital Wallet,1,92.12897554254626,153041638.86792555,55,1,99.0,1,1
732177d5-12e2-46ae-8589-f031843e2346,Male,83,Suburban,1,1,Two Year,Standard Connect,Bank Transfer,1,67.9565038500858,122057508.64154892,39,2,57.0,0,3
47d16ad7-d859-4e75-a84b-53afe27d60c8,Male,43,Suburban,0,1,Two Year,Basic Connect,Bank Transfer,1,56.97840209398028,130441079.21026388,62,1,51.0,0,0
a9410465-3c7f-4520-bcd0-278e615f3a92,Male,54,Rural,0,0,Two Year,Basic Connect,Credit Card,1,44.02966893764046,105060673.03831024,52,2,35.0,0,0
8f2d8907-1825-45b7-b36a-a253a22e8a27,Female,22,Urban,1,1,Month-to-Month,Basic Connect,Mailed Check,1,55.93170987391704,167003908.38843542,57,2,38.0,0,0
ddb60930-4d26-434b-9e67-73eddce111cf,Male,35,Urban,0,0,One Year,Basic Connect,Credit Card,1,27.69547985802823,54746275.12920709,36,2,64.0,0,3
eefefa00-600c-4ef2-9e25-c5dc12cf8719,Male,19,Rural,0,0,Month-to-Month,Standard Connect,Bank Transfer,1,64.08552025648723,193376370.88932592,51,1,88.0,0,1
9abf3f98-e09a-4a9d-855f-6314c1bb0cf8,Male,34,Suburban,0,0,Two Year,Standard Connect,Bank Transfer,1,84.54293417506068,165090273.50729993,59,2,129.0,0,1
b16ea12e-3a03-447e-a35e-dbac00777481,Female,39,Rural,0,0,Month-to-Month,Premium Connect,Digital Wallet,0,64.08552025648723,4229.644336928157,66,2,131.0,1,0
75ace8c5-ef9a-4604-ac74-16b198ba96e7,Female,61,Rural,0,0,Month-to-Month,Standard Connect,Digital Wallet,1,43.33391041657684,103322627.36705405,54,1,57.0,0,0
e01802bd-237a-464c-aaf6-733de5789b4f,Male,72,Urban,0,0,Month-to-Month,Premium Connect,Bank Transfer,1,98.38200585195403,275085838.6241709,57,0,64.0,0,1
14cd0e89-fbde-4bd6-9b9d-66843a292a81,Female,56,Urban,1,0,Month-to-Month,Basic Connect,Credit Card,1,57.262737647859325,77721982.2097229,35,3,64.0,0,3
4a158793-0781-4dc8-a514-52f32e4048c8,Female,50,Urban,1,0,Month-to-Month,Premium Connect,Credit Card,1,115.84792136223452,192964254.96036857,35,2,166.0,0,1
c6745fc2-033d-4a0c-b309-32b0bbd3b60a,Male,53,Urban,1,0,One Year,Standard Connect,Bank Transfer,0,63.79519375103366,107094443.3281578,52,1,76.0,0,0
20210fd8-3404-43b2-b4cf-244638510cec,Male,82,Urban,0,0,Month-to-Month,Premium Connect,,1,99.0596906939776,3566.1488649831936,36,2,81.0,1,3
559399c2-4f72-4af2-8819-ef2777d178b3,Male,55,Urban,0,1,One Year,Basic Connect,Credit Card,1,61.00240365086577,162937988.26213244,57,0,64.0,0,0
6d6d0bce-3c0b-4f4f-903b-a2b5e004c2a2,Male,75,Urban,0,0,One Year,Premium Connect,Bank Transfer,0,109.57823439924964,171544558.1538168,42,1,108.0,0,1
03b89438-196b-46b3-8bb9-11594acce6f3,Non-Binary,71,Urban,1,0,Month-to-Month,Premium Connect,,1,88.63779111998241,174058271.9949375,49,2,92.0,0,1
8a30e205-bfc6-4d0f-b18d-0edea3aff59c,Male,67,Rural,1,0,Month-to-Month,Premium Connect,,0,84.9999754955071,208888636.00976828,62,1,92.0,0,1
5a802bd8-8f40-41f2-a280-f8a43ffd5c15,Male,18,Suburban,0,0,Month-to-Month,Standard Connect,Credit Card,1,64.08552025648723,154203429.0161749,51,4,96.0,1,3
512233cd-ca05-425c-946b-66d886224f20,Prefer not to say,27,Rural,0,0,Two Year,Premium Connect,Digital Wallet,0,112.96002777916976,299032388.3099784,55,0,73.0,0,1
dd728c5b-27a6-4a60-9dbc-466451adf20b,Female,69,Urban,0,1,Month-to-Month,Premium Connect,Credit Card,1,108.89937804375,221166902.62849244,57,1,162.0,0,1
01f37d29-971b-48b3-a7b4-c526e436a6c4,Male,68,Urban,1,0,One Year,Premium Connect,Digital Wallet,0,120.50786783547436,195631920.8812744,38,0,181.0,0,1
ddd4b9eb-71fb-4981-98e7-3b35a4aa6368,Male,35,Urban,0,0,Month-to-Month,Basic Connect,Bank Transfer,1,46.662522974319295,75817698.19556986,61,0,58.0,0,0
0825d19b-8120-404b-8810-cbfdc91e53f9,Male,62,Rural,0,0,Month-to-Month,Premium Connect,Mailed Check,1,126.20526394076552,262836666.5015861,60,1,135.0,0,1
55d4d999-c976-4792-98e9-162e2d0c8286,Male,57,Urban,0,0,Month-to-Month,Basic Connect,Bank Transfer,0,30.37056842522841,1305.9344422848217,43,2,20.0,0,3
a5a34197-d971-469d-a3df-f74a16cd1b69,Male,51,Suburban,1,0,Month-to-Month,Standard Connect,Credit Card,1,48.78604455715332,99431493.27157754,44,1,51.0,1,3
36c4f2b3-6236-4643-97ab-125494fd1ecd,Female,82,Rural,1,1,Month-to-Month,Basic Connect,Bank Transfer,1,61.60046833679048,154843901.40984112,52,3,93.0,0,0
4e11d8a7-9d4d-42bb-a467-e16aeaa3c3f6,Male,41,Suburban,1,0,One Year,Basic Connect,Credit Card,1,31.55377452116645,1703.9038241429882,54,0,64.0,0,0
a75a3a90-6218-438f-bed2-81ad745b2331,Male,31,Urban,0,1,Month-to-Month,Standard Connect,Bank Transfer,1,79.71220583679809,167731970.65244448,58,1,119.0,0,1
c20c5680-60c2-42cb-9edb-968967475c19,Male,51,Urban,0,0,Month-to-Month,Standard Connect,Credit Card,0,64.08552025648723,159179999.72895324,35,1,80.0,0,3
89736a6f-44ff-41ae-8dd4-cf5d73d6b002,Male,70,Urban,0,0,One Year,Standard Connect,Bank Transfer,0,82.64269474722775,136724918.90836248,69,2,126.0,1,0
319c94f8-b598-43c0-92f6-4e65fcc7f3bc,Female,74,Urban,0,0,Month-to-Month,Standard Connect,,1,65.68697965565406,93620472.45654398,42,2,101.0,0,3
8956dea1-81c4-415e-965f-d04e38ab3a09,Female,24,Urban,1,1,One Year,Standard Connect,,1,60.75937511596104,117676275.09756608,59,1,62.0,0,0
68ff7cc5-b4ec-48fe-a337-186c393d8024,Prefer not to say,61,Suburban,1,1,Month-to-Month,Basic Connect,Digital Wallet,1,20.0,49745309.15411313,59,0,20.0,0,0
97347136-4091-4fec-aa8f-82d77ff1067d,Male,31,Urban,0,0,Two Year,Basic Connect,Bank Transfer,1,55.4897952060704,96849782.20946948,66,2,60.0,0,0
46aa14d8-b1c1-4c48-aa1f-dc1eebede23c,Male,38,Suburban,0,0,Month-to-Month,Premium Connect,Credit Card,1,100.78235437830446,190109351.3747951,67,1,65.0,0,1
009b762e-e83a-43e6-b44e-b777dd34b6e9,Male,31,Urban,0,0,Two Year,Standard Connect,,1,73.98118335412761,111401287.25577278,46,1,100.0,0,3
4d2b521c-d522-441f-a954-51befd0f0c74,Female,60,Suburban,0,0,Two Year,Basic Connect,Digital Wallet,1,36.8594263423756,70067673.5747958,35,1,59.0,0,3
7c8fa30b-0790-47c6-a716-ae501ada43e6,Male,63,Suburban,0,0,Month-to-Month,Basic Connect,Digital Wallet,0,20.0,34769740.87750057,41,0,19.0,0,3
6e064acd-cc4d-4ec1-9969-d981401c7a06,Female,41,Urban,1,0,Month-to-Month,Basic Connect,Credit Card,0,40.20121511639226,119474248.35368133,41,2,64.0,0,3
951c4cd0-4ae9-468f-a27f-99efb7ae5dd1,,51,,0,1,Month-to-Month,Standard Connect,Mailed Check,1,84.84392747115383,181738389.686402,61,4,68.0,0,1
a30df8b4-5c06-498f-9b7e-52274acce2a7,Male,81,Suburban,1,0,Two Year,Basic Connect,Credit Card,0,40.61928817695559,93603988.03832018,43,1,64.0,0,3
171e40df-8ec2-4b07-b0f0-41d0bffc3087,Male,29,Urban,0,1,Month-to-Month,Standard Connect,Bank Transfer,1,82.28139155786484,232197550.36310592,59,2,82.0,1,1
dc0b660d-faaf-40ba-890c-5e82882778ec,,72,Rural,0,1,One Year,Standard Connect,Credit Card,1,98.99045125141257,194247788.39178845,43,3,80.0,0,1
bf1a345a-16f8-40bf-8b2e-07c1dd60b431,Female,83,Urban,1,0,Two Year,Standard Connect,Credit Card,1,82.65473973356595,214597492.69980952,49,1,107.0,0,1
38866b97-0bb7-4bdf-9e30-9cefecd94ab7,Male,28,Rural,0,0,Two Year,Premium Connect,Digital Wallet,1,91.83128605227068,236562255.51841348,34,1,98.0,0,1
47fed296-9ca1-4fc6-92fc-c5cef01be9a9,Male,26,Suburban,1,1,Month-to-Month,Standard Connect,,1,80.84806608367887,189799819.1301876,40,3,89.0,0,1
418d844c-8dc0-4d20-ac45-bf2447f1de7e,Female,51,Urban,0,0,Month-to-Month,Basic Connect,Bank Transfer,0,255.83225787272613,70680072.89793122,58,15,554.7567748,0,2
61c90ec3-2a46-4695-b906-50c1b69b2955,Male,50,Urban,0,1,Month-to-Month,Basic Connect,Digital Wallet,1,64.08552025648723,37899835.873033874,69,1,24.0,0,0
801e5bab-2659-4d84-b9a1-7fb807e99795,Female,33,Suburban,1,0,One Year,Standard Connect,Credit Card,1,54.121976252267295,152420592.77850023,63,0,61.0,0,0
edaa0fb3-7d21-48dc-87a0-35b4a2b28e7f,Female,35,Rural,0,0,Month-to-Month,Standard Connect,Digital Wallet,1,69.42015409309718,155339513.29050857,38,1,43.0,0,3
41459dfe-42e7-45f3-8a2d-191ab932b0c4,Male,37,,0,0,Month-to-Month,Basic Connect,Credit Card,1,31.6867300334893,62261022.01668291,41,1,48.0,0,3
2c885248-75b9-4eae-9787-b90814f8d139,Non-Binary,32,Suburban,0,0,Month-to-Month,Premium Connect,Mailed Check,1,69.57232358102826,162596172.6720225,67,2,45.0,0,0
32d4e7bf-1c12-4f7b-9f5f-92df9180f427,Female,54,Urban,0,0,One Year,Basic Connect,Bank Transfer,1,73.29967274351105,140537634.71903256,55,4,78.0,0,0
bdd9e831-c3bb-4002-bc03-40ffa0a55e24,Female,80,Suburb,1,0,Month-to-Month,Basic Connect,Credit Card,1,24.245290909031056,72831729.10721968,56,2,27.0,0,0
796253f6-e954-46ae-8a8f-9f0fc8fac540,Female,32,Urban,0,0,Month-to-Month,Standard Connect,,1,73.54079114833964,207586455.1972118,64,5,64.0,0,1
7ce0e12a-affc-4787-b2a6-cd60439fdc72,Male,20,Urban,0,1,Month-to-Month,Premium Connect,Digital Wallet,1,101.37766417381258,238774341.98581544,44,1,56.0,0,1
66ba4638-d7ff-422d-95a9-0b73ea46dd0b,Male,81,Urban,0,1,One Year,Premium Connect,Mailed Check,1,64.08552025648723,223690114.7680229,49,1,158.0,0,1
9d37be16-fee7-428b-ad04-1497762620f9,,76,Urban,0,0,Month-to-Month,Basic Connect,Credit Card,1,36.23780464068147,83770293.93555136,52,4,29.0,0,0
fa6c74ef-e95a-452b-ad43-8c9d3663e7dd,Female,64,Urban,0,0,Month-to-Month,Basic Connect,Bank Transfer,1,38.85116831460012,71574559.0050953,35,2,46.0,0,3
a85ca8df-ac1b-4b98-b14d-e4e2b5bb2925,Male,33,Urban,0,0,Two Year,Premium Connect,Digital Wallet,0,125.86218703038598,191122711.06171468,69,3,68.0,0,1
3018d776-4158-4446-9f48-c665315eda47,Male,61,Urban,0,0,One Year,Basic Connect,Bank Transfer,1,20.0,61498515.10800892,42,4,21.0,0,3
58b4c5d5-e039-49b4-9ab2-0c86f7c405f6,Male,21,Rural,0,0,One Year,Standard Connect,Mailed Check,1,62.60102853176651,123079702.56183808,66,0,47.0,1,0
2cd5bd27-bb29-4271-b234-4dce64033418,Female,56,Urban,0,0,One Year,Basic Connect,Mailed Check,1,49.10897603252841,124614420.2397618,67,2,62.0,0,0
90a090a8-33d5-4bb5-b421-e4b158c07884,Female,28,Suburban,1,0,One Year,Basic Connect,Bank Transfer,1,64.08552025648723,79034510.61324725,69,1,51.0,0,0
4d55e117-b6e9-4512-9570-96daef800391,Female,47,Suburban,0,0,Month-to-Month,Premium Connect,Digital Wallet,1,111.71610163883848,265062922.0286397,57,0,171.0,0,1
59ce9dcc-45d8-4e9f-8bea-d00ca586148e,Female,61,Rural,1,0,Month-to-Month,Basic Connect,Bank Transfer,1,64.08552025648723,133007401.32843438,48,3,35.0,0,3
ad1702f1-842a-4010-a16a-ca5290e13f1a,Male,73,Urban,0,0,One Year,Basic Connect,Credit Card,1,40.21444293474765,99157961.7126301,46,2,55.0,0,3
1b621e68-2a35-4401-b138-68cd9f3b5a4a,Female,75,Urban,0,1,Month-to-Month,Standard Connect,Credit Card,1,70.13014803333395,170882951.26356533,55,3,42.0,1,0
69f894a8-6f9b-4eab-8be7-b5a0a1e00ff3,Female,71,Suburban,0,1,Month-to-Month,Standard Connect,,1,56.14103240301571,120410096.84603857,38,1,64.0,0,3
ad6929ba-51d1-4bc8-ac3b-d55a93326141,Female,53,Suburban,1,0,Month-to-Month,Basic Connect,Credit Card,0,40.99947073481266,100946119.73207536,56,1,35.0,0,0
0a0890dc-8d09-482a-9dc7-64978803c22e,Female,79,Urban,0,0,Month-to-Month,Basic Connect,Bank Transfer,1,51.56641799719223,84692957.63560545,66,2,58.0,0,0
bc720d68-9d55-4a8b-b095-b37782f9a085,Male,72,Urban,0,0,Month-to-Month,Basic Connect,Bank Transfer,0,20.0,35972261.26233333,37,3,16.0,0,3
4133eed8-cf16-48c8-bd8a-34ba224b3089,Female,51,Urban,1,0,One Year,Basic Connect,,1,32.87921617260064,91195276.46535727,40,1,39.0,0,3
2824e358-58a0-4968-9a88-a82735dfa30d,Male,25,Urban,0,0,One Year,Standard Connect,Digital Wallet,0,78.05768916397346,194133930.18743613,64,1,87.0,0,1
735fde26-183c-4862-b50d-14e20ee5e8f7,Female,66,Urban,1,0,Month-to-Month,Basic Connect,Digital Wallet,1,54.4828311752756,160343137.34366086,54,1,64.0,0,0
3603b225-eeba-407c-99eb-7460de34d83c,Female,46,Suburban,0,0,Month-to-Month,Standard Connect,Credit Card,1,71.04968606604594,186037654.4403133,60,2,45.0,0,1
897485ec-3971-4e3d-8751-144391bf4f64,Female,69,,0,0,Two Year,Basic Connect,Mailed Check,1,30.819495288409883,43678331.54068873,58,1,64.0,0,0
88a6e500-c9b2-4e9e-b542-02471e742250,Male,39,Rural,1,1,Two Year,Standard Connect,,0,66.00989835054772,109764241.90611964,50,1,56.0,0,3
bf97ef35-d098-46be-9d96-4347b58d7976,Female,51,Rural,0,0,Month-to-Month,Premium Connect,,1,94.54106626937396,231468009.2436371,64,1,96.0,1,1
479b2222-9a7f-4ff1-ba7d-b9d6f57e93d4,Female,37,Suburban,0,0,One Year,Premium Connect,Credit Card,0,107.76390873179145,305191482.24990195,50,1,96.0,0,1
c837540d-da19-493c-99b9-7fe1347e5f35,Male,57,Urban,1,0,One Year,Standard Connect,Digital Wallet,1,49.67322346049612,107094558.84119643,64,2,55.0,1,0
203fff65-9f3a-4059-8333-7795888279c8,Female,51,Urban,1,0,One Year,Standard Connect,Digital Wallet,1,91.9513316142243,267885390.0864701,61,1,102.0,0,1
e572286d-04e3-4106-be41-b324f4c9794b,Male,51,Suburban,0,0,Month-to-Month,Standard Connect,Credit Card,1,495.3836606295026,232586297.9246001,40,22,1135.251442,0,2
95293e52-445f-4adf-8562-e96af63f45e8,Prefer not to say,61,Urban,0,0,Two Year,Basic Connect,Credit Card,1,31.512486238845764,85487810.38204496,35,3,26.0,0,3
060f2de4-2f99-493c-9144-770209286c82,Female,26,Suburban,1,0,One Year,Standard Connect,Credit Card,0,63.08535258332737,102076305.5903276,55,1,64.0,0,0
2de2f943-a4de-4cae-8192-6c977dc16a66,Male,60,Urban,0,1,Month-to-Month,Standard Connect,Credit Card,0,77.58304711156674,180907081.3550298,46,2,67.0,0,1
c84d4e26-34cb-42b1-9ade-00045a12e543,Male,73,Urban,1,0,Month-to-Month,Basic Connect,Bank Transfer,1,64.08552025648723,93690952.15935282,42,1,64.0,0,3
3534b158-804e-475a-b6a9-75d4826fcd25,Non-Binary,71,Urban,1,0,Month-to-Month,Basic Connect,Credit Card,1,22.06608179640096,1015.0397626344444,46,3,18.0,0,3
bb67f9a5-b536-43fd-b6e5-726ccdf8528e,Female,60,Suburban,1,0,Month-to-Month,Premium Connect,Bank Transfer,0,90.778744889587,262988829.4401476,45,0,136.0,0,1
c4363831-2ded-4592-a23b-b2415fbac0cb,Female,19,Rural,0,1,Month-to-Month,Premium Connect,Bank Transfer,1,84.90607447376489,3905.6794257931847,46,1,58.0,0,3
095efe6f-02c7-42be-a0a7-6e08bfc7b66c,Female,51,Urban,0,0,Month-to-Month,Basic Connect,Credit Card,1,42.82424418539493,89825409.3017593,48,1,26.0,1,3
6d726b6d-50cd-4fac-b358-11d45ca0d9ef,Female,42,Rural,0,0,One Year,Premium Connect,Bank Transfer,0,64.08552025648723,180372981.06728297,36,1,113.0,0,3
df5137d8-bfc6-463d-b8a9-6171875f05b3,,71,Urban,1,0,One Year,Basic Connect,Credit Card,0,31.806533129685945,52773666.05766936,65,1,32.0,0,0
202877cc-f861-4248-bcea-d89394a3c637,Female,68,,0,0,Month-to-Month,Premium Connect,Credit Card,1,98.58862877662958,285079559.461424,46,1,143.0,0,1
c462c88b-1b54-47fe-9c3b-9003d8291f7f,Female,71,Urban,0,1,Two Year,Standard Connect,Mailed Check,0,104.08086687866152,253394377.0817997,53,0,157.0,0,1
6d29a95f-94c5-401a-9be5-613e2edcfe3c,Female,39,Urban,1,0,Two Year,Basic Connect,Credit Card,1,42.22797269373476,81248792.53618872,59,1,37.0,0,0
d96c3da7-068d-4b0a-a3e5-c5b5fed153c2,Male,64,Suburban,1,0,One Year,Premium Connect,Bank Transfer,1,114.04483510737802,243478118.94446,58,1,100.0,0,1
bdba3d95-3ceb-4836-b107-47ef20b6a15b,Male,43,Suburban,0,0,One Year,Basic Connect,Mailed Check,1,35.42861502809542,62094197.20108058,42,1,26.0,0,3
51ffbd99-7c15-4a8a-b9a2-fb66db0b62de,Male,28,Rural,0,1,Month-to-Month,Premium Connect,Mailed Check,0,64.08552025648723,204964970.97971857,67,2,79.0,0,0
45db556e-97b8-41de-9484-1c30d87fc756,Female,80,Suburban,0,0,One Year,Premium Connect,Credit Card,1,71.09131561000326,3270.20051806015,46,1,53.0,0,3
2d1224bc-87a9-48a3-86b7-a5ab45d29af2,Female,76,Urban,1,0,Month-to-Month,Standard Connect,,0,82.73591290094006,246045549.9467957,56,1,64.0,1,1
78ad34ed-5873-456f-9b85-97af42750f66,Female,58,Suburban,0,0,One Year,Premium Connect,Bank Transfer,0,51.62252607826061,2323.0136735217275,45,0,64.0,0,3
42639856-c7b7-4b0e-b5ca-f381e3401f30,Female,54,Urban,1,1,Month-to-Month,Premium Connect,Credit Card,1,90.48989470070084,256387648.60596785,66,1,122.0,0,1
84815a84-b7ab-4a2e-9e58-af6c22e016b1,Male,36,Urban,0,0,Month-to-Month,Premium Connect,Credit Card,0,108.48977333843872,237630386.2559569,40,1,165.0,1,1
e3e5e87e-3d2e-4107-acfb-661fbe532837,Male,48,Urban,0,0,Month-to-Month,Basic Connect,Credit Card,1,28.08828362034128,53039767.65635361,40,3,30.0,0,3
fa1be32f-58be-4136-ae68-884f52d4d634,Male,42,Suburban,1,0,Month-to-Month,Standard Connect,Credit Card,0,83.87032385562237,3270.9426303692726,39,2,68.0,0,3
3906d8ee-1170-4c7c-a642-91870c57f865,Female,24,Suburban,1,0,One Year,Basic Connect,Mailed Check,1,47.55906013547988,162046083.23211014,48,2,32.0,0,3
d4ea70d5-a125-47c8-aec7-0da166657468,Male,43,Rural,0,0,Month-to-Month,Basic Connect,,1,20.829253058714364,60765201.081860885,49,1,22.0,1,3
3e18f4b4-e58e-46ec-a5d6-358ed4b52de4,Female,59,Urban,0,0,Month-to-Month,Basic Connect,Credit Card,0,84.1173630325012,181955380.36308745,51,0,99.0,0,1
1af27581-1be0-4e6e-9913-f6c4ef33f9c0,Female,67,Urban,0,0,One Year,Basic Connect,Credit Card,0,32.40026908467561,78173236.1128687,46,2,21.0,0,3
e71431ec-c819-4102-b4f9-5bd4257b44c9,Prefer not to say,55,Urban,0,0,Two Year,Premium Connect,Credit Card,1,84.90705848240016,244015827.19610325,56,1,125.0,0,1
36a5c11c-e8d5-441b-8243-61c59a9226bc,Male,63,Suburban,1,0,Month-to-Month,Standard Connect,Credit Card,0,64.08552025648723,109026151.881313,68,2,48.0,1,0
dd5c2292-37bf-455a-ad31-6ba897a9e05f,Male,61,Urban,0,0,Two Year,Basic Connect,,0,41.97436484663079,115739905.68008968,48,2,32.0,0,3
1f83c704-ba43-431c-9332-fe67e64a4e91,Female,63,Rural,0,0,Month-to-Month,Basic Connect,,1,74.42624350174276,180844652.8743645,57,1,90.0,0,1
db0e9870-f581-4cc6-9783-b7e7ad1fbd59,Female,66,Suburban,0,0,Month-to-Month,Basic Connect,Credit Card,1,60.496238739615535,141297741.06784382,55,1,52.0,1,0
9cd8f2a8-3b8c-4cc3-83ce-1cf22e9247ca,Female,39,Rural,1,0,Two Year,Standard Connect,Credit Card,1,64.08552025648723,4357.815377441131,68,4,64.0,0,0
cfd801d2-94f1-42ae-b5e1-56e569fcf02f,Male,27,Suburban,1,1,Month-to-Month,Basic Connect,Credit Card,1,27.366752019526963,37082228.58567844,37,0,64.0,1,3
7e360f55-94fd-41bd-badb-4945b5d0e9c5,Male,61,Urban,0,0,Month-to-Month,Standard Connect,Credit Card,1,46.972435976474266,95621101.93388917,64,2,61.0,1,0
f68c36e8-307f-4fd0-8489-104357265ae1,Male,51,,0,0,Month-to-Month,Basic Connect,,0,28.177206114213387,71390945.03106625,51,2,42.0,0,3
18e0ce09-85a1-4470-8d5d-c6c7f9438cca,Male,58,Urban,1,0,Two Year,Basic Connect,Credit Card,0,45.22790891844582,117402654.71622446,42,2,64.0,0,3
a20020e0-1a0d-4689-8de1-415dba7b7037,Female,61,Urban,0,0,Month-to-Month,Premium Connect,Credit Card,1,95.72145494375988,5073.237112019274,53,1,117.0,0,0
1321dd76-f4f3-4e09-ba04-dd777b4f8b72,Female,76,Urban,1,1,Month-to-Month,Standard Connect,Bank Transfer,0,78.31545226393109,145070245.9820214,45,1,49.0,0,3
277bcf3f-6d9a-4c2c-b5e8-0ce3f810f4e1,Female,31,,1,1,Two Year,Standard Connect,Credit Card,0,82.40060963557168,149341419.6916536,43,3,64.0,0,3
bf8ff74e-ddd4-4ae8-99bd-8900cdec0e4e,,55,Urban,0,0,Month-to-Month,Standard Connect,Digital Wallet,1,85.06069185709816,135859644.3106365,69,0,59.0,0,0
b89c3b84-90e5-435e-bf3a-d47ed0bd0499,Female,62,Urban,1,0,Month-to-Month,Premium Connect,Bank Transfer,1,108.01086668288548,240498271.15501705,66,3,136.0,1,1
bcf0f745-2ca5-41d8-82f3-74fea17c9463,Female,82,Urban,0,1,Month-to-Month,Basic Connect,Digital Wallet,1,55.39093429435074,105859844.2111596,62,1,52.0,0,0
096e0406-6298-40d4-b552-cdbd6b1ceca4,Female,56,Suburban,0,0,One Year,Standard Connect,Digital Wallet,0,78.12362352552766,3359.3158115976894,43,0,86.0,0,3
8e97418e-d3d9-46ad-94dd-56a3c998fb1f,Male,71,Urban,0,0,One Year,Premium Connect,Digital Wallet,1,120.68069728777122,6758.119048115189,56,2,185.0,0,0
b8b3c2fd-d2b4-445f-9db7-cadf7ed064ac,Female,44,Suburban,1,0,Month-to-Month,Standard Connect,Credit Card,1,84.27475511294537,184501551.23728943,52,0,100.0,0,1
8821c902-c7ce-4e10-97db-d73d0331cc4b,,41,Urban,1,1,Month-to-Month,Premium Connect,Credit Card,1,102.4166478615188,149574927.64337856,51,1,76.0,1,1
e3b4acb7-e4cb-46dc-87bc-eea5e4631c84,Male,41,Rural,1,1,Month-to-Month,Standard Connect,Bank Transfer,1,73.54812514259301,144659702.67266318,60,1,101.0,0,0
24159821-c622-434e-98f1-76857f406c96,Female,40,Suburban,0,1,Month-to-Month,Basic Connect,Bank Transfer,1,20.0,43551810.38641776,54,0,64.0,0,0
89fedc1c-da70-4cb1-a124-4614bccab48a,Female,42,Urban,1,0,One Year,Premium Connect,Bank Transfer,0,96.582312708515,234606118.4776307,62,0,80.0,0,1
753705fd-bcc8-4e21-8a5b-19a2119330bd,Male,82,Urban,0,0,Month-to-Month,Basic Connect,Mailed Check,1,26.256952344464693,40864920.19040456,46,0,37.0,0,3
b9aaf766-1390-4a38-8171-d14d517e985c,Female,35,Rural,1,0,Month-to-Month,Standard Connect,Digital Wallet,1,67.85665092849261,4342.825659423527,64,2,41.0,0,0
14c08e39-0e97-47af-b520-8ae2bfe74cb1,Male,68,Urban,0,1,Month-to-Month,Standard Connect,Credit Card,1,88.74202907052303,4259.617395385106,48,2,92.0,0,3
4cebe33b-3116-4f1f-87fc-b25e48dcc289,Male,54,Urban,0,0,Month-to-Month,Standard Connect,Bank Transfer,0,59.93065579187584,2337.2955758831577,39,3,64.0,0,3
70fd7b29-06c2-465b-9108-9b6f09ece0f9,Male,51,Urban,0,0,One Year,Standard Connect,Digital Wallet,1,46.27851635667051,126937295.12472436,44,0,52.0,1,3
4c1104d7-f04a-4c16-8fc4-2096885126e7,Male,26,Rural,0,0,One Year,Premium Connect,Digital Wallet,0,114.6556653002062,336246656.22333646,34,1,64.0,0,1
bea3c115-6174-418c-889c-29ac9ba90f81,Male,29,Rural,0,1,One Year,Premium Connect,Digital Wallet,0,105.15503823831634,6624.767409013929,63,1,107.0,0,0
f7871c63-e34b-4a8f-8fa3-00ecf911cc7a,Male,20,Urban,0,1,Month-to-Month,Premium Connect,Bank Transfer,1,111.47223011023468,167273658.71364376,39,1,95.0,1,1
bbcc638a-fd4e-4748-8a1f-438f62293697,Male,84,Suburban,0,0,Two Year,Basic Connect,Digital Wallet,0,40.52070966604354,75339303.86850704,66,0,28.0,0,0
153b45d7-cac3-4a69-9f7e-64f48f4d7b11,Male,59,Rural,0,0,Month-to-Month,Basic Connect,Bank Transfer,1,36.5207237373929,85718587.9515977,53,1,29.0,0,0
eadfc242-b0f4-49c4-982f-a5b408bda824,Male,74,Urban,1,0,Two Year,Basic Connect,Digital Wallet,0,44.41072049927552,123702175.90941754,56,0,44.0,0,0
e2a4e4a6-aeca-40c5-9aad-f7b98d13bfca,Female,67,Urban,0,0,Month-to-Month,Standard Connect,Credit Card,0,59.51200257184636,166917239.3591433,61,5,49.0,0,0
ea98718a-035e-4606-88c8-ed319f9050d9,Female,58,Urban,0,0,Month-to-Month,Premium Connect,Mailed Check,1,107.6819222798118,4738.004580311719,44,0,61.0,0,3
2c792717-0d2c-4048-9baf-6b28c77205af,Male,19,Rural,0,1,Month-to-Month,Standard Connect,Mailed Check,1,64.08552025648723,147231640.25016558,37,1,72.0,0,3
321978c9-6501-41b4-88f9-1b19ab4e53eb,Non-Binary,69,Urban,0,1,Month-to-Month,Standard Connect,Credit Card,0,78.05715076352665,166999991.1591512,51,1,64.0,1,1
ac8ed6e9-2c6d-4bcb-a644-22cd7734af05,Male,49,Urban,1,0,Month-to-Month,Premium Connect,Credit Card,1,92.82851206825175,4919.911139617343,53,1,85.0,0,0
4a6c2bf8-7291-4cfa-b1fe-6d92ebb7fa23,Female,55,Suburban,0,0,Month-to-Month,Standard Connect,Credit Card,1,76.14810221069796,218267691.20491847,38,2,71.0,0,1
66ed666d-eb29-4adf-a8cf-7b329d508fa3,Female,51,Urban,0,1,Month-to-Month,Premium Connect,Credit Card,0,129.4110321317523,216875353.4754284,65,2,74.0,0,1
6f2fc8c8-ae07-4c02-87b5-6180fdab5e03,Female,62,Urban,1,1,Month-to-Month,Basic Connect,Mailed Check,1,50.72586799740365,109398196.07121216,52,1,53.0,0,0
e2d9fdd0-dd2a-4d9f-8139-c773d0d55e8b,Male,24,Rural,0,0,One Year,Premium Connect,Credit Card,1,104.15965591640416,251078755.35604808,48,0,85.0,0,1
c3a8ce6c-52a3-4356-b3ab-fcebdeda20f4,Male,67,Rural,0,0,Two Year,Standard Connect,Mailed Check,0,64.08552025648723,121537436.756066,40,2,92.0,0,3
37762194-b7e4-4dde-bc0a-2db2877978be,Prefer not to say,51,Rural,0,0,One Year,Premium Connect,,1,93.39776367159564,209630524.81774136,61,0,144.0,0,1
998dc96c-82cb-457c-8469-647b2e651fc1,Male,71,Urban,0,0,Month-to-Month,Standard Connect,Credit Card,1,76.62532721128153,123057373.95941287,54,3,90.0,0,0
726e8c09-abef-408c-9553-1fb6c1557978,Male,30,Urban,0,0,Month-to-Month,Basic Connect,Credit Card,1,45.90369201972851,79507937.61177668,36,0,32.0,0,3
419e9c31-c055-4dad-a4f8-3528ff8c388f,Female,82,Urban,0,0,Two Year,Standard Connect,Credit Card,1,77.67501606187778,244979958.43488893,51,2,105.0,0,1
d9c62c39-5569-4a46-9fa7-12bf0de02bd4,Female,34,Rural,0,0,Month-to-Month,Basic Connect,Credit Card,1,20.0,34697442.9820782,37,2,19.0,0,3
f514b5a5-48b8-4dbf-b008-780f56572b69,Female,77,Suburban,0,0,Month-to-Month,Standard Connect,Credit Card,1,94.67740764774344,305049859.34230274,64,3,59.0,1,1
867a9bad-4456-4fbd-afdd-6f24022ebcfd,Female,51,Urban,1,1,Month-to-Month,Basic Connect,Digital Wallet,0,45.486027421750165,2228.815343665758,49,3,35.0,0,3
4e28e09b-62e1-4932-82c9-fa2608c8dca4,Female,47,Urban,0,0,Month-to-Month,Premium Connect,Mailed Check,0,103.12491598078547,295229546.6987178,55,2,65.0,0,1
2c873371-848b-445d-b802-15995d8e6e5b,Female,51,Suburban,1,0,Month-to-Month,Standard Connect,Credit Card,0,245.2331126396151,102808424.80376996,63,22,493.7936344,1,2
ec645fea-5dfe-4ac7-950a-0029e462e9d8,Male,55,Urban,0,0,Month-to-Month,Basic Connect,Bank Transfer,1,32.02267303757415,1889.3377092168748,59,1,64.0,1,0
a73d5a5d-bf87-4c33-8a6e-a82668f6bc6a,Male,32,Rural,0,0,Two Year,Premium Connect,Digital Wallet,1,113.32189077393332,234461525.8152257,62,4,117.0,0,1
d2302c2a-b0ec-4eb0-9756-e715daa9a95c,Male,62,Urban,0,0,Month-to-Month,Premium Connect,Bank Transfer,0,104.27865388992872,285117156.4564569,59,1,64.0,1,1
0605c071-6d87-4b70-8986-a24bec365840,Female,83,Urban,1,0,Month-to-Month,Basic Connect,Credit Card,1,33.421984878541025,73415034.6759286,56,2,34.0,0,0
766b6ad1-d7dc-4d1c-9f26-d4bdb308e230,Male,75,Suburban,0,0,Month-to-Month,Standard Connect,Credit Card,1,52.680062186429424,132097016.95073514,39,1,40.0,0,3
9e78b833-13f4-4d86-9c15-a2ab025947ba,Female,63,Suburban,0,0,One Year,Standard Connect,Mailed Check,1,82.68169785389424,136512807.84290382,68,3,107.0,0,0
3f5c1c33-a56c-4d01-aa13-abec6c0e14ec,Non-Binary,47,Suburban,0,0,One Year,Standard Connect,Credit Card,0,62.86485969151566,3646.161862107908,58,1,43.0,0,0
bbaa4712-ee97-44be-bed6-3bc40c469a5f,Female,76,Urban,0,1,Month-to-Month,Standard Connect,Credit Card,0,87.15847329852146,216646644.27148083,42,1,121.0,0,1
d104a4a4-0c97-4941-b7e9-bd2f13fea0d3,Non-Binary,40,Suburban,1,0,Month-to-Month,Basic Connect,Bank Transfer,0,20.0,700.0,35,1,24.0,0,3
f5f022df-af01-416c-88a6-f714db28ddc6,Male,42,Rural,0,1,One Year,Basic Connect,Credit Card,1,61.886063852643005,155993203.1735924,37,1,81.0,0,3
0d24c724-eb81-420c-9d5a-61f4589c2d57,Male,60,Suburban,0,0,Month-to-Month,Standard Connect,Digital Wallet,1,77.5827153424289,222054298.5090283,47,1,65.0,0,1
f8016334-dda4-4c3c-888b-e4781602f38a,Female,24,Rural,1,0,Two Year,Standard Connect,Credit Card,1,72.82116087226963,127172463.57665902,63,2,43.0,0,0
384d15db-7325-479a-9331-28dc4623c6f5,Female,27,Urban,0,0,One Year,Premium Connect,Bank Transfer,1,119.97792834275911,281007748.7475646,36,5,120.0,0,1
37ada60b-e6db-4baf-8955-42c80fc305d7,Male,51,Urban,1,1,One Year,Premium Connect,Digital Wallet,0,98.2492944767718,291896515.210955,47,3,92.0,1,1
2e358a85-97f3-4c8b-a613-dd5b5f6e2f42,Female,20,Urban,1,0,Month-to-Month,Standard Connect,Bank Transfer,0,77.56224077419424,190211972.0686392,64,0,91.0,1,1
51edfd43-946a-4fba-be22-eab69917e012,Female,33,Urban,0,0,Month-to-Month,Basic Connect,Digital Wallet,1,31.59195654499454,94679368.15071464,67,2,38.0,1,0
d90034d1-9a6e-4046-9ae9-2d33cdc957a6,Male,24,Rural,0,0,Two Year,Basic Connect,Credit Card,0,41.58500829963809,122112628.55430144,37,0,41.0,0,3
0593915f-ca97-43f9-bfa7-6e8d1ed7e1bf,Male,75,Urban,1,1,Two Year,Standard Connect,Credit Card,1,108.69075524938856,344886654.8619379,56,1,158.0,0,1
7b6cd569-9524-4469-83cc-074cd09a3e5f,Male,41,Urban,0,1,Month-to-Month,Basic Connect,Bank Transfer,1,34.46509408303517,69579214.75411746,41,1,33.0,0,3
cc7d644c-aebe-400e-8227-b03d616b112d,Male,48,Rural,0,1,One Year,Premium Connect,Credit Card,1,97.53077504316578,153118503.5334409,35,1,72.0,1,3
fe1d9030-916e-4162-86b0-32a8adc9bc61,Non-Binary,57,Urban,1,0,Month-to-Month,Premium Connect,,1,118.903796400746,193297111.52436945,39,3,70.0,0,1
91d44e44-7247-4132-b007-5a8856c22dfc,Female,79,Urban,0,0,Month-to-Month,Basic Connect,Bank Transfer,1,20.0,50510679.44955031,58,2,23.0,0,0
1f2fa2e7-a1cb-4d31-9a5e-a80cf1dc50c5,Male,35,Urban,1,0,Two Year,Premium Connect,Digital Wallet,1,83.50825556838068,211142325.4142753,61,1,88.0,0,1
82030641-133c-452f-b681-febfcf3ac289,Female,71,,1,0,Month-to-Month,Standard Connect,Credit Card,0,79.04844290568417,178076756.1767394,66,1,86.0,0,0
2c115609-cb1a-42dc-901b-44632a3bb6f5,Male,30,Suburban,1,0,One Year,Standard Connect,Mailed Check,0,82.42085231285903,133295672.27716284,64,1,64.0,0,0
40fdd253-35e0-40cc-8f15-cfc8f226003b,Male,20,Suburban,1,1,Two Year,Standard Connect,Credit Card,1,71.23549573244335,4345.365239679045,61,4,94.0,0,0
6df8225b-29ba-4d87-9b9d-d6a742f305f0,Female,19,Suburban,0,0,Month-to-Month,Basic Connect,Bank Transfer,0,83.95945845914508,149359759.4407025,56,0,68.0,0,1
25bc7ce7-57f9-489d-85ae-117ff9d2b09d,Female,60,Urban,0,1,Month-to-Month,Basic Connect,Credit Card,1,43.68605201948395,94233149.92477588,47,0,51.0,0,3
e4ce2b46-05a1-4c32-a7c4-2a97cf91a1cc,,18,Urban,0,0,Month-to-Month,Premium Connect,Mailed Check,1,92.81949231904878,238805085.1720293,47,2,56.0,0,1
7e8aa9e2-84b5-4e21-90ee-6372b5a613b0,Male,51,Suburban,1,0,One Year,Standard Connect,Credit Card,1,70.1910580919518,158109580.6378503,55,1,45.0,0,0
dc42879d-3eeb-4bd9-b9e1-6d5482d6ab63,Female,49,Suburban,0,0,Month-to-Month,Premium Connect,Bank Transfer,0,99.87226136320484,3595.4014090753744,36,0,59.0,0,3
bef7857d-8031-49ce-bef2-00af4a666514,Female,50,Urban,0,0,Month-to-Month,Basic Connect,Credit Card,0,67.77460170984855,177228393.26338023,53,2,70.0,1,1
c8080e86-cb34-4e36-80ff-e0c00bee0104,Male,75,Urban,1,0,Two Year,Standard Connect,Mailed Check,0,73.68043871366112,210236450.40972835,41,2,60.0,0,1
170f0ce5-2c23-470f-a5c0-754e4ffa1b49,Male,51,Urban,1,0,Month-to-Month,Standard Connect,Digital Wallet,1,52.23021800564908,87930465.33477333,67,1,64.0,0,0
759148c3-b31b-4bef-96ed-78c32d38c755,Male,57,Urban,0,0,Month-to-Month,Premium Connect,Bank Transfer,0,126.30215813417954,382786650.87340295,67,1,106.0,1,1
db9b83c6-c86e-4ca4-87e0-7a011844acef,Male,48,Rural,1,0,Month-to-Month,Standard Connect,Digital Wallet,0,71.50991575825968,127324191.19705692,66,2,70.0,0,0
db33e573-4f25-45bb-9e4f-58fb33b360a2,Male,49,Urban,0,0,One Year,Basic Connect,,1,35.34353503785459,76333629.4344185,67,0,28.0,0,0
7795cf9c-3a6c-4117-a005-6e17207eef4e,Female,64,Urban,0,0,Month-to-Month,Standard Connect,Bank Transfer,1,63.55661134922258,115326047.88968083,35,2,49.0,1,3
5a32ce0c-bd1a-4e13-8030-f1e5e70601bd,Female,65,Urban,0,0,Month-to-Month,Basic Connect,Digital Wallet,0,20.0,55882363.60836652,58,2,27.0,0,0
06aa14cf-a412-45a8-b8e1-d4cbfe911898,Male,24,Urban,1,0,Month-to-Month,Basic Connect,Credit Card,0,20.0,31746455.505466346,59,2,22.0,0,0
28088be4-cabd-4394-a234-f446d477be55,Male,54,Urban,0,1,Two Year,Basic Connect,Credit Card,1,61.20144097804072,103683480.07841896,53,0,66.0,0,0
53ac70ec-af53-4bed-b593-d81940204766,Non-Binary,51,Suburban,0,0,One Year,Premium Connect,Credit Card,1,100.5620881038383,221366906.9423429,65,1,76.0,0,1
fc551d84-9531-4ce7-ac8e-99aa09a667ff,Male,78,Suburban,0,0,Month-to-Month,Premium Connect,Bank Transfer,1,84.77533436688012,2882.361368473924,34,3,81.0,1,3
83b8cf64-007b-46c5-873b-4e57cfa733a3,Male,81,Urban,1,1,Month-to-Month,Basic Connect,Credit Card,1,56.140185095249706,104399200.51350972,63,0,78.0,0,0
8815544c-ec40-4769-8ed5-70915caf5fa1,Female,28,Rural,0,1,One Year,Basic Connect,Digital Wallet,0,21.963702497414268,1164.0762323629565,53,0,64.0,0,0
cd5136a5-5512-42b5-925f-f68fbe5b43e4,Male,66,Urban,0,0,Month-to-Month,Basic Connect,Credit Card,0,35.537479552857896,61645014.2160569,58,0,31.0,0,0
679b28a7-1470-492c-9d28-33db402790e7,Male,29,Urban,0,0,Two Year,Standard Connect,Mailed Check,1,89.25791587034742,234529416.61421263,54,2,112.0,0,1
a1724378-311c-43fd-98a2-e341ee7d20b7,Male,77,Suburban,0,1,Month-to-Month,Premium Connect,Digital Wallet,0,87.60404503431397,188538235.2361612,61,1,109.0,0,1
a3ccfc69-5911-4027-8242-2d0c5a7b48b2,Female,78,Suburban,1,0,One Year,Basic Connect,,0,31.131362818632727,50115703.46149883,42,1,43.0,0,3
efa083ad-6d26-4700-ad5f-de626200f557,Male,47,Rural,1,0,Month-to-Month,Premium Connect,Bank Transfer,1,106.37863137623988,210382432.2095299,58,2,64.0,1,1
f6781c05-bb01-4791-b4d4-59b8c315bc57,Female,51,Rural,0,1,One Year,Basic Connect,Credit Card,1,58.30764985013958,126889535.4256064,48,1,42.0,0,3
88a978e4-181e-40f9-a593-9e042cade6b2,Female,46,Rural,0,1,Month-to-Month,Premium Connect,Credit Card,0,90.89891432790618,234332252.7358555,51,2,82.0,1,1
a5cb3856-a120-455c-94e2-c727ba9f0486,,18,Rural,0,0,One Year,Standard Connect,Bank Transfer,1,94.44542372907983,5194.498305099391,55,1,64.0,0,0
483e0fa1-455e-460f-97e4-d6ebfce2a1af,Female,18,Rural,1,0,Month-to-Month,Premium Connect,Credit Card,1,89.24849617110506,134976055.11050034,49,1,49.0,1,3
0561472e-b379-4749-9332-b032251afc3b,Female,25,Urban,1,0,Month-to-Month,Basic Connect,Bank Transfer,1,64.08552025648723,4229.644336928157,66,1,24.0,0,0
51dcc78b-daf7-4750-abcd-78c547d3ddee,Female,43,Urban,1,1,One Year,Standard Connect,Bank Transfer,1,55.020176763249175,81898775.9549637,41,1,66.0,0,3
08d8fb8c-06da-49a7-a730-25d727a75072,Male,57,,0,0,Two Year,Premium Connect,Bank Transfer,1,96.59325085214324,180321688.89500457,36,0,72.0,0,1
d57b5913-012f-4d5e-b4af-2fd18d8d5416,Male,44,Urban,0,1,Month-to-Month,Basic Connect,Bank Transfer,1,30.53301387187652,73004867.64231609,69,4,46.0,0,0
ef242947-9434-45d4-881a-3d5f4c70ff75,Female,47,Rural,0,0,Month-to-Month,Standard Connect,Bank Transfer,0,88.38595734371994,245190554.05418983,62,0,133.0,0,1
5ac7020e-45e0-42d6-960e-462c6d91b4ab,Female,30,Suburban,0,0,Month-to-Month,Standard Connect,Mailed Check,1,97.20828609994273,275512403.4519483,49,2,61.0,1,1
c8d75be2-268a-42d7-bdde-7a56bc41ef43,Female,42,,0,0,Month-to-Month,Standard Connect,Credit Card,0,53.53622264665444,86594698.77376081,49,1,76.0,1,3
ddac7336-afb8-4a42-a59d-acc58e00efde,Male,35,Urban,1,1,One Year,Standard Connect,Credit Card,1,52.96805823720138,3072.1473777576803,58,2,67.0,0,0
d111fac5-88c2-4b85-ae69-9c09e4adbcdc,Female,80,Suburban,0,0,Month-to-Month,Basic Connect,Credit Card,0,42.654426508963525,78163878.90773934,62,0,35.0,1,0
c3a8413c-ad97-434b-a9cc-9164f7f4d062,Male,58,Urban,1,0,One Year,Standard Connect,Credit Card,0,72.58733764703281,141683962.09619817,67,0,60.0,0,0
01376591-3bad-48b3-a787-874a9a86d552,Female,66,Urban,0,0,Month-to-Month,Standard Connect,Digital Wallet,1,82.24527030585938,182503547.8273272,60,1,65.0,0,1
c37de5d9-3ce9-4537-b4dc-79e4a9f7a350,Male,81,Urban,0,0,Two Year,Premium Connect,Bank Transfer,1,76.37401252894783,205769005.8527113,36,0,75.0,0,1
38a8200f-7920-40a8-a35f-6b77473b72a4,Female,51,Rural,0,0,Month-to-Month,Standard Connect,Credit Card,0,50.61947517713868,131573051.19512863,67,0,64.0,0,0
99630cbb-ac51-4607-a37b-da6a9ec66912,Female,82,Urban,0,0,One Year,Basic Connect,Credit Card,1,41.39373206663255,106290944.08388808,66,2,64.0,1,0
4d543b77-cf27-4bb5-b005-093855a2964c,,43,Suburban,0,1,One Year,Standard Connect,Digital Wallet,1,58.67875971666282,143395733.39585695,37,2,39.0,0,3
43109ae8-43d8-4f18-888d-437053317282,Female,63,Suburban,1,0,Month-to-Month,Standard Connect,,1,70.27257515942951,136022992.93639234,52,2,89.0,0,0
65c67a68-c531-4392-bedd-29ee90e3dfb6,Male,27,Urban,0,1,One Year,Standard Connect,Credit Card,1,56.15108551701324,110280298.20654172,40,1,87.0,0,3
a1113c1e-e9a2-4ae5-8e5f-53de7aa3459b,Female,64,Suburban,1,0,Month-to-Month,Premium Connect,Mailed Check,1,107.47403047958623,246845905.00508448,68,1,82.0,0,1
9084d6db-df2b-45ea-a22d-42b9f5d78107,Female,57,Urban,0,0,Month-to-Month,Basic Connect,Bank Transfer,1,62.09727061774833,190221346.75065872,62,2,90.0,0,0
7290ac41-316e-4195-9031-9cc3b59546bb,Male,30,Rural,0,0,Month-to-Month,Basic Connect,Credit Card,1,37.53724854136241,77611790.95095658,58,1,29.0,1,0
7a3d6177-7c83-4840-ba01-166399dd256a,Male,49,Suburban,1,1,Two Year,Standard Connect,Credit Card,0,60.54720097317175,185664170.0397816,36,0,83.0,0,3
07406e1e-7c23-4b26-93a6-a1358ecf464f,Male,50,Suburban,0,0,Month-to-Month,Standard Connect,Digital Wallet,0,71.77239357100947,129020505.53306362,38,2,87.0,0,3
59a8002e-0256-4e16-b475-a6c257051ea5,Male,51,Urban,0,0,One Year,Premium Connect,,0,113.23366643057771,171769426.9220983,62,2,124.0,0,1
953a4ed9-18ec-4f48-a9f1-4521d0ae2994,Female,44,Suburb,0,1,Month-to-Month,Premium Connect,Mailed Check,1,96.15077273858223,209700734.7041424,59,1,87.0,0,1
92a39870-cce7-4fa2-a089-5e2b90dac55e,,35,Urban,1,0,Two Year,Basic Connect,,0,22.59208554740248,60358988.25865107,39,3,34.0,0,3
cea80d04-390f-4287-a0a0-ccf1b9dbf096,Male,81,Suburban,0,1,One Year,Basic Connect,Credit Card,1,73.07409799940208,164237854.85720307,45,0,83.0,0,1
04b737fc-6964-49ce-a770-9b4345b01c3d,Male,46,Suburban,0,0,Month-to-Month,Basic Connect,Credit Card,1,28.70612609071686,84869043.87129363,53,0,39.0,0,0
1cfe242f-1293-4d42-90c9-1c7f29f919ea,Male,26,Urban,0,0,Month-to-Month,Basic Connect,Mailed Check,0,21.99272571858729,63411683.809276044,37,0,23.0,0,3
e9c1ebc3-3261-47b7-a840-63e26bd03a96,Female,35,Urban,0,0,Month-to-Month,Basic Connect,,1,39.65548890173381,108297737.59584768,42,1,64.0,1,3
7553c329-33ab-407d-8cc3-101d5ae27128,Prefer not to say,51,Urban,0,0,Month-to-Month,Standard Connect,Bank Transfer,1,402.26367508257937,164235953.91524467,37,21,957.2496708,0,2
432110b2-566e-4b9c-815e-296e773b11a6,Female,51,Rural,0,1,Month-to-Month,Standard Connect,Credit Card,1,71.87406913419096,191969651.52361268,50,2,100.0,0,1
65cc2513-5023-4bfa-aa44-1fcb3b27774c,Female,19,Rural,0,0,Month-to-Month,Basic Connect,Digital Wallet,1,25.73018707442404,74896076.26712804,47,1,41.0,0,3
f1a5f0a2-fad4-4b41-b9b3-49a4b426dba5,Female,51,Suburban,0,1,Month-to-Month,Standard Connect,,1,45.55437821253256,79486486.47231194,68,1,49.0,0,0
59ac8339-240a-4ae3-b0e5-9dcd9d6d6ac5,Female,36,Suburban,0,0,Month-to-Month,Basic Connect,Bank Transfer,1,32.571365425711214,71109088.81644791,48,2,24.0,0,3
ef5ff1b9-471c-42c2-a86c-4893a13490e6,Female,51,Rural,0,0,Month-to-Month,Basic Connect,Credit Card,1,39.66553825323879,96150466.15865996,51,2,47.0,1,3
3721801a-251c-4dc4-ad5d-4cfd9b3a75f6,Male,27,Urban,0,1,Month-to-Month,Premium Connect,,1,87.4474963185587,122678479.50405884,46,0,80.0,0,3
c84ab3fe-16a6-45ca-8906-daddde7f4157,,41,Rural,1,0,One Year,Basic Connect,Bank Transfer,1,40.39996758496366,77982437.23015273,38,1,35.0,0,3
d0c343d8-ad50-4f31-b835-0e545fe57edd,Female,19,Urban,1,0,Month-to-Month,Standard Connect,Credit Card,1,54.95429787350112,81221600.88911676,38,0,54.0,1,3
8349b9c5-ba43-4a22-a20a-08d2c1b276f3,Male,58,Urban,0,0,One Year,Premium Connect,Bank Transfer,1,64.08552025648723,178503275.1618433,60,1,114.0,0,0
ab25972b-4657-43f4-b078-f8d113b0cc33,Prefer not to say,67,Urban,1,0,Month-to-Month,Premium Connect,Credit Card,0,76.0942371253328,175923791.52729312,66,2,86.0,1,0
5931e886-674f-4f5c-a234-65049e867351,Female,38,Suburban,0,0,One Year,Basic Connect,Bank Transfer,1,46.2137383351741,113321300.51998918,56,2,32.0,0,0
ff54957f-c008-43db-afe6-35eab883b57a,Female,31,Suburban,1,0,Month-to-Month,Standard Connect,Bank Transfer,1,55.11966481355719,144044664.9874481,52,0,41.0,0,3
06656f46-bbae-44be-8fa2-33387988b5bc,Female,32,Urban,1,1,Month-to-Month,Basic Connect,Bank Transfer,1,21.21404037055443,1103.1300992688302,52,1,18.0,0,3
f8248d7e-fc63-478b-bad0-5fcd1029d94b,Female,37,Urban,1,1,Month-to-Month,Basic Connect,Digital Wallet,0,39.57190199553456,82413615.19760747,57,2,30.0,0,0
71c57de9-4b22-4b8b-870f-0e7d51d08e16,Female,19,Urban,0,0,Month-to-Month,Basic Connect,Credit Card,0,20.0,36546692.514479406,67,1,29.0,0,0
612d400f-de07-4ee8-951e-8bc9831c1bb2,Female,46,Rural,1,0,Month-to-Month,Basic Connect,Credit Card,0,20.0,51754572.75383061,62,3,30.0,0,0
7b4ba2d8-aa3a-4f61-93b1-80d21edd48c5,Female,42,Urban,0,0,One Year,Standard Connect,Digital Wallet,1,52.06534454746044,106494428.77754802,63,1,32.0,0,0
8aa9fb83-6d20-4554-9f29-9540709c4947,Female,32,Urban,1,0,Month-to-Month,Standard Connect,Bank Transfer,1,72.9252791543451,168270001.1494489,53,3,67.0,0,1
ece7c82b-b694-4b58-b3ba-b252f3ed5354,Male,73,Urban,0,0,Month-to-Month,Standard Connect,Credit Card,1,53.3716960014322,83596503.25651525,67,2,35.0,0,0
12050dc3-0b72-4c8d-9396-cb7c9f2595ff,Female,21,Rural,0,0,Month-to-Month,Basic Connect,Credit Card,1,32.04285849429138,50560326.30424792,45,1,24.0,0,3
09097b80-31a9-4fcf-a023-552ae548f60d,Female,77,Suburban,0,1,Month-to-Month,Premium Connect,Bank Transfer,1,64.08552025648723,161276737.2381029,34,0,64.0,0,3
ddcefb72-373d-49cc-8f6b-b1bf091f834f,Male,31,Rural,0,0,Month-to-Month,Basic Connect,Credit Card,1,60.162886520575725,152361794.71454304,43,2,64.0,1,3
2e08ad27-e605-4dfe-bd95-5a55577f08c5,Male,82,Suburban,1,1,Month-to-Month,Premium Connect,Bank Transfer,1,125.33520174088228,252344170.90131503,44,2,110.0,0,1
03df386e-b651-43de-b07b-c4edad5c9a31,Female,46,Urban,0,1,Two Year,Premium Connect,Credit Card,1,75.39864609852184,132774721.80714616,66,2,108.0,0,0
54b30873-99c2-497d-9b43-0ed9064182f2,Female,27,Suburban,1,0,Month-to-Month,Basic Connect,Credit Card,1,65.71724270245599,102365598.05817786,53,2,72.0,0,0
58528cee-4f7f-4bb5-baa8-5680d0869057,Male,53,Urban,0,1,Month-to-Month,Standard Connect,Bank Transfer,1,69.81931748211994,122272907.61068527,41,0,64.0,0,3
26c9be87-dfbd-456a-9120-9e409ea2f873,Female,84,Urban,0,1,Two Year,Basic Connect,Bank Transfer,1,36.969625529490855,113174835.0840948,57,4,36.0,0,0
7bb93393-7244-4e41-b907-2cdc211fc849,Male,35,Suburban,0,1,Two Year,Premium Connect,Credit Card,0,76.80961580543371,186121075.00645027,59,1,103.0,0,1
9032b775-7988-413a-b1aa-53283bac984f,Male,80,Urban,1,1,Month-to-Month,Basic Connect,Digital Wallet,1,33.8204904178979,64773502.44510942,56,0,23.0,0,0
7f336643-3336-4701-9b00-c453f9bdecf4,Male,44,Suburban,0,0,Month-to-Month,Standard Connect,Digital Wallet,0,96.32218072603176,195711578.5862986,48,1,105.0,0,1
cf890f39-1e6f-4579-a75e-37b362b15e1b,Female,80,Urban,0,1,Month-to-Month,Standard Connect,Credit Card,1,77.59652801977516,160583118.17797336,35,1,73.0,1,3
b1c7bde9-3c3d-4f24-a227-8db8b057217c,,61,Urban,0,0,Month-to-Month,Premium Connect,Credit Card,1,81.7885290979346,213399383.6948233,62,2,105.0,0,1
02800b9b-f2d5-435c-8d1b-cd7363efd24b,Male,29,Urban,0,0,Month-to-Month,Premium Connect,Credit Card,1,132.8917653091788,211218848.49232465,62,1,186.0,0,1
ba501376-9a44-433e-8c9b-06468bc23203,Female,71,Suburban,0,0,One Year,Basic Connect,Digital Wallet,1,63.63018523522639,106491933.95356973,34,3,90.0,0,3
dd3a322a-d49f-48a8-bf18-c10a497a7817,Female,51,Suburban,0,0,Two Year,Premium Connect,Credit Card,1,107.61010922655277,177481637.4716923,46,0,98.0,0,1
d0c53bf3-df06-476d-8920-8f473abffd9e,,58,Urban,0,0,Month-to-Month,Basic Connect,Digital Wallet,0,64.08552025648723,53487725.450333335,52,0,28.0,0,0
f283c1d2-396e-4d6d-bdb8-0b4c0c308615,,37,Rural,0,0,Two Year,Basic Connect,Credit Card,0,23.176192807841133,63402042.6469144,37,1,37.0,0,3
1232c73a-9b25-4ef8-8f6a-a812ecb85cc5,Female,76,Suburban,0,0,One Year,Premium Connect,Credit Card,1,95.32105282897524,210353259.6641229,51,2,111.0,0,1
4eb1c95b-8d9a-455d-8d35-3d9c03036ff1,Female,25,Rural,0,0,Month-to-Month,Basic Connect,Bank Transfer,1,45.58414637264055,2370.3756113773084,52,0,69.0,1,3
4c684126-d512-400c-80c1-fe169b53afcc,Male,32,Urban,1,1,Two Year,Standard Connect,Credit Card,1,83.48332143001262,262638234.7822041,50,1,122.0,0,1
457b797f-f793-4589-b173-9a4f7e668ec3,Male,41,Rural,0,0,One Year,Basic Connect,,0,39.89006610380366,65946656.746411785,53,1,54.0,0,0
03d3e7b1-015b-453d-99ce-a00e9de81fd1,Male,37,Suburban,1,0,Month-to-Month,Premium Connect,Bank Transfer,1,98.48737369849007,3939.4949479396014,40,1,96.0,0,3
41dcf66e-fc04-4a9e-8298-8eb5eb8a3955,Male,51,Rural,0,0,Month-to-Month,Basic Connect,Credit Card,1,65.20705336120594,104783100.48725145,51,3,61.0,0,3
d9e5ae4f-6ccf-4ab5-960d-c9353f912707,Male,29,Suburban,0,0,Month-to-Month,Premium Connect,Credit Card,0,110.71797842648814,262140835.4388145,61,2,93.0,0,1
c86289b1-1201-45b1-9125-b31ca756e010,Female,36,Suburban,1,1,One Year,Premium Connect,Digital Wallet,1,102.35697208940448,173835237.77264372,52,1,129.0,0,1
d5de3f25-6dfd-4fd4-9013-05a5b565f151,Female,76,Urban,1,0,Month-to-Month,Basic Connect,,0,27.87731660735665,80125782.08298899,55,0,34.0,0,0
0e027116-59ff-498f-a596-fffee7e546fd,Male,77,Suburban,0,0,Month-to-Month,Standard Connect,,1,71.75742700847357,173485618.11180016,40,0,43.0,0,3
f7daa22d-2cfd-430d-ae99-7f938a0388ee,Female,40,Urban,0,0,One Year,Basic Connect,Credit Card,1,64.08552025648723,119468402.50269668,45,2,79.0,0,3
bb99e99c-b765-4015-a452-b52b9fc9f262,Male,82,Urban,0,0,Month-to-Month,Premium Connect,Bank Transfer,1,69.3770995877527,2428.1984855713445,35,3,53.0,0,3
fc1614c6-f445-4d00-8e58-8f53a1661424,Male,44,Urban,0,0,Two Year,Basic Connect,Credit Card,1,64.08552025648723,180332078.04433176,61,0,50.0,0,0
6a52ed0e-f5e3-4db1-8a9f-19a1ce64c1d5,Prefer not to say,63,Suburban,1,0,Month-to-Month,Standard Connect,Credit Card,1,77.17985636123966,133332779.15778153,36,2,75.0,0,3
e0ceb3a3-9d98-43d7-8903-bfb1ac155127,Male,71,Suburban,1,1,Month-to-Month,Basic Connect,Bank Transfer,1,43.12256673577253,115850612.19254547,53,6,31.0,0,0
bb38dda9-bfc2-46c2-a077-53af9acda1d6,Female,68,Urban,1,0,Month-to-Month,Basic Connect,Bank Transfer,0,42.77534501837529,72618230.66369371,62,0,56.0,1,0
b2422dbb-6d6b-44cc-bf1b-ee94a42502be,Female,68,Urban,0,0,Month-to-Month,Standard Connect,Digital Wallet,1,64.01731871069713,132437679.56676053,63,1,57.0,0,0
aa37eb31-f4e9-43be-82c9-87dc575a6e4d,Male,51,Suburban,1,0,Two Year,Basic Connect,,0,32.7760907482274,94311494.16357556,35,0,64.0,0,3
e7fbdcf5-703e-405a-a7d5-dcfec2e9df69,Female,69,Suburban,1,1,Two Year,Basic Connect,Credit Card,0,51.19402252724937,94733561.51506154,54,1,73.0,0,0
0a1376ff-1b18-47d7-83bb-1392a416a4ec,Female,51,Urban,1,1,Month-to-Month,Basic Connect,,1,32.209251231906066,46917189.8982373,50,2,28.0,0,3
056a0407-b86e-458e-962d-75077d197576,Female,54,Rural,0,0,Month-to-Month,Premium Connect,Mailed Check,0,64.08552025648723,230472100.6118348,52,0,83.0,0,1
6b808160-a95e-4465-92d3-70773c0a7081,Male,70,Urban,0,0,Two Year,Basic Connect,Credit Card,0,47.15267382926638,2829.1604297559825,60,1,30.0,0,0
fbbcc442-276e-4df7-9594-2a2dbe6e421f,Male,40,Urban,0,0,One Year,Standard Connect,Bank Transfer,1,66.54360747070217,118549375.87926412,40,1,96.0,0,3
fd8865ae-b086-460a-a8ce-8f7b55fcc44a,Male,71,Urban,0,0,One Year,Standard Connect,Digital Wallet,0,67.09719554837287,145265934.20461407,62,1,89.0,0,0
6b95cd84-8c5a-4e5d-909a-050e9be4492e,Female,42,Suburban,1,1,Month-to-Month,Standard Connect,,1,57.97722857165646,149667678.2006928,34,3,59.0,0,3
dc4e55bb-ebaa-47d3-b37b-8e9fb78e5794,Prefer not to say,50,Rural,0,0,Month-to-Month,Standard Connect,Bank Transfer,1,77.96797836769578,125788217.88103963,46,2,76.0,0,3
502c7dfb-3bf1-452d-b2d5-b693a528b3d6,Female,68,Suburban,0,0,Two Year,Basic Connect,Bank Transfer,1,44.33529811510731,2482.776694446009,56,2,64.0,0,0
46a109ab-7f1d-4990-959b-c3de8d0437a7,Male,23,Suburban,0,0,Month-to-Month,Premium Connect,Credit Card,1,114.44003949663797,190229922.27442467,50,1,163.0,0,1
cbeb951f-706e-4fc6-a583-ede6e021f9f0,Male,35,Suburban,0,0,Two Year,Premium Connect,Mailed Check,1,89.84911087021135,145035392.13335302,59,3,127.0,0,1
5616a62d-d58e-40df-ad10-aef173bc1ecd,Female,81,Urban,0,0,Month-to-Month,Standard Connect,Mailed Check,1,71.57902278109181,179734189.71818677,63,0,66.0,1,0
0b1147c3-00ce-482b-a76b-f34c732d2c8c,Male,79,,1,0,Month-to-Month,Standard Connect,Bank Transfer,1,62.86977802110206,176388368.27194712,61,5,71.0,1,0
714f2c29-3574-44d9-9150-4572256f4221,Non-Binary,71,Urban,1,0,Month-to-Month,Standard Connect,Credit Card,0,64.08552025648723,110434626.2757268,41,2,65.0,0,3
ce8ad836-4472-4cd9-b375-c328df03c184,Male,77,Suburban,1,0,Two Year,Premium Connect,Mailed Check,1,94.29393620817648,154914162.54575148,64,1,64.0,0,0
c99cb4f4-9a9a-4a32-831e-e40b658eb93c,Female,23,Rural,0,0,Month-to-Month,Standard Connect,Bank Transfer,0,56.23590210197095,3824.0413429340247,68,3,71.0,0,0
741fb667-b6d5-4eb6-93ec-e5c177b51928,Male,70,Urban,0,0,One Year,Premium Connect,Bank Transfer,1,89.83699111803551,210714243.1784643,37,2,98.0,0,1
cea3ea3c-e956-48c5-9373-b17ada98bfbb,Female,37,Urban,0,0,Month-to-Month,Premium Connect,Digital Wallet,1,106.26348874211294,3825.485594716066,36,3,64.0,1,3
f218d4f4-71bb-4168-b289-6fca67b7761d,Male,49,Urban,0,0,Two Year,Standard Connect,,0,70.24515170068923,3231.276978231705,46,2,64.0,0,3
fd4e7bda-4526-493b-9e4e-2b67569d11b9,Female,26,Urban,0,0,One Year,Basic Connect,Bank Transfer,1,41.85595033361104,66442054.66632839,58,1,63.0,0,0
b7626b03-d241-4fbb-9ce8-d6e7fcd25b4c,Male,33,Urban,0,0,One Year,Basic Connect,,1,61.97055677015344,101197259.41751516,49,0,49.0,0,3
ffa2800d-98a1-4409-acb1-f467e466b879,Male,40,Suburban,0,1,Two Year,Standard Connect,,1,45.38587064312888,85621448.4213256,61,1,46.0,0,0
8c85ded6-9219-4f16-a6e8-e805b03b851c,Male,33,Rural,0,0,Month-to-Month,Basic Connect,Bank Transfer,0,53.9323312992143,124235093.48340112,36,1,70.0,0,3
cadbb155-6d76-43b3-91e0-d619f690b115,Female,18,Urban,0,0,Month-to-Month,Basic Connect,Credit Card,1,31.35367524607684,66819414.87731614,43,1,38.0,0,3
a9481bac-eea2-4a13-bf1e-e594473a328a,Female,38,,1,0,Month-to-Month,Standard Connect,Mailed Check,0,73.25876262785324,4981.5958586940205,68,3,109.0,0,0
768c4693-0bf7-485f-990b-4eaf1bde5755,Male,34,Urban,1,0,One Year,Basic Connect,Credit Card,1,24.220595281760115,43204744.54695805,49,1,21.0,0,3
39e24de0-a4ea-4856-8081-c75d43b1e85c,Male,24,Urban,0,0,Month-to-Month,Standard Connect,Digital Wallet,1,74.72236326438521,203155015.7715416,39,1,116.0,0,1
083c9f58-297f-4901-85ca-d3bc34649cdd,Male,51,Urban,0,0,Month-to-Month,Basic Connect,Credit Card,1,65.92772906881487,107076262.2532492,66,0,99.0,1,0
8f20f698-7e73-41d0-b691-b7686c98ed1e,,81,Urban,1,0,Month-to-Month,Standard Connect,Credit Card,1,85.16552189885977,190198465.73720247,51,2,120.0,1,1
17d14d67-a60c-4e8a-8fac-431a47b13ff3,Female,80,,0,0,One Year,Standard Connect,Credit Card,1,74.41659540007588,189163866.71118847,53,1,113.0,0,1
34765922-6c77-4ef9-8d8e-5ff10ca7810d,,31,Urban,0,0,Two Year,Standard Connect,Credit Card,0,31.41639099042496,71169459.58006805,49,2,23.0,0,3
3322bfbf-ed74-4e1f-ab86-9ed7a2c2359b,Female,47,Urban,1,1,Month-to-Month,Standard Connect,Mailed Check,1,67.84368924895098,159652509.3318652,58,0,84.0,0,0
9276e9e4-6229-4738-a8ba-1c234bc6442c,Male,23,Urban,0,0,One Year,Standard Connect,Credit Card,1,71.57964134157224,103668277.63552138,55,1,109.0,0,0
f40ff6b3-43f5-4b27-9516-d5bf3c1a02e1,Male,60,Suburban,0,1,One Year,Premium Connect,Bank Transfer,0,94.4278956702682,188161116.62673,42,1,146.0,0,1
3d322d50-9118-49aa-8853-75242edf1800,Male,45,Suburban,0,0,Month-to-Month,Standard Connect,Digital Wallet,1,93.32803345002988,226554601.13472345,36,0,131.0,0,1
90225fb6-971a-4ed3-8539-1eeae57acfbd,Female,61,Urban,0,0,Month-to-Month,Standard Connect,Bank Transfer,0,86.11647496582543,186041562.94197267,39,0,107.0,0,1
c37480b1-3e2a-47b3-bb97-ecfa96dcf40e,Male,45,Urban,1,0,Month-to-Month,Premium Connect,Digital Wallet,0,94.5180792487951,4064.2774076981896,43,3,113.0,0,3
7beea0d3-b944-4ac2-bfdf-cf3f25e6c464,Female,43,Urban,1,0,One Year,Basic Connect,Credit Card,0,48.74809826814523,126949786.35908364,53,3,66.0,0,0
b7dbaed4-0708-4e90-af0a-4ef8df8de1c0,Female,29,Urban,1,1,Two Year,Premium Connect,Bank Transfer,1,94.49664565226269,157549178.3103693,34,2,69.0,1,3
9f0cb915-aadf-4291-98ec-f7e6f7609a5d,Male,51,Suburban,1,1,Month-to-Month,Basic Connect,Credit Card,0,40.25675580322695,82822617.97214039,47,2,51.0,0,3
d7b03ff9-5b0f-43ba-9beb-a36da3aa2eb0,,34,Urban,1,1,Month-to-Month,Standard Connect,Credit Card,1,79.30350109896051,169961881.75058612,55,3,84.0,0,1
a7a7da0f-187d-477f-9e12-fff87889581f,Male,58,Urban,0,1,Two Year,Basic Connect,Bank Transfer,1,83.62286061156044,232114275.4864213,42,2,91.0,0,1
ba0645af-b84e-48bc-801b-8354fadf0fad,Male,66,Suburban,0,0,Month-to-Month,Premium Connect,,1,70.80634081125478,154085011.33530077,64,1,66.0,0,0
f73794de-b492-44e9-84bc-a979b12be871,Female,76,Urban,1,0,Month-to-Month,Standard Connect,,1,68.71298378067739,132830555.72661728,61,2,81.0,0,0
43916458-6b06-4995-8e16-9f016456dfe2,Female,51,Urban,1,0,Month-to-Month,Standard Connect,Credit Card,1,59.31050555064293,94329388.6980904,64,3,48.0,0,0
a9ab00df-0d8e-4c73-8ddd-e817e5be3d40,Female,25,Urban,1,0,Month-to-Month,Basic Connect,Bank Transfer,0,65.11206258296977,184424478.41321257,36,0,83.0,0,3
5e740eee-1c38-4547-8c70-ad9a8e29f448,Female,21,Urban,0,0,Two Year,Premium Connect,Credit Card,0,93.4847065732894,220293357.3492942,60,1,71.0,0,1
a47c3c0d-7aa5-4728-b4d7-fcfb9fbfaa81,Non-Binary,25,Urban,1,0,Month-to-Month,Basic Connect,Credit Card,0,48.73910348846994,123899926.81135778,44,4,62.0,1,3
27196a33-669f-4c85-ac18-ee7059212847,Male,64,Urban,0,0,One Year,Basic Connect,Digital Wallet,1,47.20129523243895,75798892.44534577,45,1,40.0,0,3
e9495b1f-d169-4aa3-b91a-16c1b59ce2ea,Female,45,Suburban,1,0,Month-to-Month,Standard Connect,Credit Card,1,84.73633279779139,157716376.348313,63,0,119.0,0,0
69f715bf-ae3d-4745-a469-ee82e26d0c73,Male,53,Urban,0,1,Month-to-Month,Basic Connect,Bank Transfer,1,53.601966032942585,98668745.80734885,37,3,71.0,0,3
f4baa3c0-3acd-4dc2-86b5-b861dfc5da8e,Female,19,Suburban,1,0,Month-to-Month,Standard Connect,Credit Card,1,77.81778183698918,231164237.3121198,60,1,107.0,0,1
d0c74792-ab2e-467b-bd08-84c94aaf754f,Female,43,Urban,0,0,One Year,Basic Connect,Bank Transfer,1,29.40988348742617,79760893.64905764,67,3,38.0,0,0
30aec203-99e5-4435-b31d-faa811714a83,Female,36,Rural,0,0,Month-to-Month,Premium Connect,Credit Card,1,64.08552025648723,192524083.15634727,52,1,102.0,1,1
063c4398-c0dd-4a80-8447-6ef2373375a7,Female,21,Urban,0,1,Month-to-Month,Basic Connect,Credit Card,1,57.13652038694313,143230106.41373268,52,5,51.0,0,3
98eb5a9f-1fba-4007-9bcd-21d0fb415590,Female,72,Urban,0,0,Month-to-Month,Standard Connect,Digital Wallet,0,68.24936878004331,185075016.3518258,65,2,98.0,0,0
8d9a444e-ce61-4d37-a8a9-c82497e9fba5,Male,83,Urban,1,0,Month-to-Month,Standard Connect,,1,66.4591348062539,136899924.27579075,57,0,39.0,1,0
7b4fba21-7b93-46b9-9a74-baa0fafa9031,Female,43,Rural,0,1,Month-to-Month,Basic Connect,Credit Card,1,42.39749418418343,99635725.63035162,63,1,44.0,1,0
4ad3cbcc-740d-41ca-a7f8-1ece331fa3ce,Prefer not to say,59,Rural,0,0,Month-to-Month,Basic Connect,Bank Transfer,1,64.08552025648723,134482088.77213773,35,0,55.0,0,3
e499ffa4-d604-4cdc-9466-76d6403db96d,Female,20,Urban,1,0,One Year,Standard Connect,Bank Transfer,0,51.84754218322512,90853617.38207704,55,2,47.0,0,0
f3625475-0242-4d5b-900b-ae91baf1b3d2,Male,51,Suburban,0,0,Month-to-Month,Basic Connect,,0,32.081944576217644,72143035.9643295,59,0,30.0,1,0
a01110cf-91c4-49ef-b021-8ad980483b7e,Male,49,Urban,1,0,Month-to-Month,Basic Connect,Bank Transfer,0,20.0,29108883.513304308,60,0,24.0,0,0
048401ea-9d1a-470d-9fad-3e3ed36bd0f4,Male,24,Urban,1,1,One Year,Basic Connect,Digital Wallet,1,22.74494974257499,59695247.07777139,54,0,64.0,0,0
77cda52f-7561-48cd-8c84-124e41ccbec1,Male,49,Countryside,1,1,Month-to-Month,Basic Connect,,1,64.08552025648723,84807797.69832538,55,2,32.0,0,0
5d32fd4c-12aa-4f3a-96e9-4c9b45fda53c,Female,78,Urban,1,0,Two Year,Basic Connect,Credit Card,1,20.0,39438063.30822098,45,2,64.0,0,3
b81d5ff1-2e24-46b3-85b6-c5e4b1aaebf0,,62,Urban,0,0,Two Year,Standard Connect,,0,84.70426938664463,231961384.4979959,61,2,64.0,0,1
77fe3434-cb47-4d96-ae54-2517798c7030,Male,50,Urban,0,0,Two Year,Basic Connect,Credit Card,1,24.98890646202716,66085883.293965206,35,1,39.0,0,3
f3fdde01-b6b3-417a-947b-bf094d988eaa,Female,55,Urban,0,1,One Year,Standard Connect,Credit Card,0,53.81348952023463,129702916.25548536,49,0,83.0,0,3
9ce8d86d-9745-4289-8c49-f9b987df9de7,Female,66,Urban,1,0,Month-to-Month,Standard Connect,Mailed Check,0,54.030439984900994,115411750.51140416,64,2,35.0,0,0
625d5b55-5fb9-4d3b-ad01-f812be1880e1,Male,59,Suburban,1,0,Month-to-Month,Basic Connect,Credit Card,0,38.62259869002375,68810721.48406295,37,2,33.0,1,3
90167fa6-6fce-4c14-81dd-a0c141f7df17,Female,81,Urban,0,0,Month-to-Month,Premium Connect,,1,77.17935714802854,229790732.4982001,55,0,69.0,0,1
9d17e784-34c0-4413-a3b1-45a49bf3c3c0,Male,32,Urban,0,1,Month-to-Month,Basic Connect,Bank Transfer,0,37.27510021738796,107749737.59171762,60,1,52.0,0,0
30206bb2-3cdb-429f-b5c0-5673a8003148,Male,83,,0,1,Month-to-Month,Basic Connect,Bank Transfer,0,64.08552025648723,39166931.57443382,63,0,19.0,0,0
02ecdf32-be39-4a8c-8e7f-3d3709eee53e,Female,61,,0,0,Two Year,Basic Connect,,0,25.851309746704047,56839818.964798994,49,2,24.0,0,3
f603e6d5-fb3a-4f74-a465-db63cdae3ac0,Male,31,Suburban,0,1,Two Year,Standard Connect,,0,67.9864389660839,142756336.43569306,35,1,67.0,0,3
dca8474b-34c7-474e-9ed9-4f4d25a8e896,Male,35,Suburban,0,1,One Year,Premium Connect,Digital Wallet,1,99.02667055704391,4357.173504509932,44,1,68.0,0,3
bc714713-7c15-4315-8448-961689fb6faa,Male,67,Urban,0,0,One Year,Standard Connect,Credit Card,0,94.03694198161824,272240045.28341,61,3,95.0,0,1
d919c95e-d144-407a-af6c-ea5daf16da73,Male,20,Urban,0,0,Month-to-Month,Premium Connect,Credit Card,1,95.0851098444538,172277309.13153583,51,2,119.0,0,1
4411dc06-e910-4c8c-a822-81bd5d17eff0,Male,33,Urban,0,0,One Year,Basic Connect,Digital Wallet,1,32.77753590337971,69126376.75216664,40,1,42.0,0,3
edd65dbe-5a75-44b5-aa92-439928c552d0,Female,55,Suburban,0,0,Month-to-Month,Standard Connect,Bank Transfer,1,72.37894363561394,128807663.62425669,68,0,72.0,0,0
8c772d1e-2e86-41c1-8eb3-4114655e5c74,Male,64,Urban,0,0,One Year,Standard Connect,Digital Wallet,1,64.08552025648723,138239898.78545523,44,1,52.0,0,3
c891ee83-581e-408f-bf29-2e8ef17266ca,Female,40,Urban,0,1,Month-to-Month,Standard Connect,Digital Wallet,1,39.48437882992539,61159692.87299454,51,1,62.0,1,3
8000025c-e030-4761-afa8-f18ec50f4c7f,Female,21,Suburban,1,0,Month-to-Month,Premium Connect,Credit Card,1,95.62345414989711,280490857.0630915,64,1,61.0,0,1
16ba7764-6278-4e6e-ae43-46ca48681ae0,Male,50,Urban,0,0,Month-to-Month,Standard Connect,Digital Wallet,0,83.33556136488124,164901950.15001675,67,2,108.0,1,0
eac8a985-5c4c-455f-82c4-a21a59896a4a,Female,37,Rural,1,0,Two Year,Basic Connect,Bank Transfer,1,33.64828654017725,1917.952332790104,57,2,22.0,0,0
58e9bd0b-02e0-4575-a32e-fd6b522c7864,Female,75,Urban,0,0,One Year,Basic Connect,Credit Card,1,29.437342464556963,64048739.88467879,40,0,24.0,0,3
500a5bfd-7bf9-4afa-95e8-87158443f052,Female,53,Urban,0,0,Month-to-Month,Basic Connect,Credit Card,1,20.0,52120341.3893127,51,1,22.0,0,3
1d28d97d-007a-4571-8519-61dccb61be5b,Male,40,Urban,0,0,Month-to-Month,Premium Connect,Credit Card,0,77.44229059004749,221856723.98549312,51,4,92.0,0,1
2278a427-9cf0-409b-82fb-378511a6421d,Male,65,Rural,1,0,One Year,Basic Connect,Bank Transfer,1,43.665311461028736,89307202.73348965,41,2,30.0,0,3
600edff8-d510-43a5-b857-d2672b9abb9a,Male,34,Suburban,0,0,Two Year,Standard Connect,Credit Card,1,88.27764656929153,201775926.52654576,48,1,61.0,0,1
52fd3eef-f01e-47b7-b8ef-615a45ae414f,Male,36,Rural,0,0,Month-to-Month,Standard Connect,Credit Card,0,58.85389965076735,118462055.1622146,56,1,51.0,0,0
949f769b-d348-4db4-b7ca-4af3c27fe39f,Female,26,Suburban,0,0,Two Year,Premium Connect,,1,64.08552025648723,268503977.9556324,45,0,146.0,0,1
0bf6c0fe-5711-43a7-b5e6-5e7871d890a7,Male,65,Suburban,1,0,Month-to-Month,Premium Connect,Credit Card,1,105.9755582912182,203836943.35254183,64,1,134.0,1,1
9bf2036b-f1cb-402f-a52e-cde951994162,Female,47,Urban,0,0,Month-to-Month,Basic Connect,Bank Transfer,1,63.44904054920583,178446958.39345047,60,2,67.0,0,0
325fe054-7b5b-4418-b64a-2e6d430c96b7,Female,69,Suburban,0,0,Two Year,Standard Connect,Credit Card,1,70.12871342812805,125327670.07780804,60,1,62.0,0,0
1df7a116-d6d4-4fb3-a5d9-d7ea397bd2c3,Male,32,Suburban,0,1,Month-to-Month,Premium Connect,Credit Card,1,109.07975809609329,296128304.8581696,60,3,64.0,0,1
126439d4-2cb4-406b-a054-1cb481721dc5,Female,26,Suburban,0,1,Month-to-Month,Standard Connect,Credit Card,1,83.74815654226255,194581492.7936301,53,2,98.0,0,1
448e8abd-6f0e-4280-9e91-f760249f96b1,Male,29,,0,1,Two Year,Premium Connect,Bank Transfer,1,105.7810707497053,252418424.02017388,42,1,98.0,0,1
f33ee717-acf0-49b8-972f-539c6fded229,Male,74,Suburban,0,0,Two Year,Premium Connect,Bank Transfer,0,107.60136598965389,180774576.07610023,38,2,64.0,0,1
d7e80f6e-cc66-4b1d-816e-dc4fbe66a5ca,Male,49,Urban,0,0,One Year,Standard Connect,,1,51.307267158827685,105161317.92681555,39,2,54.0,1,3
f8678c87-683a-4e51-ad40-af036163051f,,61,Suburban,0,1,Month-to-Month,Basic Connect,,1,39.96672669060764,79062305.41054335,68,2,48.0,1,0
b595c720-5c37-4630-aa55-b2e347a8ad25,Female,25,,0,1,Month-to-Month,Standard Connect,Bank Transfer,1,67.63804469822666,164937729.3544139,35,1,51.0,0,3
a4389fa5-0953-40d2-bddd-9a2e734eab6d,Female,54,Urban,1,0,Month-to-Month,Basic Connect,Mailed Check,1,61.07525524916082,147525440.56781647,38,0,84.0,0,3
070f27e7-df4d-4b68-bb59-79db926867b9,Male,36,Suburban,1,0,Two Year,Premium Connect,Credit Card,1,99.5150897184993,255812602.0490564,55,0,114.0,0,1
87903ca3-f973-43ff-925c-c3429be762e8,Male,39,Rural,1,1,One Year,Standard Connect,Credit Card,1,58.933278398942704,136717596.60263592,60,1,56.0,0,0
629ab045-305a-4fc9-8110-3937aa813cda,Male,50,Urban,1,0,Two Year,Basic Connect,Credit Card,0,50.16196449603756,143152401.09936625,62,4,64.0,0,0
15770305-a640-459f-a643-c375d1a97593,Female,65,Urban,0,0,One Year,Standard Connect,,0,92.34926616364817,210687958.2548319,58,2,118.0,0,1
5abaa17b-a7f6-4677-9adc-bd9731b13823,,83,Suburban,0,0,One Year,Premium Connect,Digital Wallet,1,104.95099390354586,187674380.9134136,50,1,103.0,0,1
3b78f4f7-a6f2-493b-a826-5d86f45ec808,Male,19,Suburban,0,1,Two Year,Basic Connect,Credit Card,1,33.140222531530384,1888.992684297232,57,1,39.0,0,0
dce3cded-befd-41b5-9c20-27392da6dd7b,Female,70,Suburban,0,0,Month-to-Month,Standard Connect,Digital Wallet,1,59.03330584565511,174620931.54888377,47,2,41.0,0,3
1e437dcf-8c43-4c78-87de-7e797e4536b4,Prefer not to say,71,Urban,0,0,Month-to-Month,Premium Connect,Digital Wallet,1,80.14074538101852,235107031.01358587,57,2,87.0,0,1
522ad774-c2af-438e-b842-517aaf751cd0,Male,65,Urban,0,0,Month-to-Month,Standard Connect,Credit Card,0,85.94204996397897,211912851.6149045,55,2,64.0,0,1
1eb7cf97-f9b9-471d-9958-c444edfd6b91,Non-Binary,64,Suburban,0,0,Month-to-Month,Standard Connect,Mailed Check,1,63.36783288922437,122506947.98084214,69,4,98.0,0,0
a75a6e0f-da8c-4f49-8ad0-963122295fd8,Male,51,Urban,0,1,Month-to-Month,Premium Connect,Bank Transfer,1,74.03366104731225,125738725.58319448,44,3,109.0,0,3
c4804c1e-88a5-47d3-a690-6afe29da7caa,Female,43,Urban,0,0,One Year,Standard Connect,Digital Wallet,1,49.55755871224131,82819917.02568297,43,2,68.0,0,3
a9a102b9-d386-4e6d-a7eb-b2079c4110d8,Male,51,,0,0,One Year,Basic Connect,Digital Wallet,0,48.39454922868374,118893804.27654326,38,1,44.0,0,3
fda26f04-dcba-46b0-a617-3067ecde8ed4,Female,70,Suburban,0,1,Month-to-Month,Standard Connect,Mailed Check,0,69.61992039434804,154855470.33767834,48,1,64.0,0,3
0fbb0d05-fc82-4e3e-8e65-f801ff984279,Female,23,Urban,0,1,Month-to-Month,Premium Connect,Credit Card,0,90.54173221335964,221772915.64567944,53,1,64.0,1,1
ad64817d-8390-41df-8f50-e2828426b1e4,,80,Suburban,0,0,Month-to-Month,Basic Connect,Bank Transfer,1,64.08552025648723,62208671.67931002,55,1,48.0,0,0
4f245f47-7e7b-4eed-8cab-d5f95d2358f1,Female,34,Rural,0,0,Month-to-Month,Basic Connect,Mailed Check,0,27.613671101680392,69635889.42899974,66,2,29.0,0,0
820c4bdc-c30c-4d30-a183-94d169f347d5,Female,44,Suburban,0,0,Month-to-Month,Basic Connect,Credit Card,1,43.90888309286509,109229078.18397734,57,3,43.0,0,0
9f998f2c-1f32-48a2-8adf-b3d19d6b738f,Male,70,Rural,0,0,Two Year,Basic Connect,Bank Transfer,1,43.47510298423846,2869.3567969597384,66,1,47.0,0,0
e74c84fa-99bf-4f7a-ba4e-b2b1efe6e3ee,Female,50,Rural,0,0,Month-to-Month,Standard Connect,Credit Card,1,82.78308036440927,2814.624732389915,34,1,123.0,0,3
6d6f61dd-5a67-4453-bd77-bd7b54e6d158,Male,46,Urban,0,0,One Year,Basic Connect,Credit Card,0,42.63187525468149,2131.5937627340745,50,3,63.0,0,3
8bd9c1fa-34c7-4253-9d12-bf57a848b9a5,Female,83,Rural,0,0,One Year,Basic Connect,Credit Card,1,46.66160370674071,140700103.68708426,54,5,35.0,1,0
4e08cc6d-bd40-45a0-b8c6-0ac5054e2e2c,Male,55,Urban,0,0,Month-to-Month,Standard Connect,Bank Transfer,1,76.0077932789745,171524988.58686796,69,1,107.0,0,0
a8955b69-3c27-43d1-a7aa-3ea694afe13d,,18,Suburban,1,0,One Year,Standard Connect,Bank Transfer,0,62.94060223843619,135423835.16012317,56,1,47.0,0,0
7d922a6b-f14c-4fae-abb8-60fc0216a098,Male,52,Suburban,0,1,Month-to-Month,Standard Connect,,0,57.63160822828469,172356440.63737756,69,3,44.0,0,0
8aec3cff-9283-4a0c-9e2d-4ff9811dad2a,,71,Suburban,1,0,Month-to-Month,Basic Connect,Bank Transfer,1,20.0,50728522.08966251,42,2,26.0,0,3
c6447ca6-f0b4-4c1d-9818-5846d343eae6,Female,58,Suburban,0,0,Month-to-Month,Premium Connect,,1,87.76140902105045,161643084.97033226,56,1,105.0,0,1
e014bb24-9851-4544-b703-5261351d9ca8,,19,Urban,1,1,Month-to-Month,Premium Connect,Credit Card,1,83.74128243379116,210017371.0174728,36,1,114.0,0,1
135bf9f3-3e8a-4daf-b27c-eb176d70a522,Female,78,Suburban,0,0,Month-to-Month,Basic Connect,Digital Wallet,1,54.68137378421797,132345187.17335343,53,3,48.0,0,0
9f54818b-a3d8-4543-a865-58d138132f1c,Female,71,Suburban,0,0,One Year,Basic Connect,Bank Transfer,1,32.79335041946384,68838207.38348259,43,2,29.0,1,3
98e805fe-d0b4-42a6-b374-f10f2c736984,Male,39,Urban,1,0,Month-to-Month,Basic Connect,Credit Card,1,63.63249217146594,165875294.7186444,50,1,56.0,0,3
a6ad565e-e740-4d08-a162-2c6ddcca37df,Female,20,Suburban,1,1,Month-to-Month,Standard Connect,Mailed Check,1,88.35682097251556,147677611.8012592,56,3,120.0,0,1
5385cd32-14c7-49bb-a780-5ffb665ddb99,Male,75,Suburban,0,0,Month-to-Month,Basic Connect,Credit Card,1,42.84254267098301,80185970.18224344,51,1,33.0,1,0
ac405552-54d3-42fb-b415-97bcd15d312c,Male,36,Suburban,0,0,Two Year,Premium Connect,Bank Transfer,1,86.47913878700024,256914807.86593,57,0,71.0,0,1
a53c0874-84ca-4a86-8a6d-4b8741cba552,Female,61,,0,0,Two Year,Basic Connect,Credit Card,1,41.74627249296447,102291356.66206992,57,2,52.0,0,0
2b3ddc07-5928-4c79-a7d0-47371c81ad9b,Female,77,Suburban,1,1,One Year,Standard Connect,Credit Card,1,61.58844594180904,161682215.41347548,40,0,43.0,0,3
f907ef52-0912-4348-b921-798b27d0a93d,Male,36,Urban,1,1,Month-to-Month,Premium Connect,Credit Card,0,119.30358826814468,309541424.19052094,68,2,84.0,0,1
99ee0871-7edd-43a7-8b8e-6b8d16bc8f0a,Female,47,Urban,0,0,Month-to-Month,Premium Connect,Bank Transfer,1,64.08552025648723,242236494.5678051,63,2,153.0,1,1
a147fdca-57ec-4b8a-bab3-e95fb812d717,Female,70,Urban,0,0,Month-to-Month,Standard Connect,Credit Card,1,92.83550064723671,142042997.74215853,47,1,86.0,0,1
3abc6419-cbb4-413b-aa6b-872a18adb5a3,Male,22,Suburban,0,0,Month-to-Month,Standard Connect,Credit Card,1,79.64924191943334,159496210.68028226,34,4,87.0,1,3
42923169-587d-481a-8337-ffc0e4b56d49,Male,54,Urban,1,0,Month-to-Month,Premium Connect,,0,111.35806777273125,265402736.7082347,34,1,139.0,1,1
0d00d69f-e704-482d-b7c1-102e98ada257,Female,44,Urban,0,0,Two Year,Basic Connect,Mailed Check,0,64.08552025648723,128358739.56671856,67,1,52.0,0,0
c521bdcf-6d2a-4488-bb78-858b7c45bfbc,Female,52,Urban,0,0,Month-to-Month,Basic Connect,Credit Card,1,39.07488916042358,1680.220233898214,43,0,49.0,0,3
79e1bbdc-f706-48ef-82ec-ea20dc317470,Female,24,Urban,0,0,One Year,Standard Connect,Credit Card,0,95.35741666774568,171243177.71095935,54,1,110.0,0,1
a6265e6f-89b4-4f73-97f1-bc74a3e09c36,Female,82,Urban,1,0,Month-to-Month,Basic Connect,Credit Card,1,20.0,57668157.66775407,44,2,21.0,1,3
43809a6f-c75b-48a7-bf04-9e6ecc2554f2,Male,71,Rural,0,0,Month-to-Month,Standard Connect,Credit Card,1,81.67070917642533,127739661.5755518,55,1,78.0,0,0
4dc4133d-e2a4-4c96-a4e0-0209da44a087,Male,52,Rural,0,1,One Year,Basic Connect,Bank Transfer,0,52.58854977416283,120132495.77387182,63,1,36.0,0,0
0a4d678d-081a-4da1-97ca-0dd5e2ddcc90,Male,39,Urban,0,0,Month-to-Month,Basic Connect,Digital Wallet,0,32.1739690164201,56200050.3497066,54,1,25.0,1,0
d8925cef-6c79-4d94-9450-8338d3d71c8e,Male,42,Suburban,0,0,One Year,Basic Connect,Credit Card,1,65.3883828785537,135045253.08224383,60,1,41.0,0,0
bdc48b8b-76f9-484b-9228-6685dd64e8fa,Female,23,Urban,0,0,Month-to-Month,Basic Connect,Bank Transfer,1,23.534992656273367,48461155.77291106,66,3,32.0,0,0
42b0295e-ebec-43b1-93f5-c3b3ca6e08b8,Female,69,Suburban,0,0,Two Year,Standard Connect,Credit Card,1,77.95514977258252,111207881.63089974,40,0,58.0,0,3
841e6d74-cca2-4855-b99b-2398e90d330a,Male,52,Urban,0,1,One Year,Premium Connect,Credit Card,0,64.08552025648723,315178854.2372389,41,1,116.0,0,1
cf87917b-0632-4bcd-9c2c-ec9fa708fc12,Prefer not to say,26,Urban,1,0,One Year,Basic Connect,Credit Card,1,37.99014416586415,63804241.45887113,46,0,64.0,0,3
6040978c-a7d2-4644-b760-a7271f781c2a,Female,39,Rural,0,0,Two Year,Standard Connect,Digital Wallet,0,74.6503202158081,140064077.4902466,36,1,51.0,0,3
272a9113-9bac-4d02-aa7d-8019f3a823b3,Female,37,Urban,1,0,Month-to-Month,Basic Connect,Credit Card,1,34.113580553217595,68293749.34757438,39,0,46.0,0,3
16267285-8075-4e0a-a229-af0faaf28f43,,55,Suburban,0,1,Month-to-Month,Basic Connect,Digital Wallet,1,43.14738772318686,113087374.11086328,47,3,48.0,0,3
dbbbd36b-f76f-4aaf-af6f-8c7191f1e32b,Male,53,Rural,0,0,One Year,Basic Connect,Digital Wallet,0,35.60233545487801,76639389.16960868,61,1,53.0,0,0
a6b10d45-9be6-45cf-aaad-a2b8a23f06d0,Male,23,Urban,0,0,One Year,Basic Connect,Credit Card,1,64.08552025648723,58617814.90181551,67,2,30.0,1,0
ea4cd769-d7d5-4ed8-bb45-a4800750f990,Female,64,Urban,0,0,Month-to-Month,Basic Connect,Bank Transfer,1,64.08552025648723,116425231.47205871,69,1,63.0,0,0
3aa46d38-ba15-485f-bcbe-140ce13e1d3a,Male,41,Urban,1,0,One Year,Premium Connect,Credit Card,1,64.08552025648723,207420473.58988523,54,2,87.0,0,1
6a5f6490-a4ae-48b9-821d-6820beec3703,,72,Urban,1,1,Month-to-Month,Premium Connect,Digital Wallet,0,95.37429750034892,252943213.07694417,41,1,90.0,0,1
ba027bf8-8a70-4151-b3a9-eab55710d732,Female,29,Urban,1,0,Month-to-Month,Premium Connect,Bank Transfer,1,76.84695723195031,176415563.45485526,42,1,114.0,0,1
208da1bb-42d9-4b06-ad89-234d1c13eb72,Male,26,Urban,1,0,Month-to-Month,Basic Connect,Bank Transfer,0,40.29270463954464,79130669.94597106,48,3,48.0,0,3
22d5a83d-1c46-4075-bb73-2f84e715cd01,Female,64,Urban,0,0,Month-to-Month,Basic Connect,Mailed Check,0,57.51239366215471,87844467.03143482,62,2,79.0,0,0
d7763894-75ed-46f1-9573-a2dab7bf2037,Male,66,Urban,0,0,Month-to-Month,Standard Connect,Bank Transfer,1,60.134519228754,164847993.89346066,61,1,87.0,1,0
1fd379df-de39-4288-ab36-defcf7c63c56,Male,23,Urban,0,0,One Year,Standard Connect,Mailed Check,1,49.70174559045908,2882.701244246626,58,2,58.0,0,0
68f601c9-d016-431c-a14e-14a07627b024,Prefer not to say,43,Urban,0,0,Two Year,Premium Connect,Mailed Check,1,105.93191702180027,164376444.71883273,41,1,134.0,0,1
dc2849a4-532d-4e4a-987d-1fdd56e5767d,Female,65,Suburban,0,1,Month-to-Month,Premium Connect,,0,106.1666489156261,5520.665743612557,52,2,128.0,0,0
ef74444d-fba2-4ee9-989b-842dcb9b99f1,Female,71,Rural,0,0,One Year,Basic Connect,Credit Card,1,45.33192216660513,116690801.32074696,40,2,45.0,0,3
0f9de5bc-ae66-415d-a345-f778ce89fc33,,37,Suburban,0,0,Month-to-Month,Standard Connect,Credit Card,1,78.55196927226933,4241.806340702544,54,2,64.0,0,0
ad7b5db4-9b4a-4205-9986-c515f7f9262b,Female,43,Suburban,0,0,Two Year,Basic Connect,Digital Wallet,0,20.0,47814046.89632162,43,1,27.0,0,3
7b4d6c99-d3e9-4ecd-86d7-be4560877bdd,Female,18,Urban,1,0,One Year,Basic Connect,,0,60.55649860446357,109008607.64495368,45,1,64.0,0,3
be2c4a16-c4b8-4460-afc9-e66b46354796,Male,46,Suburban,0,0,Two Year,Standard Connect,Credit Card,1,53.28549528801316,123594487.71918406,46,0,64.0,0,3
c54fb841-50cc-4ade-ae3a-4933467a3d1b,Male,51,Rural,0,0,Month-to-Month,Standard Connect,Bank Transfer,1,77.13875411912856,117552794.31556648,42,0,60.0,0,3
7fe63f81-109d-4972-a94e-a0fcdf1dd90c,,55,Suburban,0,1,One Year,Standard Connect,Digital Wallet,1,61.45431049514168,126763289.69186088,61,3,40.0,0,0
4f553bd5-c58f-4250-acd1-7c0ffd1a7150,Prefer not to say,57,Suburban,1,0,Month-to-Month,Standard Connect,Credit Card,0,64.24360534164403,4368.565163231794,68,1,69.0,1,0
d8a2b808-944f-4204-becd-fad75a27bb72,Male,51,Suburban,0,0,Month-to-Month,Standard Connect,Digital Wallet,0,45.3403885619721,85844215.30220704,36,1,41.0,1,3
07a9b734-9e95-4eec-92c6-27a52e10ae21,Male,33,Suburban,0,0,Month-to-Month,Premium Connect,Bank Transfer,1,94.0671149818834,135961377.68191075,52,0,84.0,0,1
b3fecc68-1604-4116-b502-e7089776ec0f,Non-Binary,67,Urban,0,0,Month-to-Month,Premium Connect,Mailed Check,1,108.521968914228,253864023.141242,62,1,158.0,0,1
103b43c3-a504-484e-907f-9a92a572d080,Male,68,Rural,1,0,Month-to-Month,Premium Connect,Credit Card,1,89.01771797198772,154892902.34130022,47,1,122.0,0,1
97df951a-ae42-4915-9b86-5953ea900fca,,76,Urban,1,1,Two Year,Premium Connect,Credit Card,1,82.35674404890325,209079709.364956,56,1,64.0,0,1
34472109-79b2-4b2d-b9bb-dc2f31da7bfe,Male,67,Rural,0,0,Month-to-Month,Premium Connect,Credit Card,1,111.1526773903936,180951500.978328,36,1,65.0,0,1
d9521dfe-99c6-4929-898b-806bb62ba092,,47,Urban,1,0,One Year,Standard Connect,Credit Card,1,64.08552025648723,268594034.090364,35,2,99.0,0,1
f9c2a88e-9f18-4273-8a23-87b843c1bc57,Male,27,Suburban,1,1,Month-to-Month,Basic Connect,Credit Card,1,45.7245742935914,2103.3304175052044,46,1,44.0,0,3
8ead71f0-5372-4227-bfff-5c8fddaa545f,Female,75,,0,1,Month-to-Month,Basic Connect,,1,38.4262676171308,100397881.336885,59,4,64.0,0,0
d4474301-1408-43d8-973d-6a0338987459,Male,29,Urban,0,0,One Year,Standard Connect,Digital Wallet,1,71.1533601712286,181366125.77364737,65,4,56.0,0,0
23ad887d-9bfb-4bcb-9441-8ed8c8b27d00,Male,54,Urban,1,0,Month-to-Month,Basic Connect,Credit Card,0,56.22560864552889,80352595.97749026,55,2,59.0,0,0
cdfe4358-8dc5-460c-9e9b-3dc40a6f6ae9,Female,70,Urban,0,0,Month-to-Month,Basic Connect,Mailed Check,1,20.0,900.0,45,2,26.0,0,3
538efbf0-6a21-49af-9301-be564e486122,Male,83,Suburban,1,1,One Year,Basic Connect,Bank Transfer,1,25.41660849088807,52462096.61254636,49,0,38.0,1,3
59e525b5-8f85-4018-a930-60efaad45817,Male,53,Urban,1,0,Month-to-Month,Basic Connect,Bank Transfer,1,29.32191430364092,1642.0272010038914,56,1,43.0,0,0
7596d413-e2d8-407a-b9b4-fad32395bbaa,Female,76,Suburban,0,0,Month-to-Month,Basic Connect,Digital Wallet,1,54.31064020844826,116039616.37833191,39,3,68.0,1,3
8a0f338d-387d-46d6-aeba-e87f3b5f3ef1,Female,68,Rural,1,0,Two Year,Standard Connect,Digital Wallet,0,54.32631162966256,96902520.92841011,63,2,46.0,0,0
82d21030-2557-4ea7-b175-6c3b89a48aa1,Female,28,Suburban,0,1,Two Year,Standard Connect,Mailed Check,0,79.49200898165452,182564112.02736256,41,2,100.0,0,1
ba133f66-e015-46d8-8dc8-7b84fff523bf,Non-Binary,53,Suburban,0,0,Two Year,Standard Connect,Bank Transfer,0,44.88231593366051,115924184.18887296,66,2,57.0,0,0
67a43520-4b35-47c1-92f5-0779d1573ff3,Male,35,Suburban,1,0,Month-to-Month,Basic Connect,Credit Card,0,33.533587705537904,99813360.84620012,58,3,40.0,0,0
33b90a96-3fe8-486f-a78a-aa754077d462,Female,30,Suburban,1,0,Month-to-Month,Premium Connect,Mailed Check,1,105.47757703564284,246636663.96355185,61,2,65.0,1,1
94861cc1-7cd0-412b-8f4c-f7f8bef3e1f1,Male,59,Rural,0,0,Two Year,Premium Connect,Digital Wallet,1,102.87171890605892,6275.174853269594,61,1,93.0,0,0
96371e93-7f76-4539-9a40-5d27e91c7418,Male,41,Rural,1,0,One Year,Standard Connect,Bank Transfer,1,41.55345017890705,84595314.70416369,64,2,40.0,0,0
156e6b5c-75b9-4cb9-94b3-fdd0a1468358,Non-Binary,19,Suburban,0,0,One Year,Standard Connect,Credit Card,1,68.1028105800307,196335550.5878749,49,1,42.0,0,1
8dba3f1b-a039-4234-aa0e-6a4923402a10,,52,Urban,1,1,Month-to-Month,Standard Connect,,1,71.80739285978767,2872.295714391507,40,2,71.0,0,3
198e39f0-30f1-4420-91c1-e705af181cac,Non-Binary,54,Rural,1,0,Month-to-Month,Premium Connect,Digital Wallet,1,121.38918994115532,203562928.70534465,55,2,114.0,0,1
fc2425dc-67a6-4600-8728-6a88d4b70176,Male,26,Urban,0,1,One Year,Standard Connect,Credit Card,1,64.08552025648723,247450154.998985,39,1,95.0,0,1
5dc46742-d52e-4d35-8022-c060d6689c7e,Male,23,Urban,1,0,One Year,Standard Connect,Credit Card,1,81.82818318121348,180974069.73392648,48,3,104.0,0,1
e3a1f728-608c-4848-a326-704de4ba3346,Male,71,Rural,1,0,Two Year,Standard Connect,Credit Card,1,51.934881410978605,3531.571935946545,68,2,46.0,0,0
2b465127-d337-4f75-b7ba-87e9df951091,Male,55,Urban,0,0,Month-to-Month,Premium Connect,Credit Card,0,101.2295236475841,3846.721898608196,38,0,76.0,0,3
4d5b6f73-0ace-4035-aec9-56de86d7aeee,Male,51,Urban,1,1,One Year,Premium Connect,Credit Card,0,86.16538957433801,192801980.3201004,36,0,64.0,0,1
cbb8bfe1-1e80-49b6-8636-f2522c5fb3a5,Male,49,Urban,0,0,Two Year,Premium Connect,Bank Transfer,1,95.13129933201786,225407317.1725922,48,1,58.0,0,1
41e455b3-b0c2-4038-bef9-c3a61632d066,Male,28,Suburban,0,1,Month-to-Month,Basic Connect,Digital Wallet,0,28.5301508973658,1740.3392047393138,61,1,29.0,1,0
aad8bdb1-6dcc-4d69-9030-68532bef677c,Male,67,Urban,0,1,Month-to-Month,Premium Connect,Bank Transfer,1,91.12924773033188,207489618.85701376,43,1,84.0,0,1
37f5676a-4ab8-49dc-b2d3-c35ef8c93d62,Female,50,Suburban,0,1,Month-to-Month,Premium Connect,Mailed Check,1,86.32879585034753,183068777.618494,53,0,76.0,1,1
0f0666b3-c98c-4956-ae46-c98a8b0c0bba,Male,80,Urban,0,1,Two Year,Standard Connect,Credit Card,0,57.782128626348445,113975437.86152078,35,2,36.0,0,3
d7bf1749-f522-4ab0-9387-97ea9e337beb,Male,40,Rural,0,1,One Year,Standard Connect,Bank Transfer,1,40.19749151455491,108492492.06548417,51,1,33.0,0,3
aa80dec1-8143-42c4-ad5c-363408970f06,Female,65,Suburban,0,0,One Year,Standard Connect,,0,84.0869642322674,178590189.8589424,41,2,78.0,0,1
4ec08f19-f900-4778-8bbb-52a18d436607,Male,57,Suburban,1,0,Two Year,Basic Connect,Credit Card,0,42.05955966818074,100871115.23041514,54,4,35.0,0,0
ce683c57-0c87-4aad-9a88-9f4b56b3edc3,Female,53,Suburb,0,0,Two Year,Premium Connect,,1,104.98724134099864,277230664.2277453,64,1,105.0,0,1
4ac90e79-6bee-4f26-8e9d-6a43161d3ff7,Female,62,Suburban,0,1,Month-to-Month,Standard Connect,Credit Card,1,75.92055977450288,238877806.4682102,46,2,77.0,0,1
6105f04c-213b-4bf5-beeb-b726630e15db,Male,51,Suburban,1,1,Month-to-Month,Standard Connect,Bank Transfer,1,67.82906349450498,165117436.26352602,47,2,44.0,0,3
87bb1677-d9c7-4a19-980f-a5e5e274e30d,Female,19,Urban,1,0,One Year,Premium Connect,Bank Transfer,1,64.08552025648723,2947.9339317984127,46,0,93.0,0,3
11cc1c8f-a102-4e6b-8083-cc861173ff05,Male,49,Suburban,0,0,Month-to-Month,Standard Connect,Digital Wallet,1,71.45629417337025,120893483.55804236,35,1,92.0,0,3
58b7b361-8b2f-404f-9f75-10be41b31060,,66,Urban,1,0,One Year,Basic Connect,Digital Wallet,0,20.0,35972094.85157498,43,1,18.0,0,3
37fb6655-1f8e-4959-9552-14c8ed1de9ff,Female,33,,0,0,Month-to-Month,Standard Connect,Bank Transfer,1,64.08552025648723,192618539.32003087,53,2,85.0,1,1
6771c314-7ba5-4689-b24a-3f4f7e6ea977,Female,78,Urban,0,0,One Year,Premium Connect,Digital Wallet,1,91.8644403922895,5052.544221575922,55,1,55.0,1,0
b63e5930-369d-4b5d-bab3-a5bbfd4e6110,Female,62,Suburban,1,1,Month-to-Month,Standard Connect,,0,52.03637330701076,120674390.28695774,57,2,64.0,0,0
71c49a04-8e12-489a-8798-7c22b79f778a,Female,51,Urban,1,0,One Year,Basic Connect,Credit Card,0,20.0,45299287.96668876,46,0,20.0,0,3
e3754b09-3285-42fb-802b-3a5a84e2a020,Non-Binary,70,Rural,1,0,Month-to-Month,Basic Connect,Credit Card,0,55.2219802035813,99920489.03818884,41,2,54.0,0,3
ca8e8a60-2f7a-4c64-b076-9fe663d624c8,Male,29,Urban,1,0,Month-to-Month,Standard Connect,Bank Transfer,0,70.27641968625245,157197183.02211863,55,1,95.0,0,1
7a92316f-8553-4dde-8265-860be88aa6e2,,66,Rural,1,0,Month-to-Month,Basic Connect,Credit Card,0,56.33426364377137,145644051.07499403,49,1,48.0,0,3
0609edd3-7c9c-4ff6-be05-35665cdb20e7,Male,58,Urban,1,0,Month-to-Month,Standard Connect,Mailed Check,1,64.08552025648723,165260931.6498294,57,3,116.0,0,0
74008573-6254-4fdc-906f-9ec482d76bef,Male,73,Urban,1,1,Month-to-Month,Basic Connect,Credit Card,0,29.50942414966164,69277919.3009297,43,2,39.0,1,3
26c5ea2e-5703-4a48-806b-b688605c9e67,Male,51,Urban,0,0,Month-to-Month,Standard Connect,,0,74.07918044726136,3185.4047592322386,43,2,102.0,1,3
5569da3f-0bce-4aff-9ee6-a2e0ba5c3abd,Male,61,Urban,0,0,One Year,Basic Connect,Credit Card,1,36.61100401722801,2123.4382329992245,58,3,48.0,0,0
7c935065-f511-4617-aba7-7d2ae31c6f72,Non-Binary,70,Urban,0,0,Month-to-Month,Standard Connect,Credit Card,0,46.66104677915732,2613.018619632809,56,2,55.0,0,0
4d3c9e9e-d9bf-479b-8a3c-a2da495374b2,Male,46,Suburban,0,0,Month-to-Month,Basic Connect,Bank Transfer,1,50.89925619520865,142945203.07968566,61,2,41.0,0,0
bc84976b-d4f8-4eb7-a57d-700940685a62,Male,70,Rural,0,1,One Year,Basic Connect,Credit Card,1,22.845622153497366,32668365.733845662,69,3,33.0,0,0
1f7708cb-f1bf-4174-bce7-a8c8b2f9ffe0,Male,50,Rural,0,0,One Year,Standard Connect,Mailed Check,1,76.8692019096864,136116267.1384354,60,1,105.0,0,0
8b1f2e08-1e69-446d-a2e9-05acf58cc5e6,Prefer not to say,64,Urban,0,0,Two Year,Basic Connect,Credit Card,1,35.52587445804248,78025291.84113221,62,2,47.0,0,0
00fae10e-6147-4e55-a9bc-c649667ee98e,Female,53,Urban,0,0,Month-to-Month,Basic Connect,Bank Transfer,1,47.48521519011186,143839010.00279337,62,1,59.0,1,0
b477ad66-bd2d-4078-84be-9149695b100e,Male,84,Urban,1,0,Two Year,Standard Connect,Digital Wallet,0,30.66885095803553,73673546.07700495,46,0,31.0,0,3
a3c2be30-65f3-450f-8e7b-332db787fde5,Female,22,Suburban,0,0,Month-to-Month,Basic Connect,Digital Wallet,0,35.613876531774615,2172.4464684382515,61,1,33.0,1,0
8a024fff-8ea8-4aa3-8f8f-9722734e782e,Male,32,Rural,0,1,Two Year,Basic Connect,Digital Wallet,1,43.725659857986365,101962177.4336408,62,1,30.0,0,0
d824d953-cfa7-45fd-a065-85bdbbdcf1b4,Female,75,Urban,0,0,One Year,Premium Connect,Credit Card,0,92.60040817556848,6389.428164114225,69,0,64.0,1,0
cd5d7cce-e811-4331-8690-d2ccff2fc1ac,Male,20,Rural,1,1,Month-to-Month,Basic Connect,Digital Wallet,1,44.08221553761226,77878021.22969697,69,1,32.0,0,0
aa80c70d-0cbd-406c-814f-6d125e437ce0,Female,19,Rural,0,1,Month-to-Month,Standard Connect,Bank Transfer,0,90.75540581379248,258741696.4911309,41,1,98.0,0,1
69dc538d-8ea2-4d99-9865-16918557c133,Male,55,Rural,0,0,Month-to-Month,Basic Connect,Credit Card,0,64.08552025648723,73464829.05493343,38,0,41.0,1,3
25874edf-f71d-45b7-adb2-f73bb79b3928,Female,51,Suburban,0,0,One Year,Standard Connect,Bank Transfer,1,41.0419614627566,74945309.07952288,69,1,34.0,0,0
c5c1a503-15ac-428e-9209-3c27e6abc7ae,Female,54,Suburban,1,0,Month-to-Month,Premium Connect,Mailed Check,1,85.55814111022724,265870323.9424882,57,1,64.0,0,1
b7fed481-ca9a-42f2-ad0b-8c0ec0c64185,Male,67,Suburban,0,1,Month-to-Month,Basic Connect,Digital Wallet,0,28.19294555505367,53752964.68953965,58,2,30.0,1,0
1d0478ca-7a38-4106-bc76-a16a53332609,Male,56,,1,0,Month-to-Month,Standard Connect,Credit Card,1,49.23316488113896,143435808.59505072,43,1,50.0,0,3
1f43f84c-9cf4-4a01-94a3-f830b83d480c,Female,35,Urban,0,1,Month-to-Month,Basic Connect,Bank Transfer,1,20.0,57467698.80239471,68,1,27.0,0,0
f0cc8330-acd9-4d94-965a-5dccb1f75104,Male,49,Urban,1,0,Two Year,Standard Connect,Credit Card,1,63.09361799206301,188851566.9949813,48,2,50.0,0,1
5a88d26f-f624-49da-8db9-b779d37af80b,Male,32,Rural,0,0,Month-to-Month,Standard Connect,Bank Transfer,1,69.96145125412708,199689987.3795256,56,2,69.0,1,1
4fa6c374-c291-4818-940a-f2cea8c13b9a,Female,54,Urban,1,0,Month-to-Month,Standard Connect,Credit Card,1,75.07555885268003,223747818.0738715,56,1,80.0,1,1
00e7914d-dfc1-4520-8d75-f30aa05eb29f,Male,22,Urban,0,1,Two Year,Standard Connect,,0,66.3326714781813,183693548.7789495,49,0,64.0,0,1
c18eb8db-8e87-4ee7-b8b9-203ecbb17c90,Female,48,Urban,1,0,Two Year,Premium Connect,Credit Card,1,123.18855933216804,345627959.017182,68,0,160.0,0,1
098e7e16-d990-416b-9b77-c4013d3a1d28,Male,61,Urban,1,0,One Year,Premium Connect,Digital Wallet,1,112.6192010243422,312588111.0315047,58,0,79.0,0,1
30aca133-a83f-47c2-9e5b-dded4eb448dc,Female,58,,0,0,Month-to-Month,Basic Connect,Bank Transfer,1,69.82420265307874,141598294.32764557,59,1,82.0,0,0
e18ab26c-f8c5-4ee9-bc00-efdee7504c86,Male,81,Rural,1,0,Month-to-Month,Basic Connect,Credit Card,1,29.8218168026388,77166171.41060798,56,0,36.0,1,0
d2fe6ab1-5aa1-44cd-9d68-b2e8932e0562,Female,47,Suburban,0,0,Month-to-Month,Standard Connect,Credit Card,0,72.94332345264891,185278739.9275118,38,0,91.0,1,3
cb964d90-90ce-4f51-80ac-67d096134b0b,Male,39,Urban,1,0,Two Year,Basic Connect,Bank Transfer,0,35.830316361064305,83886983.86795846,34,2,64.0,0,3
85076b17-7272-4dd8-ac6b-15185a502087,Male,51,Urban,0,1,One Year,Basic Connect,Bank Transfer,0,43.950360638405634,71874896.5984485,60,0,43.0,0,0
43775876-6418-423e-9aa7-b749bc825180,Non-Binary,51,Suburban,1,1,Month-to-Month,Standard Connect,,1,68.50850358264793,193600258.6099361,62,1,48.0,0,0
21ed3c2e-5065-4bd3-a239-5f775b686f4d,Prefer not to say,70,Urban,0,0,Month-to-Month,Basic Connect,Credit Card,0,39.81428056193342,121915083.5253484,54,3,48.0,1,0
dda70358-a1c6-48af-b950-9b63156e00a9,Female,53,Urban,0,0,Month-to-Month,Basic Connect,Mailed Check,1,64.08552025648723,3588.7891343632846,56,2,18.0,0,0
67e86a2e-aa2b-4e29-a35c-945eba79e5aa,Male,75,Urban,1,1,Month-to-Month,Standard Connect,Credit Card,1,88.78271383423493,215683480.508436,47,1,96.0,0,1
35d0a980-86e3-4976-980f-7c11dd46623b,Male,34,Urban,0,0,Two Year,Premium Connect,Credit Card,0,124.70118060539772,4613.943682399716,37,3,105.0,0,3
fa9f8f7d-0e8c-48c7-a224-9d61239520e1,Male,19,Urban,0,0,Two Year,Premium Connect,Bank Transfer,1,102.10917221668392,211921232.6247126,45,1,57.0,0,1
4d0c17f4-6770-49e7-a1c1-a4df5af2ebe8,Female,37,Urban,1,0,One Year,Basic Connect,Credit Card,1,44.121531352635294,112742100.39926906,46,3,54.0,0,3
d8d146a6-05de-4fc0-ad10-84198dfd0f9a,Prefer not to say,52,Urban,1,0,One Year,Basic Connect,Bank Transfer,1,38.54928460110707,77102112.24954443,51,0,39.0,1,3
8c1db215-022f-4fd3-a325-1054ac41f929,Female,63,Rural,1,1,Month-to-Month,Standard Connect,Mailed Check,0,52.82806871790514,2060.2946799983006,39,1,55.0,0,3
36dd9788-09f7-4794-91a8-258d09ae3b51,Male,65,Urban,0,0,Month-to-Month,Standard Connect,Credit Card,0,60.48408141424024,143604098.86168456,41,0,40.0,0,3
70d629e9-cbd8-404f-93a1-f5a297c9c1fc,Male,51,Urban,1,1,Month-to-Month,Standard Connect,Digital Wallet,0,77.26938604796354,158603761.55313003,57,2,105.0,1,1
2f1462d8-5c85-4728-b128-ebef5573ff1a,Female,54,Urban,0,0,Month-to-Month,Premium Connect,,0,95.7572560643069,215232744.50213248,64,3,142.0,0,1
b513d1d9-1394-4bf1-9f4c-3ecf96a18345,Female,25,Urban,1,0,Month-to-Month,Basic Connect,Credit Card,1,64.08552025648723,113176420.43663238,38,1,64.0,0,3
985aeaa5-e483-44bf-8ce8-02f946915824,Female,26,Urban,1,0,One Year,Premium Connect,Bank Transfer,1,98.0842887512482,209488466.9375795,68,1,138.0,0,1
7c637f08-381c-4dde-b960-85f821a7c2ed,Male,58,Urban,0,0,Two Year,Basic Connect,Bank Transfer,1,39.52933993183672,110067893.42607912,46,2,25.0,0,3
723e18f7-d5d8-4d83-93ae-d93bd45f3551,Male,78,Rural,0,0,Month-to-Month,Premium Connect,Credit Card,1,103.10363557319296,244399467.8137405,42,1,64.0,0,1
d53e9b58-32ae-4bb3-a805-c5ffcccff6d6,Female,37,Suburban,0,0,Month-to-Month,Premium Connect,Bank Transfer,1,123.95152854844456,305801806.49583745,52,1,189.0,0,1
14605140-124a-4b4c-83c6-695fe5659ee3,Male,64,,0,1,Month-to-Month,Basic Connect,Digital Wallet,1,50.38402318211021,78438260.61748831,57,1,72.0,1,0
2cc3735c-22e6-4674-96a9-903ca0df2bce,,73,Suburban,1,0,Month-to-Month,Basic Connect,Credit Card,1,26.66312398185573,44803084.55879763,35,1,44.0,0,3
1f4d9b8f-cc7c-4212-8109-2496852373ac,Male,39,Rural,0,0,Two Year,Standard Connect,Bank Transfer,1,64.08552025648723,120104436.6044391,67,2,84.0,0,0
0b0d2d93-b140-4450-a4e5-008314cacf2a,Female,51,Urban,0,0,One Year,Basic Connect,Credit Card,1,64.08552025648723,87093159.21576652,44,3,35.0,0,3
3aecd1e7-35b4-49b1-b4c0-4def1660a302,Non-Binary,54,Suburban,0,1,Two Year,Standard Connect,Credit Card,1,51.3246266669837,134598763.89133164,60,1,64.0,0,0
4f468068-8e06-4e2b-ac47-30dcf7e495d8,Male,76,Rural,1,0,Month-to-Month,Basic Connect,Bank Transfer,1,31.691005058399416,88885949.72963062,48,1,51.0,0,3
b4868cae-cdef-45d5-aa43-13345937f1b5,Male,33,Urban,1,0,Month-to-Month,Standard Connect,Credit Card,1,79.14088257851947,224370160.4415765,60,1,64.0,0,1
0bef3830-e997-4004-8ac1-9b41eeca48e7,Female,58,Urban,0,0,One Year,Standard Connect,Credit Card,0,64.08552025648723,3076.104972311387,48,3,65.0,0,3
4a69a6d5-7a97-4a53-a0ce-db98ba47b51e,Male,59,Suburban,0,0,Month-to-Month,Standard Connect,Mailed Check,0,47.78426841578009,128444403.74305543,56,1,58.0,0,0
e8a0f2b2-ce6c-4e02-8df1-e9ff3c2fd991,Male,51,Urban,0,0,One Year,Premium Connect,Digital Wallet,0,110.31694985235066,197550650.0190884,52,1,64.0,0,1
daf38d73-e1b0-4542-94e7-40489001b964,,34,Urban,0,0,Month-to-Month,Basic Connect,Mailed Check,1,49.28885708912792,109214364.43719848,57,2,63.0,0,0
60dc0d4d-1011-4b6e-9d9e-174057dca2ae,Male,51,Urban,0,0,Month-to-Month,Premium Connect,Credit Card,1,89.45385942647091,218439796.8134504,57,2,52.0,0,1
b77b8708-682c-4fcb-80c8-0d1fd3ffdc54,Female,51,Suburban,0,0,Month-to-Month,Standard Connect,Bank Transfer,1,64.62878048295235,151771807.7523634,41,1,64.0,0,3
0056b759-730a-465b-afb2-ad168c0a7b30,Female,66,Urban,0,0,One Year,Premium Connect,Credit Card,0,104.47052304401562,253559696.24517965,58,2,160.0,0,1
ed8c9166-77c9-478b-b845-44d106ad3436,Female,40,Suburban,1,1,Two Year,Basic Connect,Credit Card,1,50.60993379045459,94016176.02217142,44,1,64.0,0,3
1c2c0b91-c16f-44f5-a10a-1d6dc2ba17f6,Male,48,Rural,1,1,Month-to-Month,Premium Connect,Mailed Check,0,66.885390170399,119955737.0270623,41,0,40.0,0,3
aa1d2e64-a9c8-4423-8c71-a7cc11d3e613,Male,22,,0,1,Two Year,Premium Connect,Bank Transfer,1,80.40926836605782,143366626.56813192,69,1,67.0,0,0
b4f5ff14-dd8c-4eec-ad28-43631daa7e49,Female,32,Urban,0,1,Month-to-Month,Premium Connect,Bank Transfer,1,112.02886885578742,235266272.86495885,53,2,70.0,0,1
2b6e19be-2599-4a78-9ff2-13ac44710b54,Female,68,Urban,0,0,Month-to-Month,Basic Connect,Bank Transfer,1,29.18142843748182,47599135.31338855,49,3,42.0,0,3
7fdc71f9-ba37-4e47-8ebb-3e89041cbed6,Male,24,Suburban,0,0,Month-to-Month,Basic Connect,Credit Card,1,42.30502366216126,117394779.66616891,40,2,58.0,0,3
82cf297d-c306-43f1-bc58-8667053cddbc,Male,28,Urban,1,0,Two Year,Basic Connect,Digital Wallet,1,53.76704249047394,150927227.0865043,60,3,62.0,0,0
99a50c20-ec2c-487a-ae2a-3d099b5eb712,,51,Urban,0,0,Two Year,Standard Connect,Bank Transfer,0,65.89119365796381,104250365.10392848,47,1,83.0,0,3
51da2d1d-b128-47e1-9ab6-be540ddec38b,Male,54,Urban,1,1,Month-to-Month,Standard Connect,Mailed Check,0,64.08552025648723,199412700.2136034,40,2,100.0,0,3
abb366e8-a813-49d6-9c5c-2dc6e9ba5fa0,Female,33,Urban,0,0,Month-to-Month,Standard Connect,Credit Card,1,78.16222408047109,150760232.72058272,47,2,62.0,0,3
606dd196-7a9e-4460-b6d6-68469c7b6033,Female,69,Urban,0,0,Two Year,Standard Connect,Bank Transfer,0,67.16610546740918,197458141.63031068,58,3,62.0,0,1
81795ac6-3520-463d-be43-1bdef7b85f7a,,26,Rural,1,0,Month-to-Month,Standard Connect,Credit Card,1,46.10717419438484,79360642.8117206,46,0,57.0,0,3
0d5b7a77-e93d-43dc-a031-df6bc47852ca,Prefer not to say,58,Rural,1,0,Month-to-Month,Standard Connect,Bank Transfer,0,73.59960797475864,176540229.31673068,62,1,111.0,0,0
91534748-a7a9-4ca7-b405-ea2310f44bd5,Female,65,Urban,1,0,Two Year,Basic Connect,Digital Wallet,1,23.40866625493297,1147.0246464917157,49,3,24.0,0,3
406b7d8e-5520-4900-97e0-d300f5d462b6,Male,83,Urban,0,0,Month-to-Month,Basic Connect,Bank Transfer,1,62.545067997881766,111571163.45466812,66,1,62.0,0,0
97ea85f1-88bd-4d2b-9a35-c039ed7cf83d,Female,55,Urban,1,0,Month-to-Month,Basic Connect,Credit Card,1,23.700077790971584,78917662.67372103,53,2,26.0,0,0
f4b64eb6-9e3c-4074-8dfd-46b83c43457b,Male,63,Rural,0,1,Month-to-Month,Basic Connect,Bank Transfer,1,64.08552025648723,62556261.35211437,66,2,25.0,1,0
9c1f70d1-3206-494d-b553-9d0de4235083,,51,Suburban,0,0,One Year,Standard Connect,Mailed Check,1,76.29904855738528,166526349.02762306,55,1,81.0,0,1
129a5737-7cc0-46d2-978f-7d1eb2fd9d0a,Male,63,Urban,1,0,Two Year,Basic Connect,Digital Wallet,0,59.54955742999983,97044297.84015596,60,2,93.0,0,0
33402ef8-90e5-4fc2-ae53-1691449e562d,Male,52,Suburban,0,0,Month-to-Month,Standard Connect,Bank Transfer,0,63.03733624395156,109563708.63728306,35,2,44.0,0,3
bd8fa119-2d53-4ae8-8214-5a7a6877bed4,Female,83,Rural,0,0,Two Year,Standard Connect,Digital Wallet,1,74.91045630191155,129386215.13869114,64,2,91.0,0,0
89ecade9-9900-46f7-a418-22ef5d05267f,Female,71,Urban,0,1,Month-to-Month,Basic Connect,Bank Transfer,0,66.00760782566446,139640601.29095304,67,2,55.0,0,0
73c97a61-06b2-4e1e-a6e6-6bc85e70437b,Male,67,Urban,1,0,Two Year,Premium Connect,,0,79.94686677455523,145152812.3629845,40,0,47.0,0,3
10ae2c91-ada5-4e3c-a8fe-75b4a6d4ea77,Female,48,Urban,1,0,Month-to-Month,Standard Connect,Bank Transfer,0,75.04469097612812,184380547.42540067,58,3,113.0,0,1
4ed6967d-9a58-45fe-ae2f-63b1ff2329cb,Male,51,Urban,1,0,One Year,Basic Connect,Credit Card,1,50.41305041794079,2772.7177729867435,55,0,33.0,0,0
d0fe3d99-145d-4921-bb20-9f51f3e677ba,Female,34,Urban,1,1,Month-to-Month,Premium Connect,Credit Card,1,71.96669729525199,195305505.70716792,60,1,83.0,0,1
11b8b868-9b54-4755-809d-a47668456e33,Male,21,Urban,1,0,Month-to-Month,Standard Connect,Mailed Check,1,70.46452877245876,205782414.18917364,38,2,43.0,1,3
7c171efe-569d-4504-a33c-c81dfc8e8d42,,25,,0,0,Two Year,Basic Connect,Bank Transfer,1,47.991929278940255,1871.68524187867,39,2,71.0,0,3
558d0826-73cb-4f11-ba58-cb609b1c24e6,Female,51,Urban,1,0,Two Year,Standard Connect,Credit Card,0,42.97799618761496,94987644.51394272,47,0,27.0,0,3
d7e8b44f-36c8-4f3f-8fd8-5038c4343d32,,56,Rural,0,0,One Year,Standard Connect,,0,43.33023198406952,98522368.54049732,58,2,28.0,0,0
7b30da4e-0b91-40c6-997c-2c70f472e23d,Female,21,Rural,0,0,Month-to-Month,Standard Connect,Digital Wallet,1,80.22942283914661,176142797.48484913,57,0,62.0,0,1
cb592327-985f-4c9e-950b-a90b69836416,Female,73,Urban,1,0,Two Year,Basic Connect,Bank Transfer,1,56.28044401000696,101393820.14666209,69,1,74.0,0,0
f14a9eb8-b315-475b-aa05-63e77ea03c58,Male,58,Urban,1,0,One Year,Standard Connect,Bank Transfer,0,66.90237293808985,189009033.0476837,50,1,84.0,0,1
3645fd35-4806-4afd-ab21-b6712d4295b6,Male,51,Urban,0,0,Month-to-Month,Basic Connect,Digital Wallet,0,37.014634916154975,67804942.69335566,39,3,31.0,0,3
de5a344b-bde7-45a3-9142-753b204f9a2b,Female,47,Urban,0,0,Two Year,Premium Connect,Bank Transfer,1,95.0786660900166,259813059.67424992,44,3,64.0,0,1
4512af86-5733-41de-a858-0b92dfcfd81d,Female,39,Rural,0,0,Month-to-Month,Basic Connect,,1,42.16673129866038,125784266.41644712,64,2,40.0,0,0
cf9eed64-2081-43f6-ba67-ef47cac64cf2,Female,47,Rural,1,0,One Year,Basic Connect,Mailed Check,1,46.0215708114144,2761.294248684864,60,1,71.0,0,0
abccc789-ce72-455f-b3c6-57ac9d2dd6ac,Female,51,Suburban,1,0,Month-to-Month,Standard Connect,Digital Wallet,1,83.59622344891733,193838261.3555105,35,2,122.0,0,1
abc0329e-92db-4e3c-a9eb-9294895ff5d0,Male,75,Urban,0,1,Month-to-Month,Premium Connect,,0,117.41562675064525,324922265.7086165,69,4,173.0,0,1
8610eb45-0486-4189-9b77-82bb6991c0fb,Male,27,Urban,1,1,Two Year,Basic Connect,Digital Wallet,1,68.54907735035076,137697704.14347634,61,2,75.0,0,0
e6a1955a-4608-49ab-bede-be1affacb0d6,Male,38,Rural,0,0,Two Year,Basic Connect,Bank Transfer,1,20.0,41414800.16792271,54,3,32.0,0,0
e25805be-2e7c-4ea3-8a82-76f3be0abe59,Male,40,Urban,0,0,Month-to-Month,Standard Connect,Credit Card,1,61.81772808395952,172080280.14296862,68,1,83.0,0,0
4d85ede6-6f7f-4224-90c3-c5d90e2496ee,Male,45,Rural,1,1,Month-to-Month,Standard Connect,Credit Card,1,63.29933240610487,93067010.3019257,61,3,39.0,0,0
18b56ffa-31dc-438c-acfc-db22dac065b2,Male,72,Rural,0,0,Two Year,Premium Connect,,1,100.4211015022514,193000548.16489103,41,1,120.0,0,1
2b33c9b3-f535-4b53-8116-610e47579526,Female,36,Urban,0,0,Month-to-Month,Standard Connect,Credit Card,0,64.08552025648723,221467039.9102134,48,2,64.0,0,1
a929c18f-87da-40f7-98c6-8d146dcf5ad8,Female,51,Suburban,0,0,One Year,Basic Connect,,1,50.98794989806153,107693667.3117996,62,0,64.0,0,0
550a0387-4460-415c-8740-9b0abd1fdc6c,Female,29,Rural,1,0,One Year,Standard Connect,Credit Card,1,72.43623070602871,193684451.27673745,37,0,105.0,0,3
f4f062ac-be11-49bf-b1e1-8def39b2dace,Female,51,Suburban,1,0,Two Year,Standard Connect,Digital Wallet,1,63.837090948821455,146005941.1695361,57,0,42.0,0,0
363eee7a-21db-4ba3-aff2-0e125edbe919,Female,48,Urban,0,0,One Year,Basic Connect,,1,25.52905332891289,73850339.2300471,56,1,42.0,0,0
252710c2-735f-40c8-b541-ff17e4c73bae,,51,Urban,1,1,One Year,Standard Connect,Credit Card,1,55.459422593236525,84660934.00206526,48,2,81.0,0,3
f1aa5c79-8f0e-4746-9b52-938ecee8b227,Male,78,Suburb,0,1,One Year,Standard Connect,Credit Card,0,91.3410897755282,223534093.7378569,40,2,117.0,0,1
01bc6b92-6ebf-4cc9-bbb2-74404c697866,Female,64,Urban,1,0,Two Year,Standard Connect,,1,64.08552025648723,3396.532573593823,53,0,73.0,0,0
6809a646-d7ad-49cb-889d-298fed49b99d,Male,61,Suburban,0,0,Month-to-Month,Standard Connect,Bank Transfer,1,41.52733530997932,79749519.00195481,52,1,37.0,0,0
cceae763-9d0c-4982-a9b1-07f0afa4bf3a,Male,40,Urban,1,0,Two Year,Basic Connect,Digital Wallet,1,64.08552025648723,109681026.00389224,59,1,26.0,0,0
028e85a2-2eab-4ca1-a48f-553d24d0429a,,80,Rural,1,1,Two Year,Basic Connect,Credit Card,1,33.88935539479127,81485874.10464475,39,1,28.0,0,3
628f8256-4fc2-427f-8b2a-f55adfb14209,Prefer not to say,28,Rural,0,0,Two Year,Basic Connect,,1,51.24081468461759,112332500.42442872,46,3,77.0,0,3
3d5890ff-dc86-4ba0-9191-777b867c9cc2,Male,61,Rural,0,0,One Year,Standard Connect,Bank Transfer,1,73.52006446018754,171946054.66801205,69,1,58.0,0,0
c459ffbb-63a7-4bbd-bf43-ddd2a3697f2a,Female,48,Urban,1,0,Two Year,Standard Connect,,1,76.62065149121413,3831.0325745607065,50,1,98.0,0,3
2c9c388a-0d9d-4d0a-a297-a8749b4c9671,Female,50,Urban,0,1,Month-to-Month,Basic Connect,Credit Card,0,64.08552025648723,120021027.67550877,47,2,44.0,0,3
4f965379-bd85-4aa4-bcb9-f4bb0eb87086,Male,63,Rural,1,0,Two Year,Standard Connect,Digital Wallet,0,63.967601324921205,190032245.92220232,51,0,91.0,0,1
c95b0222-19d5-4263-9aec-62d72d2e0430,Female,79,Suburban,0,0,One Year,Basic Connect,Credit Card,0,55.44296332823739,126538665.79854985,56,1,80.0,0,0
25ea8b08-9614-4523-b4ae-edeebf1eb450,Female,47,Rural,1,0,Two Year,Standard Connect,Bank Transfer,0,57.82939433966124,184690084.7268844,61,0,57.0,0,0
c3be4f44-f664-4c84-8af0-246ac6e6cd5b,Female,62,Suburban,0,0,One Year,Standard Connect,,1,76.16066403402223,4417.31851397329,58,1,87.0,0,0
ca97420d-a866-4371-8e29-b307c9849aa8,Male,70,Urban,0,0,Month-to-Month,Premium Connect,Bank Transfer,1,119.9021624616551,301951693.74150974,52,2,64.0,1,1
92bf256a-9b6d-48b2-8959-82bdff601fa5,Female,51,Suburban,1,0,Month-to-Month,Standard Connect,Credit Card,0,41.9007346418152,92738851.76520976,43,0,39.0,0,3
f63b44dd-9376-49ff-94d7-df4a7be25176,Male,61,Rural,0,0,One Year,Standard Connect,Bank Transfer,1,56.41688362450732,96706491.23540804,52,3,50.0,0,0
4f433b88-0c61-4324-890e-8ccc642b4484,Male,51,Urban,1,0,Month-to-Month,Standard Connect,Bank Transfer,1,64.08552025648723,186335129.43751723,47,1,107.0,0,1
defe28cc-b812-48b6-9f8a-abf588a34ca7,Male,41,Suburban,0,0,Month-to-Month,Standard Connect,Credit Card,1,90.74856016686904,247559592.30120105,65,0,104.0,0,1
58b9ae1c-59e4-4f70-aece-2fbdbeb471ee,Female,75,Rural,0,0,One Year,Basic Connect,Digital Wallet,1,29.97281062839433,70002932.63397288,36,0,45.0,0,3
9428ae17-6e4a-4c6c-8b14-9eb93e1ecfc6,Male,78,Urban,0,0,Month-to-Month,Premium Connect,,0,110.66408201630485,267866995.6451437,63,1,101.0,0,1
7325b43b-12ce-44da-af04-5c51d4dcd1e0,Female,51,Rural,1,0,Month-to-Month,Premium Connect,Bank Transfer,1,142.9388664209737,345732839.7121645,43,1,177.0,1,1
fc3f7214-9b50-4688-8ad1-db59ebb56bf0,Male,33,Rural,0,0,Two Year,Standard Connect,Credit Card,0,72.01124260731248,200230571.58566192,50,1,64.0,0,1
8f672bc0-9252-48a2-b7a4-d39202a24330,Male,47,Urban,1,0,Month-to-Month,Standard Connect,Digital Wallet,1,63.537519987392905,121008117.93961826,65,3,37.0,0,0
75aa5d63-22bd-4239-bd25-d582637c9dd0,Female,46,Suburban,0,1,Two Year,Basic Connect,Bank Transfer,1,20.0,54151179.46152325,45,1,31.0,0,3
6b67f340-1c83-4389-a55c-a7ba40d07cc9,Female,84,Rural,0,0,One Year,Basic Connect,Bank Transfer,0,77.99886892259516,128638654.12685682,55,2,101.0,0,0
53dd8717-b9c8-4073-b7e5-2b81630ffbc6,Female,21,Urban,1,0,One Year,Basic Connect,Digital Wallet,1,45.37810087796503,3085.710859701622,68,3,45.0,0,0
b5ce49c5-365f-490c-a389-146d728bbf50,Female,38,Urban,0,0,Two Year,Premium Connect,Bank Transfer,1,79.1236481403165,113108082.19343024,37,2,53.0,0,3
10f34182-ae40-4f66-a4b1-c3815896a745,Female,69,Urban,0,0,Month-to-Month,Standard Connect,Credit Card,1,65.21871883577586,168457331.11821094,61,2,66.0,1,0
090dd8f8-e5ca-4fbe-84b6-16ea4d94a574,Male,83,Suburban,0,1,Two Year,Standard Connect,Bank Transfer,1,63.33165762138432,187371645.65481856,43,2,53.0,0,3
4934b6eb-b0a3-4824-8d04-7860a693bf09,,47,Urban,1,1,Month-to-Month,Basic Connect,Bank Transfer,1,25.82100389746813,71282603.35716972,67,1,40.0,0,0
226cbc86-e65e-4b63-8bd2-4cb62c31231f,Female,29,Rural,0,1,Month-to-Month,Premium Connect,Credit Card,0,107.7394827291727,166331502.4134161,62,1,103.0,0,1
5626cad1-8b03-4e7a-b1f7-1f26d66cee90,Male,47,Urban,1,0,One Year,Basic Connect,Mailed Check,1,32.149754171347084,2121.8837753089074,66,1,64.0,0,0
5c2b3238-c65c-4b0f-8c4e-7a2e493142fb,Female,51,Rural,0,0,Month-to-Month,Premium Connect,Bank Transfer,1,481.6904815875353,241332145.4314698,55,23,853.3863142,0,2
226622fe-2a01-4b9d-ae5c-edd806ee6341,Male,42,Rural,1,0,Month-to-Month,Premium Connect,Bank Transfer,1,64.08552025648723,160788172.21373287,51,1,64.0,1,1
80f9f34d-38ad-42ad-9820-060d0cec2b23,Non-Binary,21,Suburban,1,0,Two Year,Premium Connect,Digital Wallet,1,106.62182454623463,3945.0075082106814,37,1,58.0,0,3
6a2507e2-dd8d-4260-b84d-2df61ea17f92,Female,38,Urban,0,0,Month-to-Month,Basic Connect,Bank Transfer,0,57.39790544784852,153637760.98783046,55,1,85.0,0,0
5e7bf1de-dec3-494b-be61-a0fa68205735,Female,21,Rural,0,0,Month-to-Month,Standard Connect,Mailed Check,0,95.97099404465368,256596515.98258987,38,1,64.0,1,1
9ef455e2-cc82-4122-ad08-fdfd0e7c7657,Female,79,Urban,0,0,Month-to-Month,Standard Connect,Digital Wallet,0,73.07604317095463,135197115.7191152,65,1,84.0,1,0
3baebcd9-91a1-4a4c-aaa9-9b9afbf7617d,Female,24,Urban,1,0,One Year,Standard Connect,,1,64.08552025648723,103306270.6394366,56,2,46.0,0,0
b4f2c230-b6fa-4f62-a89b-b700d36e096a,Female,25,Urban,0,0,Month-to-Month,Standard Connect,Mailed Check,0,83.09982239450835,182926500.2591875,56,2,70.0,0,1
80d031c9-2c88-4fe2-8a8b-2b9c1f936eed,Male,31,Urban,0,0,Month-to-Month,Premium Connect,Bank Transfer,1,71.13602085757894,192366258.356409,48,3,76.0,0,1
f9465749-c2b8-4018-9d10-65a43889016b,Male,75,Urban,0,1,Month-to-Month,Standard Connect,Digital Wallet,1,85.20452571489643,124482959.66911064,52,2,125.0,0,1
cb2c361a-d0c1-41a6-804e-d8277cc60251,Female,81,Suburban,0,0,One Year,Basic Connect,Mailed Check,0,21.98519124218678,55824350.37647493,41,2,35.0,0,3
1478104b-90e3-49c7-b4da-a39940870abb,Male,74,Urban,1,0,Two Year,Basic Connect,Credit Card,1,41.57380446854233,103606922.44003512,39,0,41.0,0,3
0bdba92f-a9ba-49ff-ad5d-fb82c21f2a69,Female,75,,0,0,Month-to-Month,Basic Connect,Credit Card,1,62.37873773426172,109789062.63888168,45,2,68.0,0,3
1bdbbfe7-4957-448d-a1a7-2af6d8776742,Female,59,Suburban,1,1,Two Year,Standard Connect,Digital Wallet,1,59.37491712669432,2493.746519321161,42,0,48.0,0,3
9e8ed4e9-e6ca-42c0-8431-9fdf2e28b780,Male,24,Suburban,0,0,Two Year,Basic Connect,Mailed Check,1,38.75793375664982,117680919.27316377,40,2,60.0,0,3
e3d1b100-2ebf-4d16-bdb4-725987fe0ccc,Male,67,Rural,0,0,Two Year,Standard Connect,Bank Transfer,1,70.56688544229809,205405642.38401765,66,1,105.0,0,1
824c2bb4-ac03-42b9-82eb-581ebe06e74b,Male,38,Rural,0,0,Two Year,Standard Connect,Bank Transfer,1,60.22157523558363,110379098.20437203,48,1,71.0,0,3
d40ef2ff-1091-4f8b-b106-b359ecc97764,Male,51,Urban,1,0,One Year,Premium Connect,Credit Card,0,101.17262640823763,234303044.8240381,51,2,127.0,0,1
b74feaef-7589-4559-8560-f7485515f39e,,21,Urban,1,1,Month-to-Month,Premium Connect,,1,116.89913251487764,265658098.34106785,69,3,159.0,0,1
82d529b2-d85d-4b32-97d9-52ca60aba50a,Female,46,Urban,1,0,Month-to-Month,Premium Connect,Mailed Check,1,117.05626070686073,305607256.15924627,48,2,149.0,1,1
ae8e060d-ff7e-4b26-b83e-24c4ffbc10f2,Female,54,Suburban,1,1,One Year,Basic Connect,Credit Card,0,64.08552025648723,117495142.01458772,65,2,73.0,0,0
80a30648-5e6d-4fba-8384-b08cd2963ce1,,77,,0,0,Month-to-Month,Basic Connect,Digital Wallet,0,28.304629271171223,76265739.4746465,38,1,47.0,0,3
76b329dc-6126-4745-a54d-f652ae9a24fd,Male,46,Urban,1,1,One Year,Basic Connect,Credit Card,0,40.31262850956093,77709368.79720743,46,1,61.0,0,3
5baaf5d1-1dde-4dce-bb9e-60901a4e3f1e,,42,Urban,0,0,Two Year,Standard Connect,Credit Card,1,59.345455163000416,165302861.38180178,48,2,49.0,0,3
fcca7590-6573-4995-814d-71584cc30e24,Male,31,,0,0,One Year,Standard Connect,Bank Transfer,1,76.01391829629304,184962314.72940493,53,2,48.0,0,1
1c86aa8e-7ced-4cb6-91dc-c4b3bf6e1a3b,Female,40,Urban,0,1,Month-to-Month,Premium Connect,Credit Card,1,106.84664820402917,216080465.7002132,57,0,103.0,0,1
f201a838-f93b-4922-aa47-885aabc31ca6,Male,58,Suburban,0,0,One Year,Standard Connect,Credit Card,0,93.89328448195472,166290591.10208505,60,3,54.0,0,1
628997ea-ef47-4ace-b72e-0e2fe26d8932,Male,26,Suburban,0,0,Month-to-Month,Basic Connect,Digital Wallet,0,41.26452779668718,1898.1682786476104,46,2,59.0,0,3
9aa6baca-3722-40bd-bfd2-9a98ab32f89a,Female,27,Rural,1,0,Two Year,Basic Connect,Bank Transfer,1,30.25808719775151,56940506.55701557,57,2,20.0,0,0
3254156e-cb42-439a-96c9-7bce3dbd1fb8,Male,83,Rural,0,0,Month-to-Month,Basic Connect,Credit Card,1,23.654316126803696,66896086.982445374,69,1,28.0,0,0
741706a5-1e1b-40ee-af57-165ec40e207b,Male,21,Suburban,1,0,Two Year,Premium Connect,Credit Card,0,107.47296063737768,287539743.36674166,56,3,90.0,0,1
484aae31-18ec-44b9-9db0-e3c320e17932,Male,81,Urban,1,0,Month-to-Month,Premium Connect,Credit Card,1,112.77964817218935,281533756.9274358,37,1,147.0,0,1
00ac102f-1004-4a04-aa83-2aad8ca5ecb0,Male,57,Urban,0,1,Month-to-Month,Premium Connect,Digital Wallet,1,61.947890263627954,103059500.05844672,58,3,46.0,0,0
1f302bec-c555-4443-ac3e-af8c0d0fd80e,Female,50,Urban,1,0,One Year,Standard Connect,Digital Wallet,1,86.4794483228138,203416997.24672785,62,1,108.0,0,1
84ca866e-2ddd-4253-88b1-5c7fc344eceb,Male,59,Urban,0,0,Month-to-Month,Standard Connect,Credit Card,1,69.95028341336263,212393657.1378912,62,2,86.0,0,1
07045866-8939-44d2-83fb-ff986018ca40,Male,75,Rural,1,0,Month-to-Month,Premium Connect,Digital Wallet,0,108.49515231087229,162938082.68744162,59,0,127.0,0,1
8d430f45-5028-4360-abc2-9c4d7999c2e6,Male,70,Urban,1,0,One Year,Standard Connect,Bank Transfer,1,54.03251040947374,159523130.08609268,52,0,72.0,0,0
62e58b34-5457-4936-bf03-ac2fadf3768e,Male,54,Suburban,1,0,One Year,Premium Connect,Credit Card,1,114.7959232039678,310734012.30070025,67,2,64.0,0,1
4deb2ba3-5ea8-4a20-8dff-cbe2c51846c8,Female,60,Suburban,0,0,One Year,Standard Connect,Bank Transfer,0,59.06239814589534,2067.183935106337,35,2,49.0,0,3
1e839d86-4487-4879-b5aa-be9b13a45145,Male,24,Urban,0,0,Month-to-Month,Premium Connect,Digital Wallet,0,105.65582933964288,196502919.45475137,45,2,144.0,0,1
1250a093-4101-4aed-87d5-9f3daff82bae,Female,43,Suburban,0,0,Month-to-Month,Basic Connect,Credit Card,0,30.73281237571566,1444.442181658636,47,1,21.0,0,3
124d315f-660d-4604-a127-8008b403bd22,Male,48,Rural,0,1,One Year,Basic Connect,Credit Card,1,34.095347006101925,89918286.14031145,45,2,23.0,1,3
6b8469eb-7211-47a6-88b2-95217697a65c,Male,64,Rural,0,0,Month-to-Month,Standard Connect,Credit Card,1,40.1816182290501,61132614.812144,38,2,57.0,0,3
40ef65a0-b504-4d71-8836-2e95c4925906,Female,72,Urban,1,0,One Year,Standard Connect,,1,79.55706447295294,5330.323319687847,67,2,120.0,0,0
d070272d-bb85-439f-880e-06d224aa8c60,Female,51,Rural,0,0,Two Year,Premium Connect,Bank Transfer,1,114.77452470668158,204058027.74350536,66,2,105.0,1,1
a39b9509-684b-4641-b94b-6eae1c2caf09,Female,73,Urban,1,0,Two Year,Standard Connect,Credit Card,1,76.90692936234345,112164122.94723162,34,2,97.0,0,3
fa9e8538-13e0-4fc4-bcfc-9b6d6c96edef,Female,70,Urban,1,0,Month-to-Month,Standard Connect,Credit Card,0,70.79735025108002,127534467.64156018,41,2,49.0,0,3
551b28bd-26d5-4d15-89a0-9cb4020f5cc5,Female,51,Suburban,0,0,Month-to-Month,Standard Connect,Bank Transfer,1,67.92815253401554,140328340.78424865,69,2,56.0,1,0
d0eb1117-308c-47f9-9ca5-b7e8a5fec5c8,,78,Urban,0,0,One Year,Basic Connect,Credit Card,1,20.0,50950256.99665174,34,1,21.0,0,3
292648e0-51ce-42f1-8d2f-321ddfacf379,Female,83,,0,1,Month-to-Month,Basic Connect,Digital Wallet,1,41.4112629231964,2774.554615854159,67,1,39.0,0,0
202ee62d-94a8-41a3-bb15-6e335d5b37f5,,84,Suburban,0,1,Two Year,Standard Connect,,0,68.3722949859108,163531692.035967,53,1,101.0,0,1
1d3afcc6-ff0f-48a3-9dde-b693765d0e8b,Male,46,Rural,1,0,Month-to-Month,Basic Connect,Bank Transfer,0,53.96272703358842,151219439.1360156,51,3,59.0,0,3
935bf596-5fc4-4b47-8d61-93aef01b825f,Female,83,Urban,0,0,One Year,Basic Connect,Bank Transfer,0,28.536137615396463,71411926.93986364,52,1,46.0,0,0
7bce6e06-be08-4f12-a19d-27675b3dd3a5,Female,72,Rural,0,1,Month-to-Month,Standard Connect,Bank Transfer,1,78.33799517282938,235393807.8231886,56,4,117.0,0,1
f15cd7fc-5c92-49f9-8f0b-031ed3e71a08,Male,59,Urban,0,0,One Year,Standard Connect,Digital Wallet,1,72.91661594611082,157671326.69317013,60,2,65.0,0,0
47462d65-ac2c-48f1-be55-420cbcee6fe8,Male,76,Urban,0,1,Month-to-Month,Standard Connect,,1,79.10210060053596,166771594.86717072,35,1,88.0,1,3
ac10c155-3562-470c-8d0f-81e8cfa2a218,Male,64,Rural,0,0,Month-to-Month,Premium Connect,Bank Transfer,0,64.08552025648723,166221441.01361433,53,1,74.0,0,1
fc2e6a6f-1bf2-44ce-a5df-5fa694115a3c,Male,54,Suburban,0,1,Month-to-Month,Premium Connect,Digital Wallet,1,115.29104517427548,6686.880620107978,58,1,63.0,0,0
c5537ed3-d015-4615-bb2c-5a07d459f93a,Female,25,Suburban,0,0,Month-to-Month,Premium Connect,Digital Wallet,1,64.08552025648723,184059425.3508805,36,0,54.0,0,3
f3fca529-8ff9-4d12-9e3a-675aea1da253,Prefer not to say,39,Urban,0,0,One Year,Premium Connect,Credit Card,1,112.9176623170268,318157491.5011013,34,2,67.0,0,1
9e7a0b70-2184-49f9-8cf4-727a25fdd22c,Female,24,Rural,1,0,Month-to-Month,Standard Connect,Credit Card,1,77.48373611265669,3176.833180618924,41,3,100.0,1,3
f1ffa9ad-aace-4042-8052-6979661a039f,Female,74,Suburban,0,0,Month-to-Month,Basic Connect,Mailed Check,1,26.351889278653022,57831457.13388917,46,0,19.0,0,3
13c39795-7ad9-4e2b-bdfe-fd997e438e95,,56,Rural,0,1,One Year,Basic Connect,Bank Transfer,0,53.33152571929514,143150874.22695228,57,2,80.0,0,0
41a960c1-cc24-4e81-b2e2-37e064943b1a,Male,51,Rural,1,0,Month-to-Month,Standard Connect,Mailed Check,1,72.24932116516077,121019489.5815548,40,2,53.0,1,3
39607fda-aa8e-4442-a8c6-3e4bada1ce04,Male,61,Suburban,0,0,Month-to-Month,Standard Connect,Bank Transfer,1,88.29167959718669,3796.5422226790274,43,3,117.0,0,3
247c224f-4234-424f-a5dd-48986aaf1b40,Male,46,Rural,0,1,Month-to-Month,Standard Connect,Credit Card,0,85.21464214077436,247500199.27648148,63,0,84.0,0,1
96f9a8d4-51f5-48d8-8914-eff29ba154a6,,70,Urban,1,0,Month-to-Month,Premium Connect,Credit Card,1,126.25657461530452,191701307.7240086,43,2,157.0,0,1
63c6452c-aace-4b91-bd23-e5fd956332bc,Female,75,Rural,0,0,Month-to-Month,Standard Connect,Digital Wallet,0,50.04093790761715,148708831.0113024,38,2,59.0,1,3
f685941a-1cad-45b7-8aac-f7ef2b121900,Female,37,,1,0,One Year,Premium Connect,Mailed Check,1,96.5133957247226,173788414.4655594,43,1,122.0,0,1
91104901-dadb-4020-aa12-c1c28d6ee2a6,Female,46,Rural,0,0,One Year,Standard Connect,Credit Card,1,89.12215016263781,3475.7638563428745,39,0,125.0,1,3
9d72bb6f-2586-4227-a168-bb25de5dcbd0,Female,25,Urban,1,0,Two Year,Basic Connect,Credit Card,1,50.81335976335066,149247848.62551102,67,1,33.0,0,0
69a58288-88b0-429f-bafd-f4c661e68158,Male,69,,0,0,Month-to-Month,Basic Connect,Digital Wallet,0,47.08391914048427,119869754.2577718,58,3,52.0,0,0
3bdaf0fd-4e5a-488c-8b8a-02fdefd272ee,Prefer not to say,36,Rural,1,0,Month-to-Month,Standard Connect,Bank Transfer,1,63.28398928997765,117900645.47563843,63,0,64.0,0,0
20675889-f6d7-4976-a263-5ed85b328fd9,Female,61,Suburban,0,1,One Year,Standard Connect,Credit Card,1,55.06621797632837,101730359.62290664,58,2,35.0,0,0
a8db7d84-5d66-4357-99ae-664341bcee44,Female,47,Rural,1,0,Two Year,Basic Connect,Bank Transfer,1,40.37726337861567,57192109.99088585,53,1,42.0,0,0
e7a8a8c9-42a3-446d-99a5-67e4df7b9929,Female,60,Rural,1,0,Month-to-Month,Basic Connect,,0,52.21134948821891,153935967.4511589,54,1,66.0,0,0
08d260a7-94b5-4246-bbcb-2c2dbd418019,Female,51,Rural,0,0,Month-to-Month,Standard Connect,Mailed Check,1,164.32443778683114,124777464.5867389,41,28,1578.543707,0,2
6174f221-83cb-40bf-b5be-acb5d41c6eb0,Female,27,Suburban,1,0,One Year,Basic Connect,Mailed Check,0,37.867725981891965,88851036.5301127,34,1,49.0,0,3
3c3951d2-6c98-4c33-ab59-7b6163776ba7,Female,67,Urban,0,0,Month-to-Month,Basic Connect,,1,51.78078069777513,78822619.92474715,68,3,72.0,0,0
99f35bd3-fac4-4897-bb87-818dde774121,Female,30,Suburban,0,0,One Year,Premium Connect,Bank Transfer,1,121.04911381339863,214257218.1074626,51,1,150.0,0,1
82968b63-e672-4a54-9c8d-b6a70fa776e2,Female,18,,1,0,Two Year,Standard Connect,Digital Wallet,1,49.40902585558129,137097897.8240407,56,1,64.0,0,0
e6c9553f-63e2-40c0-93b6-1611b4453aff,Female,46,Suburban,0,0,One Year,Basic Connect,Credit Card,0,54.85349888057935,108010626.14231676,69,0,38.0,0,0
7853712f-b2ff-4489-995e-e72f6740b993,Male,71,Rural,1,0,One Year,Basic Connect,Bank Transfer,0,33.96018940360743,78182899.576952,35,2,51.0,0,3
726c2700-4ee1-42f0-9f67-f1a0c6e04605,Non-Binary,23,Urban,0,0,Month-to-Month,Standard Connect,Mailed Check,1,91.64659920189224,184190035.2353872,49,2,64.0,0,1
71566129-9ffe-4ec3-be28-de17bd799783,Male,79,Urban,0,0,Two Year,Standard Connect,Bank Transfer,1,64.08552025648723,152157013.3955964,57,3,40.0,0,0
c680b60a-61bc-47d0-b4d9-80dc317a6799,Female,69,,1,0,One Year,Standard Connect,Bank Transfer,1,68.34997327626901,172909509.21052894,34,3,74.0,0,3
1c75eccb-be9b-4481-9009-2164c43e1402,Male,34,Suburban,0,0,Month-to-Month,Standard Connect,Bank Transfer,1,64.08552025648723,168925578.25920367,61,2,127.0,0,0
3aa1a30f-68fd-43bc-bb67-84d0816df470,Female,62,Suburban,1,0,Month-to-Month,Basic Connect,Credit Card,1,59.0387167748145,162311017.9350439,66,2,40.0,0,0
3162ad49-0ea1-4e4b-9c90-506015226a13,Male,54,Rural,1,0,Two Year,Standard Connect,Bank Transfer,0,62.67551785576682,148991993.49765322,41,2,81.0,0,3
fab0d792-ff91-4a9f-851f-9a4db5675c51,Female,50,Suburban,0,0,One Year,Premium Connect,,1,100.23714166326522,280172261.7908391,42,1,89.0,0,1
45b89883-bb1e-4087-b132-c3930485d684,,50,Urban,0,0,One Year,Standard Connect,Bank Transfer,0,54.337034364098656,113777581.3113993,62,0,79.0,0,0
18e41e47-28b6-4c79-87f1-b5da0716fcf1,Female,81,Suburban,1,1,Month-to-Month,Basic Connect,Bank Transfer,1,63.32980947286521,2406.532759968878,38,2,62.0,0,3
54eb2866-9410-49e7-b483-25ca8bfe251b,Male,47,Suburban,0,0,Month-to-Month,Basic Connect,Digital Wallet,0,20.0,49171516.41686617,41,3,26.0,0,3
37a8bd4c-a7d3-4b50-a639-2397915ce2f8,Female,26,Urban,1,0,Month-to-Month,Basic Connect,Credit Card,1,56.5015472916344,122764250.09434462,61,0,52.0,0,0
4aacfcb1-cb4d-4795-a97a-d6fe818da75d,Male,32,Urban,0,0,One Year,Basic Connect,Credit Card,0,30.63604425221099,82857018.35011765,57,2,33.0,0,0
9924ca29-199a-426a-9a27-fc9af4e87060,Female,53,Urban,1,1,One Year,Standard Connect,Credit Card,1,61.08373196757053,155568808.03588614,62,1,91.0,0,0
21a6cecd-cfa4-4c89-9895-a217fb0aa83f,,51,Urban,0,0,One Year,Basic Connect,Bank Transfer,0,30.303812030274177,63665161.08483752,57,2,33.0,1,0
6e3df61d-4ae2-4ef1-ba6d-2e26ada427d5,Female,18,,0,0,Month-to-Month,Standard Connect,Credit Card,1,42.97024579667679,75427614.58610289,56,2,27.0,1,0
b4afac90-91f6-459c-b5cc-1955b90c53b6,Prefer not to say,66,Rural,0,0,Two Year,Premium Connect,Bank Transfer,1,98.03113888823466,201221596.2547192,55,0,97.0,0,1
769ffedf-c6cb-47bf-bb2f-e771d5dc4642,Male,33,Suburban,0,0,Month-to-Month,Basic Connect,Credit Card,0,46.17174575662563,142181705.3048388,36,3,71.0,0,3
c9eb721a-ceb2-4d50-80f5-f94c694a8bf2,Female,62,Urban,0,0,Two Year,Standard Connect,Credit Card,1,44.378174215504814,1641.992445973678,37,0,65.0,0,3
1796e576-8085-4ceb-8dab-292c51a7ee57,,20,Urban,0,0,One Year,Basic Connect,Bank Transfer,1,64.68089474682267,177899061.56129313,46,1,82.0,0,3
54ae0fde-576e-47d7-93f9-5cdf1d4a1df2,Female,38,Suburban,1,0,Month-to-Month,Premium Connect,,1,125.43929677915966,294034917.0867548,42,0,64.0,0,1
9d16210e-b2d9-4dbf-8462-c6f755211f2e,Female,64,Suburban,0,0,Month-to-Month,Standard Connect,Credit Card,0,55.929061452564575,99582374.65835357,52,1,88.0,1,0
cede4ae7-d935-467e-9757-bd1f7d604a80,Female,64,Urban,0,0,Month-to-Month,Basic Connect,Bank Transfer,1,66.09875497086125,129731123.76587224,57,1,62.0,0,0
13c5d66a-4fa5-476b-9883-a09651259a0d,Female,24,Rural,0,0,Month-to-Month,Premium Connect,Credit Card,1,64.08552025648723,323606557.3589506,40,2,103.0,0,1
1d8ce535-888e-48ae-9a20-586f89770ff8,Female,64,Countryside,0,0,One Year,Premium Connect,Credit Card,1,97.06202287707362,299732435.8432856,43,5,136.0,0,1
5bf6cb9d-cc5c-4f0d-952c-afa514547e6b,Male,23,Urban,0,0,Month-to-Month,Basic Connect,Digital Wallet,1,36.16872348465055,84581934.43933178,55,3,46.0,0,0
4f743b8d-ba10-47f4-875f-6cd4ba259f10,Male,20,Urban,1,0,Month-to-Month,Basic Connect,Mailed Check,1,24.758201352476004,52594848.227789104,64,3,25.0,0,0
2a9229a2-e48a-42e4-bb93-ec27b157c648,Female,66,Suburban,1,1,One Year,Premium Connect,Credit Card,1,121.56146070259818,368184702.46711147,64,2,147.0,0,1
78d1f47d-a6a5-4d8f-800b-66ad49af7fe2,Female,71,Rural,0,0,One Year,Basic Connect,Credit Card,0,32.86373009784446,78183256.02673031,52,2,38.0,0,0
038a713b-c878-46cb-bbc6-9755321afc7e,Male,75,Urban,0,0,Month-to-Month,Basic Connect,Credit Card,1,40.78027105581735,78683146.02037866,54,1,44.0,0,0
09fae688-3976-4cf8-9a21-33f4aab51bee,Female,18,Suburban,0,0,Two Year,Standard Connect,Credit Card,1,78.12432015865542,240091321.50588804,66,0,79.0,0,1
7468254a-4fd4-45c0-9640-c901546772ce,Male,41,Urban,1,0,One Year,Basic Connect,Bank Transfer,1,54.56513089067807,154305732.13219348,68,1,71.0,0,0
40867a51-7ae7-49b5-8328-ef5c63b61294,Male,75,Suburban,1,0,One Year,Basic Connect,Credit Card,1,56.08634118545825,145198745.8837779,38,2,68.0,0,3
956802e8-7d9a-4763-af11-9914381e7ff1,Male,31,Urban,0,0,Month-to-Month,Premium Connect,Mailed Check,0,64.08552025648723,180955087.11894315,54,1,109.0,0,1
583fc5ca-3b99-4d8d-bcc8-8c0698d4ca88,Male,27,Urban,0,0,Two Year,Basic Connect,Credit Card,1,44.39371302272475,98403600.38333435,35,0,71.0,0,3
b448011d-3daf-4993-bedc-da1342685fec,Female,51,Urban,0,0,Month-to-Month,Basic Connect,Mailed Check,1,20.0,51162659.62636461,47,2,21.0,1,3
5cea2872-4856-4811-8800-999b8cfd1a3b,Male,84,,0,1,Two Year,Standard Connect,Bank Transfer,0,64.08552025648723,135755996.18596578,35,1,46.0,0,3
41e2bcd0-d05a-43c5-b239-619aa4ede24f,Male,18,Suburban,1,0,Month-to-Month,Standard Connect,Digital Wallet,0,48.15622103466184,153213881.77748412,46,1,75.0,0,3
d36383f6-43c9-4b08-8702-fd2928f8a560,Male,35,Suburban,1,1,Month-to-Month,Basic Connect,Credit Card,0,43.50981037758015,129356275.29843982,37,1,64.0,0,3
3ee0dcc2-a8d7-44ca-a438-58d70589e31a,Female,61,Urban,1,1,Month-to-Month,Basic Connect,Credit Card,1,27.7367416132097,41252927.97289977,60,0,20.0,0,0
8cb6d728-c4d9-41b7-8a71-3a683d9ef349,Male,38,Suburban,0,0,Two Year,Premium Connect,Bank Transfer,1,104.07022056184584,4162.808822473834,40,0,122.0,0,3
eb6c0f75-3b8a-4560-9600-0d8ee8493a8e,Male,51,Suburban,0,0,One Year,Standard Connect,Bank Transfer,0,131.84111369640786,52941158.06779618,55,23,392.2185651,0,2
32712698-5385-40c4-adec-630d92056c40,Male,57,Urban,0,0,Month-to-Month,Basic Connect,,1,24.467017171207097,40746962.79995066,40,2,29.0,0,3
7dd3d24b-b3fd-434b-9d2c-31e981f887c1,Male,33,Urban,1,1,Two Year,Basic Connect,Credit Card,1,64.08552025648723,68959057.79892941,35,2,41.0,0,3
902ea1da-de81-4e23-88b6-39d32c486174,Prefer not to say,51,Rural,0,0,One Year,Premium Connect,Mailed Check,1,116.21390158695276,225604559.8369413,38,1,163.0,0,1
27d76d8e-b82f-4336-84a0-d2a4bd204bad,Female,65,Suburban,0,0,One Year,Basic Connect,Credit Card,1,25.60161959505552,1075.268022992332,42,3,29.0,0,3
2cc96921-a590-4c6f-8170-ea93018d1630,Female,74,Urban,0,1,Month-to-Month,Standard Connect,Digital Wallet,1,85.17931121878509,173146258.19576395,35,2,64.0,1,3
a8364d58-c93d-4314-b274-9566ce65656d,Male,77,Suburban,1,0,Month-to-Month,Standard Connect,Digital Wallet,0,53.267640408252944,106323276.98397917,60,1,58.0,0,0
f0c36a99-f7eb-4ca3-9c53-13738121e5c6,Male,79,Rural,1,0,Month-to-Month,Premium Connect,Bank Transfer,1,64.08552025648723,191267388.9936521,66,2,114.0,0,0
d3a5c44c-4566-4200-9521-5a41d00c7515,Male,26,Urban,0,0,Month-to-Month,Premium Connect,Digital Wallet,1,111.75312913766362,202749413.9383796,57,1,164.0,1,1
fa9197b8-c39e-478d-b3c2-409e74a65594,Male,55,Urban,0,1,Month-to-Month,Basic Connect,Credit Card,1,33.6782932696957,91277151.20131032,47,2,29.0,0,3
099e6f34-1d02-43e8-8d45-e400a6c6c97e,Female,68,Rural,0,0,Month-to-Month,Premium Connect,Digital Wallet,0,77.10338709261663,112303571.47827658,68,3,118.0,0,0
2aae77a1-ddfa-44fd-babb-955dfda655ad,Male,31,Suburban,0,0,One Year,Premium Connect,,1,98.6472042434201,283614564.9282549,34,0,103.0,0,1
971eaaf6-2361-493b-ac72-2e8f4577da0c,Female,38,Urban,0,0,Two Year,Basic Connect,Credit Card,1,35.98559816589917,54561321.545032606,58,3,33.0,0,0
30598896-0261-4709-b80d-49de27cf012c,Female,34,Rural,0,0,One Year,Basic Connect,Bank Transfer,1,33.588958784942164,76327137.43107595,57,2,43.0,0,0
2cefe86b-7c7d-40fe-8405-131d6bbd5ac5,Male,79,Urban,1,0,One Year,Basic Connect,Credit Card,0,25.611311037775447,42759609.58035487,47,2,26.0,0,3
c346a555-7af3-4297-a8cc-6ad4166b615a,Male,43,Rural,0,1,Month-to-Month,Standard Connect,Bank Transfer,0,75.06570872411613,211236704.10614708,46,0,47.0,0,1
596f149f-f484-44ea-a6db-8cde855f299a,Female,65,Urban,1,0,Month-to-Month,Basic Connect,Bank Transfer,0,36.24232834991568,61316921.45790915,64,1,30.0,0,0
cbab170a-feba-44cf-8aaa-7dfd88ffd930,Male,53,Urban,1,0,Month-to-Month,Basic Connect,Mailed Check,1,64.08552025648723,55293133.08370081,49,2,36.0,0,3
f60fc42b-01ab-4ba5-8ecf-ec2cf222f1b4,Male,75,Suburban,0,1,Month-to-Month,Standard Connect,Mailed Check,0,61.52468506385617,168940564.01254004,42,2,60.0,0,3
30e7f03d-58bc-40f7-a598-711f80fdffd9,Female,63,Suburban,0,1,Month-to-Month,Basic Connect,,1,20.009502684873706,680.323091285706,34,0,26.0,0,3
49b9fb17-2f0f-45ea-834c-c3dc898b015e,Female,24,Urban,0,0,Two Year,Premium Connect,Credit Card,1,104.33056154426316,179076153.63784078,39,1,121.0,0,1
6a422e38-7474-4398-891d-fd8688657555,Male,52,Rural,1,0,Month-to-Month,Basic Connect,Credit Card,1,24.61131444396344,49809017.47630732,48,2,39.0,0,3
4ced66d0-fbd4-4133-84e1-10369ebe2503,Female,53,Urban,1,0,Month-to-Month,Premium Connect,Credit Card,1,96.20173704148095,272807297.4190912,60,0,57.0,1,1
14f82d41-9cc4-4d01-930c-716912ccaadd,Prefer not to say,68,Urban,1,1,Month-to-Month,Standard Connect,Credit Card,1,67.890525114104,138105654.61552677,58,1,52.0,0,0
fe20dd6c-fc0f-4578-88fc-d3134e09c245,Female,42,Urban,1,1,One Year,Basic Connect,,1,30.82055163623105,1602.6686850840144,52,3,38.0,0,0
feb60ac6-2237-4dcc-8616-e0989adc837d,Male,36,Urban,0,0,Month-to-Month,Basic Connect,Credit Card,0,34.77598298782035,75730819.17105778,46,3,50.0,0,3
ed483ca5-3173-4b85-b397-aa3fb93a98a8,Female,28,Urban,0,1,Two Year,Basic Connect,Bank Transfer,1,25.712868552767777,54324333.94691779,56,2,36.0,0,0
467e61e8-32c5-43a5-bab3-561487ca316a,Female,65,Suburban,0,0,Month-to-Month,Premium Connect,Bank Transfer,0,97.08163264484642,283898488.1530378,59,2,117.0,1,1
9026be62-f205-4cf1-89be-96b839c5a047,Male,66,Urban,0,1,One Year,Basic Connect,Bank Transfer,1,49.879729735662565,125404494.01465672,41,2,34.0,0,3
cf125974-0638-47f5-89d5-cd1d7eee98d4,Male,20,Suburban,0,1,Month-to-Month,Basic Connect,Mailed Check,1,65.5078846137813,190179401.0466536,35,1,56.0,1,3
1712cf07-da19-4d71-b5ba-cec6d69190b2,Male,45,Suburban,1,1,Two Year,Standard Connect,Credit Card,1,70.22334567011981,208209849.31138417,41,1,65.0,0,1
252d31aa-c577-4f30-aa11-780a18a41422,Male,22,Urban,0,1,Month-to-Month,Premium Connect,Credit Card,0,64.08552025648723,174571518.69578066,38,3,77.0,0,3
344a2e69-9821-4be7-9da5-9a3c2bbe3e43,Female,31,Urban,1,0,One Year,Standard Connect,Credit Card,1,54.05843018654743,89897183.04159431,59,0,43.0,0,0
eafa90b9-1108-4f10-8302-0f5b9a3e09a6,Female,42,Urban,1,1,One Year,Basic Connect,Credit Card,1,29.51808950539629,54800248.600547805,63,0,32.0,0,0
abca2cb3-53f2-43d7-8214-a94b2db2ab06,Female,83,Suburban,1,0,Month-to-Month,Standard Connect,Credit Card,1,40.91239670566043,2454.7438023396257,60,1,57.0,0,0
3b6980ad-0736-4136-b050-5dda11671f83,Female,22,Urban,0,1,Month-to-Month,Premium Connect,Bank Transfer,1,98.53874402327004,275944613.9292995,48,1,142.0,0,1
d8a53730-cab3-483f-b43d-305beacb15fd,Female,29,Urban,1,0,Month-to-Month,Standard Connect,Digital Wallet,0,75.68424285688826,179821156.52377328,61,1,94.0,1,1
49c92ac6-8092-4287-bf6c-7925b3522d1d,Male,69,Suburban,1,0,Month-to-Month,Standard Connect,Credit Card,1,84.01409126731744,185757543.7513054,69,1,79.0,0,0
fdd459db-a89c-495c-9669-96d6880056ae,Female,44,Urban,0,0,Month-to-Month,Basic Connect,Digital Wallet,0,43.63268161226739,82963590.27110167,67,3,51.0,0,0
256526b3-e104-4577-b970-dcff6e49f960,Female,28,Rural,1,0,Month-to-Month,Premium Connect,Credit Card,1,105.07749001788848,203908521.6038885,68,1,60.0,1,1
3b79a515-e85b-4eff-914c-6bba2caad912,Female,49,Rural,1,0,One Year,Premium Connect,Credit Card,0,111.64811931196866,319165908.1624834,48,3,100.0,0,1
960097a0-9a0e-4914-85d0-5d83d84b958b,,55,Rural,1,0,Month-to-Month,Basic Connect,Bank Transfer,1,38.86074495972053,70794345.74767037,63,1,47.0,1,0
4a318cb5-9b4f-4065-a660-8babe1becf59,Male,40,Suburban,0,0,Month-to-Month,Basic Connect,Credit Card,1,45.797522412076106,97017753.30690376,44,2,48.0,0,3
7dc0b074-b2b2-4c34-8c16-4e117291c167,Female,27,Urban,1,0,Month-to-Month,Premium Connect,Credit Card,1,107.01830279305732,183061702.13101405,61,0,95.0,0,1
3378fd7b-e723-443e-9a4d-be6a118b0d91,Male,26,Suburban,0,0,Two Year,Premium Connect,Digital Wallet,1,99.72339012044952,289941463.49746805,66,4,114.0,0,1
36b8b32d-24fc-4317-9a9c-32be9f06b4d5,Male,43,Urban,0,1,One Year,Standard Connect,Bank Transfer,1,93.81586437625064,192442647.1586068,50,4,138.0,0,1
647699c7-61f1-4657-a331-501bd60bdd99,Male,24,Rural,0,0,Month-to-Month,Premium Connect,Digital Wallet,1,87.64777389247686,176566932.77602,51,1,94.0,0,1
9da6c106-f3ea-415b-8145-35b329b34d14,Male,61,Rural,0,0,One Year,Premium Connect,Credit Card,0,102.97864504464106,285886227.12031305,52,2,92.0,0,1
ab624e92-8fd6-4a0c-b200-a911cc01c053,Male,63,Suburban,1,1,Month-to-Month,Basic Connect,Credit Card,1,46.75021277976235,123758804.45791538,36,0,29.0,0,3
2064a595-16ee-4efe-aba8-d92b15d6b627,Female,33,Rural,1,0,Two Year,Standard Connect,Mailed Check,1,64.08552025648723,190015900.45375687,46,4,71.0,0,1
f8b9f0cf-63f9-4faf-b047-6ea357c6c7c3,Male,74,Urban,0,1,Month-to-Month,Basic Connect,Digital Wallet,1,28.15410911909037,71036356.10553056,42,2,44.0,1,3
95487ee2-583b-44f8-809d-fa0936c0ad75,Female,49,Urban,0,1,Month-to-Month,Basic Connect,Bank Transfer,1,38.54219626765689,86900514.35697858,56,0,48.0,0,0
d170a87c-7eee-4e88-afaf-22bf2fdd106d,Male,54,Urban,0,1,One Year,Standard Connect,Bank Transfer,1,68.30451701506537,194860127.231636,59,0,69.0,0,1
65e15aa7-8293-4f30-886f-d9217da60045,Male,51,Rural,0,0,One Year,Basic Connect,Credit Card,0,189.41668286930943,99871901.16324924,65,1,678.0365761,0,1
7bbd8963-b1b9-4ca1-9de7-7891e57ff1d6,Male,52,Rural,1,0,One Year,Standard Connect,Bank Transfer,1,35.566206738297225,58492314.155885465,49,1,43.0,0,3
ad12069f-9222-4b5e-9cdb-7fda9f87e5fa,Male,35,Suburban,0,0,One Year,Standard Connect,Bank Transfer,1,85.07998433658545,220089453.2877097,45,2,119.0,0,1
12d5aa88-10ac-4f72-a641-89f4f03af726,Female,34,Rural,0,1,Two Year,Basic Connect,Bank Transfer,1,37.67339424383496,1695.3027409725732,45,1,32.0,0,3
e416cd50-56f3-4b7a-b7ab-9ce6dacf1a7b,Female,51,Rural,1,0,Month-to-Month,Basic Connect,Mailed Check,1,47.6333679017429,98892850.7945795,65,2,76.0,0,0
3554e3a8-0f31-41bf-9fef-29f600487f89,Male,81,,1,1,Month-to-Month,Premium Connect,Bank Transfer,1,122.8269334965047,288875790.3227611,65,1,90.0,0,1
db505e8e-4e77-4161-9cd5-3afbef6097be,Female,28,Suburban,0,1,Month-to-Month,Standard Connect,Credit Card,1,88.55624001145765,187210536.26986724,53,0,120.0,0,1
9b069198-61b9-41d3-97f6-a97ecc6cd3c6,Male,67,Urban,0,0,One Year,Standard Connect,Bank Transfer,1,83.18080782717847,137418101.15746173,35,1,74.0,0,3
1afd624c-da2a-4fa1-9303-a8deba4b11ba,Non-Binary,41,Urban,0,0,Month-to-Month,Premium Connect,Digital Wallet,0,82.64471908678577,161764832.83125386,69,1,58.0,0,0
5d388d54-b011-4c2b-9a33-a7347aaad85c,Male,20,,0,0,Two Year,Standard Connect,Credit Card,0,64.08552025648723,128694755.67935637,66,1,47.0,0,0
52b69825-2651-4caf-a298-569796af2135,Female,51,Urban,0,1,One Year,Basic Connect,Digital Wallet,1,43.36906716465704,104129328.94260068,66,1,53.0,0,0
0cea08f3-c22e-4a79-801c-46e46cee2437,Female,74,Suburban,1,0,One Year,Basic Connect,Credit Card,0,32.75567431800357,72496850.02832074,58,1,64.0,0,0
6b8286be-5c9b-4d51-a682-3d9bdde70e21,Female,64,Rural,0,0,Month-to-Month,Basic Connect,Credit Card,0,46.5443427608658,1954.862395956364,42,0,71.0,0,3
2a08657b-84d7-4c88-a793-a31a98a64b0c,,49,Rural,0,1,Month-to-Month,Basic Connect,Bank Transfer,0,24.043657668838684,52605940.298008144,39,0,34.0,0,3
a3e87f2f-d63e-4de1-8b5a-ab6e601d7a99,Male,26,Urban,0,0,Month-to-Month,Basic Connect,Credit Card,1,77.23369857224228,168133309.831311,42,5,117.0,1,3
3b0a0e97-4c6f-48d7-8712-3d2be93a5a42,Female,47,Urban,0,1,Month-to-Month,Basic Connect,Mailed Check,1,58.4506578722133,175295859.34554726,67,0,53.0,0,0
6078ff71-c27f-4914-9d7c-53190e0cc922,Male,61,Urban,1,0,Month-to-Month,Basic Connect,Credit Card,1,50.13767343936961,146509485.65063334,35,0,48.0,1,3
51620541-4db0-4671-b298-7a1daf869b55,Female,23,Urban,0,0,Month-to-Month,Standard Connect,,0,64.08552025648723,203094364.88697475,58,1,78.0,0,1
900993b2-01d3-4d8e-aac2-9f9f835dffd1,Male,33,Urban,0,1,Month-to-Month,Basic Connect,Digital Wallet,0,56.48844267411948,164767974.8612701,57,2,74.0,1,0
5cd4a342-020b-470a-9f78-5a2dd142831c,Female,67,Urban,0,0,One Year,Basic Connect,Credit Card,1,60.51362211496627,136575957.0830584,52,3,77.0,0,0
53ab1f02-f4fd-454b-8712-5928bad42e50,Male,80,Rural,0,0,Month-to-Month,Basic Connect,Mailed Check,1,22.51416415708149,51256715.1446315,34,2,38.0,0,3
ce2f04ec-3dd6-4016-bccd-e8bfa29e9b7b,Male,50,Urban,1,0,One Year,Premium Connect,Credit Card,1,88.31529751623286,311668693.5518561,39,1,91.0,0,1
3933752e-aa7c-4125-b731-b01ef2529904,Male,70,Urban,0,1,Month-to-Month,Standard Connect,Bank Transfer,1,68.9750638852567,143267303.02707303,63,2,43.0,1,0
1bf9f1e9-4064-4861-98c3-034ea92cd538,,46,Urban,0,1,Two Year,Premium Connect,Digital Wallet,0,102.8495218622,243749732.79661623,60,1,147.0,0,1
e51b2c9f-eb42-4f3b-a878-397595803157,Male,72,Suburban,1,0,Month-to-Month,Basic Connect,Credit Card,0,20.0,940.0,47,1,20.0,0,3
f40bc96d-a719-4d77-a289-29b8f2e4cc88,Female,43,Rural,1,0,One Year,Standard Connect,Credit Card,0,64.08552025648723,203093868.5719208,58,2,70.0,0,1
a2014eb1-7000-467b-b39b-75d2e5460f78,Female,84,Suburban,1,0,Month-to-Month,Standard Connect,,1,89.79268776882782,165011301.61851758,39,3,64.0,0,1
81c22fcd-822a-45d7-b59f-b9dc724e62f0,Female,37,Suburban,0,0,One Year,Premium Connect,Bank Transfer,0,102.40036349991736,280968806.5996819,39,1,72.0,1,1
5395a639-3404-443b-a1bc-a82a2267a4dc,Male,52,Rural,0,0,Month-to-Month,Standard Connect,Digital Wallet,0,91.88278642002052,276743425.3393522,35,3,70.0,1,1
438ef6c0-6637-48be-9778-48f03c5f2148,Male,52,Urban,0,1,Month-to-Month,Standard Connect,,0,70.95534244446394,201849289.8864773,68,3,69.0,1,0
c395b15a-af98-41be-babd-53bd5fbe907c,Female,38,Rural,1,0,Month-to-Month,Premium Connect,Credit Card,1,64.08552025648723,2691.591850772464,42,1,100.0,0,3
495ac152-0f12-4e8d-a104-ef810385dd24,Female,51,Rural,0,0,Month-to-Month,Premium Connect,Bank Transfer,0,109.88679531071128,248561024.3960144,47,2,108.0,0,1
997a1e26-bc45-491a-84a7-4b47094fd102,Male,78,Rural,1,0,One Year,Basic Connect,Credit Card,1,33.201367137483224,85544766.65373719,36,1,31.0,0,3
a1bf32e9-2a19-4a9f-8ca8-53be4f5c530a,Female,20,Rural,1,1,One Year,Basic Connect,Credit Card,1,47.418657487717454,99311649.11255974,38,0,41.0,0,3
ddef9e67-a869-495e-9413-c0c6762f4a1f,Male,26,Suburban,1,1,Two Year,Basic Connect,Credit Card,0,49.6288094555944,2183.6676160461534,44,1,60.0,0,3
909269bb-c12b-47b2-b3af-2bb492a556f1,Male,71,Urban,1,0,Two Year,Basic Connect,Credit Card,1,55.84216416311372,90314680.01263092,41,0,46.0,0,3
669b96db-845e-411e-8346-096b982836bd,Male,42,Suburban,0,0,One Year,Standard Connect,Bank Transfer,1,78.52623137311647,3219.575486297776,41,4,118.0,0,3
c434f2e4-7c6d-4b8b-be6c-e27f70383f6d,Male,79,Rural,1,1,Two Year,Basic Connect,Mailed Check,0,46.619060345115,110504640.03911395,60,1,67.0,0,0
05c4834b-7a4f-4517-ac66-9d2978201edc,Male,51,Suburban,0,1,Month-to-Month,Premium Connect,Mailed Check,1,400.5782558807537,172594686.57894006,46,22,1417.006623,0,2
3a0c12ff-8d9c-4c1e-80a1-58879315f4df,Female,39,Rural,0,0,Month-to-Month,Basic Connect,Credit Card,0,40.91457454005667,82922803.69570133,37,2,64.0,0,3
d142a6ed-0ca2-4f98-a327-4cdd8d3ca293,Non-Binary,46,Rural,0,0,Month-to-Month,Standard Connect,Credit Card,1,69.19349801082605,163342257.85668236,69,2,71.0,0,0
d850c5b1-4d5c-471a-b116-4636b5641921,Male,57,Rural,0,0,Month-to-Month,Basic Connect,Credit Card,1,23.032580987556813,68252489.57163161,35,0,32.0,0,3
2a5a38ac-c579-4f4b-b2ad-c70e2423ab71,,35,Rural,0,1,Two Year,Basic Connect,Bank Transfer,1,61.078418901364,183153318.4826168,55,2,49.0,0,1
b1a4297f-94e2-467e-b658-a2d4a47ff7e1,Male,51,Urban,1,0,Month-to-Month,Basic Connect,Credit Card,0,21.17782029513421,60103645.36599084,38,1,28.0,0,3
c7defd10-3da6-41b0-8db9-1d745f908a26,Female,41,,0,0,Month-to-Month,Standard Connect,Credit Card,0,87.48748304889767,271991144.87934256,56,0,64.0,1,1
4a108bcd-fdb0-4d17-905b-39af3f980eee,Female,31,Urban,0,0,Month-to-Month,Basic Connect,Bank Transfer,1,53.21842478699546,126659238.9131146,36,1,41.0,0,3
c7cd3f05-3fe3-4f12-aa8a-7248064845ad,Female,44,Rural,1,0,Month-to-Month,Basic Connect,Credit Card,0,52.3967835367084,93475288.44273278,49,1,66.0,0,3
7368f937-8528-4049-b09e-8da701ee6199,Female,32,Urban,0,0,One Year,Basic Connect,Credit Card,0,34.95189020242167,63689385.286098816,66,1,31.0,0,0
9c013e63-ba6f-4908-ad7e-b5d7415365a8,Male,53,Urban,0,1,One Year,Premium Connect,Credit Card,0,107.09488824672412,195609537.5338048,65,1,160.0,0,1
1658d96b-b648-46e4-baed-a6481924a425,Female,67,Rural,0,1,Month-to-Month,Basic Connect,Credit Card,0,45.28049196542258,93193773.03122218,39,2,33.0,1,3
ec998b6a-aebb-408c-8cb2-646ee1c6974f,Female,25,Suburban,0,0,Two Year,Standard Connect,Credit Card,1,67.98792636221978,106176259.4170926,34,5,58.0,0,3
461d4aa5-e404-439c-9e52-639978f5386f,Male,48,Urban,0,0,One Year,Standard Connect,Credit Card,0,89.76745477780018,218319299.0790119,53,1,135.0,1,1
4549ba38-aa96-4ac6-836d-8a7d3699aca7,Male,51,Urban,0,0,Month-to-Month,Premium Connect,Digital Wallet,0,113.71342409274276,185107217.5341324,63,2,76.0,0,1
1d69fe1a-d2b0-4e19-993a-bb97fb3a9bc4,Male,68,Urban,1,0,One Year,Basic Connect,Bank Transfer,0,47.828428265297205,2534.906698060752,53,0,46.0,0,0
523e1932-08b2-406d-891e-aa0657669567,Female,69,Suburban,1,0,Month-to-Month,Premium Connect,Digital Wallet,0,124.74196873922888,325069185.2061588,55,4,118.0,1,1
cf2f4690-c462-4ba9-97a0-b35bddf95382,Female,28,Suburban,1,1,Month-to-Month,Basic Connect,Digital Wallet,1,37.05299000779625,1963.808470413201,53,2,38.0,0,0
518aee87-e29f-45a5-beb1-af92c98a7ea5,Female,23,Rural,0,0,Month-to-Month,Premium Connect,Bank Transfer,1,107.21339363833764,237565347.83287945,64,1,67.0,1,1
32c8b63e-0ef1-4ca8-ac56-1086c5e8f1db,Male,30,Rural,1,0,One Year,Standard Connect,Credit Card,1,78.27492845825353,201133010.4406393,65,2,96.0,0,1
7710c165-f5ca-40a0-b817-b5ede5b41b24,Female,73,Suburban,0,0,Month-to-Month,Premium Connect,Credit Card,0,82.26641311098552,146187574.4732991,54,4,73.0,1,1
9e914d87-eb2c-4226-806c-f4648dc0ded4,Male,76,Urban,1,1,Month-to-Month,Premium Connect,Credit Card,1,108.10071612722652,198136870.19059783,66,5,159.0,0,1
ca4f411e-1b94-4c71-8fcb-f3b4d83d2fb6,Male,71,Suburban,0,1,Month-to-Month,Basic Connect,Credit Card,1,42.089214062461146,110270437.82549232,59,0,43.0,0,0
0a9412bf-560a-4861-89ca-2d788affba33,Male,51,Rural,0,0,Month-to-Month,Basic Connect,Credit Card,0,45.5258491081502,100808978.0915066,68,0,56.0,0,0
6660f70f-0637-4e80-a4a8-70e104269eb7,Female,52,Urban,0,0,One Year,Premium Connect,,0,103.02751609108788,269876688.64835685,65,2,81.0,1,1
88482aed-9ae7-4bdc-b2bd-ae7ee83609fa,Male,75,Urban,1,1,Month-to-Month,Basic Connect,Digital Wallet,1,38.377142459505016,111800815.20048308,58,4,30.0,0,0
e25802cb-480b-49ae-9edb-57166ba074c9,Female,38,Rural,0,0,One Year,Premium Connect,Credit Card,1,110.68504495457572,327330932.68988776,61,2,141.0,0,1
4ded5b19-7ca4-46cb-98e0-9a8284cd17a1,Female,23,Urban,0,0,One Year,Standard Connect,Credit Card,1,77.94708430990681,120443562.69808196,40,4,78.0,0,3
da3bb506-e01c-4465-9603-f38f84dd1ae4,Female,19,Rural,0,0,Month-to-Month,Basic Connect,Bank Transfer,1,36.603836969597005,100436724.26991343,54,1,49.0,0,0
ee993487-bb82-4f31-b427-d2c26e7a3e1c,Female,27,Suburban,0,0,One Year,Basic Connect,Credit Card,1,31.16710031420936,86777255.93173741,57,0,47.0,1,0
7bc88bd8-c9a6-441f-97fb-74be68576e54,Female,53,Rural,0,0,Month-to-Month,Basic Connect,Credit Card,0,48.671890269467205,2628.282074551229,54,2,65.0,1,0
804756bd-c7d3-4a5a-8fe4-2212b59060ad,Male,34,Rural,1,0,One Year,Basic Connect,Digital Wallet,1,64.08552025648723,120851995.5530075,42,1,37.0,0,3
5ec53ed0-e380-41cd-8270-c2503da342d0,Male,39,Suburban,0,0,Month-to-Month,Standard Connect,Digital Wallet,1,53.142894090308765,123069610.50902666,40,3,42.0,1,3
b0121ffc-0b43-4919-8eca-41195658e38c,Male,32,Urban,0,0,Month-to-Month,Standard Connect,Credit Card,0,79.95979088139923,182252704.89143905,34,2,120.0,0,3
6e303564-c456-42e5-8568-23f878155186,Male,25,Urban,0,0,One Year,Standard Connect,Credit Card,0,90.36129582285182,248155690.02661493,49,1,76.0,1,1
51478e2c-165e-4037-b51a-06755266179b,Female,39,Urban,1,1,Month-to-Month,Premium Connect,Credit Card,1,89.05178337320771,268117535.4494322,36,1,136.0,0,1
7af165b1-f742-423c-93e6-306af02a4f8f,Male,82,Urban,1,1,One Year,Standard Connect,,1,67.44753583366649,98875432.04898492,47,2,72.0,0,3
87de268e-aa86-4976-9b19-7babde908f3d,Female,20,Urban,0,0,Month-to-Month,Standard Connect,Digital Wallet,1,77.21460039203657,120696485.85978211,68,3,45.0,0,0
a24711b3-6b6f-456d-aca3-87e90997faff,Female,82,Suburban,0,0,Month-to-Month,Standard Connect,Digital Wallet,0,82.33892907538913,154503226.44010422,44,2,55.0,0,3
ab0753e9-ddca-4a7d-b3ee-e5951c620ce0,Female,80,Rural,0,1,Month-to-Month,Premium Connect,Bank Transfer,1,87.04772340896052,271040528.7061565,58,3,115.0,1,1
701b405c-e224-459b-b75f-7efdb57265fd,Male,51,Rural,1,0,Month-to-Month,Basic Connect,Digital Wallet,1,64.08552025648723,70293962.22696833,65,2,31.0,0,0
2628bf99-1c4c-4572-824e-83569f70634b,Male,37,Rural,0,0,Month-to-Month,Standard Connect,Digital Wallet,0,63.3751396286553,108664959.62389432,50,1,72.0,1,3
d6476ada-a7dc-4c65-ab7c-1f2e65b5bc47,Female,84,Urban,0,0,Two Year,Basic Connect,Digital Wallet,0,20.54075927156984,58861618.47362835,51,1,21.0,0,0
21681487-f61f-40ac-a3bd-1a30643c197a,Male,75,Suburban,1,0,Month-to-Month,Premium Connect,Bank Transfer,0,85.52925951928377,158894726.66625977,34,0,81.0,1,3
b0d797c0-96ed-4849-9c10-1045a7bf9c2d,Female,80,Suburban,1,0,Month-to-Month,Basic Connect,Digital Wallet,1,20.0,47707092.81139389,35,1,18.0,0,3
5f0e3ba5-4196-4f89-8df4-f0297e287997,Male,55,Urban,1,0,One Year,Basic Connect,Credit Card,0,31.58131539006164,55610885.54093192,47,0,37.0,0,3
8274bd23-6577-400a-9f3a-d5a5d562a00f,Female,53,Suburban,1,1,Month-to-Month,Premium Connect,Digital Wallet,1,115.52795520375436,200786233.78036225,69,2,167.0,0,1
614b4649-12f9-461b-a24d-3fb4ced810a8,Male,51,Suburban,0,1,Month-to-Month,Basic Connect,Bank Transfer,1,45.82229195409136,98433724.17382666,52,1,38.0,0,0
5de80474-9ffa-40c6-8024-f356cc53f7b0,Female,34,Urban,0,0,Month-to-Month,Basic Connect,Bank Transfer,1,47.558005065350095,2044.994217810054,43,1,50.0,0,3
a208eb6c-b797-4ee7-88ac-5aeed05e5b72,Male,47,Rural,0,0,One Year,Standard Connect,Credit Card,1,93.72083206094425,3655.1124503768256,39,0,144.0,0,3
7eccb665-0cd9-4dc8-a22c-c729da0de3d9,Male,53,Urban,0,0,Month-to-Month,Standard Connect,Bank Transfer,1,63.50745342650937,179403616.95593628,55,1,64.0,1,1
5998635b-da4c-4321-8f88-f596c7267ab2,Male,27,Rural,1,1,Month-to-Month,Premium Connect,Bank Transfer,1,98.21776925930584,245831615.3024713,54,3,136.0,0,1
651cc31b-0aff-4d9e-b882-2aad8d83c658,Male,57,Rural,0,1,Month-to-Month,Basic Connect,Digital Wallet,0,43.08406166159703,57648750.59725411,39,0,64.0,0,3
1c12fbd2-4d40-4a57-abad-173511130d39,Female,80,Urban,0,0,Month-to-Month,Basic Connect,Digital Wallet,0,37.21107064215806,74840063.7402276,67,1,60.0,0,0
89680115-7d1e-4f30-ba80-0c3017461557,Female,73,Rural,0,0,Two Year,Premium Connect,Bank Transfer,1,75.52738086389223,195228079.42342016,63,0,44.0,0,0
b5019079-f0ce-47bb-88fd-3bd51d3f6af4,Male,48,Urban,0,0,Two Year,Standard Connect,Digital Wallet,0,77.79608964629243,5056.745827009008,65,1,44.0,0,0
80b2e4ad-8660-4145-a7d9-cbb8007b0f45,Female,18,Urban,0,0,One Year,Premium Connect,Bank Transfer,0,104.55117050746324,216466655.4930257,53,1,129.0,0,1
48287be6-57e4-446c-9f7a-f44f41d3c833,Male,68,Suburb,0,0,Month-to-Month,Premium Connect,Digital Wallet,0,72.97434181278108,192463010.7980428,55,0,95.0,0,1
46777877-5ada-44a2-b190-6be77d37e63f,Male,26,Urban,1,0,One Year,Premium Connect,Digital Wallet,0,90.70983748944622,208865417.725447,53,0,90.0,0,1
e43c4b72-0a89-4e7a-8f09-504661943bc7,Male,50,Suburban,1,1,One Year,Standard Connect,Credit Card,1,87.01807430338732,148301552.35698053,61,1,102.0,0,0
710a7cad-cd91-4836-bd46-5ad1374f810f,Male,51,Rural,0,0,Month-to-Month,Basic Connect,,1,54.76648173095077,1862.0603788523265,34,3,52.0,1,3
7bf5942d-8caf-4be1-a521-eab4ec73b441,Female,51,Urban,0,0,Month-to-Month,Basic Connect,Bank Transfer,0,168.38527628570938,112696999.5459345,59,25,747.5885795,0,2
399ecc64-3c56-47ae-b120-45aad156cb68,Male,64,Urban,0,1,Month-to-Month,Standard Connect,Credit Card,1,64.08552025648723,145933950.87679008,57,1,48.0,0,0
7b780a51-94f7-48ce-94b0-df88f02bec68,Male,56,Rural,1,0,Month-to-Month,Standard Connect,Credit Card,1,84.41167196094369,202381523.41630965,50,1,66.0,1,1
e46a3b18-5bac-46da-b011-bcb9738df713,Male,19,Urban,1,0,Month-to-Month,Basic Connect,Digital Wallet,1,43.31696181300854,2642.334670593521,61,1,43.0,0,0
64f808e0-54ed-4994-bb92-e8c832368e09,Female,38,Urban,0,0,Month-to-Month,Premium Connect,Bank Transfer,0,124.38356879088576,344719307.0117082,61,1,98.0,0,1
d111b17d-80b4-42ee-9121-8e878da295c9,Female,43,Urban,0,1,Month-to-Month,Basic Connect,Credit Card,0,39.35293992896341,67457536.26392795,41,2,33.0,1,3
6ef586ac-7acb-4633-ac63-5c014577064c,Male,45,Suburban,0,0,Two Year,Standard Connect,Digital Wallet,0,52.72637160320767,144991428.14709762,60,1,73.0,0,0
dd419473-0dbd-4164-b22c-2fb8e5235d88,Male,38,Urban,1,0,One Year,Basic Connect,Credit Card,0,26.21981853717562,74663457.993674,53,2,37.0,0,0
aa4fbbee-e375-42d1-a22a-e4ccc8af18cb,Female,48,Rural,0,1,Month-to-Month,Premium Connect,Mailed Check,1,64.08552025648723,3268.361533080849,51,1,62.0,0,3
75b83836-a8b3-471b-a4e6-29abcdb1b6c0,Female,79,Urban,1,1,Month-to-Month,Standard Connect,Digital Wallet,1,55.40079490835125,150211787.11869726,50,1,54.0,0,0
07cc4a9e-b1a2-457b-8f7b-7e8b5fe5a360,Male,57,Rural,1,0,Month-to-Month,Premium Connect,Mailed Check,1,106.95588495164182,207105217.84743205,69,3,82.0,0,1
05723104-d011-419c-a415-c91e664f1a98,Male,18,Rural,0,0,Month-to-Month,Standard Connect,Bank Transfer,1,64.08552025648723,4229.644336928157,66,2,43.0,0,0
8c8daa3a-ae85-4e18-8a3d-f4785e6156e2,Non-Binary,72,Urban,0,1,Month-to-Month,Standard Connect,Credit Card,1,74.2704052695317,175918979.2853313,45,0,71.0,0,1
4ebba133-3d3e-452d-9134-b04e9ef7568b,Female,37,Urban,0,1,Month-to-Month,Standard Connect,Digital Wallet,0,80.47197973583599,139187278.9506099,49,1,92.0,0,1
975f8199-974a-4f9a-9317-af7935c1d4a2,Male,23,Urban,1,0,One Year,Premium Connect,Credit Card,1,113.10023225261077,359945313.81669223,61,2,145.0,0,1
dc120a88-239d-4795-8ebb-a03d7c001766,Female,64,Rural,1,0,Month-to-Month,Premium Connect,Credit Card,1,102.08977776967708,232765257.8420169,44,1,57.0,1,1
0f4fdb46-8b72-47f0-8453-1a19f7c708c6,Male,62,Rural,1,0,One Year,Standard Connect,Bank Transfer,1,71.48497315605027,208891368.207884,60,1,52.0,0,1
b74760ca-680c-4ffa-b67a-ccb5a69e0e56,Female,23,Urban,0,0,Month-to-Month,Premium Connect,Credit Card,1,108.20001271107373,239620339.19972,41,1,143.0,1,1
59712cf9-01b8-4a5a-8f90-f5c0147902a6,,52,Urban,1,0,Month-to-Month,Premium Connect,Bank Transfer,0,99.10880289464797,178827557.54389316,64,1,115.0,0,1
27b2469d-6836-43cf-baaa-7e0b05bf7697,Female,77,Suburban,0,0,Month-to-Month,Premium Connect,,1,64.08552025648723,284768165.8947119,55,0,64.0,0,1
e47ced92-f2e8-40dd-a154-0460a01c2402,Female,56,Urban,1,0,Month-to-Month,Basic Connect,Mailed Check,1,24.94023207087835,47725399.624839775,50,1,30.0,0,3
01d291ff-f7d6-41ff-88c3-80a0a0626c24,Male,48,Suburban,1,0,Month-to-Month,Standard Connect,Bank Transfer,0,69.60749564989835,164259734.4433504,65,2,77.0,0,0
083da132-1312-4dbe-bd27-d012bd83e0a9,Male,59,Urban,1,0,Month-to-Month,Standard Connect,Credit Card,1,64.08552025648723,104003398.77293164,46,2,70.0,0,3
385f9b3d-c0bb-408e-b643-75e8f7afb4eb,,42,Suburban,1,1,Month-to-Month,Standard Connect,Credit Card,0,64.08552025648723,182117271.03102985,40,1,81.0,1,3
b465b68f-9bbf-4802-925a-3c150e796147,Non-Binary,82,Urban,1,1,Two Year,Premium Connect,Digital Wallet,1,89.9258409725683,260732832.4371452,58,3,90.0,0,1
0fa79115-bd65-4835-b4de-1be7bda410ca,Female,69,,0,1,Month-to-Month,Basic Connect,Digital Wallet,0,40.51142080382965,1782.5025153685046,44,1,44.0,0,3
fb8567ee-284c-49b7-9f61-d70782c7d0a9,Male,52,Rural,0,1,Month-to-Month,Basic Connect,Bank Transfer,0,37.84347522873242,72415383.80570582,57,0,57.0,0,0
3566a69f-2964-4149-918c-96b2d9a4d26a,Female,40,Urban,0,1,Month-to-Month,Standard Connect,Bank Transfer,1,64.08552025648723,136390292.41727632,61,0,55.0,0,0
962aa66f-9f60-4e83-abed-7106d6e4517a,Female,80,Urban,1,0,Month-to-Month,Standard Connect,Credit Card,1,75.03580746778576,121430234.57209855,49,1,92.0,0,3
4be6e997-7630-4301-85f5-28444d0124d6,Male,31,Urban,0,0,Month-to-Month,Basic Connect,Mailed Check,0,64.08552025648723,49018601.83867933,57,3,30.0,0,0
3add01ac-83d1-4a4b-8d9b-b60beebda337,Female,60,Suburban,1,1,Month-to-Month,Standard Connect,Mailed Check,1,88.69889429643938,169705045.57192627,55,2,130.0,0,1
f9a91baa-ba7a-44de-a87e-6a949aec86b1,Female,63,Urban,0,1,One Year,Basic Connect,Digital Wallet,1,64.08552025648723,72043641.0440218,41,1,31.0,0,3
f41b29a6-be3f-499f-80f7-767f687d7e5b,Prefer not to say,84,Urban,1,0,One Year,Basic Connect,Bank Transfer,0,20.0,33638155.526021995,69,5,19.0,0,0
4906cd1d-0cce-4475-a970-d46bb2782b41,Female,27,Urban,0,1,Month-to-Month,Standard Connect,Bank Transfer,1,51.71186638013778,2120.1865215856487,41,4,59.0,0,3
dff6d664-c055-46e2-8c07-866297f6ed6c,Female,56,Urban,0,0,Month-to-Month,Standard Connect,Credit Card,1,61.69729651548996,177049822.6155967,34,1,75.0,0,3
4405b2e0-0d7b-4ccb-adb3-921491acae97,Female,71,Urban,0,0,Month-to-Month,Standard Connect,,1,81.08468304600146,157349635.37885618,49,2,117.0,0,1
8d31c552-0d71-4f85-9b70-7fc425bfd739,Male,51,Urban,0,0,Month-to-Month,Premium Connect,Credit Card,1,80.38615051692567,133421454.54528116,37,2,46.0,0,3
ea5bdf6b-8130-4fc8-a791-01a24ff3f619,Male,58,Urban,0,1,One Year,Premium Connect,Digital Wallet,1,94.52423993835524,245860642.75229552,56,3,65.0,0,1
60246218-21f6-4802-972d-6f7edc32e050,Male,79,Suburban,0,0,One Year,Standard Connect,Bank Transfer,0,75.92633888672243,207116263.14794543,57,1,102.0,0,1
a5f0393e-1a12-4f92-a906-7376eace60cb,Male,51,Rural,1,0,One Year,Standard Connect,Credit Card,1,64.75124340388757,106487424.35719058,69,2,49.0,0,0
699b58b6-ec6b-4c16-a689-0afe4bdf9ce2,Female,44,Urban,0,0,Two Year,Standard Connect,Digital Wallet,0,70.22623897052598,3932.669382349455,56,1,93.0,0,0
88ec0c2d-172a-4d3d-bbef-a097a48a3437,Female,18,Urban,0,0,Month-to-Month,Premium Connect,Bank Transfer,1,97.17384173375852,215741968.6783864,40,1,100.0,1,1
10a66807-8ccd-4e99-a966-447b8e8cfde5,Female,83,Urban,0,1,One Year,Premium Connect,Mailed Check,1,86.11803884646915,233128070.9152213,47,2,52.0,0,1
407f821a-ca19-47c8-af64-44aae94df464,Female,79,Suburban,0,0,Month-to-Month,Standard Connect,Digital Wallet,1,69.17950321854032,177730406.47817925,62,0,41.0,0,0
f8dc72c6-f11d-4005-ab22-5e132cb4e9e1,Male,43,Suburban,0,1,Month-to-Month,Premium Connect,Bank Transfer,1,110.57251892148837,4422.900756859534,40,1,158.0,0,3
8d285964-c00c-4fb7-adb6-cacda02001db,Male,43,Urban,1,0,Two Year,Premium Connect,Digital Wallet,1,108.12963853161448,283612914.61107767,37,0,102.0,0,1
8bc5ac26-1317-494b-91ee-f2ccd427147d,Male,35,Urban,1,0,One Year,Standard Connect,Mailed Check,1,49.106781696315366,92719096.19494988,36,1,70.0,0,3
9f297d6a-36c5-4fde-8d32-bd24bd0c038d,Female,64,Urban,1,0,One Year,Basic Connect,Bank Transfer,0,32.74401288536394,89313685.9360717,57,5,25.0,0,0
af71698c-7cb9-48cf-a1b0-cde2020b0bba,Female,78,Urban,0,1,One Year,Standard Connect,Bank Transfer,1,72.30141776248932,117629344.89921889,62,1,64.0,1,0
117c6a6a-aa2e-45a8-972d-b2980de60b1c,Male,38,Rural,1,0,Two Year,Basic Connect,Credit Card,1,57.04279243779142,138652971.82504958,42,0,71.0,0,3
090f6e92-cf6b-4da8-a126-815d7238d961,Female,68,Suburban,0,1,Month-to-Month,Basic Connect,Credit Card,1,39.93562732337245,84287894.65825462,41,2,42.0,0,3
e7a70706-510c-442b-b2c0-f790672fa3c5,Female,31,Rural,1,0,Month-to-Month,Standard Connect,Bank Transfer,0,67.24354040744002,3631.151182001761,54,4,42.0,1,0
cb6718bc-bc67-4c8e-8382-5176284bece8,Female,61,Urban,0,0,Month-to-Month,Standard Connect,Credit Card,1,61.96873602368277,144714482.94074303,50,2,64.0,0,3
822192b3-1c57-4128-ba87-247b80567adb,Male,39,Urban,0,0,Month-to-Month,Basic Connect,Bank Transfer,1,64.08552025648723,136541998.93856055,63,0,60.0,0,0
7afb01aa-be4f-48fe-a388-934ee819caad,Female,48,Urban,0,0,Month-to-Month,Standard Connect,Credit Card,0,64.08552025648723,202241849.04230964,37,1,94.0,0,3
dc08a217-c4e3-474d-aaf2-8fbd657b0975,Male,29,Suburban,1,0,Two Year,Premium Connect,,1,99.2594228097211,161003593.4000517,52,1,60.0,0,1
7031441d-fa75-4ba3-b51b-68d7fea64b28,Female,42,Urban,0,0,Two Year,Standard Connect,Credit Card,1,84.13600939855903,3701.984413536597,44,0,122.0,0,3
93a7631d-1667-40e8-be64-20ee6046e347,Male,39,Suburban,0,0,Month-to-Month,Basic Connect,Credit Card,1,54.63018770778814,136575445.95553955,49,1,70.0,1,3
4e582859-8be6-4776-ac19-e76ff5206e94,Non-Binary,76,Suburban,1,0,Month-to-Month,Basic Connect,Digital Wallet,0,39.7746077329396,97409432.01930729,64,0,57.0,0,0
2f6741d8-be72-499f-89fe-98e01431c0cd,Male,83,Suburban,1,1,Month-to-Month,Standard Connect,Bank Transfer,1,64.08552025648723,111710498.5859982,65,1,42.0,0,0
9fccfedc-f839-49b5-880a-70d21f92d9dc,Male,40,Suburb,0,1,One Year,Standard Connect,Bank Transfer,0,60.47220777415541,174614413.929744,53,0,63.0,0,1
97e51831-686f-4afd-bc43-dd944f6574d3,Female,32,Urban,0,0,Month-to-Month,Premium Connect,,1,81.24533495345197,3331.058733091531,41,1,64.0,0,3
7b7ccd33-1648-472a-8563-5c88565c775c,Male,53,Urban,1,0,One Year,Standard Connect,,1,73.46016840323048,167607111.84652537,60,1,50.0,0,0
cd4a6b31-bf7f-4d94-a84f-fa91a4b7563c,Female,73,Rural,0,1,Month-to-Month,Basic Connect,Bank Transfer,1,20.0,42621758.16825497,49,1,31.0,1,3
f0b96687-0448-4d1a-aaab-5a2189a075a1,Male,21,Urban,0,1,One Year,Premium Connect,Digital Wallet,1,83.22802790367051,148520175.4330309,55,2,46.0,0,1
0187498c-9d6e-424d-84f7-cf69871f25d5,Female,28,Urban,0,0,Two Year,Standard Connect,Bank Transfer,0,62.10585838924522,119191137.34196553,68,2,72.0,0,0
8a6943a5-ee67-4c9b-a098-5bba55c470c4,Male,80,,0,0,Month-to-Month,Standard Connect,Digital Wallet,0,50.54697271958854,81155963.88217552,38,1,55.0,0,3
e3ea127e-c9ec-4ee5-b9a7-067c0950f7ed,Non-Binary,74,Suburban,1,1,Two Year,Premium Connect,Credit Card,1,114.45248350293198,196258557.7589168,46,2,93.0,0,1
d62e15fa-a7e9-4302-954e-080917f4d9bd,Female,45,Urban,0,1,Month-to-Month,Basic Connect,Mailed Check,1,35.12734305216767,98843691.35177578,61,1,25.0,0,0
96d77704-82b7-4425-b906-5d46561e8ff8,Female,39,Urban,0,0,Month-to-Month,Standard Connect,Credit Card,1,53.662081011492354,113557859.9756375,65,1,82.0,0,0
bcbfba94-7fe3-4744-9e16-8d5a856823db,Female,32,Suburban,0,1,Month-to-Month,Basic Connect,Credit Card,1,33.47528026755083,57270025.81786462,37,2,21.0,0,3
c2fdc330-80e2-4e6c-935e-bc9280eea09d,Female,54,Urban,0,0,Two Year,Standard Connect,Credit Card,1,45.10425381941107,2706.2552291646643,60,2,37.0,0,0
63bf102f-71f3-4cfa-99ea-eae312f32db5,Female,23,Urban,0,0,Two Year,Basic Connect,Bank Transfer,1,20.0,51397079.96716037,61,2,20.0,0,0
c4589e6e-8ef4-4b06-b665-e61cd5011dfb,Non-Binary,68,Urban,1,0,Month-to-Month,Basic Connect,Bank Transfer,1,29.450166058088914,52743612.73158146,37,1,28.0,0,3
4efcdc3b-065e-40d8-a074-d74d6589e734,Non-Binary,40,Rural,1,0,Two Year,Standard Connect,Bank Transfer,0,70.63739653431365,202195741.4467373,37,1,83.0,0,3
a7fe18f2-e83a-4e92-be9e-d0676f574a73,Female,51,,1,0,One Year,Basic Connect,Digital Wallet,1,43.08971017719951,74474542.15954259,60,2,48.0,0,0
53684686-3231-4e9f-9b4a-f57630bebc4a,Male,79,Urban,1,1,Two Year,Basic Connect,Credit Card,1,20.0,37984485.81997789,50,2,25.0,0,3
5d43f9fb-2de2-43b0-908c-b8342fc27c67,Female,27,Suburban,1,1,Month-to-Month,Standard Connect,Bank Transfer,1,64.08552025648723,2371.1642494900275,37,0,70.0,1,3
a2f7e707-d51a-4617-887e-84991bf1c746,Male,39,Rural,1,0,Month-to-Month,Standard Connect,Credit Card,1,61.85672619988425,145685316.71713874,52,1,95.0,0,0
74fe1979-63c3-414f-8b81-21e94f231825,Female,46,Suburban,0,1,One Year,Standard Connect,Mailed Check,0,85.6239414312034,3938.701305835357,46,2,68.0,0,3
6976833d-ea8c-48dc-b333-bc68863854f8,Male,37,Urban,1,1,Month-to-Month,Premium Connect,Bank Transfer,1,113.47543450363943,223384025.39991632,57,4,136.0,1,1
d8a71cb8-cf1d-48e4-8ed2-a5a9fbc6c37c,Male,25,Suburban,0,0,Month-to-Month,Standard Connect,Bank Transfer,0,71.69851180100005,119782081.33958496,48,2,96.0,1,3
fecd38d4-9280-4c07-81a9-14f825d443af,Male,24,Rural,0,0,Two Year,Standard Connect,Credit Card,1,64.08552025648723,117291215.67587136,53,1,50.0,0,0
36c693c0-260b-48d8-8408-100d3613e41d,Female,47,Urban,1,1,Month-to-Month,Standard Connect,Credit Card,1,68.42523537151408,143621980.0338336,48,0,61.0,0,3
3284ac57-cd18-44e7-954b-32cf1d46d63e,Female,60,Urban,1,1,One Year,Basic Connect,Bank Transfer,0,20.919774489512527,46803778.58404101,51,1,22.0,0,3
54e477f6-c773-4acd-a8de-ad403c384f15,Male,51,Rural,0,0,Month-to-Month,Basic Connect,Credit Card,1,54.49530574132938,149338515.11914366,42,1,50.0,0,3
6a4efe2b-522c-4b7a-8b1e-1478878ac3de,Female,71,Rural,0,0,Month-to-Month,Basic Connect,Bank Transfer,1,46.080548039370655,123079361.06694356,47,1,34.0,0,3
a64b419b-4a78-4ef3-b5b1-baa4c402575a,Male,34,Urban,0,0,Two Year,Basic Connect,Mailed Check,0,52.869608308919446,132477498.31790034,66,0,55.0,0,0
b0966e73-7465-4fb8-9d58-a21fd6a2f408,Female,18,Suburban,0,0,Month-to-Month,Premium Connect,,1,83.67819172431379,257155151.10373747,39,0,112.0,0,1
b6dc4e00-68b3-4f58-bbce-184d9d1491ac,Male,53,Rural,0,0,Month-to-Month,Standard Connect,Bank Transfer,1,75.10794344283211,117394665.74694596,42,3,116.0,0,3
2d217fa9-136c-4e10-978c-dc27a4a16c97,,77,Rural,0,0,One Year,Premium Connect,Credit Card,1,64.08552025648723,214979637.7671615,58,1,70.0,0,1
01511000-6245-436c-9a3a-6c8dd03a3b32,Male,31,Urban,1,0,One Year,Basic Connect,Credit Card,1,30.999647288338107,95335265.3421054,53,1,51.0,0,0
1334a570-2e0c-4dd3-89a8-3feabe82451c,Male,79,Rural,0,1,Month-to-Month,Standard Connect,,1,65.46514668682534,3469.6527744017426,53,1,82.0,1,0
40116d61-027e-435a-a505-e510e76ac868,Male,67,Rural,1,1,Month-to-Month,Basic Connect,Credit Card,1,21.667674579791623,31281681.109114382,42,1,29.0,1,3
d8eba78f-a773-4a0f-9e9c-1378f8fd1d16,Female,20,Urban,1,0,Month-to-Month,Basic Connect,Digital Wallet,1,64.08552025648723,35840785.20373709,58,4,15.0,1,0
4c40643b-0403-4ae3-99c4-7d1d6ad54d8a,Male,53,Suburban,1,0,Month-to-Month,Basic Connect,Digital Wallet,1,60.66505950183695,128034001.5369898,63,3,58.0,0,0
5d2b2ca0-4489-40f0-9e33-d9104fb7bab4,Female,22,Suburban,0,1,Month-to-Month,Premium Connect,Bank Transfer,1,108.77305393296233,272930211.5595354,42,1,72.0,0,1
6b68c8b0-2ecd-4f1b-868a-a01dedde2d13,Male,51,Urban,0,1,Month-to-Month,Basic Connect,Bank Transfer,1,20.0,39402981.4001305,58,0,64.0,0,0
971a8a20-036f-4bc3-afff-4e1626325c8c,Female,19,Urban,1,0,Month-to-Month,Premium Connect,Credit Card,1,101.07649111030744,303333134.9558052,58,0,95.0,0,1
8dcda12d-0b57-403b-9b5c-b518face18a8,Male,31,Suburban,0,0,Month-to-Month,Basic Connect,Bank Transfer,1,23.11443799965664,56647728.68670584,52,2,22.0,0,3
64f9c472-0774-46cc-a8af-f3e4ce7a9398,Male,30,Urban,1,0,Two Year,Basic Connect,Credit Card,1,54.30674806229645,105046962.43824302,46,2,34.0,0,3
f600d9b6-d082-44a5-ab21-4cc516f2373a,Prefer not to say,38,Urban,1,1,Month-to-Month,Premium Connect,Credit Card,1,99.5217916239776,212999190.3347326,54,0,136.0,0,1
3585eede-d8d4-450d-ae05-4b5a447d70e0,Female,71,Urban,0,1,Month-to-Month,Basic Connect,Bank Transfer,1,31.270010883041504,56385018.659862414,48,1,27.0,0,3
885c9e10-54c6-49f6-b571-291c5dab3c54,Male,48,Urban,1,0,Month-to-Month,Basic Connect,Credit Card,1,31.161151226955123,76735464.99671955,65,2,46.0,0,0
53d67699-c701-4727-9b16-21f1830b90cc,Male,77,Rural,0,0,Two Year,Standard Connect,Credit Card,0,38.99942470305699,53074603.9627872,62,1,40.0,0,0
f9bef354-828d-4fe0-873b-398ed6b2c790,Female,46,Suburban,0,0,One Year,Basic Connect,,0,24.010017562271127,57829921.757637054,51,1,40.0,1,3
df0851e6-f81f-4730-bad8-276e9ebd46ee,Male,79,Rural,0,0,Month-to-Month,Standard Connect,Bank Transfer,1,96.3282359710368,155833011.63050854,44,0,76.0,1,1
a3c4a5c8-f106-4830-943f-93f730722f28,Female,76,Rural,0,0,Month-to-Month,Premium Connect,Mailed Check,1,121.47770456140582,262072037.6055948,41,1,141.0,0,1
50a16507-d8b1-42d8-8016-33e1155fbe60,Non-Binary,65,Urban,1,0,Month-to-Month,Premium Connect,,1,116.83848464433603,201475635.7315769,45,1,175.0,0,1
58795583-5abf-40cb-83b3-d098bc67c6ac,Female,25,Urban,1,0,Two Year,Basic Connect,Bank Transfer,1,45.420256482173706,2952.3166713412907,65,0,28.0,0,0
ce2dd555-79a7-46e8-a27f-b55eea3a20ac,Female,75,Suburban,0,0,Month-to-Month,Standard Connect,Digital Wallet,0,69.04631995376239,170467544.25283235,66,3,54.0,0,0
a0e78e5e-578e-4b0b-8159-adc3f45eccdb,,60,Rural,0,0,Two Year,Standard Connect,Bank Transfer,1,81.68098792831907,186803809.51176,34,0,63.0,0,3
05c14d24-3ae9-43c0-9a7c-1ef0ebff6105,Non-Binary,68,,0,0,Month-to-Month,Basic Connect,Credit Card,0,64.08552025648723,210871262.251331,40,2,63.0,0,1
c46aede5-86dc-44bd-8b3e-bcd174d182ca,Female,21,Urban,1,0,One Year,Premium Connect,Credit Card,1,120.48820668866904,323218843.4689685,64,1,152.0,1,1
e0ef78ad-29e5-4585-b334-811d780345bc,Prefer not to say,26,Rural,0,0,Month-to-Month,Basic Connect,Mailed Check,1,43.47308791521621,73685856.83966549,49,1,52.0,0,3
5dbc4383-86b2-4cfa-9ccb-f7d02ea1b5a9,Female,64,Urban,0,0,Two Year,Standard Connect,Bank Transfer,1,64.08552025648723,189277419.66593423,54,2,114.0,0,1
73d787ca-cd03-4571-b269-434630fadafc,Female,19,Suburban,0,1,Month-to-Month,Standard Connect,Bank Transfer,1,86.73640294964486,175782445.1714779,62,0,118.0,0,1
feebbb58-00b1-4842-9e62-82916c4cdbc5,Male,83,Urban,0,0,One Year,Standard Connect,Bank Transfer,0,65.87139488549441,105152891.17607704,50,5,66.0,0,0
1e38363d-b04d-428e-a856-64b7a0dc7bcb,Male,38,Suburban,1,0,Month-to-Month,Standard Connect,Credit Card,0,64.08552025648723,168603198.74677274,34,1,95.0,1,3
e4967000-d1a0-4677-aaac-fc02dc88ce79,Male,51,Rural,0,0,One Year,Basic Connect,Bank Transfer,1,47.05301293319747,3199.604879457428,68,4,56.0,0,0
7278e2bf-3444-45b6-8174-26bcded9e322,Male,56,Suburban,0,0,Two Year,Standard Connect,Bank Transfer,1,83.38057764807158,240525740.7853132,44,1,101.0,0,1
3bd9d66b-22b9-4509-8275-0ae577555356,Female,25,Urban,1,0,One Year,Standard Connect,Credit Card,0,80.00963747528564,133307560.18969956,62,0,67.0,0,0
5a2be995-b7e8-4d76-bacc-02a4bc0d70af,Male,59,Urban,0,0,Two Year,Basic Connect,Digital Wallet,0,20.34563444275561,915.5535499240024,45,3,32.0,0,3
9f020dd7-af5f-4118-9020-aed051b85d60,Male,35,Suburban,0,0,Month-to-Month,Basic Connect,Credit Card,0,32.39543158837207,90409431.17785265,39,1,34.0,0,3
e49d947f-1813-4be3-ad2b-c51dadd13c88,Female,79,Suburban,0,0,Two Year,Premium Connect,Digital Wallet,1,80.76272321204964,181300438.08444545,69,3,104.0,0,0
f58d652a-6408-45ca-abd9-16958069005d,Male,61,Urban,0,0,Month-to-Month,Premium Connect,Digital Wallet,1,84.66233978586365,137938092.5184275,58,4,49.0,1,0
0b58477e-e4f8-4c77-bd53-073139483e08,Male,76,Suburban,1,1,Month-to-Month,Standard Connect,,1,52.854157368742605,85466485.75087838,44,1,52.0,0,3
cfd6a28a-be86-4dc2-b8ce-57c69b65def9,Male,30,,0,0,Month-to-Month,Basic Connect,Bank Transfer,0,79.06701072606288,211453298.9327308,46,1,48.0,0,1
eb217693-75c0-4d48-aa30-1fabe85d78b8,Female,72,Rural,0,0,Month-to-Month,Basic Connect,Mailed Check,0,20.0,54046279.70817448,65,1,32.0,0,0
b289fa1d-1b1a-4363-88cb-f19aea99c00e,Non-Binary,61,Rural,1,0,Month-to-Month,Standard Connect,Credit Card,1,63.3191919671948,103435939.60418089,54,1,62.0,0,0
341646c6-91c6-4538-9a95-7c8b8f934b98,Female,36,Urban,1,0,Month-to-Month,Premium Connect,Credit Card,0,92.18558249648876,141369818.22882888,50,0,95.0,0,1
aa7ef6df-0e18-48f3-8bad-9fd602a79252,Female,58,Suburban,0,0,Month-to-Month,Standard Connect,Credit Card,0,97.006400540146,281952060.85926867,37,1,99.0,0,1
05cbd301-8571-4925-92b7-fdbff10a2514,Male,84,Urban,1,1,Month-to-Month,Basic Connect,,1,43.329340692445136,2253.125716007148,52,3,56.0,0,0
d9039a03-87a7-4312-a1d3-ad0c57dd3ea9,Male,58,Suburban,0,1,Month-to-Month,Standard Connect,Credit Card,1,86.88238468789417,265447266.01856145,48,1,91.0,0,1
da27b7fe-1cbb-4961-a085-38cc523c9986,Female,53,Suburban,0,0,One Year,Premium Connect,Credit Card,0,114.7799100548059,5394.655772575878,47,1,134.0,0,3
a72dcfd3-e9f0-455f-87c1-6fd04b9607d3,Female,39,Urban,1,1,Month-to-Month,Standard Connect,Digital Wallet,0,70.31730846511014,145343222.25810987,69,4,47.0,0,0
31875dba-dfb7-4f74-9ea2-9b79c35335ca,Female,21,Urban,1,0,One Year,Standard Connect,Credit Card,1,80.40358589898756,128769613.07177344,39,3,82.0,0,3
b2b3c48f-8b8b-4993-8e13-0b6ac86594f0,Female,61,Suburban,0,1,One Year,Standard Connect,Bank Transfer,0,71.96132936594766,210429405.64506248,45,3,52.0,0,1
89335e77-bd95-4a36-ac8b-562e8e5cabcd,Female,33,Suburban,0,0,Month-to-Month,Basic Connect,Mailed Check,1,20.440495331634143,41063557.417190135,51,1,33.0,1,3
5a76cca5-0a57-4b1a-a02d-a6b81f16299a,Male,26,Urban,0,0,Month-to-Month,Basic Connect,Bank Transfer,1,20.0,44094147.216639325,39,0,64.0,0,3
882697f5-a391-41c2-aa9c-60b11e5df3a1,Male,47,Suburban,1,0,Two Year,Premium Connect,Credit Card,0,64.08552025648723,191240615.1742404,44,2,91.0,0,1
0d0d13bb-690d-4eef-95e9-1dac617f9c94,Male,80,Suburban,1,0,Month-to-Month,Basic Connect,Credit Card,1,64.81572674661119,178845460.4027981,41,2,50.0,0,3
a9fcb2b3-cdc0-4dc4-a1c7-3d2750cf11f0,Male,22,Urban,0,0,One Year,Standard Connect,Bank Transfer,0,86.96950016077861,168332901.78411254,49,0,51.0,0,1
54622581-e4f1-4d96-a9a3-ae6a8ce30726,,30,Suburban,1,0,One Year,Standard Connect,Bank Transfer,1,86.5354158434179,3894.093712953805,45,0,67.0,0,3
cd80b46c-e014-4d9e-b009-7c6fc3c35f85,Male,81,Suburban,0,0,Month-to-Month,Standard Connect,Credit Card,1,60.82255866147143,161684903.4523011,41,0,78.0,0,3
7d9e8d1f-831f-4442-a871-2a4bec328c1d,Female,18,Suburban,0,1,One Year,Basic Connect,Credit Card,1,37.06143162174698,1297.1501067611443,35,0,54.0,0,3
d288aa26-4ec8-47fc-9f6e-3961a906df53,Male,56,Rural,1,1,One Year,Basic Connect,Bank Transfer,1,54.19155729151655,96913297.3228008,52,0,43.0,0,0
23ad63d5-b287-4385-b4cb-ea7685620e95,Female,51,Suburban,1,0,Month-to-Month,Standard Connect,Mailed Check,0,66.67300549635979,119244691.8179715,52,3,95.0,0,0
b1802fc9-6295-46e9-a2e3-4ac874a1c110,Female,46,Suburban,0,0,Month-to-Month,Basic Connect,Mailed Check,0,41.15224041621251,83930929.75917861,47,1,63.0,0,3
56f3abd1-6fb3-465d-8f96-cf812bffa7b5,Male,28,Urban,1,1,Month-to-Month,Premium Connect,Credit Card,1,114.46365661506871,224390268.0392621,53,0,138.0,0,1
83837b23-e217-43eb-b4ce-4fa4f2f31afc,Female,46,Suburban,0,0,Month-to-Month,Basic Connect,Digital Wallet,1,65.4367209097282,135547055.00590298,44,0,64.0,1,3
50154de0-ca99-4cb7-93b1-010185022d62,Male,30,Rural,0,0,One Year,Basic Connect,Digital Wallet,0,27.47100210059455,83094787.13371119,47,2,23.0,0,3
1dc9f5da-1991-4c8c-bdb9-cbaed459ffd7,Male,58,Urban,0,0,One Year,Premium Connect,Digital Wallet,1,116.2379919822454,268611627.4512386,66,3,69.0,0,1
f51bb09f-c3bd-41d3-b9d1-2892e4242749,,82,Urban,0,0,Two Year,Standard Connect,Bank Transfer,0,83.23713124367723,202266159.5123484,55,2,61.0,0,1
08348952-2655-4797-9b82-64c25cec3be8,Female,71,Suburban,1,0,Month-to-Month,Standard Connect,Mailed Check,0,58.05137469942749,158286383.33533204,61,3,45.0,1,0
2e9ff8ba-9f74-4c67-9ebf-4932b2893fb9,Prefer not to say,77,Urban,0,1,Month-to-Month,Premium Connect,Credit Card,1,104.138874306663,4373.8327208798455,42,0,114.0,0,3
6d236cef-ea4d-49a3-95dc-320c92a678bb,Male,81,Urban,0,0,Month-to-Month,Basic Connect,Credit Card,1,57.38482796685427,116345358.8449267,37,2,74.0,1,3
85ed88a9-3974-49e3-ab32-3066b05d3c5b,Male,82,Rural,0,0,Two Year,Premium Connect,Bank Transfer,0,82.0063579806569,219770960.65052232,50,1,100.0,0,1
86436c60-dec3-4e83-8331-c7a958e25b18,Female,60,Urban,0,0,Month-to-Month,Basic Connect,Credit Card,1,20.0,47479221.09949149,50,3,23.0,0,3
38a6fc65-b997-4c40-accc-44a7a4fb17a3,Prefer not to say,51,Suburban,1,1,Month-to-Month,Standard Connect,Bank Transfer,1,80.55226598608726,143672315.14923796,51,1,56.0,0,1
218a11e6-6a30-424a-a61f-2924660942aa,Female,56,Urban,1,0,Month-to-Month,Standard Connect,Digital Wallet,0,72.59975258485257,167522046.02823898,58,2,57.0,0,0
058ae918-01e4-48d9-aea2-e1549b7462f9,Female,78,,0,1,One Year,Standard Connect,Credit Card,1,74.06887233201522,206836710.3785509,64,1,64.0,0,1
87c4f7c6-7289-41b4-bd7e-2ae75cbe1bd1,Male,82,Urban,0,0,Month-to-Month,Standard Connect,Bank Transfer,1,75.96716478111586,123972752.76932496,49,1,64.0,0,3
d256f97d-d53b-4fb6-9092-1d694762fed6,Female,19,Urban,0,0,Month-to-Month,Basic Connect,Bank Transfer,1,51.05108925222203,128099266.47302,56,1,64.0,0,0
e3ff1f27-b819-486b-bbe6-0cab3ffdfb80,Male,65,Urban,0,1,Month-to-Month,Standard Connect,Credit Card,0,56.289785571322966,152100885.21361947,47,1,86.0,0,3
03ba471e-6e4a-4f19-a326-93165489fd59,Female,42,Suburban,0,0,Month-to-Month,Basic Connect,Digital Wallet,1,29.112455175137217,80266145.23537432,34,0,34.0,0,3
c480eaa5-571f-4608-96fe-9452db8d1050,Female,76,Urban,1,0,One Year,Standard Connect,Credit Card,0,64.08552025648723,2307.0787292335403,36,1,71.0,0,3
11d5202d-c451-4d65-8796-55058fcf62fb,Male,45,Rural,0,0,Two Year,Premium Connect,Credit Card,1,100.9927263150743,229064529.28361416,46,2,97.0,0,1
849387bc-0c2a-45ae-b4a1-942117407204,Male,62,Rural,0,1,Month-to-Month,Basic Connect,Credit Card,1,47.231998912051154,72075997.78468561,68,1,66.0,0,0
d5e4eb86-cb9e-411a-8ce6-a96d5347af38,Male,79,Urban,1,0,Month-to-Month,Basic Connect,Bank Transfer,0,44.681762900930735,107330705.52853271,69,3,52.0,0,0
4487873a-a649-4db3-bf0a-e17d91de9adc,Female,29,Suburban,1,0,Month-to-Month,Premium Connect,Bank Transfer,0,117.4916068904196,208747212.71243888,35,3,106.0,1,1
7c91c13a-3750-4389-a126-bbc728a24997,Female,59,Urban,0,0,Two Year,Standard Connect,Mailed Check,1,87.10068682878362,250950488.1117984,68,2,74.0,0,1
d815b6ed-17ec-49da-8acb-210881c25dfc,Male,25,Suburban,0,0,Month-to-Month,Standard Connect,Bank Transfer,1,80.40864347145742,213397629.899125,53,3,105.0,1,1
5dfe8cf3-da86-45fa-a835-2b8d77cf5a9d,Female,41,Urban,1,1,Month-to-Month,Standard Connect,Digital Wallet,1,75.40249909730669,175875378.3041158,61,1,111.0,0,1
3cb1fd6d-48f8-436a-a9ad-53f4eceef963,Male,24,Rural,1,0,Month-to-Month,Standard Connect,Bank Transfer,0,77.62588382116158,168327413.35280004,69,2,59.0,0,0
95d46bbd-58a4-401f-9345-2460db9473bc,Female,60,Urban,1,0,Month-to-Month,Premium Connect,Bank Transfer,0,125.05091135995738,235478733.8029901,48,3,140.0,1,1
f55750ba-9356-48dd-be7b-d4e79f0d88b4,Female,19,Rural,0,0,Month-to-Month,Basic Connect,Mailed Check,1,37.17633475631605,114315952.2246478,52,1,31.0,1,3
da552b82-4c90-4d70-baf3-665e647368e5,Female,79,Urban,1,0,Two Year,Standard Connect,,1,64.08552025648723,149256200.1199342,68,1,51.0,0,0
afbb0b0d-b974-42b1-a262-6c442255711f,Male,61,Urban,0,0,Month-to-Month,Premium Connect,Credit Card,1,105.2906207146069,171210840.09111395,48,1,153.0,0,1
b0dced86-f170-4c63-b7ce-8f774b97582e,Male,51,Rural,1,1,Two Year,Basic Connect,Credit Card,0,42.85129338419216,118719919.32899788,44,0,49.0,0,3
7e35bb6e-2af8-424a-85a1-9de33cc9136c,Male,50,Rural,1,0,Month-to-Month,Basic Connect,Mailed Check,0,69.07489744771523,171342025.9139577,36,1,96.0,0,3
04bf5a91-0619-4d17-9654-c99eef276b00,Male,80,,0,0,Month-to-Month,Basic Connect,Credit Card,0,20.0,46488244.074454814,62,1,28.0,1,0
0c22ebf3-42cb-4c01-bd61-5153ba041a48,Female,73,Rural,0,1,One Year,Basic Connect,Credit Card,1,30.40954767357705,93697362.73630331,66,3,48.0,0,0
d6fc149b-bc69-40fc-b09f-d8d408d886cb,Male,51,Rural,1,0,Month-to-Month,Standard Connect,Credit Card,1,64.08552025648723,3973.302255902208,62,3,69.0,0,0
8791bee1-a0f6-4df3-92f3-8d20fff94480,Prefer not to say,43,Suburban,0,1,One Year,Standard Connect,Digital Wallet,0,70.94525864712554,189917894.0377142,40,2,76.0,0,3
db370a36-c947-4f62-bb31-e97053c26f56,Female,51,Suburban,0,0,Month-to-Month,Basic Connect,,0,273.7808175232301,10129.890248359514,37,28,842.2954434,0,2
ad580c6b-16a9-4f22-8ef3-fdef98c559fd,Male,25,Suburban,1,0,Two Year,Premium Connect,Mailed Check,1,89.93536995260575,223863390.7177297,54,1,64.0,0,1
f618ca89-6afe-46eb-92a4-459cb2b499f4,Male,38,,1,1,Month-to-Month,Standard Connect,Bank Transfer,1,80.09219763530473,234205167.30473563,42,2,82.0,0,1
9b820879-835e-43dc-aa5a-b1bd98b1d58c,Female,61,Urban,0,0,Month-to-Month,Basic Connect,Mailed Check,1,43.07366356677064,121384767.59324388,45,0,64.0,0,3
3f07c717-5afb-4145-b43d-4d70e3af9c3b,Non-Binary,69,Rural,1,1,Two Year,Basic Connect,,1,25.90093150995085,58035615.88270348,51,2,19.0,0,0
ee2a2812-4e70-4b10-b74e-1c0e88e1e7d2,Male,35,Urban,1,0,One Year,Basic Connect,Credit Card,0,20.0,60450695.26270663,45,0,20.0,0,3
c0fcee80-eab8-4b9b-b6c4-34c30428e094,Female,28,Suburban,0,0,Month-to-Month,Basic Connect,Digital Wallet,1,64.08552025648723,218074372.1624376,55,1,55.0,0,1
d48c4a3d-ef33-4d47-8574-b29bde1e544d,Male,83,Urban,1,0,Month-to-Month,Basic Connect,Credit Card,1,39.429431674437325,2641.771922187301,67,1,43.0,0,0
e3be71a2-c628-4c71-834d-603e0d296470,Male,24,,0,0,Month-to-Month,Basic Connect,Credit Card,1,24.49424554354525,1665.6086969610772,68,1,34.0,0,0
0816c887-fd7b-4ec1-8a65-630f59272ba6,Female,53,Urban,0,0,Month-to-Month,Standard Connect,Digital Wallet,0,57.704020524124815,98370194.91138253,67,0,54.0,0,0
2fc4f3ef-2056-4198-bb4c-8a9fd4615606,Female,24,Urban,1,1,Month-to-Month,Standard Connect,Credit Card,1,94.64235877049428,183978406.1192456,55,2,134.0,0,1
ac15cef9-71b6-435d-ae6f-3f82dec8c41d,Female,55,Urban,1,1,Month-to-Month,Standard Connect,Credit Card,0,48.18181013864884,80952340.16873479,67,2,48.0,0,0
cfbff23f-dc55-4520-9a11-695224a190bb,Prefer not to say,62,Urban,1,1,Month-to-Month,Premium Connect,,1,120.236511854939,233858555.28326875,38,1,96.0,0,1
c62f1aa8-1f4c-4c3c-aed4-5ac7ab52f6e1,Male,69,Urban,1,0,One Year,Standard Connect,Bank Transfer,1,52.12197489681519,2241.2449205630533,43,3,34.0,1,3
64d4a4aa-068a-4ade-84a5-8780b74eccf7,Male,27,Suburban,1,0,One Year,Basic Connect,Credit Card,0,20.0,55467760.94930949,51,1,22.0,0,3
660cd937-a0ac-4fa3-9058-b55977cf30cc,Female,54,Suburban,0,1,Month-to-Month,Basic Connect,Credit Card,1,56.90574468806596,119255341.20550472,36,2,75.0,0,3
3239a639-085d-4f2b-9207-5e0659cefd97,Male,47,Suburban,0,0,Month-to-Month,Premium Connect,Digital Wallet,1,128.23056092990768,244716717.25913352,34,1,133.0,0,1
c0083f7c-3193-424c-b50a-10134bd3b95a,,48,Urban,0,0,Month-to-Month,Premium Connect,Bank Transfer,0,111.0815705483031,153583974.43233967,43,1,117.0,1,1
b40586ff-39cf-4118-a9d0-e9abfa8ad7c6,Male,39,Suburban,0,0,One Year,Standard Connect,Credit Card,1,82.29537710983762,3291.8150843935045,40,4,64.0,0,3
39bd0139-80e5-4223-8aab-f1e39cc88ffc,Female,79,Suburban,0,0,Month-to-Month,Basic Connect,Mailed Check,0,62.921560291580754,204433685.5880312,57,3,64.0,0,1
f68991d2-aef3-4de7-9376-2a28beebffc0,Prefer not to say,44,Urban,0,0,Two Year,Standard Connect,Bank Transfer,1,70.3187514121133,132690097.09878358,53,1,68.0,0,0
eb9630b8-7969-4424-9e86-be9a7dabb681,Female,73,Urban,0,0,Month-to-Month,Standard Connect,Credit Card,0,45.18602122264689,75197671.694776,69,0,60.0,0,0
bff22c97-ab1b-4ee3-9b9b-2ddeeee1d783,Male,51,,0,0,One Year,Standard Connect,Credit Card,1,366.0927309899175,187345164.4117144,55,28,640.0448973,0,2
d9b16bfe-1acd-4d6f-965e-fd6fb3b03083,Female,19,Suburban,1,0,Month-to-Month,Premium Connect,Digital Wallet,0,101.8922155068105,179207809.6965986,55,1,91.0,0,1
40e64976-138f-4101-9f55-d8615d86009a,Male,38,Urban,0,0,Month-to-Month,Standard Connect,Digital Wallet,1,68.67413471864914,111138064.02564809,47,4,69.0,1,3
9fc31ec6-c94c-4ab4-9949-20adb3a7d2af,Male,64,Urban,0,0,Month-to-Month,Standard Connect,Credit Card,0,66.92410395062682,2275.419534321312,34,2,99.0,0,3
24f2bfb8-b25d-41dd-927d-6ee61e65f6c9,,51,Suburban,0,0,One Year,Premium Connect,Bank Transfer,1,64.08552025648723,255362835.819766,46,2,136.0,0,1
ea4f3d00-793f-470e-b251-17a92506e4ef,Female,74,Urban,0,0,One Year,Premium Connect,Bank Transfer,0,82.71166732470778,208926496.7725129,37,0,81.0,0,1
bda5f41e-73e2-47bd-bb12-ca3f30bf6a74,Male,35,,1,0,Month-to-Month,Premium Connect,Credit Card,1,107.15881097901118,238501804.13827392,44,0,145.0,0,1
8cce80d7-0924-4d6a-b353-c93e88df5d62,Female,44,Urban,0,0,One Year,Premium Connect,Bank Transfer,0,85.77227266533907,4889.019541924327,57,2,54.0,1,0
e2e3c14b-c2dd-4c4c-a938-df90fe9311b3,Female,67,Suburban,0,1,Two Year,Standard Connect,Credit Card,1,71.78005230946358,2440.521778521762,34,0,48.0,0,3
c37d1616-b8e6-448f-8630-7682ebcf1bd1,Female,37,Urban,1,0,Month-to-Month,Standard Connect,Bank Transfer,0,72.30072214460306,4482.644772965389,62,2,83.0,0,0
639afe99-aa15-4a82-ad32-8caa8392fca4,Female,66,Urban,1,0,Month-to-Month,Standard Connect,Credit Card,0,65.55722856767802,129897292.8811712,65,1,73.0,0,0
6d591110-7b7e-4144-8172-15f1925ca331,Male,23,Urban,0,0,One Year,Basic Connect,Bank Transfer,1,45.6044229432266,74152885.88263087,42,1,37.0,0,3
1fea1bb7-ab2d-478b-bd32-6a66f0c949a9,Female,63,Urban,0,0,One Year,Basic Connect,Credit Card,1,64.08552025648723,94347133.45159192,45,0,35.0,1,3
609ef0ec-54f0-4752-850d-2b3992978135,Male,45,Rural,0,0,One Year,Premium Connect,Bank Transfer,1,102.92352751928286,265833666.2059205,46,1,64.0,0,1
fbf7497b-958c-492f-92aa-19e0e8a3d8a6,Male,51,Suburban,1,0,Month-to-Month,Basic Connect,Bank Transfer,1,37.81680530040115,99130047.89511149,53,1,33.0,1,0
6bd252e9-2e71-45da-84b8-44d876f54b17,Female,24,Suburban,0,0,One Year,Basic Connect,Credit Card,1,40.12712028375949,110996840.21994431,61,0,45.0,0,0
e8425f4f-362a-4893-9d0b-1565a9796f31,Female,44,Urban,1,0,Month-to-Month,Premium Connect,Bank Transfer,0,110.20350963805524,260024689.1211301,58,2,102.0,1,1
6cb28b17-e85e-4593-97d2-05050e8299ec,Male,19,Urban,0,1,Month-to-Month,Standard Connect,Digital Wallet,0,99.2396798046204,207070158.1190329,56,1,109.0,0,1
de20dfba-c22b-41d7-88c1-0f7f82efd906,Male,76,Suburban,1,0,Two Year,Standard Connect,Mailed Check,0,88.62790364874367,3899.627760544721,44,0,123.0,0,3
11849c46-b484-4f8c-9142-0357502096fa,Male,35,Rural,0,0,One Year,Standard Connect,Bank Transfer,1,42.20082910297583,2827.4555498993805,67,4,68.0,1,0
22d73767-6a30-4c16-b5fe-fc7afbd29288,Female,71,Urban,0,0,One Year,Standard Connect,Bank Transfer,1,55.81246933394973,3292.935690703034,59,1,37.0,0,0
114cdc3a-f67b-49c3-9b99-2f02fa87e30e,Male,54,Urban,1,1,One Year,Standard Connect,Bank Transfer,1,74.41531524648046,174661292.84146672,58,2,100.0,0,1
b690d55f-7510-4f4e-b4b5-ecdd2299a02a,,25,Rural,1,0,Month-to-Month,Standard Connect,Credit Card,1,72.7109741093167,189159528.0721579,61,2,46.0,0,1
7ec97650-50f3-4930-b769-5462618db5e1,Female,39,Suburban,0,0,One Year,Premium Connect,,0,86.55478360769001,178894166.80630445,68,1,114.0,0,0
9a0a6fc5-800d-4350-899e-9e48fd33b39f,Male,27,Rural,0,1,One Year,Basic Connect,Bank Transfer,1,49.37413870286116,90363796.1161281,51,1,41.0,0,3
5aea2a3d-da09-4605-a588-d4303d217c7f,Male,70,Rural,0,0,Month-to-Month,Standard Connect,Mailed Check,1,62.21592864129508,2861.9327174995738,46,2,53.0,1,3
b54c1455-95fb-4094-88ad-7741c4c42df1,Male,42,Urban,0,0,Two Year,Standard Connect,Credit Card,1,73.5019987755451,220000595.2850075,56,3,108.0,0,1
12df5129-0818-402d-a8d6-93f77405b844,Female,18,Urban,0,1,Month-to-Month,Basic Connect,Digital Wallet,1,71.72525955889238,122091421.57885678,57,1,64.0,0,0
94cc3f95-36bb-48bf-a63e-f6a56b69cdc8,,58,Rural,1,0,Month-to-Month,Premium Connect,Bank Transfer,0,110.51860851511816,265124550.75828847,59,1,115.0,0,1
a954e21a-0f88-4fed-8b16-3a2e0ea244e4,Male,40,Suburban,0,1,Month-to-Month,Standard Connect,Mailed Check,1,85.14083246132778,4682.745785373028,55,0,64.0,0,0
5afdcfa8-18b7-41f5-bb7e-fca9ea45aa5a,Male,44,Urban,0,0,Month-to-Month,Basic Connect,Bank Transfer,1,38.93608783513303,101725289.56942265,35,1,47.0,0,3
8f74698b-efe1-40be-8d3e-0e079bafa077,Female,79,Urban,0,1,Month-to-Month,Standard Connect,Mailed Check,1,85.40248387840438,133347497.13713712,49,2,112.0,0,1
1e5a216f-1b0f-4644-bc41-da0e15a225ce,Male,19,Rural,0,1,Month-to-Month,Basic Connect,Bank Transfer,0,20.0,38657477.06306706,67,1,64.0,0,0
d77ec589-f1bb-4c6e-9277-762571bd5c4d,Female,68,Suburban,0,1,One Year,Standard Connect,Credit Card,0,80.72789903634764,199170046.6428874,67,0,87.0,0,1
b29b7f76-84aa-4f92-8ec8-df0c3207f827,Female,79,Urban,1,0,One Year,Premium Connect,Bank Transfer,1,107.8514778178006,322062800.3184226,49,2,80.0,0,1
7eaebc27-a0d5-4949-8c51-edb36db962c8,Non-Binary,28,Urban,0,0,One Year,Standard Connect,Credit Card,0,53.95097140199992,145032076.4758641,54,2,58.0,0,0
f3a5e99f-90ab-47fc-8fa3-796aea341a1b,Male,45,Suburban,0,0,Month-to-Month,Standard Connect,Credit Card,1,64.71511015413502,164178944.0775338,65,0,37.0,0,0
b8ce15d1-5558-4822-96f8-d2abd9362b70,Female,45,Suburban,1,0,Month-to-Month,Premium Connect,Bank Transfer,0,88.62403966194256,203244597.6466972,60,1,64.0,0,1
6e8d5cc1-677f-494b-92cf-c523ba6d2607,Male,74,Urban,1,1,Two Year,Basic Connect,Credit Card,1,43.52239802000148,85041947.75674275,57,1,27.0,0,0
9d9e7e90-a495-42d2-aaee-e7976e49d6ed,Female,84,Suburban,1,0,Two Year,Basic Connect,Bank Transfer,1,31.681820419755724,63115159.43454709,41,1,38.0,0,3
6f713733-4591-4b2d-8311-78c7e98a7bea,Female,40,Urban,0,0,Two Year,Standard Connect,Credit Card,1,78.58009124339397,206956193.03321463,57,2,92.0,0,1
445ab5b3-8943-44fd-8513-1e2f5bb6a5c6,Male,71,Urban,1,0,Month-to-Month,Basic Connect,Digital Wallet,0,20.0,47173492.15785214,46,2,15.0,1,3
679ce64b-2a7b-448b-841c-8702adab1001,Female,40,Rural,1,0,Month-to-Month,Premium Connect,Digital Wallet,1,127.12448491118326,290936049.03270525,58,0,91.0,0,1
2206588e-1de7-4c4b-be7c-999eba3ecb7f,Non-Binary,80,Urban,0,0,One Year,Basic Connect,Bank Transfer,0,40.14632330179906,88265083.0221768,59,2,46.0,0,0
b74ca793-738d-48f2-9681-a4ebe87df5a0,Male,30,Urban,0,0,Two Year,Standard Connect,Credit Card,1,63.00114691667014,189512451.92622653,52,3,96.0,0,1
c3708552-aef5-46c0-a344-385101163c2e,Female,32,,1,0,Month-to-Month,Basic Connect,,1,20.0,60124093.64006892,38,3,23.0,1,3
91038a2f-7557-4d74-ae17-d78d3bf3123e,Female,70,Suburban,1,0,Month-to-Month,Premium Connect,Credit Card,1,106.8930583881049,4168.829277136091,39,1,87.0,0,3
24731c76-4b8c-4eca-af7b-236b540ef9ad,Male,75,Rural,1,0,Month-to-Month,Standard Connect,Bank Transfer,1,78.47353123862025,170617189.90795484,44,1,95.0,0,1
daaa0429-a6e3-40ff-b0c8-58b60eaca63a,Female,56,Suburban,0,0,Month-to-Month,Premium Connect,Digital Wallet,0,98.3495236800388,299119522.4322292,40,0,92.0,0,1
b98ffa82-2b11-4b0a-9e25-7f1f00a2c5e8,Male,51,Urban,1,0,Month-to-Month,Basic Connect,Digital Wallet,1,23.3221074158845,62161032.8666565,45,0,23.0,0,3
a6d691a6-555e-40e0-b8c6-7ed30e59e483,Male,40,Urban,0,0,Month-to-Month,Standard Connect,Mailed Check,0,77.62884783222599,154897237.0517365,66,0,69.0,0,0
a1141d3d-4ae2-43be-83e6-dbb4549e5712,Male,51,Rural,0,0,Month-to-Month,Basic Connect,Credit Card,0,53.76858598803159,74882946.78699738,34,0,64.0,0,3
5bd03a10-9bf7-4e4b-b9d6-ede2d0b34563,Male,26,Rural,0,0,Month-to-Month,Premium Connect,Digital Wallet,0,99.4958243400503,234094028.29202992,60,2,105.0,0,1
6685bc92-7f29-463a-8437-8f13094fa483,Male,51,Urban,0,0,One Year,Basic Connect,Credit Card,0,35.988840052808925,67390801.1348211,37,1,51.0,1,3
1825dca7-09c3-429b-9f0a-4d5e51178662,Female,27,Suburban,0,0,One Year,Premium Connect,Credit Card,1,99.9533538032271,165176454.9338099,67,2,74.0,0,1
8057cd01-b462-47fb-9527-8531b8268c6f,,76,,1,0,Month-to-Month,Basic Connect,Bank Transfer,1,75.6136827679791,213160063.82458428,58,2,66.0,0,1
6a3aeeb4-6064-4201-9656-6aba276e3ff3,Male,36,Rural,0,0,Month-to-Month,Premium Connect,Credit Card,1,70.22099916656018,172739044.27274856,59,1,64.0,0,0
626f4fe2-1c18-40a1-ba3d-0f8c2afcdef0,Female,25,Rural,1,1,Month-to-Month,Basic Connect,Bank Transfer,0,20.0,37841929.42149411,66,3,64.0,0,0
b299c477-6260-4d5d-b90b-812ccaeb1e9e,Male,53,Urban,1,1,One Year,Premium Connect,Credit Card,1,84.73904515936806,126847944.5057455,56,2,128.0,0,0
fc0d5e02-8d33-4654-9478-6be85ab4a521,,62,Suburban,0,0,One Year,Premium Connect,Credit Card,0,73.96590921727082,132755561.45636605,47,1,44.0,0,3
e52c483a-818a-4673-a4cb-e11181909038,Female,45,Urban,0,0,Month-to-Month,Basic Connect,Digital Wallet,1,20.0,46345764.28325708,35,3,64.0,0,3
ad147271-34a3-4b41-b2f2-340ffbceb654,Male,18,Suburban,0,0,Month-to-Month,Premium Connect,Bank Transfer,0,115.38727676052544,3923.167409857865,34,3,125.0,0,3
603b3f63-aa3e-4d38-8bc7-970ba0c8f744,Female,28,Urban,0,0,Two Year,Standard Connect,Digital Wallet,1,78.70483317181048,193789780.85288087,47,1,116.0,0,1
6304e4a2-888e-4c13-9a83-1ac98b35d49d,Female,68,Urban,0,0,Month-to-Month,Premium Connect,Credit Card,1,91.02030042600023,144712458.50841844,63,0,71.0,0,0
1a81e9fc-ab24-4316-b3f2-d1a0f242d219,Female,56,Suburban,1,0,Month-to-Month,Standard Connect,Credit Card,1,48.35783637656097,124494540.40026677,59,3,55.0,0,0
3033a49a-d88a-4759-80a1-3e96db62588e,Female,51,Suburban,0,0,Two Year,Standard Connect,Digital Wallet,0,72.9859948180325,233199362.82578656,65,2,46.0,0,1
afab9fb6-eaae-4735-af86-3d9f12c9ec9e,Male,36,Urban,1,0,Month-to-Month,Standard Connect,Mailed Check,0,93.2606980174326,250724388.4575,50,1,135.0,0,1
6c8e4d7d-2d4a-4a23-99f8-fedad52cd70f,,24,Urban,1,0,One Year,Premium Connect,Mailed Check,1,102.24535092242392,228657739.0543216,63,1,120.0,0,1
843b2c70-1d1b-44d2-8649-0e3abf7ebff2,Female,37,Suburban,1,0,One Year,Standard Connect,Credit Card,0,110.49732624042878,4419.893049617151,40,2,108.0,1,3
09ddec06-e2a9-475b-9551-766938086c2c,Male,22,Urban,0,0,One Year,Premium Connect,Bank Transfer,1,104.00743627844246,232139690.3725255,34,1,143.0,0,1
0053b7fa-07f8-47eb-9e88-8fcc92fea849,Female,26,Urban,1,0,Two Year,Basic Connect,Credit Card,1,58.07228018231305,122873945.42751504,62,1,80.0,0,0
22e2f4e4-1e36-44b2-85c4-cf483d4122ff,Female,31,Suburban,0,0,Two Year,Basic Connect,Digital Wallet,1,37.69831981377217,111424151.96119145,36,4,25.0,0,3
3176e4bd-a509-4be7-a130-36a3b2167a28,Female,79,,0,0,One Year,Basic Connect,Credit Card,1,64.08552025648723,124678325.9135643,58,3,78.0,0,0
70943fd1-03de-4b9b-84a6-f5c302cd1193,Male,24,Urban,1,0,Month-to-Month,Standard Connect,Credit Card,1,79.08227061289098,206141742.7003789,59,2,64.0,1,1
7891eff5-a097-45e1-baee-3894e8eae8e9,Male,68,Suburban,0,0,Two Year,Premium Connect,Bank Transfer,0,64.08552025648723,196786918.30240127,40,1,91.0,0,3
3c80af77-1e59-4cfa-b543-b0778e841b60,Female,84,Urban,1,0,One Year,Basic Connect,Digital Wallet,1,61.18834016408643,155495204.93836567,62,2,40.0,0,0
232f15f1-84bb-44a9-9ec8-368f7c4cb308,Female,60,Suburban,0,0,Month-to-Month,Premium Connect,Digital Wallet,1,96.90355395347062,183074164.3813924,36,4,111.0,1,1
29fec6a4-fe91-4323-b7f5-feb855a3ea57,Female,80,Suburban,1,1,Two Year,Basic Connect,,0,22.87319858183289,1075.040333346146,47,3,22.0,0,3
26311885-3b3e-4099-80cd-52643663296b,Female,47,Urban,0,0,One Year,Standard Connect,Credit Card,0,95.24838292395252,6572.138421752724,69,4,82.0,0,0
bec08afc-2523-4650-9dba-19ebfcbf9368,Male,71,Suburban,1,0,One Year,Premium Connect,Bank Transfer,0,126.0942691066756,287529963.2474245,59,1,137.0,0,1
01cd5e38-d761-49e5-be93-304e84cba21a,Female,58,Rural,1,1,Month-to-Month,Basic Connect,Mailed Check,1,20.0,50749165.25344071,68,1,27.0,0,0
ae06876b-6c1f-45fd-9f76-8c987797ad51,Female,71,Urban,1,1,Month-to-Month,Premium Connect,Credit Card,0,102.75199866498176,202951315.3584897,35,4,71.0,0,1
153f190e-9477-431b-9285-466fdc51c862,Female,57,Rural,0,0,Month-to-Month,Standard Connect,Credit Card,0,51.67942546857635,3152.4449535831573,61,1,57.0,0,0
dae522a2-38a0-4ce9-accc-b9e2e6fb7d48,Male,63,Urban,1,1,Month-to-Month,Premium Connect,Credit Card,0,97.71294019280931,220860490.7399317,53,1,65.0,0,1
dee09711-853d-4d41-8a7d-31fde33c4305,Male,63,Urban,0,0,One Year,Standard Connect,Credit Card,0,72.06382963929448,176998040.06459847,41,3,89.0,0,3
b7d5bd87-89d8-45bb-af6c-15e2bd4f6086,Male,77,Urban,0,0,Month-to-Month,Premium Connect,Credit Card,1,82.40702536843524,147192400.11556324,36,0,46.0,1,3
a028e8ae-f2e1-416e-bb3b-27cf8540125e,Female,53,Urban,0,0,One Year,Premium Connect,Digital Wallet,1,127.15975571978646,245102345.8702345,46,1,150.0,0,1
d9c081c3-3637-4b53-98a1-b2dac6303433,Prefer not to say,43,Urban,0,1,Month-to-Month,Basic Connect,Bank Transfer,1,20.0,45473158.41779975,63,0,64.0,0,0
627ed262-125f-436d-8039-969985a2a014,Male,42,Urban,0,0,One Year,Premium Connect,Credit Card,0,100.20959281830018,320797649.6180335,48,1,130.0,0,1
76dca5e0-eebe-4920-a8bf-f6f8a578a8a6,Female,51,Urban,0,0,One Year,Premium Connect,Mailed Check,1,277.2969125151285,193982145.012913,45,26,693.8993893,0,2
aa010e05-3232-4664-8fdc-7fa542a56a2a,Male,19,Rural,0,0,Month-to-Month,Standard Connect,Digital Wallet,1,87.43584606510083,230642501.8197457,39,1,60.0,0,1
680ce690-8c3b-4e8f-8580-c780c4f1e357,,28,,0,1,Month-to-Month,Standard Connect,Mailed Check,1,72.61417028999442,113343741.7112145,43,1,72.0,0,3
e1768a0c-a538-4379-8c2b-773d0185fb91,Female,66,,0,0,Month-to-Month,Basic Connect,Credit Card,0,49.83362969432763,98798287.41340312,46,1,33.0,0,3
81cff71f-dbfc-4a91-9d48-c65c24099159,Female,54,Suburban,1,0,Two Year,Standard Connect,Bank Transfer,1,54.0977570421796,2975.3766373198782,55,2,64.0,0,0
67c8e0c6-94f1-4725-9ccc-ddf9f3d2d526,Female,51,Urban,0,0,Month-to-Month,Standard Connect,,1,85.69039327158966,192360287.16218528,35,1,89.0,1,1
c4aead75-50c2-42ae-bc84-26b9f9a198d2,Male,68,Rural,0,0,One Year,Standard Connect,Mailed Check,1,84.03872078930092,180083170.06776267,67,3,54.0,0,0
f91725d1-e2be-4e39-8336-7586465c9d89,Male,51,Suburban,1,0,Two Year,Basic Connect,Bank Transfer,1,48.17933415534522,2553.5047102332965,53,4,57.0,0,0
c78ff1b2-179f-4761-8391-057e2bc9fd5d,Male,57,Urban,1,1,Month-to-Month,Premium Connect,Digital Wallet,1,112.53235862409316,209178585.7207713,62,1,148.0,0,1
624dbc66-1d6a-47dc-a7a0-dcfb7874fe84,Female,34,Urban,1,1,One Year,Basic Connect,Credit Card,1,40.40648926703414,73642553.75419956,41,4,64.0,1,3
30cdf4f0-feb7-4e2b-a032-167af05f6273,Female,57,Rural,1,1,Month-to-Month,Basic Connect,Digital Wallet,1,79.60953994751483,258702570.83224308,43,1,113.0,0,1
4069b589-b163-41af-a279-c1dc70c5a914,Male,73,Urban,1,0,Two Year,Basic Connect,Digital Wallet,1,38.24821110029608,69955640.00345206,55,2,29.0,0,0
78f021e3-d703-48a3-ba04-caaa95d5c78e,Male,71,Urban,0,1,Month-to-Month,Standard Connect,Credit Card,1,94.4468652498388,189667527.7300419,67,1,80.0,0,1
eec655f0-e92c-4445-960f-178c2e03f1d2,Female,48,Urban,0,0,One Year,Standard Connect,Mailed Check,1,73.40917450989721,186328869.48774743,66,2,87.0,0,0
18799813-1f5b-4b5e-91b6-4942d76ed43b,Female,35,Rural,0,0,One Year,Standard Connect,Credit Card,1,40.10056081148627,104820166.1375784,49,1,26.0,0,3
e4750152-c7b8-4752-b67b-c4de649417bb,Male,42,Urban,0,0,Two Year,Standard Connect,Credit Card,1,71.22556866751644,178453086.56914726,49,1,47.0,0,1
fe177962-4fe5-46ff-955a-f1ad6cedaa1b,Male,67,Urban,1,0,Two Year,Standard Connect,Credit Card,1,75.23954925267029,165878481.62884066,40,1,92.0,0,3
205b01f3-d5b7-4216-bec8-256d1a0d1a1f,Male,69,Suburban,0,0,Month-to-Month,Standard Connect,Mailed Check,1,73.91958587698036,141470775.3959052,60,0,83.0,0,0
fdacfcfe-12cf-4ff6-9c0e-8b6779ab630d,Female,41,Rural,1,0,Month-to-Month,Standard Connect,Credit Card,1,48.97405415932644,131627160.52850775,39,1,64.0,0,3
19a9653b-549d-4e48-8d17-4805fc92020d,Male,51,Urban,0,0,One Year,Standard Connect,Bank Transfer,0,63.02864166698554,134816815.07622755,55,2,64.0,0,0
273772b4-46b3-449e-bbf1-0de40859cd2e,Female,41,Urban,1,1,Month-to-Month,Standard Connect,Credit Card,1,66.43768443409279,131671754.42557608,55,2,71.0,0,0
aee3b185-f1e5-4b57-a775-50ea2b11b116,Female,67,Urban,1,0,Month-to-Month,Standard Connect,Digital Wallet,0,78.91186028359638,172289469.6737336,60,4,81.0,1,1
65e51d81-fd99-482c-a4e6-52c86f2e68ca,Male,58,Suburban,0,1,Month-to-Month,Basic Connect,Credit Card,1,20.421748492266104,50094437.7489949,65,1,17.0,0,0
f20a8c74-8eaa-4bff-aee7-cf4e602bbcae,Female,81,Urban,1,0,Month-to-Month,Basic Connect,Credit Card,1,39.06019720043162,61765329.50538954,66,2,36.0,1,0
81a8e076-e8f1-4ca4-b8bd-eed6b3072d52,,44,Urban,0,0,Month-to-Month,Premium Connect,Mailed Check,1,99.6939994325488,148879723.3053716,52,1,61.0,1,1
0421caba-c33f-446e-9695-830191d7f5bc,,61,Urban,0,0,Month-to-Month,Standard Connect,Digital Wallet,0,80.08367097768073,163729925.5585286,64,0,92.0,0,0
f0616a64-1abe-4ad8-a2fb-9f2d0006ba67,Male,53,Suburban,0,0,Month-to-Month,Basic Connect,Bank Transfer,1,64.08552025648723,117095448.63857676,44,1,56.0,1,3
8210e502-f83a-40c3-ab9b-06a51627c7c0,Female,42,Urban,0,0,Month-to-Month,Standard Connect,Credit Card,0,71.54926498165837,4149.857368936186,58,1,101.0,0,0
5fc8959b-f822-400d-9a72-a4cc0f8f8d27,Female,84,Urban,1,0,Two Year,Basic Connect,Credit Card,1,46.83080940786205,139789154.84868857,40,0,47.0,0,3
311a3f3b-3b14-4d37-a331-279d240e6473,Male,74,Urban,0,0,Month-to-Month,Standard Connect,Bank Transfer,1,66.14379701038207,103637014.96142934,66,3,92.0,0,0
c668e89c-7686-4c66-92b9-a734c6bca692,Male,46,Rural,0,0,One Year,Premium Connect,Mailed Check,1,58.88340370769828,123337339.46593522,41,1,45.0,0,3
21d411a2-5f62-46d2-833f-0ad288ed6264,Male,51,Urban,0,0,Two Year,Premium Connect,Bank Transfer,1,461.3776479928247,200217047.6986858,34,20,64.0,1,2
e39f5181-103d-4eb2-97eb-3cedd9ee4880,Male,72,Rural,0,0,Month-to-Month,Standard Connect,Mailed Check,1,79.29422821186436,114958262.44045262,43,3,55.0,1,3
2d2c4295-ba3f-4283-9143-294b05e2195c,Female,79,Suburban,0,0,Month-to-Month,Premium Connect,Credit Card,1,115.81062586660414,351233594.30119705,66,2,153.0,0,1
f83f79da-4e1a-4064-b242-1e043076f6cd,Male,72,Suburban,1,1,One Year,Basic Connect,Credit Card,1,59.131471667325215,164197730.40002248,35,2,56.0,0,3
62330e82-6dc2-43d0-90df-1408c1b23244,Male,71,Urban,0,1,One Year,Premium Connect,Bank Transfer,1,109.67884393309076,246409524.88332823,34,2,62.0,0,1
fd8678dc-4d6c-492d-b3e0-15def7b1d696,Male,49,Urban,1,1,Month-to-Month,Premium Connect,Credit Card,1,69.68560498661125,173067450.1584652,59,1,80.0,1,0
d274ff21-a11f-4607-a7e0-c6be50f30012,Male,73,Rural,1,0,Month-to-Month,Premium Connect,Bank Transfer,1,95.53428303828098,171018435.36941823,51,2,114.0,0,1
acf74669-7782-4e22-9e5a-2606741ac8fb,Female,66,Suburban,1,0,Month-to-Month,Standard Connect,,1,58.41515927530584,179199696.98741886,45,3,34.0,1,3
58265f24-9a31-4cbc-b51b-83ff1cf14962,Male,78,Urban,0,0,Month-to-Month,Premium Connect,Credit Card,1,78.30075505517837,122859879.44155648,66,2,58.0,0,0
c95a0bb2-5601-4868-87d7-87535d4c1e92,Female,49,Rural,1,0,Month-to-Month,Standard Connect,Bank Transfer,1,67.01056388573059,152640488.42820987,58,1,68.0,0,0
ffb0479a-7ac6-47a4-9be7-7d7ec8d8086b,Female,83,Urban,1,0,Month-to-Month,Standard Connect,Credit Card,0,77.31906053001389,224121108.7308482,47,3,44.0,0,1
fdf5f40a-f8c2-4738-a9b3-e421bac74aa8,Male,20,Rural,1,1,Two Year,Premium Connect,Credit Card,1,84.66712272487851,2963.349295370748,35,1,75.0,0,3
acf6084c-e89c-4a7a-b65a-fd8e300cda70,,25,Urban,1,0,Month-to-Month,Basic Connect,Credit Card,1,64.08552025648723,59722981.80621039,39,1,33.0,1,3
62cbf965-58c5-46f5-a0bb-3d092f541f3b,Male,79,Suburban,0,0,Month-to-Month,Basic Connect,Credit Card,0,62.73585740995217,3701.415587187178,59,1,59.0,0,0
1b887887-1b47-4327-9b09-dcf59a090ae2,Male,84,Suburban,1,0,Month-to-Month,Basic Connect,Bank Transfer,1,41.76303383200639,107362392.0496394,63,3,29.0,1,0
fcf9197c-5ea8-48d3-aee4-e213f80a47e4,Female,32,Urban,1,0,One Year,Premium Connect,Credit Card,0,75.06669521085962,121358059.1419452,67,4,43.0,0,0
f37e37ee-8bd0-4a12-97a9-6e13ab55146b,Male,72,Rural,1,0,Two Year,Basic Connect,,1,29.43346420179613,79082901.69336466,64,2,25.0,0,0
c7ba6d54-f169-4fa5-b856-5ad0ade82dc7,Female,84,Urban,0,0,Month-to-Month,Premium Connect,Bank Transfer,1,108.35933396239726,4659.451360383082,43,2,67.0,0,3
af219f21-8030-4edf-ba04-2798fb712373,Male,72,Urban,0,0,One Year,Premium Connect,Bank Transfer,0,110.13548949431087,245722212.1832288,69,1,159.0,0,1
ea9e60dc-00ae-468d-b4da-44b42c5a1b20,Male,71,Urban,0,1,Month-to-Month,Basic Connect,Credit Card,0,23.930312558151456,40484127.61352105,60,1,26.0,0,0
6c2348b9-dbdc-457e-bef1-ff19e4594729,Female,82,Urban,1,0,One Year,Basic Connect,Bank Transfer,1,43.690738192774425,2097.1554332531723,48,0,47.0,0,3
323044f1-6eb6-4f3b-8369-0e50430ff84b,Male,62,Suburban,1,1,Month-to-Month,Standard Connect,Bank Transfer,1,47.11270657492915,78566808.78280593,63,1,74.0,1,0
6c183132-6afc-4c44-9ae3-f0d890c65e57,Female,19,Suburban,1,1,Month-to-Month,Standard Connect,Credit Card,1,82.48891707069684,131928210.1467026,36,1,53.0,1,3
619fbbf5-01c2-48d8-b594-853f827baf0c,Male,24,Rural,0,1,Month-to-Month,Basic Connect,Digital Wallet,0,20.0,680.0,34,4,34.0,0,3
6b443b37-2566-4191-99c4-a7904afaf866,Male,51,Urban,1,1,Month-to-Month,Basic Connect,Credit Card,1,37.65794249661626,69894871.46174398,63,1,59.0,0,0
f382d63e-6cc6-4fde-ae3f-ace2fca8ed04,Male,32,Urban,0,1,One Year,Premium Connect,Mailed Check,1,64.08552025648723,381884030.9389784,45,6,96.0,0,1
00ef4db8-e865-497e-9bb7-ebaaadfb2792,Female,70,Urban,1,0,Month-to-Month,Standard Connect,Bank Transfer,1,54.32033099109153,2770.336880545668,51,5,64.0,0,0
97c07f13-1d2c-42dc-ad88-71e7475bf67c,Female,30,Urban,1,1,Two Year,Standard Connect,Credit Card,0,50.83718354431208,96338553.349443,41,0,57.0,0,3
c1975ca3-5591-462c-8313-803f56c0316c,Female,60,Urban,0,1,One Year,Basic Connect,Bank Transfer,0,47.50316907058063,134643305.8676949,46,1,58.0,0,3
c2bab6a2-c54d-4fed-9ac5-0b750af8fdfd,Male,36,Suburban,0,1,One Year,Premium Connect,Bank Transfer,1,92.86248045111016,218331920.0494251,65,0,58.0,0,1
f42ceb83-f6b5-4f17-8bda-977a5bd2b996,Male,64,Urban,1,0,Month-to-Month,Standard Connect,Credit Card,1,79.98565437298596,200158271.0268656,46,2,64.0,0,1
29a451fc-ae1e-4b4e-8557-99018d83a54b,Female,39,Suburban,0,1,Month-to-Month,Standard Connect,Bank Transfer,1,56.53998375198411,151143567.1932747,67,0,35.0,0,0
14b40635-f194-4030-a757-7b17c83cc957,Female,76,Suburban,0,0,Two Year,Premium Connect,Digital Wallet,0,109.33360559473594,298763675.8364001,55,1,107.0,0,1
74531538-e6bf-4a0b-855a-08de14ee8b33,Male,55,,0,1,Two Year,Basic Connect,Credit Card,0,22.349666864102325,64140079.30439629,68,1,33.0,0,0
7c16ec95-0cda-43e3-aa54-c86281a7c2a6,Male,81,Rural,0,0,One Year,Premium Connect,Bank Transfer,1,114.90207051025088,217876474.07901588,60,5,64.0,0,1
a87336d3-006b-41f8-ad1d-f2293bd7c783,Female,66,Urban,1,0,Month-to-Month,Basic Connect,Credit Card,1,39.67729751818134,77601653.89348468,48,1,64.0,1,3
d739f93c-6826-45d3-97dc-24fb5449d4af,Female,22,Urban,0,1,Month-to-Month,Basic Connect,Bank Transfer,1,42.495331231813104,77360083.05541562,38,1,64.0,0,3
2c7aef85-428a-4418-87cb-51ddf61564be,Male,55,Suburban,1,0,Two Year,Standard Connect,Digital Wallet,0,85.77149903280055,232166684.0162979,46,1,58.0,1,1
a930acff-1fa4-4e8f-b66f-97ab611a591c,Female,79,Rural,1,0,Month-to-Month,Premium Connect,Bank Transfer,1,137.52803981607784,299049224.6404352,68,1,185.0,0,1
cc2fb144-2c97-4e9e-ad22-8da69d3a9f3a,Male,36,Urban,0,0,One Year,Premium Connect,Mailed Check,1,101.135445896922,198696072.37048995,54,1,150.0,0,1
8ab374dd-5c0d-4e46-8526-ca4d5623c559,Female,47,Urban,1,1,One Year,Basic Connect,Digital Wallet,1,23.22857729893225,1602.7718336263254,69,1,18.0,0,0
e1e6d7fd-137b-44ad-af83-4b490d86adfa,Female,51,,0,1,Two Year,Basic Connect,Credit Card,1,56.21605607185264,90179397.55530046,45,2,87.0,0,3
a5384bc4-678c-4c7a-84d1-5bac6ab17896,Male,35,Urban,0,0,Two Year,Basic Connect,Bank Transfer,0,31.59491290021426,70641270.83598082,57,2,23.0,0,0
bcec6d3e-9fc6-45cc-acc9-a438bc254474,Female,60,Rural,1,0,One Year,Basic Connect,Bank Transfer,1,63.082583113578174,193435572.29144627,62,0,90.0,0,0
db5b5723-2ffd-44dc-be14-5d25db8e41fd,Female,18,Urban,0,0,Two Year,Standard Connect,Digital Wallet,1,85.97991556339534,144901578.94924468,46,1,100.0,0,1
5cf3b692-9bbf-4cd8-a112-a5273280b37d,,82,Rural,1,0,Month-to-Month,Standard Connect,,1,54.22326647951265,139911138.49676707,42,1,67.0,0,3
d3bcefde-1463-4daa-afd5-c45550946c82,Prefer not to say,57,Urban,1,0,Month-to-Month,Premium Connect,Credit Card,1,123.46835436072412,286502344.1501643,44,4,64.0,0,1
34418766-83e2-42b2-9ec5-9fc7cb2cb7b9,Male,51,Suburban,0,0,Month-to-Month,Standard Connect,Credit Card,1,80.64112551570497,178909660.90794826,37,1,91.0,1,3
7b56f55d-03a7-4bf0-9949-3b024c93a716,Male,60,Urban,0,0,Month-to-Month,Basic Connect,Credit Card,0,41.5490892410032,124470898.05341148,50,1,51.0,0,3
6822edc4-ec79-44e2-ab0a-737ca2f4f2cc,Female,58,Urban,0,0,One Year,Standard Connect,,1,63.284796653629776,99931585.60456316,69,3,64.0,0,0
4a44a965-2f42-4e77-8676-fcfb8b04cff9,Female,59,Urban,1,0,One Year,Basic Connect,Digital Wallet,1,30.96268830360892,56578695.50830365,54,2,39.0,0,0
5ab03959-778d-46b2-8bd3-1251dc33c7ab,Male,43,Urban,1,1,Month-to-Month,Premium Connect,Credit Card,1,95.2466876340612,239903604.59675065,53,1,55.0,0,1
3ad48130-ced4-4d81-a494-49afb1020d93,Female,23,Urban,0,0,One Year,Basic Connect,Credit Card,1,35.12075764327231,64615263.06362736,50,3,52.0,0,3
54e2f753-01a0-4e79-b773-c14b8799f997,Female,45,Rural,0,1,Month-to-Month,Basic Connect,Bank Transfer,0,50.17573377672477,73276586.44207887,41,0,57.0,1,3
06c4e59b-2dcc-4400-8cbf-c7345a637a6d,Male,38,Suburban,0,0,Month-to-Month,Standard Connect,Bank Transfer,1,59.80033158234152,95094489.26877992,46,1,79.0,1,3
af821fab-9240-4757-a29a-8b82160b70cc,Female,74,Suburban,0,1,One Year,Basic Connect,Credit Card,1,54.74322706439581,2463.445217897812,45,3,36.0,0,3
9d69f360-99fe-48f6-b7a6-cbe7bd3cb679,Male,84,Urban,0,0,Month-to-Month,Premium Connect,Bank Transfer,1,108.69633056477252,321786978.37518823,66,1,125.0,0,1
a5f33fc8-5d49-4472-b27b-2f07282f73c1,Female,65,Urban,0,0,Month-to-Month,Standard Connect,Bank Transfer,0,65.02074973732422,199441482.737252,54,1,46.0,0,1
cda11a62-a2c9-46c4-91a2-a6e996539512,Male,32,Urban,0,0,Two Year,Basic Connect,,1,22.622760103480687,49591398.5686475,49,1,17.0,0,3
aae0655c-0b80-4984-8786-7677e482789c,Female,45,Urban,0,0,Month-to-Month,Basic Connect,Bank Transfer,1,37.84589908102341,111465436.15700598,52,3,46.0,0,0
7a61038c-3954-4267-82b6-ba7ae2bbc2bd,Female,25,Suburban,0,0,Month-to-Month,Premium Connect,Bank Transfer,1,92.37409123653156,251600863.2014896,57,2,128.0,0,1
981ef3e6-48a7-4388-8223-684ddea6f2c7,Male,33,Rural,0,0,Month-to-Month,Standard Connect,Bank Transfer,1,66.11698882211618,189945466.2539456,68,2,69.0,0,0
90caba70-3ca5-4308-b2ee-33c68f4dc2ef,Female,28,Rural,1,0,Month-to-Month,Basic Connect,,0,49.04857007700706,136388830.85970086,55,3,55.0,0,0
edb017ef-e6c9-4a93-bcc4-0fa044308465,Male,68,Urban,0,1,Month-to-Month,Standard Connect,Credit Card,1,91.51769557340826,230057227.14404115,59,0,141.0,0,1
c0e1ef03-d3e3-40d1-b9c3-0a00df09d79c,Male,65,Rural,0,1,One Year,Standard Connect,Digital Wallet,0,55.9768336747694,88189888.81337014,66,2,80.0,0,0
e2043193-c092-4c43-bf47-a8f66fe5c937,Female,35,Suburban,0,1,Month-to-Month,Premium Connect,Credit Card,1,77.74390655781154,216193654.1164953,40,1,45.0,0,1
22688ca9-4044-4680-be2c-95d6eea5b96e,Male,46,Suburban,1,0,Month-to-Month,Basic Connect,Credit Card,0,40.04254212077491,112724100.41231108,53,2,64.0,0,0
4909288c-dfc3-4e9b-b690-5174c6531199,Female,45,Suburban,0,0,Month-to-Month,Premium Connect,Credit Card,1,87.22731869615413,209616876.0250505,34,1,120.0,0,1
4d1ae9d8-16dc-434f-b1c7-f076e0b5f3fb,,20,Urban,0,0,Two Year,Basic Connect,Credit Card,1,27.05172317330913,59691671.7686476,46,3,44.0,0,3
815ec921-e7a0-422c-9ddb-2933a0e7023b,Male,28,Suburban,1,0,One Year,Premium Connect,Bank Transfer,1,100.37812454477049,240045681.0445236,34,2,78.0,0,1
3ae6a11d-7b17-4113-bd6f-e270ce75f7a6,Male,22,Rural,1,1,Month-to-Month,Basic Connect,Digital Wallet,0,32.76026015211756,93768698.84122431,51,2,27.0,0,3
219d2b76-3f06-4b77-a1da-a2a71f7d1183,Male,51,Suburban,0,0,Two Year,Basic Connect,Bank Transfer,1,29.58346021190552,78267095.42864394,40,2,64.0,0,3
49fcbc80-3980-4fd5-bd07-3015bcab6210,Male,29,Rural,1,0,Two Year,Basic Connect,Credit Card,0,47.2158612145486,78236485.7355512,55,2,31.0,0,0
a2e68747-c072-4a66-8bf5-29c83f1febfe,Female,33,Urban,1,0,One Year,Standard Connect,Bank Transfer,1,57.43050394048534,168301639.6988392,56,4,77.0,1,0
338cbe0d-7abf-45b8-8741-58b6d7079f3c,Female,34,Suburban,0,1,One Year,Standard Connect,Digital Wallet,1,70.50192846890012,109354078.9663986,53,1,64.0,0,0
b2a3ffcd-4bcd-44e9-bb8e-a27f0eccf085,Female,44,Suburban,1,0,Month-to-Month,Standard Connect,Credit Card,0,65.52037557499789,3210.4984031748963,49,0,64.0,1,3
38649044-42d2-42b1-8bd4-2bcbd57788ed,Female,78,,1,0,One Year,Basic Connect,Digital Wallet,0,20.0,33757367.67959421,35,4,28.0,0,3
6d759899-90e6-43e2-aa80-4e9e1ed83c4e,Prefer not to say,51,Urban,1,1,Month-to-Month,Premium Connect,Mailed Check,1,97.68254988291648,286582498.568471,59,2,106.0,0,1
145358d2-33ad-431b-9f87-1f233bdc5d02,Female,75,Suburban,1,0,Month-to-Month,Basic Connect,Bank Transfer,0,30.85384715837966,77724223.15407147,47,4,29.0,0,3
51f8447e-fbff-4115-954f-b07d5064bb2c,Male,20,Urban,1,0,One Year,Premium Connect,Credit Card,0,118.63892370206425,214987486.0826008,34,1,74.0,0,1
e0a4e26b-dd87-4f58-855c-72d0fe518a4e,Male,75,,1,0,One Year,Standard Connect,Credit Card,1,76.28908592451464,214080089.50116923,47,4,99.0,0,1
a872a12d-3412-4d9c-a7fd-0aa3f3eb19cd,Male,19,Urban,0,0,Month-to-Month,Premium Connect,Credit Card,1,100.07292842864204,216374992.7854323,34,2,63.0,0,1
e6b4f47e-d5cc-4233-b298-609520cba60d,,79,Urban,1,0,One Year,Premium Connect,,0,82.79801664671471,204900077.6241429,42,0,56.0,0,1
59dffb92-406d-48f3-a7e2-cd04e2d509ea,Male,30,Suburban,1,0,Month-to-Month,Basic Connect,Credit Card,1,64.08552025648723,2499.335290003002,39,1,30.0,0,3
34bbdc5b-ed81-4eff-a3a2-0f8d8e35440e,Male,35,Urban,1,1,Two Year,Basic Connect,Credit Card,1,54.02438404991163,134619811.426182,60,1,54.0,0,0
469bb0b1-e2d6-4d5a-9215-2746900f4759,Male,50,Suburban,0,0,Month-to-Month,Standard Connect,Credit Card,1,53.32432160298746,164568582.52301946,64,2,55.0,1,0
480d9d87-9bdd-44c4-8942-69e9e6255957,Female,54,Suburban,0,0,Month-to-Month,Basic Connect,Credit Card,0,35.740029129358426,108019316.86142728,52,1,27.0,0,0
3e445ee2-1997-4e99-8cef-93570a8af3e9,Male,18,Suburban,0,1,Two Year,Basic Connect,Bank Transfer,1,37.09311622266884,69494996.79472476,49,2,52.0,0,3
b09f93ce-acab-4f03-bc40-a3830edf3c06,Non-Binary,51,Urban,1,0,Month-to-Month,Basic Connect,Mailed Check,0,50.07972234667986,144996780.71415555,42,2,64.0,0,3
d6c4040d-7c0c-4be8-a33e-8e98a0cfa73e,Female,32,Suburban,0,1,Month-to-Month,Basic Connect,Credit Card,1,37.03805696374668,1407.446164622374,38,2,53.0,1,3
79fb1187-dadb-408f-b05c-8fc4619c910f,Male,74,Urban,1,0,One Year,Premium Connect,Credit Card,0,87.54933471486639,167556234.26343697,41,3,127.0,0,1
3725a905-5e3a-4118-8773-f6373767c76f,Female,74,Suburban,0,0,One Year,Premium Connect,Bank Transfer,0,105.96205437067748,308812094.0315057,64,1,64.0,0,1
865a2385-adff-42d0-87f1-e63c7d9e999d,Female,63,Urban,0,0,Month-to-Month,Basic Connect,Credit Card,0,46.633645361345,94446015.48995958,44,0,42.0,0,3
83e56f58-14b3-439a-ae5a-9d507b2958a9,Prefer not to say,27,Rural,1,0,One Year,Premium Connect,Credit Card,0,92.74188793673834,224011215.7099677,63,1,94.0,0,1
b61f29e0-7ac3-4001-b430-947e79dc73c2,Female,46,Rural,0,0,One Year,Basic Connect,Digital Wallet,1,51.3418218112659,95195543.23228712,37,2,49.0,0,3
313c8f1a-1856-459f-8052-1a8b30b5875a,Male,64,Urban,0,0,Month-to-Month,Standard Connect,Credit Card,0,63.42565734473958,152518169.95191035,49,2,54.0,0,3
85d21d7d-3e0b-4e79-a321-ee59534197bb,Female,51,Urban,1,0,One Year,Basic Connect,Digital Wallet,1,20.09495027275392,62414533.89158291,65,3,26.0,0,0
18c54fc8-ee72-44eb-a8aa-5e30bbdf1d81,Male,81,Suburban,1,0,Month-to-Month,Basic Connect,Digital Wallet,0,48.33277430562582,98844412.67713434,45,1,31.0,1,3
d4e5e8a7-6601-4a8d-bf29-7082463ee49b,Female,61,Urban,1,0,Month-to-Month,Premium Connect,Bank Transfer,1,102.11112779044664,239415433.2017963,65,2,121.0,0,1
4779fb79-1002-4484-a80e-83ba8b9e3748,Male,79,Suburban,0,0,One Year,Standard Connect,Credit Card,1,68.08747240732978,175181802.65004835,35,1,98.0,0,3
20cd31b1-8d0c-4d01-9ae0-5edb0ac40a89,Female,81,,0,0,Month-to-Month,Premium Connect,Digital Wallet,0,98.30432750063768,230917005.79098487,49,0,69.0,1,1
4e14d562-b7d9-4590-bb4e-56e72a598ed3,Male,50,Suburban,0,0,One Year,Basic Connect,Bank Transfer,0,48.54048783046672,117782941.58790898,51,1,34.0,0,3
9dc388de-fed6-43b3-8ac3-0b29d80b33d1,Male,68,Rural,1,1,Month-to-Month,Premium Connect,Credit Card,1,97.18360600885818,240640317.9913884,58,2,147.0,0,1
e73ac108-aebf-44be-b446-bbf0e5cdcf91,Male,42,Rural,0,0,Month-to-Month,Premium Connect,Bank Transfer,1,111.53964644277596,336573361.5748819,52,1,147.0,1,1
5ce80e67-8f9e-4d96-9407-7336f9faa909,Male,40,Suburban,0,0,One Year,Premium Connect,Credit Card,1,64.08552025648723,272914444.8913576,34,1,127.0,0,1
2f0e6332-63c4-4377-adef-bc4b649085f0,Female,25,Urban,0,0,Month-to-Month,Standard Connect,Bank Transfer,1,71.7697418068167,112448403.88361876,63,1,98.0,0,0
276b45a5-b286-469a-929a-36b260c9eaa6,Female,84,Urban,0,1,Two Year,Premium Connect,Bank Transfer,1,86.67257389848649,233962299.3594669,60,2,80.0,0,1
c302311b-8697-4b46-aa63-6a58367e90f9,Male,43,Urban,0,1,Month-to-Month,Basic Connect,Bank Transfer,1,33.85307036390131,100362237.59092475,62,4,26.0,0,0
ee9e7939-f2f3-4f33-bb32-6c78cd6675f5,Male,67,Suburban,1,1,Month-to-Month,Premium Connect,Credit Card,1,108.876193143058,6314.819202297364,58,1,149.0,0,0
789975ca-7dfe-406e-9406-37212334527f,Female,27,Suburban,1,0,Month-to-Month,Standard Connect,Credit Card,1,50.86202653509244,136298338.42643088,37,1,71.0,0,3
4e41737f-aed9-44ed-9e87-5fcdad440140,Female,51,Urban,1,0,Month-to-Month,Standard Connect,Bank Transfer,1,55.37683885565678,124912474.44438934,60,1,70.0,1,0
1ecc8239-4212-40ff-8efc-749af07f80d8,Female,84,Urban,1,0,One Year,Basic Connect,,1,44.59146310180476,2987.628027820919,67,1,57.0,0,0
4de8ef49-0436-476c-9250-933602e37d4a,Male,67,Urban,0,1,Month-to-Month,Basic Connect,Credit Card,0,38.3890797848064,104935563.92822772,53,5,59.0,0,0
38142037-78b8-4e86-97fb-23dcd696324c,Prefer not to say,83,Urban,0,1,Month-to-Month,Basic Connect,Credit Card,1,31.195536769258585,70452700.72809547,34,3,27.0,0,3
da8b2f80-10f5-4e02-ab99-dd9481cabe8d,Male,41,Urban,1,0,Month-to-Month,Standard Connect,Credit Card,0,53.18803164119047,96191903.60325204,57,3,77.0,1,0
8b005d87-371d-448e-8c2c-8391f9ae367c,Female,23,Urban,1,1,Month-to-Month,Basic Connect,Bank Transfer,0,47.05751978677473,132608164.06915978,58,2,65.0,0,0
997e840b-3015-4d7b-86a8-813115a79e7d,,77,Rural,1,0,Two Year,Premium Connect,Mailed Check,1,107.16147151736789,334562872.65378845,53,1,161.0,0,1
539fbea0-1e39-45de-b4b9-544e03c9d672,,76,Suburban,0,0,One Year,Standard Connect,Digital Wallet,1,72.92071231181733,114989849.17393452,57,0,42.0,0,0
3afbe2ab-9c2d-46a3-99cd-39312e3cde80,Female,48,Rural,1,0,Month-to-Month,Standard Connect,Credit Card,0,64.08552025648723,183137518.7147641,35,0,80.0,0,3
99367455-d06a-49ba-b077-c4b286924781,Male,81,Suburban,0,1,One Year,Premium Connect,Credit Card,1,86.77471154615935,177021612.89193422,53,0,85.0,0,1
d416fd68-e131-4139-9565-cf0b2a8f35c1,Male,33,Urban,1,0,One Year,Premium Connect,Bank Transfer,0,107.67268309917796,212227986.2914385,69,4,64.0,0,1
4bef6f6f-ba4b-4f97-8dc9-01571337010a,Prefer not to say,49,Urban,1,0,One Year,Premium Connect,Digital Wallet,1,140.31889267830343,377249008.23491657,46,0,210.0,0,1
13cbbaea-330e-4d30-a43c-0e7f90c0f155,Non-Binary,32,Suburban,0,0,Month-to-Month,Premium Connect,Bank Transfer,0,90.8645476217215,219487696.2982156,67,1,141.0,0,1
60fe0aa1-89c6-4e0a-a899-af30bbe8f75a,Female,81,Urban,0,1,One Year,Standard Connect,Bank Transfer,1,78.7948050132195,227253505.42490825,49,1,64.0,0,1
91625276-ce4e-4875-82ca-4fddc9627b13,Female,35,Suburban,1,1,Month-to-Month,Standard Connect,Credit Card,0,66.684575456556,183661335.2374789,48,3,104.0,0,1
5fbb19ad-cb7f-4613-9072-ea1dc30ae2a3,Male,46,Urban,0,0,Month-to-Month,Basic Connect,Bank Transfer,1,36.761098317093776,89682277.96138045,49,1,24.0,0,3
f9060fa0-b4f5-4c08-9f43-0914a33c8ecb,Male,54,,1,0,Month-to-Month,Standard Connect,,1,106.614554972736,251194139.6922905,40,1,101.0,0,1
7c2607c5-d9bc-49b0-9341-f7d04f972dbd,Female,66,Rural,1,1,Month-to-Month,Basic Connect,Bank Transfer,1,46.683984792076615,69086765.41592874,44,0,60.0,1,3
1d91a303-1da0-4670-b0f3-5590d3e3b51d,Male,65,Suburban,1,1,Month-to-Month,Basic Connect,Credit Card,1,23.272686530241508,69894581.61241679,66,2,23.0,0,0
2c344e20-82f2-441b-a3bb-781d74920a37,Female,80,Rural,0,0,Month-to-Month,Basic Connect,Mailed Check,1,22.436529325123097,64740813.78930992,48,1,36.0,1,3
0924a30e-53bf-47a6-9720-7ce7af05f609,Male,51,Urban,0,1,Two Year,Standard Connect,Credit Card,0,93.81870919023484,138890432.84422845,61,4,64.0,1,0
4b688d6a-6e2e-40d6-9f5f-5c15c8292a20,Male,77,Urban,0,0,Month-to-Month,Basic Connect,Bank Transfer,1,33.70675056204538,51170086.52543721,34,1,35.0,0,3
b1661d13-68c9-4288-921c-637683dd5088,Male,56,Suburban,0,1,Month-to-Month,Basic Connect,Mailed Check,1,30.03234611607934,72233226.63393135,67,1,28.0,0,0
8eb1bd0d-7c97-4ef9-ae79-5906a2573ba0,Female,51,Urban,0,1,Month-to-Month,Standard Connect,Credit Card,1,50.85978395355263,125929468.64607625,57,1,48.0,0,0
ab430864-e175-4ef0-986a-e5791bf4d92f,Male,49,Urban,0,0,Month-to-Month,Basic Connect,Credit Card,1,64.08552025648723,33379472.33720168,53,0,32.0,0,0
14e81d3e-55ea-4567-b133-f0a0bf35915e,,44,,1,0,Month-to-Month,Basic Connect,Bank Transfer,0,61.63688904852718,168607307.08888263,68,0,77.0,0,0
b5d398f2-9763-4e09-8d31-a84dd531f82b,Female,51,Urban,1,1,One Year,Premium Connect,Mailed Check,1,97.62491974822066,193705071.5634416,54,1,123.0,0,1
8da1e3f1-047e-486b-87a1-46a7f1bac62f,Male,53,Suburban,0,0,Month-to-Month,Standard Connect,Credit Card,1,64.18754843188252,125941015.08873576,37,0,91.0,1,3
71f85beb-00be-4a7d-bec4-299529066441,Female,23,Suburban,0,0,Month-to-Month,Standard Connect,Bank Transfer,1,59.64692766636447,101017137.78297722,55,1,57.0,0,0
54498484-b099-42fb-a32a-d1eee7d13ef6,Prefer not to say,67,Suburban,0,0,Month-to-Month,Premium Connect,Bank Transfer,1,96.11081779244364,240377320.9364052,50,3,76.0,0,1
b108e85d-6f9a-4cc8-ba17-477c90b9177c,Female,84,Suburban,0,0,Month-to-Month,Standard Connect,Bank Transfer,0,64.4893995426252,97044439.8952933,62,1,61.0,1,0
c5908cbe-833c-479f-bd1d-544717ce12ff,Male,50,Urban,0,0,Month-to-Month,Basic Connect,Bank Transfer,1,62.15609737334015,140385103.10035083,34,4,74.0,0,3
1669b4ba-2fdf-4caa-87d1-c6f966bb0c26,Female,51,Urban,1,1,Month-to-Month,Basic Connect,Credit Card,0,50.1429314317212,3058.718817334993,61,1,79.0,0,0
6a9bbc49-8f8c-4f3f-8027-686b82c25a58,Male,57,Rural,0,0,One Year,Basic Connect,Bank Transfer,1,39.33530633258567,93304455.19637088,58,1,50.0,0,0
3d8e40d0-58a6-4939-be4b-9a14ce18f9af,Female,75,Urban,0,0,Month-to-Month,Premium Connect,Bank Transfer,1,101.02567019786568,5758.463201278344,57,3,73.0,0,0
28c31089-ae9c-49de-abb7-7c84d13d5d90,Female,63,Rural,0,0,Month-to-Month,Standard Connect,Credit Card,1,67.08353614777542,175503314.13041577,66,0,64.0,0,0
3c3e6d00-97d9-46c0-af99-375d25ab9369,Female,20,Urban,1,0,One Year,Basic Connect,,1,44.644009843939,2276.844502040889,51,0,49.0,0,3
66600aab-3dfb-40cc-b8d3-f47409d042e8,Prefer not to say,19,Suburban,1,0,Month-to-Month,Basic Connect,,1,20.749942029975475,45148017.08097655,50,0,64.0,1,3
60cd7fdd-41e0-4000-8793-fc76d8d222a7,Male,22,Rural,0,0,Month-to-Month,Standard Connect,Bank Transfer,0,57.750736005607095,124905084.65656224,45,2,64.0,1,3
dbfcbade-7e46-4d4d-aba1-5fb4d75337e8,Male,71,Urban,0,1,One Year,Basic Connect,Bank Transfer,1,53.20286063724207,179408510.0695346,49,1,64.0,0,3
98b2b5e3-ca9c-4451-a5b7-143e7f5e5581,Male,51,Urban,1,1,One Year,Basic Connect,Credit Card,1,447.59303217617526,235834994.6029628,39,23,1169.085863,0,2
1502be69-af76-4b87-a3a4-d64a47c43984,Female,54,Urban,1,1,Month-to-Month,Premium Connect,Credit Card,0,96.43085554231314,188149612.72056228,52,2,98.0,0,1
0ac906cf-7914-428f-9e92-1451f67925e2,Male,56,Suburban,0,0,Month-to-Month,Standard Connect,Digital Wallet,0,80.85724162547962,150467296.73489118,54,0,50.0,0,1
ad149a0e-451f-43de-b0d5-241bb4bfb114,Female,40,Urban,0,0,Two Year,Basic Connect,Credit Card,1,29.44878401214937,62284475.18919335,34,2,33.0,0,3
6ddfce47-4603-4248-b880-faae5ba24e4e,Prefer not to say,25,Urban,1,0,Month-to-Month,Basic Connect,Digital Wallet,1,29.888258106029884,69795656.90537147,54,1,44.0,0,0
612e74e3-a009-454b-812c-5451481ea5e3,Male,35,Rural,0,0,Month-to-Month,Standard Connect,Bank Transfer,0,84.85543040089918,261529950.440338,52,2,103.0,0,1
180b1946-3252-4634-bafa-c915c04e00a2,Male,32,Suburban,1,1,Month-to-Month,Basic Connect,,1,53.87206128195834,109716524.6555032,46,4,64.0,0,3
732a8fff-771d-4b80-951f-7479354348d3,Male,73,,0,0,Month-to-Month,Basic Connect,Digital Wallet,0,32.07964705131582,75005491.26358137,57,1,40.0,0,0
4f977013-b84d-426a-b15f-7eebf35fc671,Male,47,Rural,0,0,Month-to-Month,Standard Connect,Bank Transfer,0,66.17963824055508,189384898.19150057,55,1,64.0,0,1
465551ba-80f3-4ae7-bce4-a9cc542e263b,Female,51,Rural,0,0,One Year,Basic Connect,Credit Card,0,41.849903420860194,95991235.2557848,47,1,64.0,0,3
2072ca40-68dc-43c4-9786-320a293f14da,Female,47,Urban,0,0,Month-to-Month,Standard Connect,Mailed Check,0,77.44309044138015,190198958.02028647,43,2,86.0,0,1
c7953ec4-7927-497d-a212-e68786709bf0,Female,51,Suburban,0,1,Month-to-Month,Basic Connect,Bank Transfer,1,42.30393164281863,75012286.80602042,51,2,31.0,0,3
c4d18a8a-c941-4c9b-9ddd-228444c4c54c,Female,55,Suburban,0,1,Month-to-Month,Premium Connect,Bank Transfer,1,98.50209945625676,306779617.15737087,63,4,89.0,0,1
7dcb96de-2349-4d4c-9adc-84ce1c981e53,Male,60,Urban,0,0,Month-to-Month,Premium Connect,,1,108.49452685415534,219553047.3055997,39,1,114.0,0,1
c8501277-1eb3-4296-9d77-a2b878656160,Male,80,Urban,0,1,Month-to-Month,Standard Connect,Credit Card,1,68.67191433624077,177017209.47093955,51,0,87.0,1,1
ad815f4f-3bf1-4936-8cf2-540baf6d41ab,Male,33,Rural,1,0,Month-to-Month,Premium Connect,Bank Transfer,1,110.15685545777032,259004348.10625303,50,1,125.0,0,1
6a275294-4939-4344-8da7-c051bde1a054,Female,41,Suburban,0,0,One Year,Basic Connect,Credit Card,0,27.631683703519283,66726319.96448927,50,1,44.0,0,3
747f12cc-1b40-43d9-b569-4b29152e85dd,Male,43,,0,0,Month-to-Month,Premium Connect,Bank Transfer,0,101.18595757826375,272011496.52452403,61,1,138.0,0,1
cb1423bc-7517-4ea4-bb20-d5376488ee40,Male,25,Urban,0,0,Month-to-Month,Standard Connect,Bank Transfer,1,70.68810965199224,168668803.36077404,45,1,63.0,0,3
4f69a5d7-aa39-47c2-ad87-f761b49391fd,Male,40,Urban,0,0,One Year,Premium Connect,Bank Transfer,1,64.08552025648723,152872605.67301035,53,1,124.0,0,1
dc6ae894-d7ab-4add-b55f-85813c8d8ef3,Male,52,Urban,0,0,Month-to-Month,Basic Connect,Bank Transfer,0,33.3749997967744,2002.499987806464,60,2,34.0,1,0
0f384a99-dcd1-47aa-900e-9b8d0d476a38,Male,63,Urban,0,1,One Year,Standard Connect,Mailed Check,0,59.13343918337506,107794362.67628248,41,1,42.0,0,3
339e1c53-428f-467a-96c6-9dde8d5605c5,Female,26,Suburban,1,0,Two Year,Standard Connect,Credit Card,1,103.15731158659126,319263235.41904545,56,1,133.0,0,1
494651d8-bd41-4826-8a9c-e9bc23efe200,Male,23,Suburban,0,0,Month-to-Month,Standard Connect,Digital Wallet,1,48.9162139326472,2445.8106966323603,50,3,65.0,1,3
d3e70eea-184d-4467-a6eb-3a8b3d7c4536,Male,52,Urban,1,1,Month-to-Month,Standard Connect,Digital Wallet,0,56.00820202525087,124537415.03626786,35,2,64.0,1,3
0469b8fa-7001-463e-bec5-4b000c31cacd,Female,61,Urban,0,1,One Year,Basic Connect,Digital Wallet,1,25.54485038552901,35382675.58704396,58,0,33.0,0,0
459301b6-1556-44c0-88a4-7a1be882f1e1,Female,43,Rural,0,0,One Year,Premium Connect,Bank Transfer,1,86.03784093631555,132035823.74942473,36,1,74.0,1,3
6d67c220-fa17-46f8-82dc-114bb9c91056,Female,77,Urban,1,0,Month-to-Month,Standard Connect,Digital Wallet,1,59.69218893314685,103048485.56703788,57,2,74.0,0,0
6e24bf07-16f6-4f5f-bea6-c42dddf25d2d,Female,78,Suburban,0,0,Month-to-Month,Premium Connect,Credit Card,0,88.10829035282396,227027379.5261536,69,1,88.0,0,1
6b87fff6-dfe8-4b36-8ce9-924b043b709d,Female,71,Rural,0,0,Month-to-Month,Basic Connect,Digital Wallet,0,27.54129474304272,51352154.64946874,42,1,33.0,0,3
5cdf5213-0a71-4f8d-912e-4492fb52ea3f,Male,31,Urban,1,0,One Year,Basic Connect,Bank Transfer,1,84.27665061858161,193166777.1025957,34,1,71.0,0,3
41d2d70b-86e0-4ab4-9669-90905f236caf,Male,25,Rural,0,0,One Year,Standard Connect,Digital Wallet,1,59.287816156556914,127264243.71451704,42,2,38.0,0,3
c6c42686-e9dd-4101-8a82-3bb0f0010505,Male,82,Rural,0,1,Month-to-Month,Basic Connect,Credit Card,0,51.64902147948183,144787576.73515972,54,1,64.0,0,0
54d3e4ca-0ebb-48b6-b5e6-fcea92a35d96,Female,34,Urban,0,0,One Year,Premium Connect,,1,87.91817141028368,264078132.7278093,43,1,112.0,0,1
d134c571-af23-4a7c-b8a2-7ede652042ee,,39,Rural,0,0,One Year,Standard Connect,Digital Wallet,0,69.34799755871919,146029638.6300358,37,1,75.0,0,3
51f4f584-1716-44c4-9437-97db5ebd72bd,Male,19,Urban,0,0,One Year,Standard Connect,Bank Transfer,0,47.69246035668275,85716802.97232337,51,2,63.0,0,3
55e5ef83-0d3c-4ad2-8a5e-d534fc333411,Male,82,Rural,0,0,Month-to-Month,Basic Connect,Bank Transfer,0,20.704075547709607,46687901.799126536,45,1,24.0,0,3
6a078241-0c4c-453b-bb65-1c3571af4a0c,Male,67,,0,1,One Year,Standard Connect,Mailed Check,1,70.1658636040241,164965440.0389385,69,3,50.0,0,0
cf59698d-bb3d-4860-9ddd-2055fd932718,Male,24,Suburban,1,1,One Year,Basic Connect,,0,31.40410193662405,83408020.03228658,66,1,31.0,1,0
ab9e19ee-611a-4caf-bb79-8a11cd00eeb5,Male,78,Urban,0,0,Month-to-Month,Premium Connect,Bank Transfer,1,88.39050212536479,134862081.11163518,62,1,57.0,0,0
06c24bba-c835-4185-afa1-68da7df68b28,Male,35,Rural,1,0,Month-to-Month,Premium Connect,Digital Wallet,1,99.19611115363683,157767670.14653996,39,3,77.0,0,1
c072e8ad-6f55-4218-8080-73be5b5b8124,Male,43,Urban,0,1,One Year,Premium Connect,Credit Card,1,105.31571620477835,187247437.8137736,55,3,126.0,1,1
1efbca17-4788-4566-9af6-114515bc10ff,Male,18,Rural,1,0,Month-to-Month,Basic Connect,Credit Card,1,29.502454663905635,46013419.70004278,68,2,47.0,1,0
dd27f51f-210b-4169-876f-bc047b2ba86a,,52,Urban,0,0,Month-to-Month,Standard Connect,Credit Card,0,71.89220395182018,203108212.74202225,61,0,69.0,0,1
fc265b1e-df04-48c7-b8c3-1ebf5ee680ab,Male,64,Urban,1,0,Month-to-Month,Basic Connect,Credit Card,0,26.98301144802619,70876565.68450943,63,4,44.0,0,0
648f466b-adb7-4c89-9529-d2ad87420e06,Female,39,Suburban,1,1,One Year,Premium Connect,Credit Card,1,105.8464666075688,265685668.8492502,55,1,66.0,0,1
8cff2282-ce7b-41bd-ada5-2c6a1d80a0bf,Male,62,Suburban,0,0,One Year,Premium Connect,Bank Transfer,1,119.44299675333136,188306872.3613216,54,1,181.0,0,1
5de6475b-5614-4a3b-9b02-101ef4db1eea,Male,51,Rural,1,0,One Year,Basic Connect,Bank Transfer,1,29.262219611888654,78698334.5117436,63,0,37.0,0,0
6f511f55-9f58-4567-9442-5199e2d2ce6c,Male,60,Urban,1,1,Month-to-Month,Basic Connect,Bank Transfer,1,62.20029612522584,172316409.8930555,47,0,86.0,1,3
052869af-c01f-4fb0-87ae-90224d328f26,Female,26,,1,1,Month-to-Month,Premium Connect,Bank Transfer,0,64.08552025648723,232214409.84218696,47,1,92.0,0,1
1e040cdb-7e0a-4380-a5e3-945e4309a34e,Female,47,Suburban,0,1,Month-to-Month,Basic Connect,Digital Wallet,1,20.0,44108975.22094335,68,1,30.0,1,0
32203bcc-e297-4327-9f90-a44139a32ab6,,70,Suburban,0,1,Month-to-Month,Premium Connect,,1,112.44365682833242,259764762.5157082,66,2,67.0,0,1
c110161e-1f44-488d-b550-d54e73415d8d,Prefer not to say,54,Suburban,1,1,One Year,Basic Connect,Credit Card,1,47.55715945960465,94724057.2911685,38,3,75.0,0,3
404fc243-8185-479b-b2af-74901777b439,Prefer not to say,25,Urban,0,0,Month-to-Month,Standard Connect,Credit Card,1,75.07612620173853,213626696.12978184,61,0,64.0,0,1
1b6e0b65-552e-41d0-baf3-89b6c69705dc,Non-Binary,51,Rural,1,0,Month-to-Month,Basic Connect,Mailed Check,1,64.08552025648723,55678819.17677125,48,1,64.0,0,3
f393b1c1-9a83-4e60-933e-b27e5fd2487e,Male,84,Urban,0,1,One Year,Standard Connect,Digital Wallet,0,71.31921158992307,193748530.2186023,54,2,44.0,0,1
dee69a86-ee64-4e77-8e19-f8f9e1cca9b4,Female,72,Rural,1,1,Month-to-Month,Standard Connect,Digital Wallet,0,86.88353221552458,210865693.86172137,44,1,106.0,0,1
8be42568-f245-4ad8-ae59-a10a2f761d81,Male,60,Urban,0,0,Month-to-Month,Standard Connect,Credit Card,0,108.02747469916758,304864627.6986828,44,0,123.0,0,1
8a31fddf-fa4f-4c8e-8019-9dcd761a7926,Female,48,Suburban,0,0,Two Year,Premium Connect,Credit Card,1,96.00162329061176,5472.092527564871,57,2,106.0,0,0
c0021f59-676f-4873-afc7-b4e2af4ae6f6,Male,53,Urban,0,0,Month-to-Month,Basic Connect,Credit Card,1,53.09283005710694,154194049.46462315,37,3,34.0,0,3
0d3c4eb7-31fc-4fca-8dd7-827299b10dd4,Female,61,Urban,1,0,Month-to-Month,Standard Connect,Credit Card,1,83.29034489817629,184671470.15970835,52,0,110.0,0,1
ce34d720-e148-419f-a078-99919aea8d26,Prefer not to say,31,Urban,0,1,Month-to-Month,Premium Connect,Digital Wallet,0,108.40390786884636,308854918.66867685,65,0,63.0,1,1
da9ed2fe-cc0a-4137-8c54-00b3f5ffdb02,Male,41,,0,1,Two Year,Basic Connect,Bank Transfer,0,37.05557215001873,113330041.50258575,35,3,48.0,0,3
5e68e867-1ab3-471f-826e-def27f58c112,Male,51,Urban,0,0,Month-to-Month,Basic Connect,,1,64.08552025648723,90415599.25378388,66,21,673.7250591,0,2
d1554c93-f0d5-4937-aec0-85337b2866b3,Male,75,Suburban,1,0,Month-to-Month,Basic Connect,Credit Card,1,37.51432821303997,2063.288051717198,55,0,64.0,0,0
84cab685-594b-4522-a833-04e02ebeca0c,Male,48,Urban,0,0,One Year,Premium Connect,Credit Card,1,82.7907479623432,3477.2114144184147,42,1,68.0,0,3
0205cec9-2000-4c44-8002-f8ca0eddafbb,Male,74,Suburban,0,0,Month-to-Month,Basic Connect,Bank Transfer,1,48.59195010415168,3255.6606569781625,67,3,36.0,0,0
bf7ff8f9-d79c-47ff-998b-b5d8228b3383,Female,29,Urban,0,0,Month-to-Month,Premium Connect,Bank Transfer,1,89.21128473411986,4728.198090908352,53,1,125.0,1,0
f04a2473-a131-4f00-8a98-8095bf9f76b7,Female,71,Suburban,1,1,Month-to-Month,Premium Connect,Digital Wallet,1,64.08552025648723,136381867.94738293,36,1,130.0,1,3
34d1dfa7-4ae4-47b4-8ff4-a6203b681f2f,Female,76,Urban,0,1,Two Year,Premium Connect,,0,115.70516552038497,210960486.90689835,35,0,82.0,0,1
6e030891-f95c-47fa-932b-c72a6c490d50,Female,53,Urban,1,0,Month-to-Month,Premium Connect,Digital Wallet,0,108.06450902518549,6699.9995595615,62,1,99.0,0,0
d26ff0cc-4f54-4ba3-a2cd-c593b1aa88f9,Male,50,Urban,1,0,Two Year,Basic Connect,Credit Card,1,64.08552025648723,53937685.60381525,57,1,31.0,0,0
279e68ff-726c-4d43-a7e1-c3e03aacc536,Female,52,Urban,0,1,Month-to-Month,Basic Connect,Credit Card,1,52.30397487279031,154813766.6721203,63,1,72.0,0,0
85526006-5465-4caa-b290-b01e902c2616,Male,45,Urban,1,0,Month-to-Month,Basic Connect,Credit Card,1,39.20933505815307,1607.582737384276,41,1,45.0,0,3
3d545afe-9f06-496e-a24a-79ae650f502b,Female,31,Urban,0,0,Two Year,Standard Connect,Credit Card,1,68.65529058896405,3913.351563570951,57,2,43.0,0,0
cec3fa88-5df2-47e4-b058-7bd44ebaaea1,Female,28,Rural,1,1,One Year,Standard Connect,Credit Card,1,52.73705056262983,123144861.3364615,61,0,57.0,0,0
a7172d01-c243-40f7-a3b8-33a7b6fa9e67,Male,39,Suburban,1,0,One Year,Standard Connect,Digital Wallet,0,47.01066996666809,90285741.74750032,56,1,64.0,0,0
c6c88cc6-9b25-42f8-9bb3-825ef947f944,Male,51,Rural,0,0,One Year,Premium Connect,Bank Transfer,1,77.63537492941757,145251162.84947687,69,1,56.0,0,0
b17650dd-2da3-4a63-ad35-8e88df048899,,78,Urban,0,0,One Year,Standard Connect,Bank Transfer,1,61.1709917358159,136350656.09340408,34,0,89.0,0,3
c63307f9-d476-4140-b455-794e8bc31daa,Male,41,Urban,0,1,Month-to-Month,Basic Connect,Digital Wallet,1,55.25143190323792,79343872.31248023,54,2,52.0,0,0
346851bf-3f17-4437-86f8-858f3c608088,Male,27,Urban,1,0,Month-to-Month,Premium Connect,Digital Wallet,0,76.34241875559266,4275.175450313189,56,0,108.0,1,0
e1e6f8ef-6e0f-40b4-91df-cd246557ca10,Female,34,Rural,0,0,One Year,Premium Connect,Digital Wallet,1,75.96849569503821,4406.1727503122165,58,0,64.0,0,0
1587158d-4e54-4290-b75e-122515f51365,Male,34,Urban,0,0,Month-to-Month,Standard Connect,,0,97.9876436773258,3625.542816061055,37,1,72.0,1,3
4711df9e-9c43-4bbf-bd92-f54e4000f8d5,Male,67,Urban,0,1,Two Year,Standard Connect,,1,115.28920439834738,291949698.824996,35,0,158.0,0,1
4a851f18-e867-4b24-89f1-152fe3a9c48d,Male,25,Urban,1,0,Month-to-Month,Basic Connect,Digital Wallet,1,31.11049925267053,67643311.10986789,46,2,50.0,1,3
923d73cc-9919-42b4-a123-f7c8afc713dc,Female,74,Urban,1,0,Month-to-Month,Basic Connect,Credit Card,1,64.08552025648723,79196999.06443816,68,3,57.0,0,0
3dac74b6-4644-416d-bc35-c81205a3009c,Female,81,Urban,0,1,One Year,Standard Connect,Credit Card,1,72.58692270165965,174036967.59295258,68,2,102.0,0,0
1b0f2fca-1036-43ce-bc77-60939fb249f9,Male,49,Urban,0,0,Month-to-Month,Standard Connect,Credit Card,1,78.88424857019743,112919963.75386216,54,4,71.0,1,0
dadc806f-ea10-4cbe-8300-278ee5961771,Female,54,Urban,1,0,Month-to-Month,Premium Connect,,1,64.08552025648723,284900944.0791206,43,0,116.0,0,1
1d406b5b-da36-42d5-8835-f7ff45ff20af,Female,81,Urban,1,0,Month-to-Month,Premium Connect,Bank Transfer,1,95.425954826686,202985791.87340164,48,0,93.0,0,1
a22b48c7-9ad7-4eaf-bc2a-05e39f0cd2d5,Male,22,Rural,0,0,Month-to-Month,Premium Connect,Credit Card,1,75.87517979631617,136327339.80088782,46,3,58.0,1,3
ea85ed09-58e2-4c92-97b9-3be589215389,Male,27,Suburban,0,0,Month-to-Month,Standard Connect,Credit Card,1,69.53635030338825,189435064.65013728,50,1,88.0,0,1
54ded181-f805-4ffc-9cf4-168119b8be59,Male,63,Suburban,1,0,Two Year,Premium Connect,Credit Card,0,103.1481974381002,209696678.0798135,44,3,137.0,1,1
b1620e0b-6d36-444b-ac7b-a029283174cc,Male,41,Urban,1,0,One Year,Basic Connect,Bank Transfer,1,89.2926205319514,215665821.5188903,45,2,127.0,0,1
91cb5c64-7cbc-43ff-bd9e-0ab2fc1d5a65,Male,77,Rural,1,0,Month-to-Month,Basic Connect,Bank Transfer,1,20.67731594027198,56967838.69443568,58,2,26.0,0,0
6ea1a722-ee8a-45a0-b7ca-67cfa2834f82,,76,Urban,0,0,Month-to-Month,Premium Connect,,1,107.34692426158428,316525757.11626416,37,0,64.0,1,1
e475ac9b-c5b3-4e1f-9286-c900d6140dc0,,67,Urban,0,0,Month-to-Month,Standard Connect,Bank Transfer,0,86.02121358869607,151253030.6329992,42,3,130.0,0,1
375d07f1-278b-4ed9-9043-b79e42d7244e,Male,25,Suburban,0,0,One Year,Basic Connect,Mailed Check,1,27.46472526622248,44856553.28554178,45,1,25.0,0,3
7f22e745-5d5a-4ce4-b3a7-eb35a5968c1c,Male,83,Urban,0,0,Two Year,Premium Connect,Digital Wallet,1,102.7316116096794,204439409.583227,44,1,133.0,0,1
a88acdd9-9c08-43e9-b8fb-afcac0d6fa80,Male,32,Urban,0,0,Month-to-Month,Basic Connect,Bank Transfer,0,27.377883670232293,51529128.844694085,66,1,21.0,0,0
b061060e-acc2-49d5-a0a5-0faa7966e9c2,Male,78,Urban,1,0,Month-to-Month,Standard Connect,,1,64.08552025648723,118012687.96250495,40,2,73.0,1,3
6d9ff2bc-8dd5-4844-926a-f0b3fd8dfaf0,,69,Urban,0,0,Month-to-Month,Premium Connect,Credit Card,1,83.0266981305917,221244170.22676608,36,1,80.0,0,1
d187c988-84ce-40a3-9f91-4f09672f242f,Female,63,Suburban,1,0,Month-to-Month,Standard Connect,Bank Transfer,1,74.68489904067495,166592325.62458968,67,2,96.0,0,0
ae83e44e-0bb4-416a-a16d-b28458006ede,Male,19,Rural,0,0,Month-to-Month,Standard Connect,Credit Card,1,67.1905865512729,104951587.38425668,51,3,84.0,0,3
7370faaa-c75b-4e43-abb7-b87636585c79,Female,62,,1,1,Month-to-Month,Basic Connect,Bank Transfer,1,50.56962216263885,99657077.4735703,56,1,58.0,0,0
112a353b-fb78-4326-b88a-7aff306ec640,Female,20,Urban,1,0,Month-to-Month,Standard Connect,Bank Transfer,0,23.503759781747952,65640265.55559603,64,1,36.0,0,0
270e65fb-9e86-47b7-af55-9a98639a7b80,,83,Urban,1,0,Month-to-Month,Basic Connect,Credit Card,1,61.970605246479565,163537475.51592726,48,1,64.0,1,3
17698834-caca-4632-92e4-3e3cdb6d7aa4,Male,48,Rural,0,0,Month-to-Month,Standard Connect,Bank Transfer,1,53.75981050689126,135908717.07921466,67,1,78.0,1,0
8ac77e28-342f-4cc0-8645-3fff7d8b16bb,Female,19,Urban,0,0,Month-to-Month,Standard Connect,Bank Transfer,0,46.02692536619334,82092708.03227696,54,1,69.0,0,0
2548167a-9c7a-4247-9658-cec0c06992cf,Non-Binary,58,Suburban,0,0,One Year,Standard Connect,Bank Transfer,1,64.10517089573213,127902749.89990444,38,1,88.0,0,3
00bb599f-0be8-4002-9a6c-bc6c63075377,Female,82,Urban,1,0,Month-to-Month,Basic Connect,Bank Transfer,1,41.31204680037753,113262437.03256562,68,2,64.0,1,0
9e0d811c-6408-45f5-a002-37f81d783c19,Male,83,Urban,0,0,Month-to-Month,Premium Connect,Bank Transfer,1,87.93886303927165,164786377.45683485,40,3,132.0,0,1
649d1d18-1c4c-4802-a4cf-6492366b3d79,Female,80,Urban,0,0,Month-to-Month,Basic Connect,Credit Card,1,20.0,44412744.41117101,42,1,17.0,1,3
57f0f403-6abb-402f-8f06-4e7602859e68,Female,44,Suburban,1,0,Month-to-Month,Premium Connect,Credit Card,1,111.16679434533,227259736.9994588,53,1,64.0,1,1
e453e05c-87f0-4c49-b24c-d5a2841bab10,Male,24,Suburban,1,0,Month-to-Month,Basic Connect,Bank Transfer,1,32.309258906808594,52352233.69547931,45,2,45.0,0,3
9b765df5-3bc6-4b71-b233-d07098d9a516,Female,23,Urban,1,0,Month-to-Month,Premium Connect,Credit Card,0,114.74464367275972,292111647.8202705,41,1,135.0,0,1
b71f5e2f-5e74-4965-9dc2-22a589729e68,Female,22,Rural,0,0,One Year,Standard Connect,Digital Wallet,1,53.68445822293548,114985086.95875332,36,1,55.0,0,3
d62df3fc-4f99-45e7-9a42-15c58d1dd075,Female,74,Urban,1,0,Month-to-Month,Premium Connect,Credit Card,1,108.05775032565607,190438449.9587868,34,1,93.0,1,1
b1b681e1-7563-4875-82f1-6e1c191e8961,Female,37,Urban,1,0,Month-to-Month,Standard Connect,Mailed Check,0,69.2055424714597,192951092.3656385,60,1,100.0,0,1
a58ec4e0-db90-4a96-bc6e-3d3297d6bd64,Female,66,Urban,1,0,Month-to-Month,Standard Connect,Digital Wallet,1,64.08552025648723,102179973.29340422,61,1,79.0,0,0
10618870-3cd5-4472-924c-1a8aebe2848f,Male,29,Urban,0,0,Two Year,Premium Connect,Credit Card,0,108.39555680070764,270232597.1289279,53,1,109.0,0,1
497b6f8f-584a-4216-aea7-ce3ec7d98a0e,Female,44,Rural,1,0,Month-to-Month,Basic Connect,Mailed Check,1,64.08552025648723,138062909.10897067,39,1,49.0,1,3
a980cfa2-bc30-43d7-bf8d-dcfbc2339b82,Male,61,Suburban,1,0,One Year,Premium Connect,Credit Card,1,125.9634149658666,329020046.1759152,51,3,143.0,0,1
a1db3f3b-3a63-4637-bfa7-0a3bc8f297b3,Female,37,,0,1,Month-to-Month,Basic Connect,Digital Wallet,1,54.48311437617328,153579664.2561575,55,2,39.0,0,0
e867c8d3-5e64-4405-8e6f-d13bab1c6b3b,Female,40,Suburban,1,0,Two Year,Premium Connect,Credit Card,1,110.22486050200386,307692055.6677048,38,1,169.0,0,1
810b0411-89f5-457c-8680-c55364c82933,Male,18,Urban,0,0,Month-to-Month,Standard Connect,Credit Card,1,73.13457059794808,118570112.33406204,57,1,113.0,1,0
63b89f9b-94b3-4f3a-8fce-c0d41aefad76,Male,70,Urban,0,0,Two Year,Standard Connect,Credit Card,1,56.20213873092782,107349850.164189,53,2,70.0,0,0
5ae8f14b-210d-4548-8bb0-4804ecc66327,Female,61,Urban,0,0,Month-to-Month,Premium Connect,Credit Card,1,108.095473923649,195649179.13141343,36,3,77.0,0,1
40c29dc2-ff6d-4e73-99e1-a5e6aed62157,Male,69,Suburban,1,0,Month-to-Month,Standard Connect,,1,87.3838208123249,169752553.1822034,36,4,71.0,1,3
127176bd-b873-4915-8c42-7ba9c33bbfc0,Female,65,Suburban,0,0,Month-to-Month,Standard Connect,Digital Wallet,1,66.39824504281303,148068699.28801566,34,2,102.0,0,3
197ca88d-e709-4b1b-beb2-9f41feaeaf24,Male,34,Urban,0,0,One Year,Basic Connect,Credit Card,1,34.21400847293336,92944626.9869698,41,1,38.0,0,3
e0106468-0199-4772-8a6f-699113418b12,Female,57,Rural,0,0,Month-to-Month,Standard Connect,Credit Card,1,54.61600122029276,111876390.37237231,36,4,77.0,0,3
bd009d44-625b-42f0-98c5-cc47e397a9e0,Male,32,Rural,0,1,Month-to-Month,Basic Connect,Bank Transfer,1,81.72094294212573,215274221.534187,56,0,126.0,0,1
6050f677-bbba-47e4-ae7c-ed63dd2d7388,,79,Suburban,0,0,Month-to-Month,Standard Connect,Bank Transfer,1,47.98966173243163,147389188.97010982,35,0,38.0,0,3
227856f5-5cd2-43da-96f2-d3abd214b23e,Male,48,Suburban,0,0,Month-to-Month,Standard Connect,Bank Transfer,0,78.79417209947187,120270414.4366051,60,0,49.0,0,0
a09a491f-d831-4861-aef2-222f2dd65a37,Male,31,Urban,0,1,Month-to-Month,Basic Connect,,1,64.08552025648723,100932172.11940674,59,0,74.0,1,0
68521a98-c0cf-4765-be7a-dc524aacfd66,Male,33,Suburban,0,0,One Year,Basic Connect,Digital Wallet,1,34.65241257314731,63189513.858151965,39,2,34.0,0,3
dd69dbdd-302c-4f85-bd2c-0fc784f6104a,Prefer not to say,64,Urban,0,0,Two Year,Standard Connect,Mailed Check,0,69.04498736355549,164219835.74922317,61,2,52.0,0,0
fd81a729-8224-486d-afa5-2e1f92646e3f,Male,19,Suburban,1,0,Month-to-Month,Basic Connect,Digital Wallet,1,37.32379935471102,57994958.65853515,63,1,36.0,0,0
cb51fea0-cb23-45ed-af62-579a0afd47bd,Male,41,Suburban,0,0,Month-to-Month,Basic Connect,Credit Card,1,38.23746518142892,115499939.32553492,37,4,43.0,1,3
84658d9a-a79d-4ab9-80be-6779026de551,,51,Rural,1,0,Month-to-Month,Premium Connect,Mailed Check,1,85.4331326772033,243509626.186705,48,1,68.0,0,1
a3e423ba-e731-4076-83a4-078a50fe4e34,Prefer not to say,60,Suburban,0,0,Month-to-Month,Basic Connect,Credit Card,1,55.09127599720959,156316498.04374132,50,4,58.0,0,3
d83c6fc5-0c6f-4b1e-b92f-68f1fc30a921,Female,74,Urban,1,0,Month-to-Month,Basic Connect,Digital Wallet,0,54.29191626141458,141598892.5731371,65,4,64.0,0,0
ee745a63-645b-4bc0-a594-14d5ddd84731,Male,28,Urban,0,0,Month-to-Month,Standard Connect,Bank Transfer,1,64.61618904444323,89796090.87324817,53,1,54.0,0,0
65e1a32b-935c-4dfb-a00a-ce6c936c83fa,Female,80,Urban,0,0,Month-to-Month,Premium Connect,Bank Transfer,1,107.56582240432532,196688166.3841889,62,1,64.0,0,1
91a8f0bd-2bdf-43d6-a4b6-b8fc337a2e35,Female,41,Rural,0,0,Month-to-Month,Basic Connect,Credit Card,1,44.428590311703566,71836254.39756668,56,2,53.0,0,0
948ec121-770b-4012-8551-03b6f16a730e,Male,59,Urban,1,0,Month-to-Month,Standard Connect,Credit Card,0,64.08552025648723,185391433.7613397,43,1,69.0,1,3
97a3f909-176a-4284-ab44-2a144c081ff5,Female,37,,1,0,Month-to-Month,Standard Connect,Credit Card,1,85.95769287081598,148499071.84335217,45,1,124.0,1,1
147d12b4-c751-4c77-ac08-77f3bbe8794f,Non-Binary,31,Urban,0,0,Two Year,Basic Connect,Bank Transfer,1,64.08552025648723,52632590.27158036,49,2,34.0,0,3
9ff8013f-1d4f-4824-a4de-e86ac2bfc5eb,Male,55,Urban,1,0,One Year,Standard Connect,Bank Transfer,1,64.08552025648723,105669187.9516295,37,2,82.0,0,3
e7a1e684-a2f6-4c8a-bf16-0f212d749d40,Female,49,Urban,1,0,Month-to-Month,Premium Connect,Digital Wallet,1,98.56385042910162,253771802.7569546,69,1,106.0,0,1
816a3597-a6f3-4b52-ba06-e14b3e2cdf05,Female,36,Urban,0,0,One Year,Basic Connect,,1,52.38418969050055,103022490.41668732,60,1,68.0,0,0
4666e365-f290-4180-b157-6fd94a3edff7,Female,54,Urban,1,0,Month-to-Month,Basic Connect,Credit Card,1,35.18408991831207,75425795.1768926,57,1,40.0,1,0
3d51b82e-a2a4-40aa-944e-949687e48123,Male,63,Urban,0,0,Month-to-Month,Basic Connect,Bank Transfer,1,48.563527309668586,80312809.06684019,63,1,67.0,0,0
53b3a51a-abe2-4536-a7e7-889cbe658638,Female,44,Urban,0,0,Month-to-Month,Standard Connect,,1,72.67249294221551,198551017.61463383,69,1,101.0,0,0
4463a1b8-1a64-4614-932f-e7a8c41c0dce,Male,63,Suburban,1,1,Month-to-Month,Standard Connect,Digital Wallet,1,70.29497676674825,150408529.81990835,67,1,72.0,0,0
e51eca6d-6a69-4b70-b088-96d0bf8d9691,Prefer not to say,37,Suburban,0,0,Month-to-Month,Premium Connect,Credit Card,1,80.45037295675988,168999850.93699434,66,3,119.0,0,0
57a6ec2a-896f-4be7-9325-26fc41242d65,Female,22,Urban,1,1,Month-to-Month,Standard Connect,Bank Transfer,1,75.87147898326032,179465092.65104756,39,1,89.0,0,3
07ea570e-b75f-49ad-887f-ddc3e72b921b,Male,26,Rural,1,0,Month-to-Month,Premium Connect,Bank Transfer,1,106.81665526296912,4806.749486833611,45,3,106.0,0,3
cd67c4ed-a216-41c7-b7ca-c622aeed5f79,Female,38,Urban,0,0,One Year,Standard Connect,Credit Card,1,68.89581092281803,167775125.76717022,41,4,79.0,1,3
cf9671aa-a5ec-4d95-be51-aaeeb249044b,Male,49,Suburban,0,1,Month-to-Month,Premium Connect,Credit Card,1,104.60135368049175,196812875.17367563,57,2,157.0,1,1
549e8a89-da89-45d3-8d11-c6dc3f49cd86,Female,54,Urban,0,0,Month-to-Month,Standard Connect,Mailed Check,1,53.11797905140797,92624723.21087372,42,0,46.0,1,3
2a49ea36-7b71-44e5-8dbc-a338d38d7983,Male,83,Urban,1,0,Month-to-Month,Premium Connect,Credit Card,1,89.22480006076258,197979865.9256085,59,2,73.0,0,1
9bfbadde-70b2-4ebb-9668-5f6daade8047,Female,61,Suburban,0,0,Month-to-Month,Standard Connect,Bank Transfer,1,63.5194197418558,120439620.80943383,43,1,42.0,0,3
d1d479aa-4944-47e2-8c1d-000df5d1cf6e,Male,54,Suburban,1,0,One Year,Premium Connect,Credit Card,0,97.62369641845989,280203397.814335,62,0,137.0,0,1
26814e6f-6fe2-4cdb-8d6b-dbc12b00a011,Male,62,Urban,0,0,Month-to-Month,Premium Connect,Digital Wallet,1,103.68158983693498,261779615.79974905,60,1,110.0,0,1
e1d7cf81-f518-43b7-b51e-21d6ee643c1f,Male,38,Suburban,1,0,Month-to-Month,Standard Connect,Credit Card,1,71.52183132496442,105835400.10227466,39,2,99.0,0,3
166bfe67-7b23-4e65-acdb-2609d046e0f3,Male,52,Rural,1,0,Month-to-Month,Basic Connect,Digital Wallet,1,37.03601763577671,2296.233093418156,62,2,47.0,0,0
ad6585fb-66eb-4af5-9a30-70a51db4ca88,,64,Suburban,1,0,One Year,Basic Connect,Credit Card,1,53.199654055375255,143680559.2306065,63,3,57.0,0,0
63fca077-dffe-4b12-b0c6-c0097cb7317c,Male,31,Rural,0,0,Month-to-Month,Basic Connect,Bank Transfer,1,64.63290885021519,118964087.2314227,39,2,40.0,0,3
1e0ebcf9-4362-46d7-a14f-a3b3c2f2748b,Male,56,Suburban,0,0,Month-to-Month,Standard Connect,Bank Transfer,1,54.95347650295473,149732561.8999413,65,3,42.0,0,0
c87eabb8-ce71-4189-a2a2-cff20cbe2e59,Male,64,Rural,1,0,Two Year,Premium Connect,Digital Wallet,1,92.43259621531082,177461888.74094012,60,1,68.0,0,1
d668a30f-d414-430b-9b93-7cafa0d2d74c,Male,43,Urban,0,0,One Year,Premium Connect,Mailed Check,1,110.4796617324248,168228961.92715213,40,2,140.0,0,1
f1bbaad0-c872-4541-b6fc-b7c48e94d05d,,80,Urban,1,0,Month-to-Month,Premium Connect,Bank Transfer,0,98.19118004483283,305707633.5221536,59,3,64.0,0,1
2fdfe9e4-4870-4215-bf33-932bc75e8c17,Female,58,Urban,1,0,One Year,Standard Connect,Bank Transfer,0,85.60751482172473,177380233.67807662,61,0,69.0,0,1
764faef7-0f99-4576-a74d-d3ccaaf99451,Female,56,Suburban,1,1,Month-to-Month,Basic Connect,,1,40.589375387170975,98520213.53196365,66,1,30.0,0,0
027de5bb-8a6c-4d89-b4f9-417270cc088e,Female,42,Rural,0,1,Month-to-Month,Standard Connect,,1,64.08219174197646,151173251.76659304,49,4,94.0,1,3
fe3cdcc4-3111-4b1a-a2b2-d93b83ff45c7,Prefer not to say,51,Urban,0,0,One Year,Basic Connect,,1,64.08552025648723,2178.9076887205656,34,19,767.6600312,1,2
63cf3424-5e37-456f-9beb-230c0db2bf5e,Male,79,Rural,1,0,Month-to-Month,Basic Connect,Bank Transfer,1,33.29309793494021,1930.999680226532,58,6,64.0,0,0
dda9acd7-2ad0-4d84-8606-56b3a2a10845,Male,47,Urban,1,0,Month-to-Month,Standard Connect,Credit Card,1,30.79943790849175,76057566.68463922,35,3,35.0,1,3
413786d1-cc00-4cef-a5f6-ea2c8f5385e5,Male,57,Urban,1,0,One Year,Standard Connect,Mailed Check,1,72.45114497274852,173789218.0522583,64,2,80.0,0,0
731bae4a-5dab-4b75-9944-7317fbc5d91b,Female,56,Urban,1,0,Month-to-Month,Standard Connect,Bank Transfer,1,56.81833219775527,108626879.41226436,50,1,58.0,0,3
2ba8a774-bb2d-4793-b507-b752a78465f9,Non-Binary,26,Urban,0,1,Month-to-Month,Premium Connect,Bank Transfer,1,106.55603842322634,181952601.96626547,50,0,81.0,1,1
9a435279-ebf2-419e-a139-add6300d181b,Female,66,Urban,1,1,Month-to-Month,Basic Connect,Mailed Check,1,42.92517202501827,64766506.8317539,63,2,67.0,1,0
93ab9d6a-16ea-4fd9-89b1-7f456e046a43,Female,52,Urban,1,0,Two Year,Basic Connect,Bank Transfer,1,39.282426374008736,57260956.60088505,45,3,56.0,0,3
7d86340c-b601-4ef5-a569-fed392a7fc43,Non-Binary,57,Urban,1,0,Month-to-Month,Standard Connect,Digital Wallet,1,38.78051582755805,72785050.49838893,68,1,53.0,0,0
09369dc8-0c9b-4d37-acbb-ef88a5bc4d94,Non-Binary,38,Rural,0,0,Month-to-Month,Standard Connect,Credit Card,0,62.35640869538096,125890072.66149811,34,2,90.0,0,3
7548a8bf-fae5-4a6c-ac74-b7f2b93e82cd,Female,37,Urban,0,0,Month-to-Month,Basic Connect,Credit Card,1,36.326117304729934,105246637.8420758,43,0,24.0,0,3
a0b0a226-53e3-4008-b9ab-487e03c5554a,Male,36,Urban,0,1,Month-to-Month,Premium Connect,Digital Wallet,1,86.03168015202476,209468145.1077245,47,1,74.0,0,1
4cdc6c1d-d1cf-4c68-af21-f0027ad5a23f,Female,40,Suburban,0,0,Month-to-Month,Standard Connect,Digital Wallet,1,62.04268062416327,125163509.75198688,36,0,51.0,0,3
8227cbd8-4280-4b6d-b0e4-a1d8af62596d,Female,19,Suburban,0,0,One Year,Standard Connect,Credit Card,1,84.04604186374821,269310375.1829175,61,2,119.0,0,1
d353cf33-8864-4406-b729-28a16f431239,Male,22,Urban,0,0,Month-to-Month,Basic Connect,,0,64.08552025648723,166429653.87683484,43,3,75.0,0,3
edce5ac7-fce6-4475-9e2a-a79edcd84473,Female,76,Urban,0,0,One Year,Basic Connect,Bank Transfer,1,40.8223056921677,91219579.96924916,65,1,64.0,0,0
154d1d53-cc13-42b0-96c6-78f52f97dfcd,Male,79,Rural,0,0,One Year,Basic Connect,Bank Transfer,1,20.0,1260.0,63,3,22.0,0,0
d4dc566e-8cdd-4e22-b7b2-840f4e839426,Male,57,Urban,1,0,Month-to-Month,Basic Connect,Bank Transfer,0,59.91458561751708,3295.30220896344,55,3,38.0,0,0
cad658c0-e721-4f4d-9e96-f8044d297bae,Female,45,Urban,0,1,Month-to-Month,Premium Connect,,1,114.80984127480124,323910400.60472155,56,1,105.0,0,1
75bdf190-2ae3-43b9-9406-e05491d99327,Female,41,Rural,1,1,Month-to-Month,Standard Connect,Bank Transfer,1,64.08552025648723,107031839.01846036,52,1,69.0,0,0
edffa491-a878-4c0e-89bf-ef2dea7516d6,Male,61,Suburban,0,0,Month-to-Month,Basic Connect,Bank Transfer,1,35.080629755134666,2104.83778530808,60,2,22.0,1,0
9f18553e-d3ac-458f-800f-18bd00dfb603,Female,34,Suburban,1,0,Month-to-Month,Basic Connect,Bank Transfer,0,53.354174491816735,2240.875328656303,42,5,64.0,0,3
a5b934bd-5d6b-42dd-b1db-715c899eac40,Male,68,Urban,1,0,Month-to-Month,Premium Connect,Digital Wallet,1,91.78422160809104,180288064.67690784,35,2,77.0,0,1
4efbdb48-02ed-40de-b5a0-3f37c3a3ccc7,,43,Suburban,0,0,One Year,Basic Connect,Credit Card,1,34.476916560465455,67868818.17466813,61,2,31.0,0,0
dc9e819d-0055-49ca-b307-1abe7eb72d5b,Female,69,Rural,0,0,Month-to-Month,Premium Connect,,1,111.47879401381536,247370179.2476992,63,1,144.0,0,1
5723f465-c116-4b10-9116-e00b39851b35,Female,51,Urban,0,0,Month-to-Month,Premium Connect,Bank Transfer,0,107.356578127953,253317743.1933365,47,2,116.0,1,1
47eb3046-c5a1-475b-94b7-93eb1b81d5f5,Male,51,Urban,0,0,Month-to-Month,Basic Connect,Bank Transfer,1,63.26529530767058,148862060.0990974,50,1,74.0,0,3
8ba573ac-3405-4d4a-9b75-3841b0902ec5,Female,58,Urban,0,0,One Year,Basic Connect,Bank Transfer,1,46.245150015964654,1618.5802505587628,35,3,48.0,0,3
f7dec1df-efa4-45b1-8426-e54a45e0978d,Prefer not to say,74,Urban,0,0,Month-to-Month,Basic Connect,Credit Card,0,42.11785046780777,114600410.25524288,68,1,60.0,0,0
5433a27d-6ac0-4327-9734-7aa4961c769a,Male,49,Urban,1,1,Month-to-Month,Standard Connect,,0,54.392797321433534,106787318.10331586,58,3,61.0,0,0
33c16336-9dea-4a96-ab61-1d4ae10bfcc5,Female,56,Suburban,1,0,Two Year,Standard Connect,Bank Transfer,1,90.29836149149888,4695.514797557942,52,1,64.0,0,0
5a5d8e49-cff5-4228-aa16-cc0f93b0a31b,Female,69,Urban,0,1,Two Year,Basic Connect,Credit Card,0,24.49232395421905,59317106.4667294,53,0,37.0,0,0
c3b1add2-dfd8-49ce-aa7d-dc90ecc7c70f,Male,39,Urban,1,0,Month-to-Month,Basic Connect,Bank Transfer,1,23.59373294575935,1392.0302437998016,59,1,22.0,0,0
44ef042a-00d8-4c1b-a33c-3dbe6460e9c2,Female,38,Urban,1,1,Month-to-Month,Basic Connect,Bank Transfer,0,48.17176570517313,139543069.88053834,37,0,38.0,0,3
9294a0b6-819e-44ae-bfed-d4f5814a400e,Male,51,Urban,1,0,Month-to-Month,Standard Connect,Mailed Check,0,141.90696780454758,84644995.50819008,63,23,547.034486,0,2
8d078c16-8c6b-4a2a-bebb-90c8282c145b,Female,72,,0,0,Month-to-Month,Premium Connect,Digital Wallet,1,88.5495384166322,233155548.0621312,64,1,107.0,1,1
4e16ba4c-344e-4eb3-b63d-c7788279d04a,Female,44,Urban,1,0,One Year,Standard Connect,Bank Transfer,1,64.08552025648723,142458915.66652164,65,2,64.0,0,0
21d26d74-26cd-4d0a-bfc4-dbadee26a9cd,Female,51,Urban,0,0,Month-to-Month,Premium Connect,Credit Card,0,84.01559349605063,172753567.03916985,51,1,95.0,0,1
2389f703-8907-4b20-aaff-94dcf1558797,Female,73,Suburban,0,0,Month-to-Month,Premium Connect,Digital Wallet,0,96.43511593626556,158814238.71156627,68,1,88.0,0,0
4beb4e70-6849-40a6-acf5-b268a31984d9,Female,18,Suburban,1,1,Month-to-Month,Standard Connect,Digital Wallet,0,60.26401174399052,105319497.59058696,62,1,59.0,1,0
af66a496-597b-45e9-9795-8705b279e9ee,Female,20,,1,0,Month-to-Month,Basic Connect,Mailed Check,1,64.08552025648723,47467321.07582322,49,2,20.0,1,3
2e4bca28-7577-4c03-99eb-4069ade9685b,Male,65,Urban,0,0,Month-to-Month,Premium Connect,Bank Transfer,1,108.83881626150576,259689483.73099068,59,0,167.0,0,1
9bbfb8ba-d584-4d2c-85b9-f27cb5f355cc,Male,75,Urban,1,0,Month-to-Month,Premium Connect,Bank Transfer,1,105.30245876411642,7160.567195959917,68,0,154.0,0,0
bd90ff4a-142e-411d-acae-0d6a02930915,Male,51,Urban,1,0,Month-to-Month,Basic Connect,Bank Transfer,1,47.26099800061814,120793794.0049706,55,1,29.0,0,0
ca16234a-0064-4820-ad29-5f517be0cef3,Female,50,,0,0,Month-to-Month,Standard Connect,Digital Wallet,1,64.08552025648723,224370502.8340677,35,1,59.0,0,3
e571f79d-c915-480a-ab59-0d62a935c53b,Female,18,Rural,0,0,One Year,Standard Connect,Digital Wallet,1,64.50111630673325,134706161.79458764,52,2,97.0,0,3
e172d5bd-e0db-4d62-8e02-f0b11961293c,Female,80,Urban,1,0,Month-to-Month,Premium Connect,Bank Transfer,0,89.06767204359302,202002812.7760644,64,0,98.0,0,1
870c644b-5ee6-4db1-bc36-cb47125c1524,Female,51,Urban,0,0,Two Year,Premium Connect,,1,114.395275717202,203748214.74115297,68,1,120.0,0,1
50742d22-3aa1-40b8-bf43-969479d9937a,Female,33,Urban,1,1,Two Year,Basic Connect,Bank Transfer,1,64.08552025648723,78533101.0233854,45,0,39.0,0,3
07048183-bc21-4e01-bb3c-703e2d0d7b91,Female,74,Urban,0,0,Month-to-Month,Standard Connect,Credit Card,0,60.32319198026634,152025152.70785245,67,0,86.0,1,0
f4aaf9a1-3e32-4a44-bd8d-1e960ac034aa,Female,63,Urban,0,0,Two Year,Standard Connect,Digital Wallet,0,89.74616996351214,229006453.66483432,41,1,94.0,0,1
808b3baf-fce5-4abd-82d2-fdd0ebb9dead,Male,43,Urban,1,0,Month-to-Month,Standard Connect,Credit Card,1,65.00322351073247,142782417.04197463,39,2,47.0,0,3
a088e8f7-9de0-4537-bfe6-adb7b157b07c,Male,60,Urban,1,1,Month-to-Month,Standard Connect,Credit Card,1,66.48564456232802,102546174.59623308,53,3,44.0,0,0
d74eeb60-323d-4e01-9d3a-26f2a9013436,Female,28,Urban,0,0,One Year,Basic Connect,Digital Wallet,1,20.0,36092767.61727198,42,1,34.0,0,3
5f34c72e-5cc3-4744-8748-2557910e5736,Male,73,Rural,0,1,Month-to-Month,Premium Connect,Bank Transfer,0,64.08552025648723,2627.5063305159765,41,2,124.0,0,3
f007108c-d8b2-41e6-be52-f6be6d2520d0,Female,54,Urban,1,1,Two Year,Basic Connect,Digital Wallet,0,26.99624009641941,56803367.60323882,56,0,45.0,0,0
e9b0ed28-3030-4898-8834-f6fe785810e0,Male,45,Suburban,0,0,Month-to-Month,Basic Connect,Digital Wallet,0,35.07737761346071,60920273.68876024,58,1,53.0,0,0
1222e060-01cf-447a-b6ec-70607d01a528,Male,64,,0,0,One Year,Standard Connect,Bank Transfer,1,87.28357370453477,141052326.74354208,50,3,49.0,0,1
268cf0f4-92e3-4141-a87a-eb74352ab4ce,Male,40,Suburban,0,1,Month-to-Month,Standard Connect,Bank Transfer,1,72.55019648658416,203360534.4612204,39,1,102.0,0,1
17eef2ed-b3d9-40bd-9107-94d556c80363,Female,71,Suburban,0,0,One Year,Basic Connect,Mailed Check,1,59.00774526685522,90479996.9426608,54,0,64.0,0,0
a1fc15d8-a59f-42d2-875f-37859b395de2,Female,49,Urban,1,0,One Year,Basic Connect,Digital Wallet,1,50.07779122303076,74297751.60006991,68,1,61.0,0,0
38ab14db-c000-46d0-b491-87b53df6f5d5,Female,53,Urban,0,0,One Year,Standard Connect,Digital Wallet,0,52.40817814657016,149307213.15488264,42,3,38.0,0,3
22635401-9d7e-433c-8db7-4f5412920416,Female,61,Urban,0,1,Month-to-Month,Basic Connect,Digital Wallet,1,58.2678771840522,168577124.21450198,44,3,60.0,1,3
a9b207bc-12ea-4d72-9ee3-d84fb362c113,Female,49,Suburban,0,0,Month-to-Month,Basic Connect,Credit Card,1,63.39121933752081,140870440.96337184,62,2,71.0,0,0
90536bc9-a5bd-4559-bfe9-33ee936a532a,Female,44,Suburban,0,0,Month-to-Month,Standard Connect,Credit Card,0,55.88587823416012,152865014.53691688,42,2,67.0,0,3
ce4fa777-bbc6-410f-8616-df21b17ee196,Male,51,Suburban,1,0,Month-to-Month,Basic Connect,Digital Wallet,1,145.45732915197462,90053473.72512129,51,21,813.1736805,0,2
9907dc38-6cb1-4821-b33d-8aa27baaead6,Female,59,Suburban,0,1,Month-to-Month,Standard Connect,Credit Card,0,74.15453995452754,127535399.26828176,35,0,109.0,0,3
e666b96c-a2e6-4e38-b3c4-0070f8f4de91,Female,73,Urban,0,0,One Year,Basic Connect,Credit Card,1,39.00687518715437,119479171.56367412,34,1,58.0,0,3
8a64395a-1087-46c9-8384-c6ea3c71467f,Female,24,Urban,0,0,Month-to-Month,Basic Connect,Mailed Check,1,20.319385239088103,37600309.10898419,47,0,16.0,0,3
64cfa54e-3fd0-48cd-bd71-8c75d5b68c21,Male,66,Urban,0,0,Month-to-Month,Basic Connect,Bank Transfer,1,42.80610567449997,104239721.7538505,55,2,28.0,0,0
0272daee-887d-4413-8536-57b7ef91ef4b,Female,62,Urban,1,0,Two Year,Standard Connect,Credit Card,1,71.22391917744254,140876421.8544914,56,2,68.0,0,0
54fa8557-1de7-4cf3-b06c-e1af24f0a7c2,Female,72,Urban,1,1,Two Year,Basic Connect,,1,48.14546051301433,144742855.67734316,34,1,64.0,0,3
5885f141-38d2-42aa-b494-cb55a2d721f1,Male,54,Rural,1,0,Month-to-Month,Standard Connect,Digital Wallet,1,64.08552025648723,122296061.9998223,56,1,88.0,0,0
50975630-9c0a-4dcd-93a7-b01bf0a27603,Male,28,,0,0,Two Year,Basic Connect,Credit Card,1,44.58353081158409,142928720.82679787,45,1,68.0,0,3
8f69030c-41ec-40c9-801a-a4ba15357228,Female,35,Urban,0,0,Month-to-Month,Standard Connect,,1,78.1349172495181,183966592.8745457,64,2,65.0,1,0
be490d1c-b79f-42d6-81ba-92b344a1ddb1,Non-Binary,36,Rural,0,0,One Year,Premium Connect,Bank Transfer,1,95.35167656155132,173135685.9800834,56,1,65.0,0,1
19862cf7-2bed-48f1-a40d-38276785e0ae,Female,42,Urban,1,0,Month-to-Month,Premium Connect,Credit Card,1,102.66319188680382,184853522.2281309,66,2,112.0,0,1
9011f7b3-c728-4c99-ad03-c30b19c21fd4,Male,71,Urban,0,0,One Year,Basic Connect,Credit Card,0,34.738256430346965,83469743.53174715,69,6,56.0,1,0
4f00d6c6-d5f2-4486-ab40-39e76f6a10e5,Male,42,Urban,1,0,One Year,Premium Connect,Bank Transfer,1,102.65973212892844,241488332.5896192,41,1,76.0,0,1
d17d5efe-5ec1-4d5f-b4de-23a37fbc9d07,Female,72,,0,0,Two Year,Standard Connect,Bank Transfer,1,45.91517770884785,118141371.2706992,45,1,72.0,0,3
ff5b28c8-545d-4ac1-b98a-85d774e5d434,Male,83,Suburban,1,1,Month-to-Month,Premium Connect,,0,64.08552025648723,186257086.8348568,59,3,138.0,1,1
c238d866-da6e-49b6-868e-ec49555ab7c3,Male,32,Suburban,1,0,Month-to-Month,Basic Connect,Credit Card,1,37.39574307089946,84691637.09481542,43,0,29.0,0,3
9880c3e4-8b66-41fe-bc75-f6b953c1a9fc,Female,36,Rural,0,0,Month-to-Month,Premium Connect,Credit Card,1,118.51748838798534,265315151.23646584,37,2,112.0,0,1
9e82cb00-b964-4a19-a661-2f8ff2c7b3d2,Male,58,Rural,0,0,One Year,Basic Connect,Credit Card,1,43.348443838072185,69717587.37719214,65,1,63.0,0,0
8cc08ac4-5ac5-42ee-8bc0-16ecf9cb3ae8,,73,Urban,1,0,Month-to-Month,Standard Connect,Credit Card,1,76.87690949161382,121003446.882341,50,2,72.0,0,0
f0a744b0-1e42-4895-80fd-2a4b512d36aa,Female,55,Rural,1,0,Month-to-Month,Basic Connect,Digital Wallet,0,36.30448466675044,88247280.05527176,34,0,48.0,0,3
1ed34d23-11e3-4091-be43-f107faa645a1,Female,34,Urban,0,1,Month-to-Month,Premium Connect,Digital Wallet,1,89.7872947614535,188326968.46426204,64,1,72.0,1,1
9fdca4e5-147b-4622-9a38-62a6a5a2511b,Female,32,Suburban,1,1,Month-to-Month,Basic Connect,Credit Card,1,29.290931156508364,76850552.84252654,45,0,38.0,0,3
2ceb3868-bcd6-43bd-9e87-06de5a3dfa7b,Male,19,Suburban,0,0,One Year,Premium Connect,Credit Card,1,120.849247248311,181845978.69344017,44,5,173.0,0,1
900f703e-a8a8-4e7d-8039-50ac16d957c1,Male,40,Suburban,0,0,Month-to-Month,Standard Connect,Bank Transfer,1,85.68471078329026,162545671.17825213,68,3,98.0,0,0
3ab47ec3-d45f-40e0-8a72-91fab82faf38,Male,30,Suburban,0,0,One Year,Premium Connect,Bank Transfer,1,109.71786522011574,293737664.9523761,49,2,64.0,0,1
8ae52635-ed2f-4900-a077-6b1163d70e10,Female,69,Suburban,0,1,Two Year,Standard Connect,,0,45.702133547331,79152749.38331647,39,2,38.0,0,3
ce4a3ef9-dbb0-4b78-a1e9-29ced59f33a6,Male,33,Urban,0,0,Two Year,Basic Connect,Digital Wallet,1,63.62317950222378,125896906.8382244,39,2,65.0,0,3
36ab2479-909e-4433-8e5f-da17c43e7fe1,,83,,1,1,Two Year,Basic Connect,Credit Card,1,46.75127450494446,102730157.12075137,51,2,46.0,0,0
0ad0838f-aa1f-414f-8438-7c0a52781984,Male,68,Urban,1,1,One Year,Basic Connect,Credit Card,1,36.58433920608556,106632971.64272209,65,1,52.0,0,0
7471c154-34a5-4b18-b1ff-66ff53306969,Female,68,Suburban,0,1,One Year,Basic Connect,Mailed Check,1,26.1337129765694,60907330.54817835,64,2,64.0,0,0
e45e0dd3-c713-4973-b386-3e5ed7f7dffe,Male,84,Urban,0,0,Month-to-Month,Premium Connect,Credit Card,1,100.90717383179069,292866003.67826587,38,0,80.0,0,1
80c4856f-3917-4ed7-aa08-1022f48a17fe,Male,39,Suburban,0,1,One Year,Basic Connect,Digital Wallet,0,44.5717282853343,80117638.01329497,64,2,51.0,0,0
a58573be-71c5-4e09-bbc9-04c1b720c63c,Female,29,Suburban,1,1,One Year,Basic Connect,Credit Card,1,20.0,30002034.797232226,56,5,33.0,0,0
89123f91-dc83-488d-8920-7834a858f5fc,Male,70,Rural,1,1,Month-to-Month,Basic Connect,Bank Transfer,1,48.0650984958118,2307.1247277989664,48,0,64.0,0,3
a8259f40-4cf8-4ae3-86ab-5c1ecb0ac4bc,Female,48,Rural,0,1,Month-to-Month,Standard Connect,Bank Transfer,1,66.2081900072447,104002321.77968352,61,3,62.0,0,0
0585ea05-e2dc-4fdc-b9f5-982bde71be42,Female,76,Urban,1,0,Month-to-Month,Standard Connect,,0,71.69561378624763,197015530.8352109,57,1,41.0,0,1
518ee76c-d943-4319-bc75-15ed8e060d8f,Male,42,Suburban,1,1,Month-to-Month,Premium Connect,Bank Transfer,1,108.52693925279,178477918.02296677,67,2,89.0,1,1
ec9e8d9f-bb66-4c90-953c-2d8d089b9698,Female,18,Suburban,0,0,Month-to-Month,Basic Connect,Bank Transfer,1,70.77882609706178,145894905.32631287,43,3,81.0,1,3
a0c8b61b-5879-45a4-903b-203eb7598892,Male,64,Rural,0,0,Month-to-Month,Basic Connect,Bank Transfer,1,34.43019603441468,64425018.95404631,44,2,46.0,1,3
1a722a33-34fd-4f67-b772-934388fe9ae7,Female,64,Suburban,1,1,Two Year,Standard Connect,Bank Transfer,0,84.08202857698275,161593465.4681234,47,0,98.0,0,1
92e801c5-2cdc-4d91-a278-09ded69cfc90,Male,83,Urban,0,0,Month-to-Month,Basic Connect,Credit Card,1,42.82595339908909,126959565.8219601,36,1,45.0,0,3
bb171ff6-3f50-4a5d-93e2-a8ff3528c27e,Female,81,Rural,0,1,Month-to-Month,Basic Connect,Digital Wallet,1,33.442213642039626,75284611.11767302,41,1,55.0,0,3
1764bc7a-a2da-4a16-bc34-49d8b3c68fbf,Female,51,Urban,1,0,Month-to-Month,Standard Connect,Digital Wallet,0,69.03458607712165,110262514.32513107,43,1,92.0,0,3
1260b129-ab93-48d9-9928-f2cc2e6b7213,Male,73,Urban,0,0,One Year,Premium Connect,,0,115.5276374711104,345837654.62576985,66,0,64.0,0,1
3207e926-dc61-43d0-a28b-c0cceeb27a50,Male,51,Urban,1,1,Month-to-Month,Standard Connect,Bank Transfer,0,53.70539195443886,98022990.69406316,57,3,35.0,0,0
b3aea059-e4ec-479a-957d-dc600f3f9c49,Male,71,Urban,0,0,Two Year,Standard Connect,Digital Wallet,0,60.719487821226245,177332097.44785503,56,1,60.0,0,0
a0f2564e-805d-48c8-b5f9-a8eb3bb5f644,Female,70,Urban,0,1,Month-to-Month,Basic Connect,Credit Card,0,53.29578813087373,114767858.47868176,45,0,82.0,0,3
7c9b9552-9800-4c3c-8548-39bb7cf0a1e5,Male,75,Rural,1,0,Month-to-Month,Basic Connect,Mailed Check,0,34.573455978052976,85542340.04949191,50,0,42.0,0,3
f1d18685-11ea-4f22-a5f3-747df5fcfbaa,Female,26,Urban,1,1,Month-to-Month,Basic Connect,Bank Transfer,1,53.49657639629503,122415984.86957502,58,1,68.0,1,0
37fb8917-26f4-47f3-9e10-a41baf9b7c8a,Female,58,Rural,0,1,Two Year,Premium Connect,Bank Transfer,1,64.08552025648723,337819974.39768267,69,4,139.0,0,1
bad7b28e-5aaf-4f10-8446-ab42be37a7d6,Male,50,Suburban,1,1,One Year,Standard Connect,Credit Card,0,59.41469715517892,147393902.4036423,68,1,47.0,0,0
a4698912-6c5f-44bb-bf9a-daacac63a4ae,Female,51,Urban,1,0,Two Year,Premium Connect,Digital Wallet,1,133.6211588418582,386639025.8362549,49,1,115.0,0,1
14993810-04db-41e4-afa0-2348fdc4fe10,Male,51,Suburban,0,0,Month-to-Month,Standard Connect,Credit Card,1,81.9680824600771,193636192.4955117,50,2,76.0,1,1
86ec8350-2c67-4dd6-a988-e9aaf597e182,Female,53,Urban,0,0,Two Year,Standard Connect,Digital Wallet,1,67.95121144987873,194108445.9465164,56,3,70.0,0,1
023b64c5-8bc5-42b0-99c8-f03df3998b8e,,82,Urban,1,0,One Year,Standard Connect,Digital Wallet,0,56.64076060045237,152366477.46709386,60,2,89.0,0,0
b09dc63a-dea8-4e66-9fc1-15422a55cd47,Male,78,Rural,0,0,Month-to-Month,Premium Connect,Credit Card,0,112.15797496460522,313288108.52423865,68,0,93.0,0,1
fbb5af79-41d8-4101-a053-5c24a8e72597,,52,Suburban,1,0,Two Year,Basic Connect,Mailed Check,0,40.49474964967551,61634312.3128906,46,1,35.0,0,3
10b91b1e-51ed-458b-92e4-633fdc2e07f8,Female,38,Suburb,0,0,Month-to-Month,Basic Connect,Credit Card,1,62.77377475393186,105750608.06293526,68,1,44.0,1,0
ebe91af8-73c4-45c7-ab6b-ce78c59440c4,Male,30,Urban,0,0,Two Year,Basic Connect,Bank Transfer,1,64.08552025648723,3396.532573593823,53,3,33.0,0,0
97d16085-2fca-4075-a6ad-0ac60a0dd80d,Male,69,Urban,1,0,Month-to-Month,Basic Connect,Digital Wallet,1,30.1185741522559,88425520.98028578,38,2,34.0,0,3
5371c861-e80b-4024-b697-f11bac3e9028,Male,72,Urban,1,1,Month-to-Month,Standard Connect,Bank Transfer,1,66.47395263647935,198400712.9559419,58,3,66.0,0,1
3f6444e2-ab5c-40e1-939a-322b81f15568,Female,42,Urban,1,0,One Year,Standard Connect,Credit Card,1,91.63155060181442,261589508.45294416,36,1,127.0,0,1
60eeadc3-3a9e-4dc7-9bc6-071add68a18a,Female,77,Suburban,1,1,Month-to-Month,Basic Connect,Credit Card,1,58.60458993790815,127949429.77002469,39,5,39.0,0,3
0fd576c3-6a6e-419d-8cb3-4974b3d07ed1,Female,50,Urban,0,0,Month-to-Month,Premium Connect,Credit Card,1,98.32285902115416,301597367.0814321,64,1,89.0,0,1
7aab2037-4506-4d28-b86f-79ca2c6ff514,Female,42,Rural,0,0,Month-to-Month,Standard Connect,Mailed Check,1,82.88266395621157,242774169.5910784,41,0,105.0,1,1
b19d3eb0-f3c6-44b5-9c3a-c7040cd52310,Male,69,Rural,0,0,Two Year,Basic Connect,Bank Transfer,1,79.58339527319,149911847.60876352,60,3,92.0,0,0
4d3b3ba4-2e5e-4a3c-b7b6-d053e2dd649c,Male,51,Urban,0,1,One Year,Basic Connect,Bank Transfer,1,44.87322297043219,108671730.87196642,35,1,56.0,0,3
656d5ed8-3fe5-461d-8987-a647dfd69de1,Female,69,Urban,1,1,Two Year,Basic Connect,,1,20.0,1100.0,55,2,24.0,0,0
43d80642-b732-4c9b-8898-c5683bf96be2,Non-Binary,50,Urban,0,1,One Year,Standard Connect,Mailed Check,1,78.07897882842725,124242698.92760216,64,4,64.0,1,0
f14555f6-ca94-4d93-b76d-fe54f37d37a1,,56,Suburban,0,1,Month-to-Month,Basic Connect,Credit Card,1,45.70845457286589,143779532.62354782,62,5,46.0,0,0
39f0ca1a-a134-407d-bc1d-4137c693696f,Male,51,Urban,0,0,Two Year,Premium Connect,Digital Wallet,1,91.322545309034,282060431.4086873,36,3,116.0,0,1
0db747e4-e184-4d78-9d3b-7d6d9cd2983f,Male,44,Urban,0,0,One Year,Premium Connect,Digital Wallet,0,116.197274397197,6855.639189434623,59,2,138.0,0,0
9ccad159-ef52-4267-98fa-2ce2fdfb5306,Male,71,Suburban,1,0,Month-to-Month,Standard Connect,Bank Transfer,1,76.27493063511037,4423.945976836401,58,2,93.0,0,0
83b45a97-39a1-4aa0-9064-e8d0402b41f3,Male,75,Suburban,0,1,One Year,Standard Connect,Credit Card,1,62.51448859732626,121460406.92568828,61,5,61.0,0,0
054b4e0c-3f38-4be7-b9f4-2835f22e0627,Male,55,Urban,1,1,One Year,Standard Connect,Bank Transfer,1,53.32101675753232,131563112.78686132,39,1,59.0,0,3
69068f50-30c6-4306-8874-f45e782d5d75,Prefer not to say,72,Suburban,1,1,Month-to-Month,Standard Connect,Credit Card,1,45.26028059334581,138167230.66843092,69,0,57.0,1,0
42eb6f95-193a-46d8-af8d-52f581cb1a63,Prefer not to say,54,Urban,0,0,One Year,Standard Connect,Credit Card,1,91.69437759429132,235903739.086834,46,0,137.0,0,1
82335903-5997-424b-87fa-282319b865a1,Male,22,Urban,0,0,Month-to-Month,Standard Connect,Bank Transfer,1,64.08552025648723,139808234.51421848,38,0,64.0,0,3
46a8c454-b116-4e30-b61f-55e0876462ad,Male,68,Urban,0,0,Month-to-Month,Standard Connect,Bank Transfer,0,47.52718107630462,77953867.1649815,65,3,56.0,0,0
323ef0d5-fc20-4ff4-b092-ec6616fc8b2e,Female,84,Rural,0,0,Month-to-Month,Standard Connect,Credit Card,1,69.00052476078298,172567122.31052652,40,2,61.0,0,3
f435b7a3-d4c9-4f0d-88a5-33bd99122b5b,Male,39,Urban,1,1,Month-to-Month,Standard Connect,Mailed Check,0,85.11305630903925,175093737.45304096,44,1,64.0,0,1
9f68978f-9246-42a2-bf0b-e8be3025d851,Male,59,Urban,1,0,Month-to-Month,Standard Connect,Credit Card,1,62.95112166826766,183348143.9438477,64,3,69.0,0,0
671761be-d47d-41f2-9e09-8bc6aec692a6,Female,67,Urban,0,0,Month-to-Month,Standard Connect,Bank Transfer,0,71.83390991994443,163335826.42236754,37,2,64.0,1,3
a2a67ba6-f3d4-4e69-be2c-ca51bec8698e,Female,61,Urban,0,0,One Year,Basic Connect,Bank Transfer,1,39.26701251125548,67816510.75095373,55,2,38.0,0,0
7894a0ca-05de-49d3-bc96-94c672a263d6,Female,43,Suburban,1,1,Month-to-Month,Basic Connect,Digital Wallet,1,44.17720615814503,136840076.34443688,53,2,64.0,0,0
06bd9fa3-7885-4f8f-aa9c-2469832f854d,,24,Rural,1,1,Two Year,Premium Connect,Bank Transfer,1,81.59591560186692,159147390.80446643,68,2,58.0,0,0
a4dcafeb-bc4f-4ef7-9e04-dbb4de79750b,Male,62,Urban,0,0,Month-to-Month,Standard Connect,Credit Card,1,81.97430624713165,217577714.62249127,68,3,120.0,0,1
d00c1d7e-0993-4c0b-b731-a06e2cd19be3,,24,Rural,0,0,Month-to-Month,Basic Connect,,1,38.014441570890966,107263657.67729516,60,2,28.0,0,0
93183bbd-8eb9-4f4a-bce5-ed070cb26eda,Female,46,Suburban,1,0,Month-to-Month,Premium Connect,Credit Card,1,89.88094638175403,179164899.31731483,34,1,85.0,0,3
2f520040-7acf-42a1-b883-11984ab3499f,,64,Suburban,1,0,One Year,Basic Connect,Credit Card,1,30.85378425937074,2098.0573296372104,68,1,25.0,0,0
94643e77-c7f8-4664-b4fa-2544f8ee9ec3,Male,37,Suburban,0,0,One Year,Basic Connect,Credit Card,1,35.00927707925289,76881722.61892499,40,1,30.0,0,3
5ed6313e-9238-448e-aaf4-e101706eebaf,Male,75,Urban,0,0,Month-to-Month,Basic Connect,,0,34.42454471089165,69805619.04303053,40,1,64.0,1,3
aae8c68d-45de-4ccd-99e9-2861068bfd88,Female,50,Urban,1,0,Month-to-Month,Basic Connect,Credit Card,1,55.523414991242575,91670779.0384336,51,1,87.0,0,3
cd7dfe23-d3f7-4936-845e-9ccb8f2603d6,Male,27,Urban,0,0,One Year,Premium Connect,Digital Wallet,1,132.83731706131198,300703433.0423756,58,1,135.0,0,1
fa5e3588-88ac-419a-b3e1-94d9d2367cea,Male,51,Rural,1,0,Two Year,Premium Connect,Digital Wallet,0,114.39681981301652,340380891.96612966,63,1,172.0,0,1
dc930c7f-5657-4b2b-b66f-6d499e154b5a,Male,71,Urban,0,0,Month-to-Month,Basic Connect,Digital Wallet,1,20.0,47454030.09416411,55,1,16.0,0,0
2d4f90fd-32f5-418e-bd4c-7078c1c60217,Male,74,Suburban,0,1,Month-to-Month,Basic Connect,Bank Transfer,1,59.15041329466849,3134.97190461743,53,0,35.0,0,0
16f817f5-e123-4b98-bda9-bebd42f47f21,Male,70,Urban,1,0,Month-to-Month,Basic Connect,Bank Transfer,1,64.08552025648723,102483540.5891871,55,1,30.0,0,0
8a7be67b-932c-4329-95ed-63d63a1130fe,Non-Binary,63,Urban,1,0,Month-to-Month,Premium Connect,Bank Transfer,1,110.55773921432736,172522807.02681303,38,1,146.0,1,1
14dce089-d582-46da-be0c-c040363852c2,Female,63,Rural,0,0,Month-to-Month,Basic Connect,Credit Card,1,59.3894153813814,139760772.93946403,36,2,39.0,0,3
365b722f-34ef-49ff-b22d-42c55714f194,Female,59,Rural,1,0,One Year,Basic Connect,Mailed Check,1,38.45056631137557,2653.0890754849142,69,1,64.0,0,0
17f77cec-9c09-4956-b71d-ac861c1e6002,Female,67,Urban,1,1,Month-to-Month,Standard Connect,Bank Transfer,1,53.36252669012279,147825028.95813158,44,0,62.0,0,3
1a6b98f5-003d-4ca0-9695-d2ac7ebed5c5,Female,43,Rural,1,0,Month-to-Month,Premium Connect,Bank Transfer,1,67.9413771524611,207032866.19798845,55,2,90.0,0,1
f39a2ee9-fd74-4b6f-bf2e-5ff38293237c,Male,53,Urban,1,0,One Year,Standard Connect,Credit Card,1,85.81007936313675,143009888.21151078,41,1,49.0,0,3
c9a7b0db-4c96-40d4-9327-3bc8c19ec5c8,Female,69,Urban,0,0,Month-to-Month,Basic Connect,Bank Transfer,1,20.0,39385825.53151705,64,3,26.0,0,0
80532db9-9dc5-4a7c-bb8a-2088e220e6fe,Male,76,Urban,0,0,Month-to-Month,Standard Connect,Digital Wallet,1,53.010160091218,119319721.60297266,57,0,75.0,0,0
5400bb85-2ac0-4782-b2ce-0fd49529cfa2,Male,62,Urban,0,0,Month-to-Month,Standard Connect,Credit Card,1,88.2995670972728,155317042.96281964,42,1,99.0,0,1
7c690dbc-53c6-4cca-8147-7802f769613e,Female,82,Urban,0,1,Month-to-Month,Standard Connect,,1,74.07097190457094,202210301.7686866,58,3,56.0,1,1
514f98a7-f441-4ff1-bfd0-16c948e98c39,Male,36,Urban,1,0,Month-to-Month,Standard Connect,Credit Card,1,73.80561588982017,183526628.9269637,46,5,97.0,1,1
4c36e92c-e79b-4ea1-afaa-4f8eba620512,Male,53,Suburban,1,1,One Year,Basic Connect,Bank Transfer,1,31.920756675688896,58425492.47402833,52,0,37.0,0,0
3cabf68e-7fc2-4cfd-afb1-fe0994e4f4e7,Female,45,Urban,1,0,Month-to-Month,Basic Connect,,0,50.97108466409822,123159486.92350738,35,3,64.0,0,3
9c301d32-78e9-450d-8511-bfd61db20fb5,Female,21,Suburban,0,0,One Year,Standard Connect,Credit Card,1,83.55243132669813,165153252.2332432,37,2,89.0,0,3
e438b467-d29d-45f1-a8f5-a83bcbe04aad,Male,67,Urban,0,1,One Year,Basic Connect,Credit Card,1,20.0,58808755.9946226,42,0,18.0,0,3
409f76d6-3c16-4a2f-aaf0-541c0745580f,Male,76,Suburban,0,0,Month-to-Month,Standard Connect,Bank Transfer,0,87.52064315285502,159481768.63669723,55,0,78.0,0,1
7c6f752d-d1ee-4147-8216-94f3494b99ab,Male,18,Rural,0,0,Month-to-Month,Basic Connect,Credit Card,1,64.08552025648723,79113058.66097394,56,1,44.0,0,0
740a328d-adc3-4a8e-a4b8-72c1d94eb2ba,,54,Urban,1,0,Month-to-Month,Standard Connect,Bank Transfer,0,78.77316571387314,116239407.03599513,55,1,70.0,0,0
de8b9a18-62ef-42fb-ac40-c7860cbceb4d,Male,65,Urban,0,1,One Year,Standard Connect,Credit Card,1,81.11550366842175,231583910.79606208,39,2,58.0,0,1
e4f3a3c8-1360-4f89-9eb4-1605f8ef6c6a,Non-Binary,57,Urban,0,0,One Year,Premium Connect,Credit Card,1,94.40604438773089,161526453.12300152,66,1,106.0,0,0
41eaedd2-163f-4755-9916-059f50844166,Prefer not to say,21,Rural,1,0,Two Year,Standard Connect,Credit Card,1,64.08552025648723,176106833.12896886,34,4,104.0,0,3
6551fb69-4c4c-42f9-991e-802ed24aa4cf,Male,28,Rural,1,0,Month-to-Month,Standard Connect,Credit Card,1,75.7250811026648,107611184.46074656,62,1,46.0,1,0
b868f208-cf7a-466c-b309-49fdedc96c21,Male,50,,0,0,Two Year,Basic Connect,Bank Transfer,1,46.6109701951436,103395882.62875412,35,1,32.0,0,3
5ccc3f54-9c1a-4df5-8016-7b25953cbf10,,38,Suburban,1,0,Month-to-Month,Basic Connect,Mailed Check,0,46.04508050983901,2486.4343475313067,54,0,71.0,0,0
bdbb1d1b-dc56-47c9-802e-9eb1a12294e3,,23,Rural,0,0,Month-to-Month,Basic Connect,,1,36.99578950372969,108284932.5738528,63,3,64.0,0,0
323f781e-8c79-4397-b46d-9753feda9d16,Female,34,Urban,0,0,Two Year,Premium Connect,Credit Card,1,95.67334512909451,250928522.2299761,44,2,109.0,0,1
3f204fa0-bec9-446f-a2f8-adc57b1b1b59,Female,43,Urban,0,0,Month-to-Month,Standard Connect,Credit Card,1,92.44539619531449,191038527.1127198,47,1,66.0,0,1
02ab957e-f1ba-4b4b-9292-3bfe3aef8e0a,Female,66,Urban,0,1,Month-to-Month,Basic Connect,Digital Wallet,1,34.77297083497493,60400571.91953794,49,1,52.0,0,3
d4c4ee0c-84e1-401f-986d-15b594eadd73,Female,41,,1,0,Month-to-Month,Standard Connect,Digital Wallet,1,100.25686704972712,180661265.92986533,38,1,64.0,0,1
9cabe629-5c4c-47c9-b7ba-caaedc1adc3b,,20,,1,1,Two Year,Standard Connect,Bank Transfer,0,78.11360014218371,127726648.7039654,57,1,87.0,0,0
6fb01f9a-c36f-44e3-b374-721c775abfb3,Female,51,Suburban,1,0,Month-to-Month,Basic Connect,Credit Card,1,34.097765620020304,1841.2793434810965,54,2,28.0,0,0
7999b1ce-2fb3-466a-9093-481fff7c75d5,Non-Binary,70,Suburban,0,0,Two Year,Premium Connect,Digital Wallet,1,72.4688531631398,160947857.0789938,55,2,41.0,0,0
76d1be04-d546-4ef6-8321-ba082c91f5e2,Female,59,Suburban,1,0,One Year,Premium Connect,Mailed Check,0,86.72770879629842,220613752.9782868,62,1,110.0,0,1
d5908620-9435-462b-878c-7112fcca0dbb,Male,72,Urban,1,0,Month-to-Month,Premium Connect,Digital Wallet,1,86.22526047877622,149857423.32106075,51,2,96.0,0,1
55b890cf-5c2c-450c-be98-083d86757110,Male,51,,1,0,Month-to-Month,Basic Connect,Bank Transfer,1,45.30303242713258,108340331.91868454,36,1,66.0,0,3
55627a16-d96e-4073-9f05-2fffe400f6ec,,31,Urban,0,1,One Year,Premium Connect,Bank Transfer,1,114.5057325579486,7328.366883708711,64,0,155.0,0,0
817ec745-91f0-46e2-8771-47a1db3b674a,Female,50,Suburban,1,1,Month-to-Month,Premium Connect,Bank Transfer,1,115.59063308041956,237773871.4186925,51,3,80.0,0,1
020e1605-3841-4fce-8d21-13a77e8d524b,Male,30,Urban,1,0,Month-to-Month,Standard Connect,Mailed Check,0,58.262172317685824,142139351.05827397,61,1,80.0,0,0
f8df09e6-80a5-45db-951a-c2cbd0d5020c,Female,18,Urban,1,0,Month-to-Month,Standard Connect,Credit Card,0,67.65729214607347,3044.578146573306,45,0,56.0,0,3
37ad8474-3b1a-48cd-92f8-dd5ca6b332d3,Male,70,Suburban,0,0,Month-to-Month,Basic Connect,,1,45.48355469957677,114968439.12688132,68,3,53.0,0,0
75b4d6cf-064c-472a-831c-f73dee36c263,Male,47,Urban,0,0,One Year,Premium Connect,Digital Wallet,1,92.75368517852208,162908070.88172117,64,1,84.0,1,1
2a0bf1c1-4d0d-40a8-a214-ea404080ea85,Male,35,Urban,0,0,Month-to-Month,Premium Connect,Mailed Check,0,82.78183219881225,147683248.45427632,62,0,98.0,0,0
4fa2f56d-28e3-479d-a697-e590e0227980,Prefer not to say,68,Urban,1,0,One Year,Basic Connect,Digital Wallet,0,42.29768786272136,74203763.50084056,48,2,35.0,0,3
68065b79-363d-4d47-ab30-07633b115ef9,Female,22,Urban,0,1,Two Year,Standard Connect,Credit Card,1,61.82356068901867,154297658.7438525,59,0,73.0,0,0
5d752d5c-41d6-403e-b615-a6ce215bd745,Female,61,Urban,1,0,Month-to-Month,Standard Connect,Bank Transfer,0,68.66910020927659,4394.822413393702,64,4,52.0,0,0
30d9c9ac-fd11-4ec5-a946-478ad0cb7904,Male,33,Urban,0,0,Month-to-Month,Basic Connect,Mailed Check,1,20.0,63141590.197781526,43,3,32.0,0,3
8c054d99-9999-4a0e-9428-959df416b5b7,Male,80,,0,0,Month-to-Month,Basic Connect,,0,72.95171702614255,159265939.8411008,50,2,66.0,1,1
65be2590-cffb-4056-b895-93c46520c9fb,Female,72,Rural,1,1,Two Year,Standard Connect,Bank Transfer,1,64.08552025648723,4421.900897697618,69,1,64.0,0,0
15cc8048-6164-42a5-9236-b9f0b55c9803,Female,77,Suburban,0,0,Month-to-Month,Standard Connect,Credit Card,1,64.9433539580343,103536930.18237494,67,0,52.0,0,0
bdff2096-e1ac-4f25-98b0-9ae8459847cd,,65,Urban,1,1,Two Year,Premium Connect,Credit Card,0,106.867283995895,218777234.3086,34,1,160.0,0,1
88b1f28d-1bd1-46b4-aee9-d24451ba9013,Male,57,Rural,0,0,Month-to-Month,Standard Connect,Bank Transfer,1,62.438036570739136,97183757.6887368,50,5,63.0,1,3
67f49191-1124-4227-bb92-d860e6f98e3b,Male,23,Urban,1,0,Month-to-Month,Standard Connect,Digital Wallet,1,62.54277904397809,98680231.12181316,57,2,55.0,0,0
e63c7865-6e9d-469c-b051-5dc702823444,Female,83,Suburban,0,0,Month-to-Month,Basic Connect,Credit Card,1,20.0,57499404.963365614,59,0,15.0,0,0
c1d36b71-6085-42f8-9427-ca9d5b368945,Male,63,Urban,0,0,One Year,Premium Connect,Credit Card,0,96.70948277524224,215009764.79009232,58,0,64.0,0,1
b264c90e-ceee-40f3-a8cc-4bee64f053e6,Female,26,Rural,0,1,One Year,Premium Connect,,0,87.7240716320233,185160393.77959687,59,3,122.0,0,1
07d86f72-c0c0-4c65-a801-ce73b3361638,Male,73,,1,0,Month-to-Month,Basic Connect,Digital Wallet,1,43.97270671853367,84180406.31552474,58,1,62.0,0,0
f8bae10a-ef26-4e5f-897c-a6c89f835e10,Male,22,Rural,1,1,Month-to-Month,Basic Connect,,1,49.97594547116046,99978365.7324044,52,1,64.0,0,3
0c13f74e-b662-4ac2-8cd5-2065c058aacc,Female,35,Suburban,1,0,Month-to-Month,Premium Connect,,1,101.25814206502622,152102514.9041746,49,0,118.0,0,1
305761d2-f158-455b-ba43-05786d8ae77b,Prefer not to say,65,Suburban,0,0,Month-to-Month,Standard Connect,Mailed Check,0,60.77829077492184,128050294.837295,48,0,52.0,0,3
ec821ede-9738-4c01-b8c0-103601894baf,Male,27,,0,0,One Year,Standard Connect,Bank Transfer,1,78.57258437230934,215960599.72513872,35,1,57.0,1,1
13859561-dc64-4b57-84b1-45f6acfd4176,,62,Urban,0,0,Month-to-Month,Premium Connect,Credit Card,0,79.13068989045786,224115711.41227767,59,3,49.0,0,1
3b413d2c-ca80-468b-ab18-399cf3bfb8df,Male,72,Urban,1,0,Two Year,Standard Connect,Credit Card,1,58.840178198121095,2177.0865933304804,37,1,49.0,0,3
df42f1a5-8099-44b0-af7b-2b7c3efa5798,Female,65,Suburban,0,0,Month-to-Month,Premium Connect,Credit Card,1,86.39915250126886,197029383.5559625,47,1,124.0,0,1
1dd21713-357d-4667-976a-ffecb6636d2e,Female,52,Urban,0,1,Month-to-Month,Basic Connect,Credit Card,0,49.91991042902698,1697.276954586917,34,1,76.0,1,3
33e3b8c0-16c7-4bce-84ea-d123efde4ccd,Female,53,Rural,0,1,Month-to-Month,Basic Connect,Digital Wallet,1,60.34563440476094,134993068.7102542,57,1,60.0,0,0
cf357359-931f-4030-8fad-6b4c0477946c,Male,53,Urban,1,0,One Year,Basic Connect,Credit Card,1,32.182244190830176,68592868.25910671,36,3,44.0,0,3
3c5ecfbc-07f5-4eec-b650-9fc3a2f1a4cc,Male,81,Urban,0,0,Month-to-Month,Standard Connect,Credit Card,0,74.78661071152705,3888.903756999407,52,1,43.0,1,0
53f08176-7b46-4ff3-8988-654db60cbea8,Male,47,Rural,1,0,Month-to-Month,Standard Connect,Mailed Check,1,74.55941980078688,180537560.70337072,61,1,54.0,0,0
e917bf87-9bab-4879-8bcd-c720e48e7da0,,68,Urban,1,0,Month-to-Month,Standard Connect,Credit Card,1,84.71852396331892,165233728.44346252,46,1,123.0,0,1
e6e65201-71c5-4feb-9f7c-b73483040dca,Prefer not to say,29,Urban,1,0,Two Year,Premium Connect,Bank Transfer,1,108.71265041313546,171486180.25566164,57,0,150.0,0,1
e7b1b5e9-428a-41f5-b4a5-1a987f3849f9,Female,67,Urban,0,1,Month-to-Month,Premium Connect,,1,88.37679215371705,150391980.03191718,61,0,64.0,0,0
2075c7bf-0fd8-4a95-9d86-9f537bdcf42a,Male,47,Suburban,0,0,Month-to-Month,Basic Connect,Credit Card,1,36.91737931999996,78925767.73946449,54,1,24.0,0,0
7ed45dda-bb2c-4a62-aca2-9ddc001b39b6,Female,68,Suburban,0,1,One Year,Basic Connect,,1,20.66593487999652,47613698.799733415,67,1,35.0,0,0
be3a3da7-6654-4f17-9e1a-6aa7fddfe1c4,Female,38,Suburban,1,0,One Year,Basic Connect,Mailed Check,0,38.96298877412269,62278734.12140975,48,3,36.0,0,3
3a8b98a0-8cf4-45b6-9f1a-d9fdc6234f11,Male,19,Suburban,0,0,Month-to-Month,Standard Connect,Bank Transfer,1,64.69505999939092,2587.802399975637,40,1,55.0,0,3
10b27301-5240-4719-871d-d2b34c38169b,Male,46,Urban,1,1,Month-to-Month,Standard Connect,Bank Transfer,0,75.92973256384778,174199768.3071751,38,2,68.0,1,3
352614c4-6eea-4fb6-b9a2-e0ccc994ef6c,Male,72,Suburban,0,0,Two Year,Basic Connect,Credit Card,0,35.19845857517181,57890236.96368762,45,4,51.0,0,3
f54db2ca-d691-4682-9795-50f188a98ee4,,52,Urban,0,0,Month-to-Month,Premium Connect,Bank Transfer,0,136.91342199471745,385074198.1979381,67,3,90.0,0,1
5ae0a713-8537-4338-9696-9b4b4f989070,Non-Binary,47,Rural,1,0,Month-to-Month,Standard Connect,Digital Wallet,0,53.123924260363495,3559.302925444354,67,2,82.0,0,0
91778bfa-a426-44fc-a828-05f1c6f8dbd9,Female,74,Suburban,0,0,Month-to-Month,Standard Connect,,1,62.05513266768903,3102.756633384452,50,1,81.0,1,3
ba4d3fcf-650d-486d-8a11-cd8dc4d2d781,Male,26,Urban,0,0,Month-to-Month,Basic Connect,Credit Card,1,29.462054939124247,46822298.306157485,47,1,23.0,0,3
74362970-a51d-42a6-ba8e-6204148c55cf,,33,Urban,1,1,Two Year,Standard Connect,,1,73.57546231487596,197136553.59276763,50,1,66.0,0,1
083313cd-d9ad-4146-af8a-02f58e84581f,Male,18,Rural,1,0,Two Year,Standard Connect,Bank Transfer,1,66.35546970464426,125962370.81167716,45,1,99.0,0,3
33a7a6fa-46dd-411d-85b8-33e1f570f4c5,Male,61,Suburban,1,0,One Year,Basic Connect,Credit Card,0,61.23576030007331,187112839.6527638,55,1,64.0,0,1
6678707c-ea42-489c-a0d5-374feb1e79f8,Female,71,Urban,1,1,One Year,Standard Connect,Credit Card,1,66.369954925884,112476480.87317066,59,0,80.0,0,0
816f0dae-ce4b-48ad-a022-981ed38651ef,Non-Binary,55,Urban,0,1,One Year,Standard Connect,Credit Card,1,85.37324433817147,172463316.86974466,39,0,64.0,0,3
10a9092e-730b-4127-af6b-ac814350c524,Female,52,Urban,0,0,One Year,Standard Connect,Bank Transfer,1,64.08552025648723,139124181.17931655,51,2,41.0,0,3
c1ada3cc-88da-45ce-b5cf-56c9e528bfd5,Male,19,Rural,1,0,Month-to-Month,Premium Connect,Digital Wallet,1,86.22821139607397,167257470.8351879,46,1,85.0,0,1
d7b924d0-cc0f-4a01-a179-b81725dcf505,Prefer not to say,40,,0,0,Month-to-Month,Basic Connect,Digital Wallet,0,55.18384352662346,110439333.68858331,58,0,64.0,0,0
3b455b68-9c03-4a48-8be0-2ad367c5af00,Male,51,Rural,1,1,Month-to-Month,Basic Connect,Bank Transfer,1,42.59745082688416,67535035.84139058,69,0,50.0,1,0
726f0861-5907-4ab0-8d50-0744d8f7d42d,Female,47,Urban,0,1,One Year,Standard Connect,Credit Card,1,64.08552025648723,114064879.67545636,65,1,42.0,0,0
f653bfa4-70bb-4ac9-8831-95197232a4da,Male,50,Urban,0,1,Month-to-Month,Premium Connect,,1,99.62357715744868,193310296.4232392,53,3,141.0,1,1
25af0194-803a-49ca-aa4f-2c61ea03f6d3,Male,52,Urban,0,0,One Year,Premium Connect,Digital Wallet,1,91.9795870375986,5518.775222255917,60,2,109.0,0,0
bab20e36-2a0d-4674-897b-c12f5412a988,Male,32,Urban,0,0,Month-to-Month,Standard Connect,Credit Card,1,79.27222472602438,193730393.3988568,53,4,68.0,1,1
391da9f3-379f-410c-9e2d-f2c2bef26332,Male,77,Urban,0,0,One Year,Premium Connect,Mailed Check,1,123.90043377286509,198373751.8752488,36,1,95.0,0,1
3bb2b1d4-b59c-4839-9726-cccf88bc5a26,Female,39,Suburban,1,0,Month-to-Month,Basic Connect,Credit Card,1,35.632501565511845,82380662.34458083,53,2,34.0,0,0
144af8c8-beef-4589-a1b1-689552c64267,Male,77,Urban,1,1,Month-to-Month,Standard Connect,Bank Transfer,0,60.93981125215135,141767876.48187715,52,0,91.0,0,0
f01f1b56-3e6c-419c-bb16-4aa1bccf0162,Non-Binary,83,Urban,1,0,One Year,Standard Connect,Credit Card,1,64.08552025648723,3140.190492567874,49,1,58.0,0,3
4b06ae21-7ac4-4cb0-b62f-76d915a4d832,Non-Binary,45,Urban,0,1,Month-to-Month,Standard Connect,Credit Card,0,85.57236772704283,204982032.227431,64,1,63.0,0,1
bc93c2fa-11b3-4e3e-90e5-fc27423ec4d4,Male,69,Suburban,0,0,One Year,Basic Connect,Credit Card,1,53.3689482699037,114126996.44171856,40,2,55.0,0,3
cd1f2a61-4b44-428a-8d3b-e5a84b0d5a52,Female,76,Urban,1,1,Two Year,Basic Connect,Mailed Check,0,54.47523279897358,127079259.9475256,50,3,71.0,0,0
940520c1-0fac-4345-8dbd-2bd556eb643f,,41,Urban,0,0,One Year,Basic Connect,Digital Wallet,0,42.29312305872918,124816222.4056164,51,0,45.0,0,3
e2c231b2-fa72-4c9c-9cbc-24edc0370514,Female,71,Urban,0,1,One Year,Premium Connect,Credit Card,1,64.08552025648723,200552615.6116081,64,4,159.0,1,1
a894aa71-96a5-417e-8ec9-053c9555c600,Female,46,Urban,0,0,Month-to-Month,Basic Connect,Bank Transfer,0,36.10995280071596,77255099.73543546,35,1,33.0,0,3
926ad970-cc45-41af-94b2-69a1ce934514,Female,76,,0,0,Month-to-Month,Standard Connect,Mailed Check,1,61.65796910443064,171584709.85292253,63,3,93.0,0,0
2695aa65-dffe-4765-9131-83b85faa20b8,Male,66,Rural,1,0,Month-to-Month,Standard Connect,Credit Card,0,97.43426413335456,245985773.23587188,56,0,122.0,0,1
b4ffa393-ce2b-46ba-b382-78d773048c91,Female,69,Urban,0,0,Month-to-Month,Standard Connect,Bank Transfer,1,53.7480795158765,95560953.58751756,46,0,43.0,0,3
0cc998f5-6380-43a9-a8cb-46b0f39d8359,Female,45,Urban,0,0,One Year,Standard Connect,,1,57.56416721804909,92594309.8779685,54,3,80.0,0,0
3f11c7b8-0f57-4569-aad8-83d541eb09fc,Male,32,Urban,0,0,Two Year,Standard Connect,Digital Wallet,0,55.41456860942422,3657.361528222,66,1,68.0,0,0
2a93405c-d01e-4754-81b3-eaa96c57eb7c,Female,70,Suburban,0,1,Month-to-Month,Standard Connect,Mailed Check,1,83.38408919170004,175950115.4030179,40,1,118.0,0,1
e13e5078-6d8d-4777-90c9-ad76d567e795,Male,30,Suburban,1,1,Month-to-Month,Basic Connect,Credit Card,0,47.22751815157,2786.4235709426302,59,1,75.0,1,0
16ab7769-4607-4630-a81e-ba3c363e6ed2,Female,82,Suburban,0,0,Month-to-Month,Basic Connect,Bank Transfer,1,20.0,61991597.9550701,35,2,21.0,1,3
4fff4abe-d0e3-4914-998f-996879dc1ac8,Male,39,Rural,0,0,Month-to-Month,Basic Connect,Digital Wallet,0,33.79051364511144,84633551.81715764,68,0,64.0,0,0
14aacb0d-631b-4853-ae30-063e988ae05b,Male,74,Suburban,0,0,Month-to-Month,Basic Connect,Mailed Check,1,42.44543969369814,82068167.73669486,57,1,59.0,1,0
cc6cecf0-5c12-4389-8a1f-377b349f1662,Non-Binary,73,Suburban,1,0,Month-to-Month,Basic Connect,Credit Card,0,51.596687955906354,2476.641021883505,48,1,35.0,0,3
36d35b8a-79bb-4ad0-bd37-6684f4090553,Female,23,Urban,0,1,Month-to-Month,Standard Connect,Credit Card,1,64.83014635917519,164320007.79233763,43,2,87.0,0,3
618eaa6c-32b0-40ec-b731-f4ab43db2275,Male,65,Urban,0,1,Month-to-Month,Premium Connect,Credit Card,0,64.08552025648723,136838434.04599142,48,0,64.0,0,3
0b5d503f-bf40-41cf-bea8-e7f97f3a5c73,Male,39,Suburban,0,0,Two Year,Standard Connect,Credit Card,0,67.10863292297681,199191782.07131577,59,2,99.0,0,1
45341880-a627-4436-a1d6-339c0d8d5d63,Male,80,Suburban,1,0,Month-to-Month,Basic Connect,Credit Card,0,43.39349953588293,1952.707479114732,45,1,64.0,0,3
63f82c60-4fc7-4b10-b48a-350d4420f7db,Female,53,Urban,0,1,One Year,Standard Connect,Digital Wallet,0,53.1190856194046,108357906.87017952,50,1,84.0,0,3
e46c6461-31a7-4348-815e-45dd9b8bd835,Female,20,Suburban,0,0,One Year,Basic Connect,Credit Card,1,25.439141005515047,36445079.32980293,43,1,31.0,0,3
e13dcee3-71ff-4449-ada7-84fc45da93b9,Male,55,Urban,0,0,One Year,Standard Connect,Digital Wallet,1,78.15962290336816,173308846.60971165,35,1,84.0,0,3
6d1b2099-c672-4047-baf2-ffa4490e49f6,Male,18,Urban,0,0,Month-to-Month,Basic Connect,Credit Card,1,69.37806132206447,188404552.05724308,48,2,79.0,0,1
17dce9d6-3edc-46ef-956a-7b2a8aa6348e,Male,51,Suburban,0,0,One Year,Premium Connect,Credit Card,1,678.6457958541375,258726164.1008629,59,15,2950.478726,1,2
23781a5e-2ce5-4e34-9ebc-cfafed3ef5e9,,36,Rural,0,1,Month-to-Month,Premium Connect,Credit Card,0,122.74895960876378,6382.945899655717,52,1,79.0,0,0
66657931-c0f6-4729-a758-a7b136005b56,Female,44,Urban,0,0,Month-to-Month,Standard Connect,Credit Card,0,64.25655572203432,147697601.503257,44,2,68.0,0,3
e3f9e94d-da57-46f8-8029-972959e661dc,Male,41,Rural,0,0,Month-to-Month,Premium Connect,Bank Transfer,1,120.52686206086884,364534961.1080381,63,0,143.0,1,1
d0e9b879-7398-4a4f-b949-e5e4b781708c,Male,82,Urban,0,1,One Year,Premium Connect,Credit Card,1,135.11034903269726,400060855.3660328,35,1,176.0,0,1
1b12c7d6-d4e1-4964-9f8f-52b7e11353c3,Female,78,Suburban,1,0,One Year,Standard Connect,Bank Transfer,1,92.12421425326708,147828226.94952422,62,0,104.0,0,0
d87ea464-bba7-46de-abc6-245381baa4c0,Female,28,Suburban,1,1,Month-to-Month,Standard Connect,Digital Wallet,1,77.52465739368611,146713360.0158874,64,0,58.0,0,0
9db05c8e-a996-4bc0-8a38-39906ab207f2,Female,82,Urban,0,1,Month-to-Month,Standard Connect,,0,42.2367498534186,1689.469994136744,40,3,47.0,0,3
15942e37-76df-4689-92ca-8512e4e57f99,Male,55,Urban,1,1,Two Year,Premium Connect,Credit Card,1,96.28970658640064,207579751.61673832,50,3,96.0,0,1
df19da4b-6fa6-4147-947b-289951a58f84,Male,50,Suburban,1,0,Month-to-Month,Standard Connect,Bank Transfer,1,84.2780020777901,204840091.3828428,50,4,62.0,0,1
0b32dcbc-6869-4c07-a40b-277634e9ec19,Male,64,Suburban,0,0,Month-to-Month,Standard Connect,Digital Wallet,1,90.01296300554725,248379936.33726063,56,1,55.0,0,1
4827921d-5f98-44c9-90e0-ccf0b615c63d,Female,75,Suburban,1,0,One Year,Standard Connect,Bank Transfer,1,70.13430092526129,151018061.32969627,50,0,97.0,0,1
aaf22caa-254a-4743-805d-92051b6b44d2,Male,56,Suburban,0,1,One Year,Basic Connect,Credit Card,1,57.30980826201477,150683477.69419837,38,1,65.0,0,3
85a5f5e9-746b-49fe-b8c4-bff2577370d3,Female,46,Urban,0,1,Month-to-Month,Basic Connect,Digital Wallet,0,42.155649664753625,62525409.46413463,60,1,54.0,0,0
93634e89-464b-4308-b8ab-9e4b59b1fe55,Female,57,Urban,0,0,Two Year,Premium Connect,Bank Transfer,1,96.35990851290462,239632238.3496884,39,4,94.0,0,1
9211318f-c088-463f-bf76-5da96c06b58d,,63,Urban,1,0,Month-to-Month,Standard Connect,Digital Wallet,1,107.63866716624152,258529575.4537784,69,6,108.0,0,1
50e3c352-26fb-4af5-a935-dbd899da0df1,Male,19,Rural,0,0,Month-to-Month,Basic Connect,Credit Card,1,46.353838279215225,107202577.83096129,45,0,36.0,0,3
1bf2c619-40cc-4e40-a3cd-c773e7b91cbb,Male,19,Urban,0,0,Month-to-Month,Standard Connect,,0,89.15896312794143,236766801.2498355,62,1,134.0,1,1
b0f2cc8b-e722-47ca-81e0-387286226464,Female,69,Rural,1,0,Two Year,Basic Connect,Mailed Check,0,68.38181078010523,94351553.18399297,41,2,84.0,0,3
3788a653-01a2-457e-857d-305315e98538,Female,82,Urban,1,0,Month-to-Month,Standard Connect,Credit Card,1,73.43162615942278,139877991.35453153,46,0,75.0,0,3
29875b04-ec47-44f5-b873-6163933abd1d,Male,58,Urban,0,0,Two Year,Standard Connect,Credit Card,1,64.08552025648723,102868678.69273975,52,1,40.0,0,0
595658ff-bb54-4e59-833a-5143998e5a2e,Female,38,Urban,0,1,One Year,Basic Connect,Credit Card,0,55.19942806785319,149932056.9726456,34,3,62.0,1,3
fd2c86bf-abcf-4c84-9e57-dd935e1f6ed8,Prefer not to say,74,,0,0,Month-to-Month,Premium Connect,Bank Transfer,1,105.48106990435316,253987101.41590863,65,1,141.0,0,1
c139f929-8cfe-4220-9d0e-579f2454d8ba,Male,64,,0,0,Month-to-Month,Standard Connect,,1,64.08552025648723,271055540.2399811,65,0,111.0,1,1
f95aeadb-8474-4e66-899b-7a3fb2f7a89c,Male,66,Urban,1,0,One Year,Basic Connect,Digital Wallet,1,48.957167988406844,123802061.12530965,56,3,42.0,0,0
0285903e-2a9f-457a-93f5-7363c843ec6d,Male,83,Suburban,0,1,Month-to-Month,Basic Connect,Credit Card,1,36.87818091952151,74849162.24578306,50,1,48.0,0,0
40ffc6c5-6141-4654-b00a-6b6c13c34755,Male,56,Urban,0,0,Month-to-Month,Basic Connect,Bank Transfer,1,61.70417120739745,172257061.1364003,53,1,76.0,1,1
adbaa9e5-4b71-4c7c-9368-04e5915141e1,Male,61,Rural,1,0,Month-to-Month,Basic Connect,,0,45.69132529282415,102492090.6378202,46,3,60.0,0,3
dda90372-7dab-4c4b-ae64-4f9666928c1e,Male,48,,1,0,Month-to-Month,Basic Connect,Credit Card,1,31.10311914112445,90224559.88680875,56,1,40.0,0,0
486a4364-a1de-4e83-a5d3-e44e9eff0241,,49,Rural,0,1,Month-to-Month,Premium Connect,,0,78.50124969650282,175675759.1780026,68,2,110.0,0,0
472580f1-e1a3-419e-9df8-4e0bd305abfe,Female,24,Suburban,1,0,One Year,Standard Connect,Digital Wallet,0,71.18020568526794,171766937.71591806,63,2,76.0,0,0
daf98e94-e584-463f-91a9-22fdd5d862ec,Female,72,Suburban,0,1,Month-to-Month,Premium Connect,Mailed Check,1,78.38823340296113,135033250.4822343,46,4,101.0,1,3
3deb72cc-0eb8-46ea-ae72-9c8d2dda7804,Male,28,Urban,1,0,Month-to-Month,Basic Connect,,1,50.60180053823328,99446702.93342398,66,0,43.0,0,0
f0193e76-a9e9-4db5-8dd8-7cdb65c947b8,Female,76,,0,0,Month-to-Month,Basic Connect,Bank Transfer,0,64.08552025648723,65016416.86426563,67,0,42.0,0,0
65b23563-d1bb-42f8-b890-dabe2d46ade1,Male,78,Rural,1,0,Month-to-Month,Premium Connect,Credit Card,1,95.37389154770776,235359571.82737663,61,1,126.0,1,1
5d4f9795-2b59-431b-9dbf-dee73b7a825f,Male,59,Urban,1,0,Month-to-Month,Basic Connect,Credit Card,0,46.84873675693196,133584969.71925998,46,2,64.0,0,3
fd688b7d-ec31-4ddd-b604-e067159cbe5e,Male,47,Urban,0,0,One Year,Basic Connect,Bank Transfer,0,37.18340664216093,60975025.14416535,49,4,64.0,1,3
98559a50-8551-4677-b0bf-6fa01eb3ef5f,Female,50,Urban,0,1,Month-to-Month,Premium Connect,Credit Card,1,80.82080202790756,204188628.3707205,55,3,107.0,0,1
0178a6a2-18a7-4ed1-a8d4-442544ad1687,Female,51,Rural,0,0,Two Year,Basic Connect,Bank Transfer,0,21.236251088987625,46058720.75269445,55,4,15.0,0,0
0153ea66-ad47-4fd7-b5ed-3215cb519c7a,Female,57,Urban,1,0,One Year,Premium Connect,Bank Transfer,1,121.7288355211158,199949617.3744405,41,1,132.0,0,1
c1daac1b-d393-4d8a-8910-36b310866187,Male,74,Suburban,0,0,Month-to-Month,Basic Connect,Digital Wallet,0,20.0,32399164.369687304,50,2,22.0,1,3
9b96cbdf-7db2-466e-9b05-61579bb84f77,Male,61,Urban,0,1,Month-to-Month,Standard Connect,Bank Transfer,1,60.98160022063556,149105448.9045963,52,0,52.0,1,0
e4ede6e6-e3a3-4b95-91cd-6d55367466fa,Female,27,Suburban,0,0,Two Year,Basic Connect,Bank Transfer,1,33.113142155311365,47541696.954017416,43,3,46.0,0,3
95a53b9a-d116-4370-b157-fea8c758a13c,Male,61,Urban,0,0,One Year,Standard Connect,Credit Card,0,49.15675866798731,117859767.9839637,47,3,64.0,0,3
ffe45633-d8c5-49b3-9e0d-18a2db49c96d,Male,47,Suburban,0,0,Month-to-Month,Standard Connect,Credit Card,1,83.81108167693449,218324220.6778631,64,1,81.0,0,1
f1504335-cfa7-4554-98ad-b22780853608,Male,73,Urban,0,0,One Year,Basic Connect,Mailed Check,1,64.08552025648723,116323685.56922624,68,1,64.0,0,0
e40244ae-8314-4e7f-9173-25263a53c603,Male,66,Rural,1,0,Month-to-Month,Basic Connect,Mailed Check,1,20.0,1340.0,67,1,29.0,1,0
cfea58b9-7360-426c-86b7-f1358d7139e5,Female,32,Urban,1,0,One Year,Premium Connect,Credit Card,0,117.94231245687646,165693887.24910903,61,1,97.0,0,1
ef668acf-7e22-444b-925c-ad175f159b06,Female,21,Suburban,0,0,Month-to-Month,Basic Connect,Credit Card,0,53.60615603998944,144028982.29921842,69,0,53.0,0,0
b74743b3-074b-49d4-bef5-9efd47055cee,Male,51,Urban,0,0,Month-to-Month,Premium Connect,,1,98.98218312585928,265013639.8852096,50,2,62.0,0,1
aa46e8a4-1668-4739-8971-bdecd439ca94,Female,51,Rural,0,0,Month-to-Month,Basic Connect,Credit Card,1,29.300191918979337,80264607.62263802,53,2,47.0,0,0
fcc56478-19a2-4b4e-bb58-091bde451dae,Male,49,Urban,0,0,Month-to-Month,Standard Connect,Credit Card,1,36.4827309015546,71345898.71696539,44,1,28.0,0,3
d3c003e2-c734-4012-b44e-1de9176edb6e,Male,77,Suburban,0,0,Month-to-Month,Basic Connect,Bank Transfer,1,45.80631615075163,130627734.92831203,44,0,28.0,0,3
f376feac-18e0-4849-82be-0d55803b2fd1,Female,65,Urban,0,0,One Year,Standard Connect,Digital Wallet,0,90.61256588025344,273322759.1634663,35,4,115.0,1,1
54c65acf-1aff-418f-9f66-ede62d7d7895,Female,55,Suburban,0,0,Two Year,Standard Connect,Digital Wallet,1,80.29522554190515,176334053.51457447,37,1,109.0,0,3
bee2c093-909d-4549-a109-4bcf98110c07,Female,72,Suburban,0,1,Two Year,Basic Connect,Credit Card,1,28.16892814892812,52666334.10433335,65,0,23.0,0,0
b97291d0-75bf-4af6-bb5b-5063b521528c,Male,51,Suburban,0,0,Month-to-Month,Premium Connect,Bank Transfer,0,118.32808462423564,294223815.5235484,52,4,64.0,0,1
4d5dd8f4-69d1-410f-8e85-a734800bfe90,Male,76,Urban,0,0,One Year,Standard Connect,Bank Transfer,1,40.422677876950914,68925199.17745876,48,1,27.0,0,3
20ae767f-f6fa-403a-ad20-1f5a3b31a0a4,Female,43,Urban,0,1,Month-to-Month,Premium Connect,Credit Card,1,59.0085022327051,2714.3911027044346,46,1,77.0,0,3
304d5d55-2a57-49bc-bb41-f01bb74256f8,Female,20,Suburban,1,0,Month-to-Month,Standard Connect,Mailed Check,0,68.25296559659206,166565005.29840836,35,3,75.0,1,3
e735489c-6581-412c-a5cf-0cab998d3bda,Female,18,Urban,1,0,Month-to-Month,Basic Connect,Credit Card,1,33.38154760783508,80587156.82057358,53,1,46.0,1,3
863f2dd4-2a17-4634-b5ff-0824247301bf,Male,60,Suburban,1,0,One Year,Standard Connect,Mailed Check,1,68.71611994605345,220766220.7348348,56,0,90.0,0,1
0888b0bc-f41f-4d35-a939-4b31fc9506bb,Female,71,Urban,1,0,One Year,Standard Connect,Credit Card,1,64.08552025648723,140606932.3079268,68,1,48.0,0,0
a4260f40-af65-435c-9363-72f6b309866d,,47,Rural,0,0,Month-to-Month,Standard Connect,Bank Transfer,0,79.87517355481907,184063325.7707421,57,3,45.0,1,1
70b36ea3-8ea1-4c34-ba13-aa2e1f9497fe,Female,30,Urban,1,0,Month-to-Month,Basic Connect,Mailed Check,1,64.08552025648723,3652.874654619772,57,2,37.0,0,0
c8360aa6-c251-4ac6-bc71-3f66c292ce19,Male,36,Rural,0,0,Month-to-Month,Premium Connect,Digital Wallet,1,76.21555987035553,201073212.03572425,44,4,86.0,1,1
f9f27949-6c97-4392-9619-c31af2e234fa,Male,23,Suburban,1,0,Month-to-Month,Basic Connect,Credit Card,1,43.66579895008109,121208279.42977,51,2,30.0,1,3
bdd070af-66f9-4916-b7c4-eed9a4027eb0,Female,51,Urban,1,1,Month-to-Month,Basic Connect,Credit Card,1,48.82416492071145,113766701.19049206,46,0,72.0,0,3
a199ac44-2dc6-4a26-b1b7-64c59a5d7ab5,Prefer not to say,65,Urban,0,0,Month-to-Month,Standard Connect,Credit Card,0,75.95201014798383,4784.976639322981,63,1,98.0,0,0
9ff3080e-5b4d-429f-bc93-e559ec08a27f,Non-Binary,29,Urban,0,1,Month-to-Month,Basic Connect,,1,51.960481343752434,3429.3917686876607,66,1,68.0,0,0
8ef9993a-c773-4731-9f68-332ac97597d0,Prefer not to say,42,Suburban,0,1,Month-to-Month,Basic Connect,Credit Card,1,20.0,37130135.02319585,36,1,21.0,0,3
0c8daf05-4297-4c80-84e1-0b5bcbf31e95,Male,60,Rural,0,0,Two Year,Standard Connect,,1,65.57047820220691,122146622.8269834,44,2,54.0,0,3
88fcab09-4366-483c-8aae-10c5ae9815af,Male,47,Urban,0,0,Two Year,Standard Connect,Credit Card,1,85.58933722774476,249418172.99309856,41,1,69.0,0,1
c359e46e-ecb7-4031-b887-297caefd76cd,Female,45,Urban,1,0,Month-to-Month,Basic Connect,Digital Wallet,0,36.97539074324455,105131736.82403085,49,1,49.0,0,3
0cafce26-28ae-4e59-b22a-cd4ae133ac4e,Male,26,Urban,0,0,One Year,Standard Connect,Bank Transfer,1,42.17346103593117,1518.244597293522,36,3,36.0,0,3
3c28d6e7-f9f4-49e6-8129-f259f9594c28,Female,23,Urban,1,0,Month-to-Month,Standard Connect,Digital Wallet,0,64.08552025648723,160436667.86345023,60,2,56.0,1,0
567b9927-2dd6-4c25-98bf-4bf9f0a0e305,Female,26,Rural,0,0,Month-to-Month,Standard Connect,Digital Wallet,1,78.80968283377234,187311550.6838548,61,1,64.0,0,1
fc1d29e4-8a18-4312-b312-ddfd8fef6318,Female,47,Urban,0,0,Month-to-Month,Standard Connect,Credit Card,1,63.3563564437514,119225568.81048244,68,2,49.0,0,0
7d291505-8bdd-4885-b0e9-43cfca16ae9d,Female,41,Urban,1,0,One Year,Basic Connect,Credit Card,1,64.08552025648723,3076.104972311387,48,2,17.0,0,3
98787753-deef-4039-9a05-ece3d7cb3e0c,Male,28,Suburban,0,0,One Year,Basic Connect,Credit Card,1,42.13600201122732,63962129.09835656,61,2,62.0,0,0
a40de5e4-3c30-4d7f-bff7-21972ab312d1,Female,51,Urban,0,1,Month-to-Month,Basic Connect,Bank Transfer,0,64.08552025648723,88005859.53149699,55,0,44.0,1,0
8feba2c4-6b25-4db5-a26a-5d545b9376b7,Female,52,Urban,0,0,Month-to-Month,Premium Connect,Bank Transfer,1,64.08552025648723,304375937.24083465,35,2,131.0,0,1
7254bb42-64dd-4361-92a0-160ea07f03d0,Female,20,Urban,0,1,Month-to-Month,Basic Connect,Credit Card,1,64.08552025648723,52598506.26679708,69,2,51.0,0,0
49638d5d-f4ab-4704-9927-4c0d1339337d,Male,69,Suburban,0,0,Month-to-Month,Standard Connect,Digital Wallet,1,64.094993974256,109822489.77249144,49,0,53.0,1,3
551f361d-562e-4185-a212-d37dcb68618c,Female,47,Rural,0,1,Month-to-Month,Basic Connect,Credit Card,0,48.66591788589513,105408687.4280962,41,0,57.0,0,3
6342d009-4194-4bab-9e24-73d130f77925,Female,59,Urban,0,0,Month-to-Month,Premium Connect,Credit Card,0,94.66831085469524,192347064.05875248,64,0,90.0,1,1
b716da15-efa2-4fad-ade1-46dff9bcff69,Female,51,Suburban,0,0,Month-to-Month,Standard Connect,,0,73.62284662427047,2944.9138649708184,40,1,74.0,0,3
303cc8a2-5721-4c42-a2db-39afe6ba571d,Male,32,Urban,0,0,One Year,Basic Connect,Credit Card,1,38.42762155427465,81282203.54680982,66,0,61.0,0,0
95051152-bb10-4df5-a6db-fa900dcc8ef3,Female,49,Suburban,0,1,Month-to-Month,Basic Connect,Digital Wallet,1,64.08552025648723,3012.0194520549,47,1,17.0,1,3
d99e5f44-807e-4238-a377-3f1c05aa76fe,Male,21,,0,0,Month-to-Month,Basic Connect,Mailed Check,0,31.22367703199109,46321270.884708345,44,1,30.0,0,3
595bfa28-f417-4af8-bd2f-99ed464195f1,Female,64,Urban,0,0,Month-to-Month,Basic Connect,Bank Transfer,1,39.20269960785636,108239934.92983668,35,4,42.0,0,3
b81f54ff-5ff8-4be8-bd03-acce38804711,Male,80,Urban,0,1,Month-to-Month,Standard Connect,Digital Wallet,0,71.96822753492648,170503643.69274953,64,0,92.0,0,0
8d931f3e-93ac-47dc-a4ed-7e9363a435ce,Female,77,Suburban,0,0,One Year,Premium Connect,Bank Transfer,0,116.87589467890407,279926965.30188185,46,1,146.0,0,1
cb48e84d-cd59-4c75-bf93-8d30a22068bc,Female,39,,1,0,Month-to-Month,Premium Connect,Credit Card,1,109.75862806068216,214717562.4180064,43,2,75.0,1,1
3a4772af-9cba-425f-8bc6-e2aff51e17fb,Male,60,Urban,0,1,Month-to-Month,Basic Connect,Bank Transfer,0,71.78177041018479,148918907.32038105,62,4,111.0,1,0
ab4eed1d-9ba0-4a6a-beb7-d830bde31e6f,Male,30,Urban,0,0,One Year,Standard Connect,Mailed Check,0,84.5248922104591,261416812.3514768,57,1,73.0,0,1
ff7e918e-e635-4f4b-8b88-434ab1ce641b,Male,23,Suburban,1,0,Month-to-Month,Premium Connect,Bank Transfer,1,95.5375525858658,6114.403365495411,64,0,145.0,1,0
b807dff1-0fd4-4260-baee-0a574f51eb31,Prefer not to say,51,Urban,1,0,Month-to-Month,Standard Connect,Mailed Check,1,95.07127202534352,246752501.19562933,43,3,58.0,0,1
d810dda4-a8d7-4d7c-9144-e712e65d30ad,Non-Binary,81,Suburban,0,0,Month-to-Month,Standard Connect,Credit Card,0,77.77678970046142,152866617.51208973,35,2,54.0,0,3
f38068b2-6e1a-4b74-b551-aa4c25525df0,Male,25,Urban,0,1,One Year,Standard Connect,Credit Card,1,48.05758095506862,123608511.35291351,44,1,47.0,0,3
5c571189-cd4c-4feb-b662-312947dcc5b5,Male,74,Urban,0,0,One Year,Basic Connect,Digital Wallet,1,65.39075401036177,187884664.11847752,37,2,43.0,0,3
a6538331-6b01-4161-bb5c-473c180881b4,Male,62,Urban,0,1,One Year,Premium Connect,Bank Transfer,0,118.23956110227684,7803.811032750271,66,3,119.0,0,0
21293996-c48b-4fd8-afd5-68808e62aebd,Female,77,,1,1,Month-to-Month,Standard Connect,Digital Wallet,0,63.645514629225296,90851024.15908024,45,1,85.0,0,3
c4214fa6-cd0d-452c-8217-b03826dcd570,Female,28,Rural,1,0,Two Year,Standard Connect,Credit Card,0,92.61649162392877,207710751.18421564,40,1,93.0,0,1
46ad8987-fb0c-4d3b-a0bf-f22e3eba455c,Female,73,Urban,0,0,One Year,Basic Connect,Digital Wallet,0,37.15752335947807,78891758.13381815,53,5,44.0,0,0
5eb2499e-038e-4b75-9640-896b620d934f,Male,55,Suburban,0,0,Month-to-Month,Basic Connect,Credit Card,1,51.4254640721884,124623342.293888,62,2,79.0,0,0
7d5a6108-fe42-4cee-94d6-15e76b899f02,Male,39,Rural,1,0,Month-to-Month,Standard Connect,Digital Wallet,1,69.86637037991193,139782027.54388517,40,2,66.0,0,3
fd30cd4d-c1b4-4cc0-b691-60a41f1c9d0c,Male,72,Urban,1,0,One Year,Basic Connect,Bank Transfer,1,57.69909684991592,154816450.2825452,39,2,44.0,0,3
4c3807bd-f6f1-40a2-ab30-293880aeec00,Female,53,Urban,0,0,One Year,Basic Connect,Credit Card,1,20.0,36065162.682470255,36,0,30.0,0,3
3f1908f8-1350-48f8-87ba-af7b1160110c,Prefer not to say,50,Urban,0,0,Month-to-Month,Basic Connect,Credit Card,1,65.65557159216488,110762953.65902534,34,2,45.0,0,3
345781b3-c85f-4e31-a7e0-413ea18889c2,Female,42,Urban,1,1,Month-to-Month,Basic Connect,Credit Card,0,22.036141171614403,40128705.52066157,41,1,36.0,0,3
d9f84877-7d2b-43cc-92d3-68a597a062ab,Female,65,Suburban,0,1,Month-to-Month,Standard Connect,Mailed Check,1,83.61257587891849,218554630.74198028,46,3,64.0,0,1
d9f7a909-8ede-451d-8698-01bf649b5c49,Male,46,Suburban,1,1,One Year,Basic Connect,Bank Transfer,1,64.08552025648723,74091634.36190817,67,1,62.0,0,0
ec0f7813-9705-4cef-a548-c0caf98e519c,Male,39,Urban,0,0,Two Year,Standard Connect,Mailed Check,0,78.11935119803005,140804099.26302388,44,2,101.0,0,3
673bcef5-f20c-4006-b394-26b18915b635,Female,21,,1,0,Month-to-Month,Basic Connect,Credit Card,1,63.51453132740693,99237299.60096082,36,0,80.0,0,3
7a18462f-a758-4674-8d40-778423314c4c,Female,77,Urban,1,0,Month-to-Month,Basic Connect,Bank Transfer,1,54.302504424633696,152493615.4594999,49,1,83.0,0,3
15d3fc56-a308-412e-b0d2-74c5c5871651,Male,73,Urban,1,0,Month-to-Month,Basic Connect,Digital Wallet,1,64.08552025648723,2435.249769746514,38,1,24.0,0,3
48cfc9f3-aae2-4a69-869f-af6c4b1c0c2f,Female,51,Urban,1,1,One Year,Basic Connect,Bank Transfer,1,27.65208860034135,71507534.48335458,55,0,28.0,0,0
8258c210-7379-46a0-8c86-581f6bf1fdf4,Female,52,Urban,1,1,One Year,Standard Connect,Credit Card,1,48.23125291514727,146299687.29326907,36,2,33.0,0,3
3261d3d4-f35f-4616-ad00-d6ecc12406da,Female,80,Rural,0,1,Two Year,Standard Connect,Credit Card,1,64.08552025648723,220137420.58044243,55,2,98.0,0,1
569cb45c-a82a-4435-ae3b-619719e7748e,Female,48,Rural,0,0,Month-to-Month,Basic Connect,Credit Card,1,58.90186427219365,142706378.2147991,61,4,40.0,1,0
fa2a6b4c-cb83-45d9-95ba-073e4c54ef37,Female,24,Rural,0,0,One Year,Basic Connect,Bank Transfer,1,34.116498198131325,51597951.3132798,57,2,28.0,0,0
59c9cdbb-4a74-4ecf-8520-9139285a2ee8,Female,50,Urban,0,1,Month-to-Month,Standard Connect,Bank Transfer,1,48.953546126692274,76801757.4291398,62,1,47.0,0,0
643d3c99-af4a-4907-9695-ec7a4aa3e763,Female,47,Suburban,1,0,Month-to-Month,Basic Connect,Credit Card,1,56.84124877497638,2103.126204674126,37,2,63.0,0,3
3985f3da-747d-48e9-be22-9edcd3e6d0aa,Male,26,Rural,0,0,One Year,Premium Connect,,1,89.75626050408147,271065158.19789666,65,1,71.0,0,1
8a521f62-1f63-4ba4-9b82-22bf9cd1d5ee,Female,40,Urban,0,0,Month-to-Month,Basic Connect,Credit Card,1,35.797767037230486,53005025.18120737,49,0,28.0,0,3
7aef8d41-3396-4e66-8737-a3cfa959850b,Male,28,Rural,0,1,Month-to-Month,Standard Connect,Credit Card,1,64.08552025648723,115023041.8183858,37,1,64.0,0,3
1685b8e7-63a9-4305-b806-e760ab579b7c,Male,51,Urban,0,0,One Year,Premium Connect,Credit Card,1,418.2737379432767,312516109.1739077,68,29,2502.720859,0,2
9ea2655f-72ab-42e8-8753-9ea2d62c2b11,Prefer not to say,39,Urban,1,0,Month-to-Month,Standard Connect,Bank Transfer,0,48.17219638423016,84386405.76994604,56,1,61.0,1,0
5f34349c-6fa1-4a24-91c0-63f181c94a81,Female,29,Rural,0,1,Month-to-Month,Standard Connect,Credit Card,0,102.6182560797074,284580856.8376393,51,1,123.0,0,1
36e3c7e7-20ff-4dcc-a451-ae042ff04499,Female,53,Rural,0,0,Month-to-Month,Basic Connect,Credit Card,1,45.47587054576565,101988498.48997755,43,1,73.0,0,3
e26981af-9e72-42f9-a2be-2364ecc8734c,Male,49,Urban,1,0,Month-to-Month,Standard Connect,Digital Wallet,0,64.55910016193613,106182925.59556644,55,0,54.0,0,0
f68334ef-eb95-4468-acae-db5784972130,Male,78,Suburban,1,0,One Year,Standard Connect,,1,64.08552025648723,222590751.8243172,68,1,116.0,0,0
7df0defd-8309-4e8a-9931-99cd96b977cc,Female,76,Suburban,1,0,One Year,Premium Connect,Credit Card,1,103.86185040282491,273816611.3742822,39,1,157.0,0,1
9a423100-6c30-4d1b-913a-11f8f0deb60f,Female,24,Urban,0,1,One Year,Standard Connect,Credit Card,0,52.86373909879092,129088810.91158216,58,2,80.0,0,0
30baef47-48f3-487a-bbd9-a3bf26f0ecc3,Female,82,Suburban,1,0,Month-to-Month,Standard Connect,Credit Card,0,72.53522943518558,163863239.35155284,47,2,45.0,0,1
4c83be38-633d-40bb-8b42-98db923d0c33,Male,49,Rural,1,0,Two Year,Standard Connect,Bank Transfer,0,61.4024047453461,163394216.50240883,60,0,64.0,0,0
f0fc9f0b-6c23-495f-b3eb-758cc63b8caa,Male,31,Rural,0,0,One Year,Basic Connect,Mailed Check,1,41.78090998404024,102371159.70989756,68,1,31.0,0,0
3cc5b7fa-78b5-4313-8a00-902a09dea0d3,Male,69,,0,1,Month-to-Month,Standard Connect,Credit Card,1,76.07079754762029,4031.752270023875,53,1,113.0,0,0
b1c2a7fd-b618-4eea-920b-609c01107e93,Male,45,Rural,0,1,Month-to-Month,Standard Connect,Digital Wallet,1,99.31741939971374,152044655.10736847,53,3,88.0,0,1
9401b92b-7735-4c20-8411-897b7a1de820,Female,20,Rural,1,1,Month-to-Month,Premium Connect,Credit Card,1,109.77141572023336,252007500.021438,35,4,146.0,0,1
8ebd572f-1875-4333-ba77-391ddf2316e6,Female,75,Rural,1,0,Two Year,Basic Connect,Credit Card,1,55.30902061215302,111783770.83905466,60,2,35.0,0,0
8cdce080-5b8a-433e-82d9-f6273c976250,,21,Urban,0,1,Month-to-Month,Premium Connect,Credit Card,1,106.23629664978152,179526542.53981844,56,3,150.0,0,1
924c6210-4635-4a66-9b68-d0932bf607f9,,78,Urban,0,0,Month-to-Month,Premium Connect,Credit Card,1,102.88094084533412,255138395.6549182,54,2,117.0,0,1
033ed08c-ce08-401f-ac2e-56cef5b432f3,Male,53,Urban,0,1,One Year,Standard Connect,Credit Card,1,94.22243197251896,253483124.53234905,68,2,112.0,0,1
e726744b-1e74-4f0d-a48c-9ef810559d7f,Female,67,Urban,0,0,Month-to-Month,Basic Connect,Mailed Check,1,55.25831914291647,130918200.6589893,61,1,57.0,0,0
a8186aac-1ae9-4cb3-beaf-65ca09f1c3c7,Female,56,Suburban,0,0,One Year,Basic Connect,Bank Transfer,1,28.41381788866816,60812904.20693183,60,2,36.0,0,0
08874a26-40fe-4bda-87a9-e788ab4fef0a,Male,36,Urban,1,0,Month-to-Month,Standard Connect,Credit Card,1,37.896758269216015,2084.321704806881,55,1,61.0,0,0
163b0fc4-eb3f-4404-8ad5-808e41f9807f,Male,49,Urban,0,1,Month-to-Month,Premium Connect,,1,98.72347803168992,271653242.0274246,63,0,133.0,1,1
671179e6-33da-4c84-8215-18a333ba458e,Female,67,Rural,0,0,Two Year,Premium Connect,Credit Card,1,74.7064422878805,108936928.72105467,44,2,55.0,0,3
633fdaae-191b-4872-857c-876d28ee0111,Female,63,Suburban,0,0,One Year,Premium Connect,,0,72.84102085504213,122730650.796624,64,0,50.0,0,0
a0bf8778-d7a3-4d8f-b50d-c90ccb0bfae2,Male,52,Urban,0,0,Month-to-Month,Standard Connect,Bank Transfer,0,63.11976676954473,123749063.0776382,50,1,64.0,0,3
e5ef778a-db6a-4061-b8fe-8d3ad350edad,Male,24,,0,1,Month-to-Month,Premium Connect,Credit Card,1,84.27919771915813,149905066.64600715,64,1,126.0,0,0
5773e0e9-67dc-47cc-9412-9ea257fad48c,,60,Suburban,0,0,Month-to-Month,Basic Connect,,1,44.80978621689228,125631644.98209794,64,1,56.0,0,0
f7b24e2a-a84b-49e6-a65c-3869dec4a983,Male,29,Suburban,1,0,Month-to-Month,Basic Connect,Credit Card,0,24.45246932238134,53325005.72112672,67,2,64.0,0,0
cf4e07ec-8e9b-4c35-ae9f-79f4f99f1b41,Prefer not to say,21,Urban,1,0,Month-to-Month,Basic Connect,Bank Transfer,0,64.08552025648723,59774447.52694524,35,2,64.0,0,3
796d9283-ecfd-4925-82d9-fcb8082ce528,Female,54,Rural,0,1,Month-to-Month,Basic Connect,Credit Card,1,43.829218008331154,103390684.332786,54,0,70.0,0,0
be28963c-670a-4ad7-8715-29fa53963f1e,Female,51,,0,0,Month-to-Month,Premium Connect,Digital Wallet,1,75.95822708532783,170545881.73738825,68,2,63.0,0,0
958a0316-d40e-4ca6-9e7f-2b8229f5cad3,Female,68,Urban,0,0,Month-to-Month,Basic Connect,Digital Wallet,0,20.0,62405512.08180546,44,2,23.0,0,3
794e4cf0-1109-4a30-9803-dbe873c6b1d2,Male,55,Urban,0,0,Month-to-Month,Basic Connect,Bank Transfer,1,43.13123832619756,125968776.84942596,58,0,50.0,0,0
b79d5cd2-e5ed-4c80-8343-392fd4209396,,43,Urban,1,0,Two Year,Standard Connect,,1,71.97818359157175,227542030.7385308,55,0,86.0,0,1
7a1073a8-ecae-4c91-94ef-dd7b01bc09d1,Female,41,Urban,0,0,Two Year,Standard Connect,Bank Transfer,1,67.03010108283097,207326751.3056955,37,0,72.0,0,3
a81d7270-9814-4b02-aebb-144a9440f76b,,22,Rural,1,0,Month-to-Month,Standard Connect,Credit Card,1,47.22293462888992,112383577.86686924,62,0,33.0,1,0
1aa6759b-68c9-418b-aab5-6dc852339ff7,Prefer not to say,59,Rural,0,1,Month-to-Month,Premium Connect,Credit Card,0,114.25659166171629,305988566.6172814,59,3,77.0,0,1
e6a366a1-d7f2-4bc3-b581-ecf3e337be64,Male,24,Rural,0,1,Month-to-Month,Standard Connect,Credit Card,1,74.28288247409473,4976.953125764348,67,1,116.0,1,0
ebc6dd08-2e10-41cf-84fb-feea4cb2a445,Non-Binary,83,Urban,1,0,Two Year,Standard Connect,Digital Wallet,1,82.69012539705682,4796.027273029295,58,0,75.0,0,0
f33a85be-af56-4028-8941-46c586d094f8,Female,51,Rural,1,1,Month-to-Month,Premium Connect,Digital Wallet,0,100.36426863721744,262958229.08359995,66,1,119.0,0,1
63bb3966-030c-4f5a-b1f3-c792eba6d07e,Male,52,Suburban,0,0,Month-to-Month,Standard Connect,Bank Transfer,1,67.47919614591419,200761324.85881203,61,2,79.0,0,1
fe7e6580-57b2-47d5-842c-754a222abe29,Male,40,Urban,1,0,Month-to-Month,Standard Connect,Credit Card,1,75.33948672908674,174521437.18256432,64,1,112.0,1,0
e578b38a-0ef3-4955-a4a6-a6c737392522,Female,47,Suburban,0,0,Two Year,Standard Connect,Bank Transfer,0,60.66512745766294,136258895.06803986,36,1,54.0,0,3
7dad546f-8bd0-4015-85b9-e0342e28ff5c,Male,58,Rural,1,0,One Year,Basic Connect,Credit Card,1,20.0,60711292.26921061,63,3,64.0,0,0
8dac417d-217d-48ab-9641-93509fd9edec,Female,29,Rural,1,1,Month-to-Month,Basic Connect,Credit Card,0,26.825754223693124,59679991.10051873,51,1,45.0,0,3
276e588c-a0c3-44cf-864d-78be4cf90a56,Non-Binary,74,Suburban,0,0,Month-to-Month,Premium Connect,Bank Transfer,1,113.50572185803809,7150.8604770564,63,2,108.0,0,0
86fa0ca3-4af0-4701-97a3-5c196c62a763,Male,51,Suburban,0,0,Month-to-Month,Basic Connect,Bank Transfer,0,28.538808686991427,58632728.419854745,69,1,24.0,0,0
c4fd9f27-9004-43ec-86c2-e44d1b29ac52,Female,43,Urban,1,0,One Year,Premium Connect,Digital Wallet,0,109.48710875558692,4160.510132712303,38,1,92.0,0,3
56656b62-b89c-442e-a43e-e6e432b3e460,Female,33,Urban,1,0,Two Year,Basic Connect,Credit Card,1,20.0,49376333.577860765,46,1,19.0,0,3
330ef533-1fbc-44f1-b35c-8fefdcb8cefc,Male,80,Urban,0,0,Month-to-Month,Premium Connect,Digital Wallet,0,112.8066767782364,257729141.9863695,65,2,90.0,0,1
4d1054e6-8050-48da-adef-2eae1329563a,Female,38,Urban,1,0,Month-to-Month,Standard Connect,Bank Transfer,0,77.57473462408703,147443568.95620164,50,1,117.0,0,1
0427911a-7f9f-4fac-b990-bd91b52d3266,Non-Binary,74,Rural,0,0,Month-to-Month,Premium Connect,Credit Card,1,102.21767559678196,267037287.91289505,57,0,86.0,0,1
e90ab6db-4585-4185-bf3b-d4891657a991,Male,60,Suburban,0,1,One Year,Standard Connect,Digital Wallet,0,65.75087411758614,190562628.39800984,48,3,55.0,0,1
a3de71bc-459d-47cd-bd75-90c18bea0bda,Female,79,Urban,0,0,One Year,Basic Connect,Digital Wallet,0,21.26916982701325,44052367.04293064,64,1,16.0,0,0
cb2aba51-cf62-4e82-80d5-31bcae53f9e1,Female,30,Urban,1,0,Month-to-Month,Premium Connect,Credit Card,1,128.36872218433498,342429235.64475644,37,1,75.0,0,1
44e2ba0b-31fb-4a32-8a1a-0175e9dafcbb,Non-Binary,53,Urban,1,0,Month-to-Month,Premium Connect,Credit Card,0,87.61716763528737,251593960.0436472,58,2,99.0,0,1
1d2cf0d8-aa22-457d-ad7f-8a0d1d43f230,Male,68,Suburban,1,0,Two Year,Standard Connect,Bank Transfer,0,65.19256252326818,98954790.5878056,48,2,38.0,0,3
e3c3915f-135e-40a1-afa7-2a345d66bd0b,Prefer not to say,56,Rural,0,0,One Year,Premium Connect,,1,87.79364397535556,249693537.9429408,64,4,57.0,0,1
d695b9a9-da8c-48b1-b41e-622de33dbe27,Female,67,Urban,1,1,Month-to-Month,Standard Connect,Mailed Check,1,69.58868528658826,3896.966376048944,56,1,84.0,0,0
7fc24185-72ea-48d1-95e0-eee817b3addc,Male,26,Rural,1,0,Two Year,Standard Connect,Bank Transfer,1,65.34620515679441,103871356.85529771,61,2,47.0,0,0
7a33415d-4a51-44e2-a220-741ca9a764cb,Female,35,Rural,1,1,Two Year,Premium Connect,Digital Wallet,1,99.67832297838582,197051239.7817453,41,1,86.0,0,1
41b8a436-a863-4b29-a769-99c012ddceef,Male,57,Urban,0,0,One Year,Basic Connect,Bank Transfer,1,48.19327789541771,95582506.84369774,36,1,67.0,0,3
d8990a43-278e-4e96-996d-b73c6cf2dcd1,Female,78,Urban,0,0,Month-to-Month,Basic Connect,Credit Card,1,43.11146072686205,73366443.48602974,57,1,62.0,0,0
5284ba6a-9177-4193-a396-d9558f775efd,Female,46,Urban,1,0,Two Year,Premium Connect,Mailed Check,1,77.299571542367,4483.375149457286,58,0,108.0,0,0
5813f1c5-31e4-48b2-8815-e4da183cb5ed,Female,24,Rural,0,0,One Year,Standard Connect,Bank Transfer,1,67.50199325241223,185685660.51296392,69,1,103.0,0,0
b27b250e-110e-459c-84ad-91d6f62ded67,Male,52,Urban,1,0,Two Year,Basic Connect,Credit Card,1,52.60628969513833,144381062.64217773,44,1,62.0,0,3
2726de91-f68e-4f61-a5ce-ff957fd476f4,Prefer not to say,36,Urban,1,0,One Year,Standard Connect,Credit Card,0,64.85541247555082,144889796.986235,53,3,80.0,0,0
6c8e5cf2-1173-47eb-9ab1-68a438a2db09,Male,37,Suburban,0,0,Two Year,Premium Connect,Mailed Check,0,95.05322013762066,203572575.0297869,47,3,110.0,0,1
01bac4a6-21de-49fb-8faf-db93d2addb84,Female,39,Suburban,0,0,Month-to-Month,Standard Connect,Bank Transfer,0,65.78158880157584,155463981.58067343,35,2,43.0,0,3
2cc4c9c7-8c4f-47df-8c2b-f9fd22a45012,Female,81,Rural,1,0,Two Year,Premium Connect,Bank Transfer,0,103.86273051213875,262483427.9369747,64,2,139.0,0,1
dcc71ccd-54e9-481e-81a7-38fedab46066,Male,28,Suburban,1,0,One Year,Premium Connect,Mailed Check,1,76.53023607453598,176024734.41906625,43,1,64.0,0,3
ad8c080a-3694-4458-8708-efda77a84034,Male,75,Urban,0,1,Month-to-Month,Basic Connect,,0,24.672148590864843,41535488.59208179,54,2,26.0,1,0
6dd6584c-7660-463d-bac3-b2a62574d6d5,Female,51,Suburban,0,0,Month-to-Month,Premium Connect,,1,64.08552025648723,259468740.0213476,36,2,68.0,1,1
fed51b24-d1f1-487d-880d-4b520a086614,Male,51,Suburban,0,0,Month-to-Month,Basic Connect,Mailed Check,0,292.09376612372176,19570.28233028936,67,1,545.0290176,0,1
4a0ee7f4-8698-4c34-8815-7cad75d08c47,Female,56,Rural,0,1,Two Year,Standard Connect,Credit Card,1,64.08552025648723,215050133.3489443,41,2,79.0,0,1
746380f8-40a9-492d-bf1f-4e62e68523ed,Female,74,Urban,0,0,Month-to-Month,Basic Connect,Credit Card,0,20.0,35611254.21825687,61,1,30.0,0,0
84baeb60-36c7-4aa4-b7e5-1671975e152b,Female,18,Suburban,1,0,Month-to-Month,Premium Connect,Bank Transfer,1,115.92249467088097,260524760.85243043,59,2,159.0,0,1
3f32ef21-3e94-4c60-87b4-34ed711c8dce,Female,48,Urban,0,1,Month-to-Month,Premium Connect,Bank Transfer,1,80.82729698747983,240464732.45883504,56,2,114.0,0,1
3a01dce4-8e7c-4c9c-bee6-6e446ad21e7f,Female,69,Rural,0,0,Month-to-Month,Premium Connect,Bank Transfer,1,96.1950501854194,204849167.08231893,40,1,91.0,1,1
72112130-d7d3-4ac0-be34-714baac4f444,Female,31,Suburban,0,0,Two Year,Basic Connect,,1,64.08552025648723,107968988.68887147,36,3,29.0,0,3
53aa2360-e7a3-4632-9822-47733dac4bd8,Female,43,Urban,1,0,Month-to-Month,Premium Connect,Bank Transfer,1,75.5190769231982,214557223.557815,34,2,64.0,0,3
5da51956-39e5-4ced-94a3-9c6b0fe6f267,Female,56,Urban,0,1,Month-to-Month,Basic Connect,Bank Transfer,1,57.63399378051483,152570548.3309619,35,0,73.0,1,3
f7872a5b-1b42-4354-9a91-7fa45ebf19b7,Male,46,Urban,1,0,One Year,Standard Connect,Mailed Check,1,73.86152850638993,100676277.33159897,52,0,106.0,0,0
23350d93-2c59-4a14-88c7-9e90fa91d940,Male,26,Urban,0,0,Two Year,Basic Connect,Bank Transfer,0,24.63810061737988,57344177.14454548,36,0,19.0,0,3
6b476c0e-eed4-4fc6-8c6d-3117e0263403,Female,54,Rural,1,0,Month-to-Month,Standard Connect,Bank Transfer,1,72.06658386686969,2666.4636030741785,37,1,78.0,0,3
dfbe8d4a-152a-496d-8388-9c00448c1142,Male,79,Suburban,1,0,One Year,Premium Connect,Digital Wallet,0,94.25934634435406,169566854.67482513,40,1,72.0,0,1
88611bab-1427-4660-9796-9867c5dc93d8,Male,41,Urban,1,0,Month-to-Month,Basic Connect,Digital Wallet,1,40.40826701465432,85113580.96636885,47,2,56.0,0,3
c5fb6cff-ae3d-40af-a6a9-1964a84cc25b,,40,Urban,0,0,Month-to-Month,Standard Connect,Bank Transfer,0,70.34886524753118,169866824.33540252,52,0,64.0,1,1
f2b7de4a-be49-4c7c-a969-ab54e00f821d,Male,37,Urban,1,0,Month-to-Month,Standard Connect,Mailed Check,0,58.95292585910864,132892884.0491808,55,2,50.0,1,0
102b14e0-8c4d-42b4-8347-505efd31a7a2,Female,77,Rural,0,0,Month-to-Month,Standard Connect,Digital Wallet,1,64.08552025648723,93663494.2067282,37,0,35.0,0,3
a7ac5e47-1983-42fb-b497-586e564e8f66,Female,27,Rural,1,0,One Year,Premium Connect,Credit Card,1,115.6103961626813,240023341.4527364,68,0,174.0,0,1
6aa67d8e-fc8f-4737-a5ae-ffa5faf203a3,Female,79,Urban,1,1,Month-to-Month,Basic Connect,Digital Wallet,0,47.30950827195024,2318.165905325562,49,2,29.0,0,3
d6ca588a-bf9a-4cc0-b9b7-fcb3c2e2ab94,Male,69,Urban,0,0,Month-to-Month,Standard Connect,Digital Wallet,1,64.36916602861369,3669.042463630981,57,2,49.0,1,0
97228320-91a9-4e98-ac01-561d228b5613,Male,71,Urban,1,0,Month-to-Month,Basic Connect,Mailed Check,1,55.95223043733884,2014.2802957441984,36,2,78.0,0,3
995476d6-ecf1-4de0-a088-e0716d8bcc04,Prefer not to say,84,Urban,1,0,Month-to-Month,Basic Connect,Mailed Check,1,42.69681483580687,79814545.01116453,66,5,30.0,1,0
f4dc1a6c-6d71-4840-a6c2-0aefd269d9f3,Male,52,Urban,0,0,Month-to-Month,Basic Connect,Credit Card,1,27.25334586424103,46882075.76509259,64,1,22.0,1,0
37408e3c-afc8-48a0-b27e-222436489b14,Female,52,Suburban,0,1,Month-to-Month,Standard Connect,Digital Wallet,0,56.24917220721606,99719804.82760708,43,5,64.0,0,3
ffd2eb6d-3dfe-46a2-a7fd-742e264da446,Male,84,Urban,1,0,One Year,Standard Connect,Digital Wallet,0,96.0312989375306,309388609.8401186,64,0,65.0,0,1
1518d156-a8b9-48a5-8a73-ed51d578e544,Non-Binary,67,Suburban,0,1,Month-to-Month,Basic Connect,,1,47.7907169740229,62902387.4221121,44,1,47.0,1,3
f9283d07-f462-4112-a702-d1e32130c827,Female,51,Suburban,0,1,Month-to-Month,Basic Connect,Digital Wallet,0,46.40123560346896,119012747.3532932,49,3,64.0,0,3
41d9844b-cd57-4a54-bf45-fbd93c0ba866,Male,65,Urban,1,0,Month-to-Month,Basic Connect,Bank Transfer,1,52.36844145279545,103422636.37852705,52,0,57.0,0,0
52dcf6a6-e2a3-4f19-ba3d-ca73df3d79f6,Female,69,Rural,0,1,Two Year,Basic Connect,Credit Card,1,54.20592434431221,107524072.61128542,54,1,83.0,0,0
a60efcbe-34c4-4303-95a9-71133f61cae2,Male,18,Rural,1,0,One Year,Standard Connect,Digital Wallet,1,64.08552025648723,258092400.1630361,43,1,75.0,0,1
563f3aa7-e027-4110-aa36-3bae6bd4f03b,Female,51,Rural,0,0,One Year,Standard Connect,Bank Transfer,1,58.63432542892549,3635.3281765933807,62,0,70.0,0,0
aa49a418-f4d7-4e3a-92d6-03fab3e82071,Female,23,Suburban,0,0,One Year,Premium Connect,Credit Card,1,111.8943080055154,280055407.6116898,48,2,79.0,0,1
eaa09d3d-fd27-4138-97ff-f671d4a5de78,Female,78,Rural,0,1,One Year,Basic Connect,,1,62.0038447507244,110537869.04721004,41,1,71.0,0,3
7dc2e839-26d4-437a-8ca7-350529767dd2,Male,76,Suburban,0,1,Month-to-Month,Basic Connect,Bank Transfer,1,38.76770187726867,97205293.34634387,53,1,58.0,1,0
449a6914-f970-4e89-b800-72b1285f686c,Female,70,Urban,1,0,Two Year,Premium Connect,Bank Transfer,1,64.08552025648723,228038998.8241517,63,0,125.0,0,1
ce1f6b2b-f1ee-4dff-8d5b-86f0312470b1,Female,79,Urban,1,0,Month-to-Month,Basic Connect,Digital Wallet,1,20.0,59563239.35866917,48,3,19.0,0,3
e2931491-4deb-4a84-937d-64da6c50f948,Female,73,Urban,1,0,Month-to-Month,Premium Connect,Credit Card,1,64.08552025648723,222283413.42434865,41,2,137.0,0,1
16e97c9e-3ef5-4de3-bb26-a17d5ba3e1a7,Male,54,,0,0,Month-to-Month,Standard Connect,Bank Transfer,1,64.57372057211946,2776.6699846011365,43,3,49.0,0,3
0d33a089-065e-4908-b204-b2d30572b0a4,Male,65,Rural,0,0,One Year,Basic Connect,Credit Card,1,20.0,54157634.44855573,50,1,16.0,0,3
99ae3eaa-5f17-4ef6-9020-01485aebc333,Female,31,Urban,0,1,Month-to-Month,Basic Connect,Credit Card,1,44.05862776985923,84184469.40457775,61,4,51.0,0,0
8b5834df-16a5-41bc-919a-af9a36809761,Male,76,Suburban,0,0,Month-to-Month,Basic Connect,Credit Card,1,26.53876360915833,69835620.5394564,41,0,28.0,0,3
6c0540c6-2507-493f-b21c-972a2f2118c7,Male,40,Rural,0,0,Month-to-Month,Standard Connect,Credit Card,1,95.19109022791775,207834289.55978727,67,1,82.0,1,1
6f5bcfbc-129e-4eda-96e6-a5e96c7f2301,Female,60,Urban,0,0,Two Year,Premium Connect,Credit Card,1,109.7110462958842,244092678.10828456,45,0,78.0,0,1
169a0b8f-e930-4f1f-b5d8-d1979b06d620,Male,51,Suburban,0,1,Month-to-Month,Premium Connect,Credit Card,0,116.98215986909491,7720.822551360265,66,2,158.0,0,0
74f172a8-5abb-436f-9c7b-9b46a97f7a98,Male,68,Urban,1,0,One Year,Basic Connect,,1,38.13889706609251,57069024.21809709,64,2,37.0,0,0
07cbdf61-d50c-46fb-b818-c6f7398551c4,Male,69,Rural,0,0,One Year,Standard Connect,Credit Card,1,76.76912893365463,134187724.4429616,48,1,71.0,0,3
c5ab75ee-a84a-4964-b2b6-f108cafa853f,Prefer not to say,51,Urban,0,0,Month-to-Month,Basic Connect,Bank Transfer,1,60.532090242414,112249990.41365673,63,2,88.0,0,0
9c4e6e4d-0166-4b8e-a58d-ba9c854a771b,Female,49,Suburban,0,0,One Year,Standard Connect,Digital Wallet,1,81.12858325636805,187038058.6107168,60,0,117.0,0,1
217c6f31-2f9a-49a4-9070-8130ffe6b93b,,64,Rural,0,0,One Year,Standard Connect,Credit Card,1,54.82100851181301,153672078.9427321,47,2,68.0,0,3
a67a10f0-54ea-48a7-9bc3-0c80d4db1dc7,Female,47,Rural,1,0,Two Year,Standard Connect,Mailed Check,0,56.07696537225325,151743678.25556996,40,1,52.0,0,3
34f95f3d-1add-4ec2-b686-35b4fae2e772,Male,73,Urban,0,1,Month-to-Month,Standard Connect,Digital Wallet,0,62.88624031705861,166799995.8140198,54,2,61.0,0,0
7b5722cb-5bf0-4708-a3fa-af3add5cf21c,Female,51,Suburban,0,0,Month-to-Month,Premium Connect,Credit Card,1,64.08552025648723,210692715.08475623,61,4,124.0,1,1
380c0734-1bde-4c7d-b28a-d15ad09d36c6,Female,59,Suburban,1,1,One Year,Premium Connect,Credit Card,1,119.22164834679924,284701314.43713427,50,1,79.0,0,1
497c00a0-991b-4929-8f23-7e13789622ad,Male,52,Suburban,0,0,Month-to-Month,Standard Connect,Digital Wallet,1,66.95572591014584,154077607.55355832,51,2,70.0,0,1
31f5a71b-e945-4f4c-8700-ad68c1d5e294,Female,35,,0,0,Month-to-Month,Standard Connect,Digital Wallet,0,55.83312691630978,91139503.54417112,57,3,84.0,0,0
2ca53cc1-8970-4589-b404-ddd14fa01dc5,Female,18,Suburban,0,0,Month-to-Month,Basic Connect,Credit Card,1,23.94741381517091,35127562.778772414,37,1,32.0,0,3
7150f1d7-e3d4-4e51-9b63-8a29901d2f2a,Male,27,Rural,0,0,One Year,Standard Connect,Bank Transfer,1,46.174024760595344,97209624.31887384,63,2,36.0,0,0
99e3392b-a63c-40a1-a738-0025b8bd1419,Female,50,Urban,0,0,Month-to-Month,Basic Connect,Credit Card,1,53.22939661845761,154379796.5986222,53,1,82.0,1,0
2acff3ad-0784-45f3-8f24-a2a33a5bea0a,,68,Rural,0,1,Month-to-Month,Standard Connect,Bank Transfer,1,72.78982664572538,3930.6506388691705,54,3,80.0,0,0
51b7420f-9e57-4016-a389-402f11e4840e,Male,51,Rural,1,0,One Year,Standard Connect,Digital Wallet,0,56.6455757699064,139693656.23622343,54,3,58.0,0,0
d06978ce-5782-499c-aace-5e29ccff2cca,Female,31,Suburban,0,1,Month-to-Month,Basic Connect,Bank Transfer,0,41.3805188415392,94852400.52532823,38,0,26.0,0,3
e0d4b5e6-657d-4fcb-a32e-ebc8b2537e12,Prefer not to say,50,Urban,0,1,Month-to-Month,Standard Connect,Bank Transfer,1,74.81473835060626,120632128.25799344,53,1,77.0,0,0
c1dfc947-8bd2-431b-97f5-6a16bdcf3968,Male,42,Rural,0,0,One Year,Standard Connect,Bank Transfer,1,86.86322007916291,3300.8023630081907,38,1,99.0,0,3
c019384b-e44e-4254-9c2b-5a26b8f3cc88,Female,60,Urban,1,0,One Year,Standard Connect,Bank Transfer,1,74.71222455191902,118916460.2689649,63,2,84.0,0,0
96d76743-40c4-4566-9463-1de0a4c4b271,Female,74,Rural,1,1,One Year,Basic Connect,Bank Transfer,1,44.047691277983006,84988148.26929483,58,1,46.0,0,0
7459f02e-2395-443e-8bc9-45114f6e249b,Female,47,Suburban,0,0,One Year,Standard Connect,Credit Card,1,62.71313493712344,128888422.39736111,52,3,91.0,0,0
1d7d4877-519b-47f3-8b5b-360b37397ba2,Male,60,Urban,1,0,Month-to-Month,Standard Connect,Credit Card,0,47.95929618635777,121764866.2120636,69,2,39.0,0,0
46626f7c-e037-4267-9ecd-36e0af01fa13,Male,84,Rural,1,0,Month-to-Month,Standard Connect,Credit Card,1,75.13207735717586,187308462.63022345,45,3,62.0,0,1
f63f503a-d5f7-45b4-896d-03b88e180455,Female,83,Suburban,0,0,Month-to-Month,Basic Connect,Credit Card,1,28.43759833374501,62198790.126270376,49,0,20.0,0,3
40d3e5b5-d62c-4c06-81d1-7384ff36a4e8,Female,73,Urban,0,1,Two Year,Basic Connect,Credit Card,1,50.7750086357114,137622637.8892447,54,1,54.0,0,0
c27db65a-a6a1-4d0f-a666-ccbd66c60917,,34,Urban,0,0,Month-to-Month,Standard Connect,Digital Wallet,1,64.08552025648723,122743401.17847024,44,0,100.0,0,3
2b204783-21c4-4f0b-8f11-72d934a2023e,Male,60,Suburban,0,0,One Year,Basic Connect,Bank Transfer,0,34.29790624878414,48097915.64951623,53,1,39.0,0,0
2be16316-a8a5-4183-bf9d-79cf3597934e,Male,26,Urban,1,1,Month-to-Month,Premium Connect,Bank Transfer,0,111.73084221111924,165165245.1101557,46,0,93.0,0,1
48274ac8-8f2a-473a-be9b-4c9abd2d5e3a,Male,40,Rural,0,1,Two Year,Basic Connect,Credit Card,0,20.0,1120.0,56,1,23.0,0,0
fee21cdc-380e-44a4-be68-95fdedbe71d7,Female,76,Urban,0,0,One Year,Standard Connect,Bank Transfer,0,44.47767524989075,93335013.79789588,64,1,59.0,0,0
f3123259-2cd8-4a5a-a4d5-48c5be36d735,Male,21,Urban,0,0,Month-to-Month,Standard Connect,Credit Card,1,71.2728311056432,148490347.0732392,52,2,96.0,0,1
84ca0a88-a5b1-4b3f-b9a8-ccfbdfa51468,Female,50,Suburban,0,0,Two Year,Premium Connect,Mailed Check,0,82.24615330527801,178411780.946887,36,1,58.0,0,3
399ce046-4d5a-497a-b74e-a0133611f6f5,Male,71,Suburban,1,1,Month-to-Month,Basic Connect,Credit Card,1,48.86152814909352,74779022.68609583,51,0,51.0,0,0
4a755959-25b2-45b0-a678-524aa301cf3f,Female,26,Suburban,0,1,Month-to-Month,Standard Connect,Bank Transfer,1,64.08552025648723,225787304.3099832,64,2,124.0,0,1
6bb49a15-0445-4c84-b2ca-bdef48144dd1,Male,71,Suburban,1,1,Two Year,Standard Connect,Bank Transfer,0,65.73301465313948,3681.0488205758106,56,2,67.0,0,0
9e089e1c-4ddf-469a-8e89-0cb2c66c8b00,Male,35,Urban,0,0,Two Year,Premium Connect,Credit Card,1,100.53694834072388,173378376.18365693,69,1,62.0,1,1
f167beb6-aeff-4764-af0c-fce471a27b09,Female,19,Urban,1,0,Month-to-Month,Standard Connect,Bank Transfer,1,61.11452341186918,91363662.42315422,45,2,83.0,1,3
40e2c5f9-4232-4789-bc27-94faf3a5a81d,Female,57,Urban,0,0,Month-to-Month,Premium Connect,Digital Wallet,1,97.62625010566651,173162974.6892793,65,0,64.0,0,1
cf870fa1-729b-48e0-91bd-33aa169222a7,Male,28,Urban,0,0,One Year,Premium Connect,Credit Card,1,110.1664513887663,7381.152243047342,67,0,84.0,0,0
4e7e156d-7bcc-4c09-a8d3-b1a85f4c9a84,Female,66,Urban,1,0,Month-to-Month,Premium Connect,Digital Wallet,1,120.6780947228,295356590.15124804,68,2,71.0,0,1
2464757a-f1ed-415d-8e6d-af34bb12054b,Male,30,Urban,1,0,Month-to-Month,Standard Connect,Credit Card,1,60.36838283034121,3320.2610556687664,55,1,75.0,0,0
9f7f1c78-8204-4d02-8edc-943fa75cc903,Female,72,Suburban,1,0,One Year,Standard Connect,Bank Transfer,1,61.3527687619413,116082437.35140464,38,3,69.0,0,3
5a063203-e366-4baf-84e3-b9e9b3d18921,Male,76,Urban,0,0,Month-to-Month,Basic Connect,Digital Wallet,0,64.08552025648723,55445188.16423105,62,0,23.0,0,0
625ff25a-cbe0-4cf2-9afd-56cbd5497e02,Male,59,Rural,0,0,Month-to-Month,Premium Connect,Digital Wallet,1,99.20217885873949,197477859.37412,67,1,62.0,1,1
27b4dcb6-51d8-4d29-af31-a194d8445696,Female,18,,1,0,Month-to-Month,Standard Connect,Credit Card,1,62.29006569167704,2803.052956125467,45,1,64.0,0,3
316e7779-5541-47d8-b6c5-66d593d30bac,Male,35,Suburban,1,0,One Year,Premium Connect,Bank Transfer,1,85.34143989563636,209968740.8750542,67,1,108.0,0,1
9c4ab274-92dc-42d1-8a17-dfd43f0db07e,Male,79,,1,1,Month-to-Month,Premium Connect,Bank Transfer,1,64.08552025648723,205604137.7148421,65,2,72.0,0,0
d314e69c-cf31-4f63-84d4-a1fb6160f1e6,Male,26,Urban,1,0,Month-to-Month,Basic Connect,Credit Card,0,34.4222220243063,66086260.00366523,48,3,34.0,0,3
5f29a572-4c98-4349-a887-b4f8971671cd,Female,21,Urban,1,0,Month-to-Month,Premium Connect,Digital Wallet,1,94.14027786179244,159160769.4916902,58,1,92.0,0,1
f650e9c4-f6b6-485d-ac60-d7ad61215ad0,Female,78,Urban,1,0,One Year,Standard Connect,Credit Card,1,66.31657511139568,102143836.45095491,63,1,56.0,0,0
f593b819-2d9a-4115-bb23-4846cdacd73a,Male,80,Suburban,1,0,Two Year,Premium Connect,Credit Card,1,94.94626093084638,202038050.3621386,43,1,133.0,0,1
3226863a-0767-46c6-a2f3-cd2e20525e09,Male,74,Urban,1,0,One Year,Standard Connect,,1,86.43827281369227,242679431.2889093,43,2,132.0,0,1
13783478-3bd1-42bc-bf7e-d61fa5a3db38,Female,28,Suburban,0,1,Month-to-Month,Basic Connect,Mailed Check,1,66.39248557773614,171702122.39912894,68,2,70.0,0,0
6b14999d-507d-4e72-92ba-48dd6ae112ec,Male,34,Rural,0,0,Two Year,Standard Connect,Credit Card,1,53.19077211258346,115282746.93427224,41,4,48.0,0,3
663699a4-9bfd-4cb3-add4-cbe1eaa49348,Male,18,Suburban,1,1,Two Year,Basic Connect,Digital Wallet,1,30.784254562525977,1723.9182555014547,56,1,34.0,0,0
ece9617c-0059-4a07-bf72-ddc48511d35f,Female,79,Rural,0,0,Month-to-Month,Premium Connect,Credit Card,1,93.51163145186604,260666729.5030456,45,1,133.0,1,1
c44fb002-ef87-49e2-86e7-cf3f58e1c993,Female,79,,0,1,Month-to-Month,Basic Connect,Credit Card,0,29.949783212784627,82379504.35852207,34,1,42.0,0,3
2f3e53a7-5f4c-41d4-81a9-e442b721cf79,Male,51,Urban,1,0,One Year,Basic Connect,Digital Wallet,1,55.69262414576782,2561.86071070532,46,3,64.0,0,3
fa0f18e9-9da7-4084-9641-75dae99e622b,Male,68,Suburban,0,0,Month-to-Month,Standard Connect,Credit Card,1,50.06659020028616,107704976.26778592,42,2,79.0,0,3
b1e692a5-f730-4f6d-9a3d-7f90b85e9eed,Male,30,Urban,0,1,Month-to-Month,Premium Connect,Credit Card,1,91.73172855419612,5687.367170360159,62,1,64.0,0,0
880c1a1f-2104-4d93-afce-25a618c0c309,,83,Rural,1,0,One Year,Standard Connect,Credit Card,1,39.25309074708039,113788579.43635786,35,4,63.0,0,3
491577d0-1216-429e-bbd6-8b3e8e499632,Female,36,Suburban,0,0,Month-to-Month,Premium Connect,Bank Transfer,1,112.96448258003484,193934481.76649964,36,2,154.0,0,1
08041bbc-5aa7-4c6a-87d8-96795141a5e8,Male,22,Urban,0,0,Month-to-Month,Standard Connect,Bank Transfer,1,83.3058699127914,4165.293495639569,50,1,94.0,1,3
97d21e18-fdbb-44c4-a3ce-6dca733587ad,Female,51,Rural,1,0,Month-to-Month,Standard Connect,Credit Card,1,64.08552025648723,2178.9076887205656,34,1,89.0,1,3
be0d06b8-c582-449b-a274-b82ee16f85dd,Female,75,Suburban,1,0,Month-to-Month,Standard Connect,Bank Transfer,1,84.7129323046679,3303.804359882048,39,1,73.0,0,3
ada75471-e673-4e5e-9562-a420a95b158c,Male,33,Rural,1,1,One Year,Basic Connect,Credit Card,0,64.08552025648723,37117162.3515333,68,2,20.0,0,0
ba40906a-ec66-45a4-9430-bdce3476f7b0,Female,51,Urban,1,1,Month-to-Month,Standard Connect,,1,54.01375074836192,1836.4675254443048,34,0,38.0,1,3
4650918a-9bf1-4cf0-ad91-1a1f22ca791f,Prefer not to say,66,Urban,1,0,One Year,Standard Connect,Digital Wallet,0,56.40817588896705,95507742.11454244,63,4,39.0,1,0
0947d57a-8dfa-4332-89d4-ebde97d34fc0,Female,54,,1,0,Month-to-Month,Basic Connect,Bank Transfer,1,26.88282464997965,54424753.499507606,52,0,42.0,0,0
4a5b7858-f4ef-4faf-92b0-ac45a78d0e8c,,39,,0,1,One Year,Premium Connect,Bank Transfer,0,84.08408042034209,148737147.58324224,40,3,52.0,0,3
e4b84e61-f0dc-46a2-bd2b-1bdf85b9d809,Male,50,Suburban,0,0,Month-to-Month,Basic Connect,Bank Transfer,0,35.16011439617632,81756144.52513698,68,1,46.0,0,0
de52a383-d368-4928-9908-02a50826eed0,Male,68,Suburban,1,1,One Year,Premium Connect,Mailed Check,0,128.23922458192507,274173478.40813935,65,1,139.0,1,1
0aab1743-e81f-4e9a-8e55-5e5588f24153,Male,27,Suburban,0,1,Month-to-Month,Basic Connect,Bank Transfer,1,26.74060729704749,51929587.555774,35,2,33.0,0,3
80275555-b844-4d8d-9b3a-0a3364c1a7f0,Female,71,Urban,1,1,Month-to-Month,Basic Connect,Bank Transfer,1,65.54887517801326,189321093.76045915,44,1,98.0,0,1
44381ed6-f627-4bba-9d6e-13e61b0ca259,Female,26,Suburban,1,0,One Year,Premium Connect,Mailed Check,1,89.2816231437708,188524735.23435843,63,2,98.0,0,1
5c8d595e-bbe1-4e6f-a7ca-4898c4ab25fa,Male,22,Urban,0,0,Month-to-Month,Standard Connect,Credit Card,1,45.51531327678475,128910460.18738866,59,1,31.0,0,0
109267d8-afe0-4b40-8e90-6344900e5334,Prefer not to say,33,Rural,0,0,One Year,Premium Connect,Credit Card,0,99.48782938122666,226863335.18633825,55,2,64.0,0,1
e5d3bcd2-4051-45de-ae86-9633112966f9,Non-Binary,81,Rural,1,0,Month-to-Month,Basic Connect,Credit Card,1,58.541064891198666,117165726.60674667,43,1,47.0,0,3
a9599f5b-89b1-44b5-939d-f316b4a709ee,Female,26,Urban,0,1,Month-to-Month,Basic Connect,Mailed Check,0,38.90527811785197,109058780.209794,51,2,37.0,1,3
11830a51-e69d-48eb-ae1c-06d74c19cb91,Male,32,Urban,1,0,Two Year,Standard Connect,Mailed Check,1,76.01651092567073,2888.627415175488,38,1,48.0,0,3
3d84c4b7-c3ef-4e21-84e4-c31c96371e31,Male,64,Suburban,0,1,Month-to-Month,Basic Connect,Digital Wallet,0,42.3013711561027,2241.9726712734428,53,0,29.0,0,0
e482f01b-7c57-4157-8e56-013ff54257ab,Male,49,Urban,0,0,Month-to-Month,Standard Connect,Bank Transfer,1,56.978354345815816,142049702.62627086,50,1,61.0,1,3
d71c1943-e512-4af0-9211-5741b892c752,Male,36,Urban,1,0,One Year,Basic Connect,Credit Card,1,35.12679665403686,55659920.437504485,41,2,24.0,0,3
ebfc57c0-5809-4944-be8a-792a9b2579e0,,20,Suburban,0,0,One Year,Basic Connect,Credit Card,1,44.526198276737695,127221012.83182204,44,4,50.0,0,3
3158f1c0-8560-449f-8296-1f3b8425b9d7,Female,70,Urban,0,1,Two Year,Basic Connect,Mailed Check,1,39.20683926976335,72637738.24293154,58,1,42.0,0,0
eca4e838-4d4a-476d-8708-1de7e02418b7,Male,52,Urban,1,0,Month-to-Month,Basic Connect,Credit Card,0,64.08552025648723,125257568.6557256,63,2,32.0,0,0
9c29840e-86f3-41bd-b24d-d07194828cb2,Male,28,Urban,0,0,One Year,Premium Connect,Credit Card,1,120.67699401629037,246388469.0396225,44,0,111.0,0,1
ac0045e7-9083-4a44-98ec-ad04216b72a4,Female,43,Urban,0,0,Month-to-Month,Premium Connect,Mailed Check,1,96.27097014590014,4621.006567003206,48,1,64.0,0,3
78a61b88-00cf-4a2e-9d13-6a5ba6fe29fb,Female,39,Rural,0,0,One Year,Standard Connect,,0,56.64751311208594,176476537.06326184,63,3,64.0,0,0
bef041b0-5330-468c-a8b3-a79a5fe31d0c,Male,26,Rural,0,0,Month-to-Month,Basic Connect,Credit Card,0,70.30304796791174,154614156.4983991,57,0,58.0,0,0
0226c798-05d0-420a-b1f5-21954fc5ac8f,Male,57,Urban,0,0,Month-to-Month,Standard Connect,Credit Card,1,64.08552025648723,146393199.31950563,34,3,39.0,1,3
8256a687-173e-4f34-9459-8aff104390b6,Male,56,Urban,0,0,Month-to-Month,Standard Connect,Bank Transfer,0,63.14995686067807,93984354.0117296,41,2,56.0,0,3
f8bbcfa0-6eff-47b8-911c-47a2ed550ea6,Female,48,Urban,1,0,One Year,Basic Connect,Digital Wallet,0,28.24658486131329,67765296.21088848,35,2,25.0,0,3
8a26ae1a-0b39-4980-b5e5-34bf1b52785e,Female,71,Rural,0,1,Month-to-Month,Standard Connect,Digital Wallet,1,43.24539731707803,130925094.70910886,56,0,28.0,0,0
00a241e7-11d9-4cb5-8604-59992b9f5831,Female,54,Urban,0,0,Month-to-Month,Premium Connect,Credit Card,1,106.6116650900409,301497284.536755,40,0,136.0,0,1
b621ce6c-4575-4284-80e5-396f2f92cf21,Male,64,Urban,0,0,Month-to-Month,Basic Connect,Digital Wallet,0,47.52984497317358,127891023.22311184,65,1,72.0,1,0
bcf211ac-9b2c-443c-8123-9609db1e9b98,Male,21,Urban,0,0,One Year,Basic Connect,Mailed Check,0,40.685827594991366,112300629.80695042,63,1,59.0,1,0
284c596f-6b46-4da2-8e1f-65bc12f1287e,Male,28,Suburban,0,1,Month-to-Month,Basic Connect,Credit Card,1,49.16003956372239,96923513.6589523,53,1,51.0,1,0
157970c8-506d-4ca2-9dfe-cde4ab7ffabb,Male,77,Urban,0,0,Month-to-Month,Premium Connect,Digital Wallet,1,80.80734403266322,188075074.78594363,58,1,65.0,1,1
72d0aa59-eb3a-4dfb-9410-43939d82db49,Female,74,Urban,0,0,One Year,Standard Connect,Credit Card,0,55.73957162443677,162437747.11762634,55,5,64.0,0,0
67cb5279-4ed8-400d-a9f4-8c7681c9a80e,Male,36,Urban,1,0,Month-to-Month,Premium Connect,Bank Transfer,0,87.32261439043954,3318.2593468367027,38,0,133.0,0,3
848a16bb-ead7-486e-bbde-1240b2530fdc,Male,39,Urban,0,0,Month-to-Month,Basic Connect,Credit Card,1,48.171362493016886,108113376.06733416,54,1,37.0,0,0
34408fb3-2bc5-423b-9c58-e8f4ea7db3c5,Male,60,Urban,1,0,Month-to-Month,Standard Connect,Credit Card,1,84.30165976398621,5311.004565131131,63,0,64.0,0,0
4e3e7237-4f91-486b-93c9-0336b8fe30bf,,32,Suburban,0,1,Month-to-Month,Basic Connect,Credit Card,0,70.20039634839564,170640109.76435703,65,1,47.0,1,0
b4e51f5c-8fcb-46d6-b710-e9c62c41b839,Male,51,Rural,0,0,One Year,Basic Connect,Credit Card,1,48.48547417735424,96434473.44956817,64,3,45.0,0,0
bb3e5409-7e4a-40ed-85f0-24a94fcde08e,Female,81,Urban,1,0,Month-to-Month,Standard Connect,Bank Transfer,1,61.59903570769771,166863672.13849783,58,1,54.0,1,0
35ea36cc-6040-49c1-b598-55175da8a8cd,Male,40,Suburban,0,0,Two Year,Basic Connect,Bank Transfer,1,55.05992166931144,107728207.15564056,69,0,76.0,0,0
231c1a40-3dc7-4452-b5c2-93ef5e862cba,Female,32,Rural,1,1,One Year,Basic Connect,Digital Wallet,1,51.29732290594062,106515223.61770476,64,2,73.0,0,0
5fe66f50-fb15-4959-b479-4803ca783853,Male,23,Urban,0,0,Month-to-Month,Premium Connect,Bank Transfer,1,109.61441420646943,216398357.63452125,49,2,75.0,1,1
04ca5bbc-2e59-41e3-8e6f-e7b290ba0a20,Female,70,Urban,1,1,Month-to-Month,Premium Connect,Credit Card,1,126.36235423191566,221858878.190126,47,1,142.0,0,1
121ea4dd-8d0f-48e2-b1e7-03ec1e272979,Female,51,Urban,0,0,Month-to-Month,Basic Connect,Bank Transfer,0,22.60750037562995,73977275.80410185,64,1,31.0,1,0
c3a22e1c-8252-4d3a-84eb-ff487eb8a799,Female,72,Urban,0,0,One Year,Basic Connect,Mailed Check,0,20.0,41396356.77391805,46,0,27.0,0,3
5c4aa064-b71a-47c5-bf36-273456323d38,Female,67,Urban,1,0,Month-to-Month,Basic Connect,Bank Transfer,1,31.70775599576793,53490449.68049394,52,3,64.0,0,0
f686de91-15e4-44a0-9aa8-569232f59d4f,Male,55,Rural,0,1,Month-to-Month,Basic Connect,Credit Card,1,37.634915281125394,112781183.91839509,56,0,32.0,0,0
e7866a33-ef8c-44ad-bd1c-b244378f22f9,Female,50,Rural,0,0,Month-to-Month,Premium Connect,,1,90.53680148710586,153655294.3974783,34,2,129.0,1,3
4ed2fe18-94aa-4a10-a76b-0c9e9cbe7bb4,Female,21,Rural,0,0,Month-to-Month,Standard Connect,Bank Transfer,1,64.08552025648723,144157196.5685489,46,0,74.0,0,3
345eb57a-4f9d-4aa4-994d-9c5a446135e9,Female,47,Rural,0,0,Month-to-Month,Basic Connect,Bank Transfer,1,32.10276942936162,77020146.61310191,41,2,45.0,1,3
d64c2a12-d7de-465d-b4f3-978a09aa0bb2,Female,21,Urban,0,1,One Year,Basic Connect,Credit Card,0,45.61469800937471,86945100.01961157,60,4,43.0,0,0
35e818a9-616e-4a79-a408-f075c4203b24,Female,72,Urban,1,0,Month-to-Month,Standard Connect,Bank Transfer,0,50.45437255081833,128899448.26208144,63,1,37.0,0,0
d4a9a52b-a463-40c0-8a14-cbadf1e3ba25,Male,76,Urban,0,0,Month-to-Month,Basic Connect,Bank Transfer,1,50.82709766145696,138193448.16357645,65,0,62.0,0,0
d6ed96a0-68e8-47dc-bd2e-2f5f911e5f92,Male,28,Suburban,1,0,Month-to-Month,Basic Connect,Bank Transfer,1,59.84220419207752,134741296.7503901,53,1,66.0,1,0
a0f007b0-611d-41f0-a283-9863fbe9bd24,Female,69,Rural,0,1,One Year,Basic Connect,Credit Card,0,29.72932203535432,71265812.17666799,55,1,32.0,0,0
214df868-e6a0-4e49-8d92-eef7c53983ca,Female,79,Rural,1,0,Month-to-Month,Standard Connect,Bank Transfer,1,73.14473565477304,121356370.93881293,49,4,101.0,0,3
f6f2b334-84ea-4ec9-a16d-7f18e5deda4a,Male,51,Rural,0,1,Month-to-Month,Basic Connect,Credit Card,1,48.43926971575845,154039931.70648852,44,2,69.0,0,3
679add7a-2455-493d-897b-bdc5cad6d3aa,Male,47,Suburban,0,0,Month-to-Month,Basic Connect,Credit Card,1,20.0,51834616.20515575,39,2,23.0,1,3
23a4a5df-d939-4b20-99cd-cb089f49b4a2,Male,68,Urban,0,0,Two Year,Basic Connect,Bank Transfer,1,30.299552989270463,73016060.22533594,52,0,20.0,1,0
1c472fe5-2129-4014-95ff-81878978ddcd,,79,Urban,0,0,One Year,Premium Connect,Digital Wallet,1,103.3474358295096,311436076.51973164,50,2,84.0,0,1
f9df8bda-d0d5-4550-a387-31f2bf8e0bfe,Female,61,Suburban,0,0,Two Year,Standard Connect,Credit Card,1,77.59777419900156,211931832.85537148,56,1,51.0,0,1
e639c20a-44ef-4d60-9e61-ba05160d16a5,Male,28,Urban,0,0,Month-to-Month,Basic Connect,Bank Transfer,1,54.102102481455965,103492397.44298416,57,0,40.0,1,0
acc16b18-b979-4b1f-aee2-b370cf7b8240,Non-Binary,84,Urban,1,0,Month-to-Month,Premium Connect,Credit Card,1,91.32697689506358,279892297.1486368,56,2,108.0,0,1
d46a8764-4ac4-4cba-b97d-6fc3f30af23e,Male,41,,0,1,One Year,Standard Connect,Credit Card,1,45.18325168494255,101108074.65729606,50,1,27.0,0,3
f84f4df7-e09a-4f85-87a7-adc5d13c102c,,32,Suburban,1,0,Month-to-Month,Basic Connect,Credit Card,1,34.99450334170639,83908996.17315033,64,2,47.0,0,0
cf62411a-a53c-40f3-b98c-be3092f52e65,Female,78,Urban,0,0,One Year,Basic Connect,Bank Transfer,1,34.33339475652237,62214929.73822006,54,4,50.0,0,0
74cc6285-d516-43e3-98ed-efd5048553b8,Prefer not to say,35,Urban,0,0,Month-to-Month,Basic Connect,Bank Transfer,1,37.42490405543248,80175350.5445397,44,1,40.0,1,3
554e150f-f9c6-4735-b1d3-e43503f48a84,Male,21,Suburban,1,1,Month-to-Month,Basic Connect,Bank Transfer,1,38.34581690266334,92100141.72937386,48,1,44.0,0,3
86ea39bc-509e-4ec2-81b4-0bc0d53c8008,Male,63,Urban,1,0,Two Year,Standard Connect,Bank Transfer,1,65.29948260905343,120702872.7196134,46,0,100.0,0,3
bfe297f5-b615-4044-aee9-45d79a8a01cb,Male,59,Urban,0,0,One Year,Basic Connect,Credit Card,1,25.91520465985902,46898061.67641939,40,0,20.0,1,3
86099b63-1664-4be8-8c5e-a239ae3c56c9,,69,Suburban,0,1,One Year,Premium Connect,Digital Wallet,1,92.95247772968284,177289382.54835314,43,1,137.0,1,1
967a4d7a-583c-4a8c-abed-97d48a759ccf,Male,19,Rural,0,1,Two Year,Standard Connect,Digital Wallet,1,56.20093893286865,161961799.86324257,66,2,51.0,0,0
84e9eb9e-5125-4513-a8e9-a904e472eed0,Female,18,Urban,1,0,Two Year,Premium Connect,Digital Wallet,1,84.79045173498284,238633190.9326,39,0,59.0,0,1
c55761d7-8615-4a33-b855-ea7c4408cbfd,Female,18,Suburban,0,0,Month-to-Month,Basic Connect,Bank Transfer,0,50.301703591573904,2263.5766616208257,45,0,41.0,0,3
7d69dacb-5486-492a-818e-760ffe350e2f,,37,Suburban,0,1,Month-to-Month,Premium Connect,Bank Transfer,1,113.73903972960748,193845213.12681365,55,3,130.0,0,1
b850d5bd-31d0-43e3-92e0-73b51108312d,Male,23,Urban,1,0,Month-to-Month,Standard Connect,Credit Card,1,64.08552025648723,3909.2167356457207,61,1,113.0,0,0
eb7c8980-e20c-4aec-acf4-8d4d20e037a1,Female,30,Urban,0,0,Month-to-Month,Basic Connect,Digital Wallet,0,29.740888042472243,79794377.52138126,54,5,31.0,0,0
d4daf924-3fc8-4660-8b16-5e2898f072ec,Male,54,Urban,0,0,Month-to-Month,Basic Connect,,1,20.0,59065847.4518277,46,2,15.0,0,3
27b9700a-5a04-48d8-be4a-a5577efc594f,Male,31,Urban,0,0,Month-to-Month,Standard Connect,Digital Wallet,1,93.46096623277668,159021626.83290792,53,1,66.0,0,1
1ec94003-2dcf-418d-8dcd-8ff266d968bd,Female,20,Urban,0,0,Month-to-Month,Basic Connect,Credit Card,0,39.25675479075718,106431661.796229,60,1,61.0,0,0
dc7883f4-0ea6-4abd-a46b-d8a8a063a0bf,Female,73,Rural,1,0,Month-to-Month,Premium Connect,Credit Card,1,77.01411809697522,213193073.55586392,61,3,72.0,0,1
12560c6a-c7d3-430e-8823-ff79d8ea97d3,Male,32,Suburban,0,0,Month-to-Month,Standard Connect,Bank Transfer,1,68.58164220352275,189143445.5607147,63,1,64.0,0,0
7e009281-3b8e-45bf-9ef9-8396fd8c5d46,Female,63,Urban,0,0,One Year,Basic Connect,Bank Transfer,1,20.0,43182133.520170346,69,1,29.0,0,0
7d8d1e4d-d9fa-404b-b47c-50feee930948,Male,30,Urban,0,0,Month-to-Month,Basic Connect,Credit Card,0,41.24107212871343,107247450.67393254,43,3,26.0,1,3
c8c9c288-2eed-4777-ab40-a8f2282a4fdb,Male,72,Suburban,0,1,One Year,Standard Connect,Credit Card,1,58.0299350117966,151330625.44856957,60,0,88.0,0,0
312d27fc-4148-4bac-94f2-e7730fd5afb2,Male,62,Urban,0,0,Two Year,Standard Connect,Credit Card,0,51.046680203910974,117797001.44627878,46,0,66.0,0,3
893c7251-38c8-402d-8c08-283cc2abe0c4,Male,37,Urban,0,0,Month-to-Month,Standard Connect,Credit Card,1,70.2928283203205,161917751.0304214,68,2,64.0,0,0
3dd938c3-e440-4328-bff9-add10345e2e9,Male,22,Rural,0,0,Month-to-Month,Basic Connect,Digital Wallet,0,53.382337448858095,118162116.14207378,35,1,66.0,0,3
839f4a3a-22e6-4775-8cc7-6a5ab17f2580,Male,79,Urban,1,0,Month-to-Month,Premium Connect,Bank Transfer,1,128.9229121109782,327609542.95361894,35,2,175.0,0,1
3c4612b7-e1ed-415f-bcf6-1ccad5afc3cc,Female,73,Suburban,0,0,Month-to-Month,Basic Connect,Credit Card,1,40.4049304359753,69048221.32328495,50,0,62.0,0,3
b22f2fa8-c052-44c8-983e-84364db5a29e,Female,84,Urban,0,1,One Year,Basic Connect,,1,57.793749180602816,137998604.49941024,37,2,36.0,0,3
b986f161-04c0-4be5-a879-82d2bebe6ced,Male,51,Urban,0,0,Two Year,Basic Connect,Credit Card,0,63.52438194863405,134695042.37534404,67,2,59.0,0,0
4631f807-4b21-40cf-bc64-1eb10bc15b41,Female,84,Urban,0,0,Two Year,Standard Connect,Bank Transfer,0,78.34631952517844,220120009.07739124,55,1,77.0,0,1
58100718-75c3-4afd-804b-92ab1ac139b8,Male,62,Suburban,0,1,Month-to-Month,Standard Connect,Digital Wallet,0,47.23831949359755,71518209.53560503,42,2,64.0,0,3
c42ba3d7-3d26-413a-aaf4-31a783300e21,Female,80,,0,0,One Year,Basic Connect,Bank Transfer,1,53.88559961205709,107692514.91622315,45,1,55.0,0,3
c5184bfa-33a9-4ccc-9a01-e91b96c9c40f,Female,75,Suburban,1,0,Month-to-Month,Basic Connect,Credit Card,0,56.038485148783735,151624582.90945154,39,2,53.0,1,3
fbffed9c-7981-4d39-9d56-7dfb62666d77,Male,63,Suburban,0,0,Month-to-Month,Basic Connect,Bank Transfer,0,40.545382605805386,81526076.06086831,66,1,65.0,0,0
ff132c0b-597b-4e8e-b04a-44c980eb10d0,Female,32,Suburban,1,1,Month-to-Month,Basic Connect,Digital Wallet,0,20.0,60890152.98102637,68,1,30.0,0,0
d5e1aec0-f6cb-46f6-b956-1d9016cb64da,Female,81,Rural,0,0,Month-to-Month,Premium Connect,Credit Card,0,90.08613158420404,157385465.72544923,37,2,56.0,0,3
b3de3b73-89d6-4705-8cee-fe1919163ebd,Female,34,Suburban,0,0,Month-to-Month,Basic Connect,Digital Wallet,0,40.70635174502856,93851911.33958527,57,1,37.0,1,0
df47b404-de00-4935-99fc-26d8f259ffb1,Male,72,Rural,0,0,Month-to-Month,Premium Connect,Credit Card,0,126.327076997595,294814655.53089994,40,0,104.0,1,1
37258041-2ca4-4298-9357-d5eb1b1c0793,Prefer not to say,75,Urban,1,1,Month-to-Month,Premium Connect,,1,88.50614975916976,237817067.4404778,61,1,57.0,0,1
253e601d-8050-49ae-a2f8-1ab6e404dc8e,,21,Rural,1,1,Month-to-Month,Premium Connect,Credit Card,1,95.71472448323136,4977.165673128031,52,1,138.0,0,3
8d314f90-26f7-42ae-813c-d66c813d7784,Male,50,Rural,0,0,Two Year,Standard Connect,Digital Wallet,1,52.480110912073336,142843897.85826916,56,0,77.0,0,0
b3582016-9730-4e75-8a52-0d3f1a57a2bb,Male,54,Rural,0,1,Month-to-Month,Standard Connect,Bank Transfer,1,64.08552025648723,115880060.46966273,36,1,67.0,0,3
6adaddfd-7d21-45cc-a8e2-5591620a932b,Male,19,Rural,0,0,One Year,Standard Connect,Credit Card,1,68.09263158544456,180647344.51725733,55,0,82.0,0,1
34137a8b-b4a7-4f5b-a0e3-85abcf582baf,Male,23,Suburban,0,1,One Year,Basic Connect,Digital Wallet,1,20.0,61300569.75761026,52,2,19.0,0,3
2f224e59-744e-4f5b-83c0-ad6e7bd2ef89,Female,41,Urban,0,0,Month-to-Month,Premium Connect,Digital Wallet,0,91.82586692512506,209152656.97396925,69,4,67.0,0,1
5cd9e96d-e2b9-4c3c-8512-a4463fc9a5e9,Male,80,,1,0,Month-to-Month,Premium Connect,Digital Wallet,1,75.18467681854506,163714039.39253068,40,0,107.0,0,3
0c783654-355d-42b1-ae34-d29a37065884,Female,29,Urban,1,0,Month-to-Month,Standard Connect,Digital Wallet,1,97.5413700057866,230209747.57856503,64,1,85.0,1,1
8f6c8bcc-011c-4663-a7ea-31c3ef854967,Prefer not to say,73,Suburban,0,1,One Year,Premium Connect,Credit Card,1,102.07712883059288,241288490.6859869,44,0,125.0,0,1
6b7c06db-ea89-4a16-b204-97b321d7532d,Male,22,Suburban,0,1,Month-to-Month,Standard Connect,Bank Transfer,1,97.32715176306873,232897937.03773665,34,2,127.0,0,1
bb39aa8c-dbb5-4efe-8121-6274cc76fc2f,Prefer not to say,58,Rural,0,1,Two Year,Standard Connect,,1,73.32556336902223,201399665.2555774,61,3,50.0,0,1
0a915ded-9a61-486a-a91c-1e5a98e067be,Female,60,Urban,1,0,Month-to-Month,Basic Connect,Bank Transfer,1,50.64016252361724,84926231.1023803,65,0,52.0,0,0
7681b5ec-ca98-40b9-9932-793f72feaf36,Male,74,Urban,1,0,Month-to-Month,Basic Connect,Credit Card,1,53.22369694469506,85576049.08355144,52,1,82.0,0,0
ac34d1d7-2b23-4cbd-b2f1-a38a762f686d,Male,81,Rural,0,0,One Year,Premium Connect,Digital Wallet,1,73.67945632975619,134413103.93212995,38,1,89.0,0,3
0466e448-0eef-4dfe-a6c9-70f09a36df68,Male,51,Suburban,1,1,One Year,Basic Connect,Credit Card,1,58.3769549793103,135309641.44471833,41,0,71.0,0,3
1a703eaf-4f64-4312-bc7a-986205fb0805,Female,27,Rural,0,0,Month-to-Month,Basic Connect,Credit Card,1,37.471959685150495,69256051.07577641,35,1,54.0,0,3
3a52fbc8-fa45-4d07-b406-18edf2c0e0d8,Male,54,Suburban,0,0,Month-to-Month,Premium Connect,Credit Card,1,98.8395107885564,195140708.2089049,60,0,149.0,0,1
dd0c0328-031e-425f-b2f6-a532ecf4e1f3,Female,51,Urban,1,0,Month-to-Month,Basic Connect,Credit Card,1,64.08552025648723,44502485.53039946,51,1,23.0,0,3
dc57e1ea-9e4d-4a24-8a5b-b2fe315e17da,Male,41,Suburban,1,0,Month-to-Month,Premium Connect,Mailed Check,1,85.83876997717974,224602963.34166563,61,0,115.0,0,1
29af1350-e70a-4dff-a9df-71a93da666b8,Female,42,Urban,1,1,Month-to-Month,Basic Connect,Digital Wallet,1,53.52821681041134,120011895.46970914,37,2,60.0,0,3
d0f1af05-2c98-47c0-9764-6676f61ac619,Female,70,Urban,0,0,Month-to-Month,Basic Connect,Credit Card,0,38.06962130855371,74146832.44381224,61,1,34.0,0,0
9c4156b9-cdcf-4455-9b64-e8b17d78bffa,Female,61,Urban,0,0,Two Year,Basic Connect,Bank Transfer,1,34.00494754118088,74157593.22870977,34,0,43.0,0,3
6864b52f-1c65-4b6e-b33c-59a4650482a8,Male,42,Suburban,0,0,Two Year,Basic Connect,Mailed Check,1,41.31076916769498,138370283.20982954,49,2,31.0,0,3
55ae5e20-00e7-4db7-8e67-1f525911ae8e,Female,62,Suburban,0,0,One Year,Standard Connect,Bank Transfer,0,58.94678549613991,91200570.62182456,63,5,36.0,0,0
2ca5370d-1771-4888-b485-9663f3e294c9,Male,68,Urban,1,1,Month-to-Month,Standard Connect,Mailed Check,1,108.0010631543128,242237458.8887633,44,1,143.0,0,1
61c964a8-4342-4857-afb0-56f51a37f0cb,Male,47,Rural,0,0,One Year,Basic Connect,Credit Card,0,20.0,51895693.442469865,50,1,34.0,0,3
03c8eb0a-fdce-472c-ac14-2e9074f7cb30,Male,83,Urban,0,0,Month-to-Month,Standard Connect,Mailed Check,0,68.14271326523753,109512615.34468396,41,1,81.0,0,3
944037aa-f93f-4229-bb6e-3acee1e474e6,Male,80,Suburban,0,0,One Year,Standard Connect,,0,70.63509469479393,217844212.93813017,69,0,54.0,0,0
8e4a9912-156c-4c71-9819-a46e144093fc,Male,21,Suburban,1,0,Two Year,Standard Connect,Credit Card,1,70.32481541381532,112222663.99765304,43,1,46.0,0,3
2a224a6a-f11c-4f6d-bfe9-154a1a7fe0d3,Female,51,Suburban,1,1,Month-to-Month,Premium Connect,Bank Transfer,0,131.4239759514671,216940294.706432,47,3,105.0,0,1
92c6f8c7-a83f-49b9-bed7-064bda277651,Female,81,Urban,0,0,Month-to-Month,Premium Connect,Bank Transfer,1,89.201846004976,201565003.0699143,40,2,64.0,0,1
6235f970-1459-4a4c-bcd7-e5bb006c4652,Female,69,Suburban,1,0,Month-to-Month,Standard Connect,Credit Card,1,64.43468208035684,129185069.73326302,64,1,96.0,0,0
aa309114-aef6-45ba-8242-2f1685221e15,Male,57,Urban,1,1,One Year,Premium Connect,Bank Transfer,1,100.96042988456108,6259.546652842787,62,4,62.0,0,0
6483550b-ceed-4b08-9343-2dfe1696dd1b,Female,56,Suburban,1,0,One Year,Basic Connect,Bank Transfer,0,52.29356508961604,153244837.10092965,40,0,75.0,1,3
99af6e77-9552-45d7-8cd0-cf0f6df69fb0,Male,41,Rural,0,1,Month-to-Month,Standard Connect,Credit Card,1,73.8302373990945,207623031.1142008,35,2,64.0,1,3
dac1c4b2-db46-4c7a-a4dc-a76453216fe5,,26,Urban,1,0,One Year,Standard Connect,Credit Card,1,64.04370989066727,158177577.644479,63,3,83.0,0,0
55cf0037-fdf7-460c-9aa5-5817efb83ba6,Female,67,Suburban,0,1,Month-to-Month,Premium Connect,Credit Card,0,104.79461965251303,218494641.8334925,34,2,69.0,1,1
56edc964-482d-45e4-917e-33148ea98af9,Female,43,Suburban,0,0,Month-to-Month,Premium Connect,Credit Card,1,111.69982881872188,272931556.7368073,63,1,84.0,0,1
35f10b7c-7226-4b0e-b01c-cb22d9e0133d,,35,Suburban,1,1,Two Year,Basic Connect,Mailed Check,1,40.60167445303728,72305973.96273577,44,2,38.0,0,3
33a2d037-7030-4782-a9db-972dbb94aa7f,Non-Binary,61,Rural,0,1,Month-to-Month,Standard Connect,Mailed Check,1,57.7981380602474,146566983.73980787,52,3,53.0,0,0
1ae8f6ea-53a7-416e-b1f1-d222be0b48f2,Male,73,,0,1,Month-to-Month,Premium Connect,,1,79.39958231407194,121355435.10501067,54,1,62.0,0,0
39681d3a-b97a-4fb2-afee-c80de68f5aa5,Female,24,Suburban,1,0,One Year,Standard Connect,,1,56.34153437492147,96813752.30736253,55,1,68.0,0,0
08d5ae1b-b543-4450-be31-d05aef388d32,Male,48,Urban,0,0,Two Year,Basic Connect,Bank Transfer,1,51.944627766373856,120591486.10184136,50,2,41.0,0,3
5712fc70-0914-48da-8fc7-4f78d4c0eabf,Female,53,Urban,0,0,Month-to-Month,Standard Connect,Credit Card,1,62.209502031024485,164603997.33622113,55,1,68.0,0,0
dd8d6010-119e-4d97-871e-faed310a6882,Male,33,Suburban,0,0,Month-to-Month,Premium Connect,Credit Card,1,102.91674644455333,171671654.15895382,42,0,97.0,1,1
8828c4f9-c20e-47b0-979c-9b69a586958d,Female,38,Rural,1,0,Month-to-Month,Standard Connect,Credit Card,0,113.42890923632334,247437614.4953881,60,0,127.0,0,1
dde92a4f-93e2-425c-a94c-de3d44961115,Female,39,Rural,0,0,Two Year,Basic Connect,Credit Card,0,36.03675219483565,85949132.39709337,63,1,49.0,0,0
7cefb6da-80a0-4917-a38c-fa546f042b8e,Male,26,Urban,0,0,Two Year,Basic Connect,Credit Card,1,64.08552025648723,50467385.59045723,69,1,15.0,0,0
1564aa71-4177-4125-b9f6-ae1da827dc4e,Female,18,Rural,0,0,Two Year,Basic Connect,Mailed Check,1,64.08552025648723,73787926.57900694,49,2,32.0,0,3
44a1d6f7-518e-42ab-9041-bfff4c266f35,Male,51,Suburban,0,0,One Year,Premium Connect,Digital Wallet,1,473.5471263932994,201430895.5996281,42,1,64.0,0,1
fbfa03ea-cfcb-4d09-ad17-8b56c64f849c,Prefer not to say,51,Urban,1,1,Two Year,Standard Connect,Mailed Check,1,89.13243448506054,153795057.20005655,37,1,120.0,0,3
00451650-b176-434d-b878-7cb77e90902e,,84,Suburban,0,1,Month-to-Month,Basic Connect,,0,25.342033539180044,39345100.48132269,65,1,28.0,0,0
5570452e-e077-4e0d-bd24-59a196e07100,Female,46,Suburban,0,0,Month-to-Month,Standard Connect,Digital Wallet,1,57.92909955398594,167597173.0125993,42,4,59.0,1,3
5d8507a0-d0bf-4ba5-ac47-9309fdce5c9d,Male,34,Suburban,0,1,Month-to-Month,Standard Connect,Credit Card,1,80.10437254198206,4325.636117267031,54,2,119.0,1,0
773ca29b-b594-4cf2-95ca-94558ff7f455,Female,50,Rural,0,1,Two Year,Basic Connect,Bank Transfer,1,22.91801948533236,38657294.67229614,38,2,30.0,0,3
dd9cf866-ce27-4b88-8d14-fa5a6f92a3d9,Male,26,,0,0,Month-to-Month,Standard Connect,Bank Transfer,0,51.68311186393506,97533889.39320488,40,3,55.0,0,3
4dd4e21c-db42-48b5-bdaa-2f0235350485,Female,32,Urban,0,1,Month-to-Month,Premium Connect,Credit Card,1,64.08552025648723,264009008.31233385,56,3,116.0,0,1
f1a1241d-3f5d-4565-a373-68ae890d4864,Female,54,Countryside,0,0,Month-to-Month,Basic Connect,,1,43.958281181940265,95662809.85840316,35,1,53.0,1,3
d68c0a6b-62c5-4794-9671-8930dca1fe3d,Female,62,Rural,0,1,Month-to-Month,Basic Connect,Bank Transfer,1,55.4608045328736,3216.726662906669,58,2,67.0,0,0
307117a2-920e-4f2e-9ed8-b13fceb4a440,Male,51,Rural,1,1,Month-to-Month,Premium Connect,Bank Transfer,1,70.38733110930886,197829752.12317088,62,2,100.0,0,1
1e4f9218-183e-4781-b522-f2c29bd9ef69,Male,24,Rural,0,1,Two Year,Basic Connect,Bank Transfer,1,64.08552025648723,129785506.2394242,51,1,35.0,0,3
52939c4c-9bb2-4189-ae21-348d3e3a1057,Male,31,Urban,0,0,Month-to-Month,Standard Connect,Digital Wallet,1,68.51937812250726,106844562.84716824,50,2,104.0,0,3
a393c06c-6503-41e0-b07f-7d07825fa9ee,Prefer not to say,46,Rural,0,0,One Year,Standard Connect,Bank Transfer,0,58.90619384065081,105356633.25302891,46,0,84.0,0,3
87d91f37-64eb-46e8-9772-5765ffb1f1dc,,28,Suburban,1,1,One Year,Standard Connect,Bank Transfer,1,40.51356689014532,80711667.7387604,40,3,49.0,0,3
f5cb450e-cd6e-46e6-b1ff-ef2ed73168ff,Female,68,Suburban,1,0,Month-to-Month,Basic Connect,Credit Card,1,58.81547843540858,155959962.98473477,62,2,80.0,0,0
7c4815ee-cc4b-41cd-816a-cc0d46bf85bc,Female,44,Urban,0,0,Month-to-Month,Basic Connect,Credit Card,0,44.74176417849499,2505.5387939957195,56,0,29.0,0,0
f9308ce4-5eb9-4db9-91e6-04358b8d927a,Male,22,Rural,0,1,Month-to-Month,Standard Connect,Bank Transfer,1,60.76527441902616,170116102.70945644,49,1,95.0,1,3
2721ab50-8cdd-4b74-b022-07775bf35bce,Male,51,Suburban,1,0,Month-to-Month,Standard Connect,Bank Transfer,1,78.78655378459914,2757.52938246097,35,2,121.0,1,3
e3719de9-0ab1-40c4-a232-f1ec59e29901,Male,36,Rural,0,0,Month-to-Month,Basic Connect,Digital Wallet,0,22.904575773803835,60582066.19635429,40,0,64.0,0,3
03c2e5aa-9d8f-4696-8e8e-4acde7bf1a34,Female,51,Suburban,0,0,Month-to-Month,Premium Connect,Bank Transfer,1,77.24029247729695,140140426.99203053,40,1,70.0,0,3
2983ef3f-8804-47be-910c-49a3a834c0c5,Male,33,Urban,0,0,Month-to-Month,Premium Connect,,0,94.65715616120892,256128766.6372369,51,0,64.0,0,1
9434acd8-4710-40ec-bd09-78f663a73e74,Female,51,Urban,0,0,One Year,Basic Connect,,0,28.10447741336193,79044020.01485243,58,1,43.0,0,0
1dec6432-95a6-4a0e-b98d-ec52c3bf080d,Female,81,Rural,0,0,Month-to-Month,Basic Connect,Mailed Check,1,64.08552025648723,3652.874654619772,57,4,39.0,1,0
a2daaa8e-2aa2-4900-936a-7e307317c619,Female,62,Urban,0,0,Month-to-Month,Basic Connect,Credit Card,0,20.0,46004601.57610986,52,1,23.0,0,0
761a1bc8-0600-4735-ba0b-53d7a4db5b53,Male,51,,1,0,Two Year,Standard Connect,Mailed Check,0,90.99377155978692,163798773.2315016,47,1,61.0,0,1
5e3f7336-d1fb-4f0c-af28-0c8d8c8c30ca,Male,58,Suburban,1,0,Two Year,Basic Connect,Credit Card,1,43.24372640570692,2032.4551410682247,47,1,35.0,0,3
8e008abd-e138-43ff-b4a7-54b91b5c4799,Non-Binary,55,Rural,1,0,Month-to-Month,Standard Connect,Digital Wallet,0,93.7664512062083,258656699.6404088,46,2,66.0,0,1
d9f6a5ef-e00c-4f88-b82c-811a7948102b,,79,Urban,0,0,Month-to-Month,Premium Connect,Digital Wallet,1,88.57712191981163,191322942.3165659,51,1,130.0,0,1
c499e64d-0034-4f6e-9d52-dc47d60f600b,,21,Urban,0,0,Month-to-Month,Premium Connect,Credit Card,0,105.27298159315563,169046907.82946694,43,1,114.0,0,1
991a331f-6223-44ab-8cb3-cab1f151f946,Male,29,Urban,0,1,Two Year,Basic Connect,Digital Wallet,1,54.34362235795619,87108794.28192349,46,3,64.0,0,3
6d7673e6-71bb-4de2-865e-6713cf52b836,Female,22,Suburban,1,1,Month-to-Month,Basic Connect,Credit Card,0,22.609151950540458,67171771.01604697,39,2,22.0,0,3
f49c76a3-5b21-4f65-85f2-1c81a848d8f7,Female,53,Suburban,0,0,Two Year,Standard Connect,Credit Card,1,50.47003436455845,85645627.31535685,44,2,64.0,0,3
a8b0c770-4dce-4523-af55-711db65441a6,Male,68,Suburban,0,0,Month-to-Month,Premium Connect,Bank Transfer,1,118.29918019234508,334847762.07451993,42,1,104.0,1,1
e6e216bc-7147-466b-9c71-8b8e8a53305a,Female,75,Suburban,0,1,Month-to-Month,Basic Connect,Credit Card,0,20.0,36583792.51186594,38,0,64.0,1,3
d3aa3e5f-1cc1-45ff-aec8-6900ddd44a23,Male,43,Rural,0,0,One Year,Basic Connect,Bank Transfer,1,27.13489360771169,82553429.38168052,48,1,64.0,0,3
96b15909-8ff9-4f27-b571-c8a6bbae2da8,Female,32,,0,0,Month-to-Month,Premium Connect,Credit Card,1,77.94907454791948,198650110.3798756,60,3,93.0,1,1
c6d0fafd-f7c2-4db8-b15f-c8458d021ca2,Female,51,Rural,0,0,Month-to-Month,Basic Connect,Credit Card,1,20.0,59861529.86792618,49,3,22.0,1,3
0a1fe63f-4bee-4295-aeeb-6763f6932f4b,Male,51,Rural,1,0,Month-to-Month,Standard Connect,Credit Card,1,61.605665476485726,178006271.9460627,48,4,36.0,0,3
dc1ee9d3-a067-4bcd-9b47-0fbf53afbafc,Female,67,Suburban,0,0,Month-to-Month,Standard Connect,Mailed Check,1,89.51947073200678,196336574.9472789,47,2,124.0,0,1
3db7e6d0-aa87-47b8-b852-0ad5df41f9b6,Male,23,Suburban,0,1,Month-to-Month,Basic Connect,Bank Transfer,1,35.240631148503326,93819182.00165088,48,2,48.0,0,3
a4a0d6d5-0d4b-48d1-a36e-93571c7002a9,Female,44,Urban,0,1,One Year,Standard Connect,Bank Transfer,1,78.33251167977497,227776601.7260621,67,1,96.0,0,1
9c3939ef-204e-4a94-995e-28a1b7ed2b1b,Male,62,Urban,1,0,Month-to-Month,Premium Connect,Credit Card,1,90.36248902375706,5692.836808496695,63,1,101.0,0,0
f637e46d-9dce-4730-8da7-23feb0fa4ce7,Female,60,Urban,1,0,One Year,Standard Connect,,1,92.47352152539926,234385012.1838706,67,2,64.0,0,1
7e7d901d-9f49-4398-a3b5-093deddc907c,Non-Binary,57,Urban,0,1,Month-to-Month,Premium Connect,Credit Card,1,86.4356244100245,169397382.9009542,44,0,81.0,0,1
5f0187df-eb54-4d26-bd39-13915750bbfb,Prefer not to say,72,Rural,0,1,Month-to-Month,Basic Connect,Bank Transfer,1,52.56195435088547,85145771.38288952,62,0,40.0,1,0
d3e849f3-98b4-4e66-aa6d-33a70b125e46,Male,67,Urban,0,0,Month-to-Month,Basic Connect,Credit Card,1,20.0,42081520.46326206,47,0,28.0,0,3
52d282d0-6b31-4cd3-a7cf-d57d5c9f83aa,Male,51,Urban,1,0,One Year,Standard Connect,Credit Card,1,58.60245873954144,160923343.2130711,43,4,34.0,0,3
241f7090-a659-4219-bc63-4c806ba4ec27,Female,66,Urban,1,1,One Year,Premium Connect,Mailed Check,1,64.08552025648723,157794901.52229875,44,1,144.0,0,3
3022c58f-957f-4bff-b797-a4a72cd58549,Female,42,Suburban,1,0,Month-to-Month,Standard Connect,Credit Card,1,62.38660499339172,112759580.58918764,34,1,86.0,0,3
0b64e9c3-a6cf-4093-b989-aa2d7610e20f,Female,25,Suburban,1,1,Two Year,Standard Connect,Digital Wallet,1,86.46373931235213,253584284.687195,37,2,105.0,0,1
0d9d5a6b-d08f-4651-93e4-03e02bd90e6c,Female,31,Suburban,1,0,Two Year,Standard Connect,Bank Transfer,1,47.181259961412565,148067517.96679476,46,3,47.0,0,3
8c96601b-57d9-4973-97f5-8199d60b556e,Male,81,Urban,1,0,Month-to-Month,Standard Connect,Mailed Check,0,51.36908592630432,83050892.32973942,39,1,56.0,0,3
0da58e22-c538-491d-a5b6-f58fc94fa43b,Male,58,Urban,1,1,Month-to-Month,Basic Connect,Credit Card,1,31.842890729660606,59419639.251240745,48,1,41.0,0,3
0f87ffaa-5e8e-4662-9907-97e9975ec551,Male,29,Urban,0,0,Month-to-Month,Basic Connect,Credit Card,1,64.08552025648723,34082117.29655313,66,3,19.0,0,0
ae19c325-a469-4bfe-9a2f-da7e6261a2c3,Female,48,Urban,0,0,Month-to-Month,Basic Connect,Bank Transfer,1,30.71874421634793,60294122.42316832,51,3,24.0,0,3
d8801d05-cfa3-42a9-806f-c5cde3ce5c4b,Female,57,Suburban,0,0,Month-to-Month,Premium Connect,Digital Wallet,1,102.98880145106293,246715870.3792856,49,1,89.0,0,1
d21174e1-1ff8-427e-9317-a7deb4c00795,,56,Suburban,0,1,Month-to-Month,Basic Connect,Digital Wallet,1,20.0,39612377.09440843,46,0,33.0,0,3
2196db3c-56be-4b91-95e7-aa81737ab4d6,Male,67,Urban,0,1,Month-to-Month,Standard Connect,,1,76.31725377631074,186301062.43968472,42,2,72.0,0,1
334ce042-2237-455b-b4fe-d10430f5fcad,Female,72,Urban,1,1,Two Year,Basic Connect,Digital Wallet,0,36.89162091374528,66951564.202949256,41,0,29.0,0,3
4caba354-408a-4b89-94b0-3c2ee69b1a52,Male,27,Urban,0,0,One Year,Basic Connect,Credit Card,1,53.82457744277213,98216434.31933448,58,1,64.0,0,0
69227b90-ba0d-4831-81ad-a89f0f793382,Male,24,Rural,1,0,Month-to-Month,Basic Connect,,0,34.53293101411986,70570215.9450829,39,3,41.0,0,3
71346f26-ec4d-421b-88ba-7f13dbec4d04,Non-Binary,38,Urban,1,0,Month-to-Month,Basic Connect,Digital Wallet,1,53.70833385162818,156834725.61285073,51,1,64.0,0,3
edf6c21e-60a8-4fe2-a71e-344137a5a90f,Female,53,Rural,1,0,Two Year,Basic Connect,Credit Card,1,42.14322287544567,116509887.8338433,43,1,38.0,0,3
10b6ee47-c9c5-4a7c-aee7-4ccff31b09b3,,53,,0,0,One Year,Basic Connect,Mailed Check,1,24.37660875476361,80457209.54648566,48,1,20.0,0,3
a6550287-4e15-414f-9b99-7d59ef7d27ca,Female,72,Rural,0,0,Two Year,Basic Connect,Bank Transfer,1,20.0,31453370.37468061,34,0,20.0,0,3
53d85a01-7abc-42b5-921b-50fd734aaaf0,Female,55,Suburban,0,0,Month-to-Month,Basic Connect,Bank Transfer,1,41.43971925762236,1864.787366593006,45,2,41.0,1,3
c1c837c1-b749-4820-92dc-8da305db14bb,Female,45,Urban,0,1,One Year,Basic Connect,Bank Transfer,0,43.95076838473493,2988.652250161975,68,1,32.0,0,0
106a7199-1594-49f7-8646-182e752fa633,Female,31,Rural,0,0,Month-to-Month,Premium Connect,Bank Transfer,1,64.08552025648723,141372047.38950053,48,1,94.0,0,3
7a6d0415-d7c1-4e15-8a70-ad8a7527bcc6,Female,57,Urban,1,0,Month-to-Month,Premium Connect,Credit Card,1,121.10579493145455,199701522.7912728,52,1,167.0,1,1
940cf6aa-362b-480f-8208-9c2908ed9d75,Male,68,Suburban,0,1,Two Year,Basic Connect,Mailed Check,0,71.93172192101963,4963.288812550354,69,1,70.0,0,0
e23fa083-c609-4aaf-940f-6d3bd928d67e,Male,51,Rural,0,0,Month-to-Month,Basic Connect,Digital Wallet,1,276.4616167059035,147300892.38295788,49,24,966.4649675,0,2
bc479799-cb31-4bd6-b32a-a78e1f7f333d,Female,57,Rural,1,0,Month-to-Month,Basic Connect,Bank Transfer,1,35.563007183597094,81919531.28333987,49,4,64.0,1,3
612cb432-686c-4b03-b28e-59bcc5be91a9,Male,70,Urban,1,0,Month-to-Month,Premium Connect,Bank Transfer,1,102.53753284741582,227895536.6820168,36,2,137.0,1,1
91824bbc-4869-42c6-afe7-0013def35269,Male,59,Suburban,0,1,Month-to-Month,Basic Connect,Bank Transfer,0,39.45227840840434,123273552.85989843,56,0,27.0,0,0
7d8c0ac1-acab-4c8a-a5ad-c61ba3c8b116,Female,27,Urban,1,0,One Year,Premium Connect,Digital Wallet,0,79.53781475758971,136461287.69424674,68,3,100.0,0,0
a93a3567-ff7c-4072-8e71-1060b250bf9c,,61,Rural,0,0,One Year,Basic Connect,Mailed Check,1,47.13688187833088,134648761.20040196,66,1,71.0,0,0
d7cd1872-d3fc-4838-bb4b-925c54c25043,Male,64,Suburban,0,0,Month-to-Month,Basic Connect,Digital Wallet,1,57.35047148965464,130473929.39303952,58,1,53.0,0,0
8b5e5753-cb9f-4dc9-ade9-5a567ba7807d,Female,23,Suburban,1,1,Month-to-Month,Standard Connect,Mailed Check,0,54.4779957206711,173891547.6821355,45,2,33.0,0,3
4ed1ee84-3489-48ff-af1e-c79dfb8a124e,Male,60,Urban,1,0,Two Year,Standard Connect,Bank Transfer,1,60.28764859124345,88463540.9448623,63,1,71.0,0,0
41da730d-47d5-4194-bed1-31a712c3b464,Male,83,Rural,1,1,Month-to-Month,Basic Connect,Digital Wallet,1,64.08552025648723,87584884.9810034,60,3,57.0,1,0
0929186e-f011-4f2d-87a9-6eb2506a2974,Male,33,Rural,1,0,Month-to-Month,Basic Connect,Digital Wallet,1,30.79907722393027,85750049.71664943,64,1,49.0,0,0
346673ed-5be9-44ac-babc-c2a3083c5880,Female,23,Urban,0,0,Two Year,Premium Connect,Credit Card,1,111.63662217458317,234275259.9137233,37,2,88.0,0,1
5ff36a69-d3b4-4cf0-b6c8-ce568ae56d2a,Male,63,Suburban,0,0,One Year,Premium Connect,Credit Card,0,83.75015252988273,194058643.372864,36,2,73.0,0,1
74abd033-a7ac-4524-a345-64ecbd39ab89,Male,53,Rural,0,0,Two Year,Standard Connect,Bank Transfer,1,68.40425344072895,139403356.82592228,41,2,49.0,0,3
91d7465c-c239-40b1-8b4e-71830dc026a5,Female,51,Urban,0,1,One Year,Standard Connect,Bank Transfer,1,85.48594637705769,234636918.5695135,47,0,104.0,0,1
ce4d2e01-a33e-42f1-87f2-28e673305e60,Female,65,Suburban,0,0,Month-to-Month,Standard Connect,Bank Transfer,1,60.77304585047499,146195644.0652731,38,2,92.0,0,3
055e5e24-52f6-49d9-b93e-4a55fd76082c,Male,19,Suburban,1,0,Two Year,Standard Connect,Credit Card,1,68.11544665842038,96513953.81048734,69,2,78.0,0,0
24b991fd-95e9-4e1b-8457-a9091207fbf2,Male,83,Rural,0,0,One Year,Basic Connect,,1,49.07164795666559,115789885.645452,57,2,55.0,0,0
618f929b-fa4c-4bc8-82ea-71c55778c7bc,Male,43,Rural,0,0,One Year,Basic Connect,,0,46.72838053013729,113917564.07598944,46,3,53.0,0,3
bbacb4b1-badc-4b37-bd22-a596e348cb2d,Female,83,,0,1,Month-to-Month,Premium Connect,Mailed Check,1,99.81663434164,5390.09825444856,54,2,100.0,0,0
0e48105f-e4fd-47a5-ba3c-b5fb3647a8d5,Female,23,Urban,0,0,Month-to-Month,Premium Connect,Digital Wallet,0,106.49744127037864,320386275.1794063,39,0,161.0,0,1
62026928-7b9c-4ae9-ba0d-00b2ff90641f,,30,Suburban,0,0,Month-to-Month,Standard Connect,Digital Wallet,0,75.17206418388287,187232576.1500553,67,4,96.0,0,0
e2220628-942a-4812-ae50-726f9fd6a936,Male,37,Suburban,1,0,Month-to-Month,Basic Connect,,1,49.512507236869766,137466751.07441106,68,2,69.0,0,0
3a1e4aa6-2dd1-4947-9dc7-da18ca1db1c8,Female,67,Urban,0,1,One Year,Standard Connect,Credit Card,1,75.53408785225103,199329145.5935937,62,2,116.0,0,1
deab45ea-b6e7-4673-9f06-603a6d3bbe52,Female,45,Urban,1,0,Month-to-Month,Standard Connect,Bank Transfer,1,73.00768670201163,187875734.2629085,45,0,86.0,0,1
a6d463c8-173c-4c47-a7d9-0e625d5b1c01,Female,34,Rural,1,0,Month-to-Month,Standard Connect,Digital Wallet,1,64.08552025648723,214552791.84151217,39,1,119.0,0,1
61f78431-a1f6-4f19-861f-d13d6f6410a7,Female,59,Rural,0,0,Month-to-Month,Basic Connect,Bank Transfer,1,41.94360361506961,111513155.88519832,55,3,64.0,1,0
620a81c8-8cd7-41bb-ab24-9d010e026ad2,Female,77,Urban,0,1,Month-to-Month,Standard Connect,Bank Transfer,1,42.54726625387663,82728720.85816172,35,1,67.0,1,3
1a78616d-ec17-4206-9463-54fff9757253,Male,47,Rural,0,1,Month-to-Month,Standard Connect,Bank Transfer,1,77.67071682661373,133346581.25214577,34,2,74.0,0,3
f84360c0-1004-4321-b940-9156bebba1fb,,51,Suburban,1,1,Month-to-Month,Standard Connect,Bank Transfer,1,79.22810580711538,164354054.39916328,42,5,78.0,0,3
773d035e-d3b1-4f25-ae26-09d72c9454c0,Male,18,Rural,1,1,Month-to-Month,Premium Connect,,0,64.08552025648723,376324313.2600587,55,3,119.0,0,1
a7ab5073-f16e-4ee4-b41f-460caeec44a6,Male,20,Suburban,0,0,Month-to-Month,Standard Connect,Bank Transfer,1,81.26852260946443,156828644.80488765,41,1,97.0,0,3
d0c19e3d-4098-4bd0-b4ea-188d46b56c93,Male,40,,0,0,Month-to-Month,Standard Connect,Bank Transfer,1,61.01795602979716,109701514.9366608,64,2,68.0,0,0
0212e090-10d6-4784-b0d1-a7b0f22b303c,Female,75,Rural,1,1,Month-to-Month,Basic Connect,Credit Card,1,68.56857812622957,112554363.93428904,53,3,59.0,0,0
9cbf57ea-e0c7-4f61-987e-1c32509efe4c,Female,19,Rural,0,0,Two Year,Basic Connect,Credit Card,0,58.017470668016685,122191112.17139478,35,2,69.0,0,3
fad4ce35-2c8d-4c94-b7a3-c7a1acbb653e,Male,18,Urban,0,1,Two Year,Standard Connect,Digital Wallet,1,83.46052556383518,233583805.29944816,63,2,129.0,0,1
cdf333b4-c510-46c9-b388-4d97e667d939,Male,51,Urban,0,0,Two Year,Premium Connect,Digital Wallet,1,71.86968157782572,155664174.59317008,69,1,70.0,0,0
1121af29-d78c-4d05-baf5-085c7f34fc63,Male,76,Suburban,0,0,Month-to-Month,Basic Connect,Credit Card,1,47.58444368668958,133633981.94963628,38,0,64.0,0,3
9be539fd-e7ee-48b9-80c1-b52d2ae0d572,Male,81,Rural,1,0,Month-to-Month,Premium Connect,Credit Card,0,105.17468781899096,256512893.6677368,50,3,125.0,0,1
6a8f96a7-c335-4ca5-b436-332eafe83ae7,Female,51,Rural,1,0,Two Year,Premium Connect,Bank Transfer,1,104.65981614879044,207662449.0401603,65,0,106.0,0,1
9d1b5106-cdf9-4353-9487-022864073b12,Male,27,Rural,1,0,One Year,Premium Connect,Bank Transfer,1,79.82114068738244,147215313.14780617,41,1,64.0,0,3
81d0b876-84c1-4882-8a94-e160571c5e52,Female,51,Suburban,0,0,Two Year,Premium Connect,Credit Card,1,100.97072243462834,285670809.62460583,66,1,64.0,0,1
61e1bbfe-1aef-4b46-9e6b-636644facc99,Male,41,Urban,1,0,Month-to-Month,Basic Connect,,0,33.829744246351254,92742489.99399903,65,4,64.0,0,0
e20e7216-6861-472d-a466-9281f2732660,Male,24,Rural,0,1,Month-to-Month,Premium Connect,Digital Wallet,0,112.22637329465636,216161748.6451267,59,2,131.0,0,1
e31e1404-408c-4ff5-91a4-71032340c46c,Female,42,Urban,0,0,Month-to-Month,Premium Connect,,1,119.06801001584095,415348325.9217439,65,1,118.0,1,1
5bd2b55c-0cc3-42cb-b216-d6fb40549446,Female,35,Urban,0,0,Month-to-Month,Premium Connect,Credit Card,1,104.0357283985332,360251597.9892438,65,0,123.0,0,1
614673cb-a866-416f-9b81-8c68c5ca470e,,51,Urban,1,0,Month-to-Month,Standard Connect,Credit Card,0,79.2701971247396,234800350.46131968,36,2,64.0,0,1
25591200-274c-4df9-97a5-f9319953bd72,Male,74,Suburban,0,0,One Year,Basic Connect,Digital Wallet,1,22.55614169227733,36450617.31837703,45,1,24.0,0,3
b736157e-be44-4cfd-baa8-335580355bc6,Female,78,Urban,0,0,Month-to-Month,Basic Connect,Credit Card,1,52.47300210841421,80666508.14087862,55,2,52.0,0,0
aaeff4dc-c5ed-43d4-b71e-d3e70ae832e2,Female,84,,1,0,Month-to-Month,Standard Connect,Digital Wallet,0,55.319805914739455,2544.7110720780147,46,2,70.0,0,3
bb725a8d-1506-4330-88ac-73a8c4bf4a51,,63,Suburban,1,1,One Year,Basic Connect,Credit Card,1,51.125423883790106,141533262.4129305,36,0,49.0,0,3
a4265e6e-1fa5-472c-b16d-a95092a6132b,Male,81,,0,1,Month-to-Month,Basic Connect,Bank Transfer,1,64.08552025648723,139582195.09265554,47,0,47.0,1,3
73bccf46-d1ab-41be-b2f3-9628895ef817,Female,84,Rural,0,0,One Year,Basic Connect,Bank Transfer,1,39.58297298919596,83130745.79945885,55,0,27.0,0,0
c023e279-ded0-4320-b24f-475c3bc4b149,Female,58,Urban,0,0,One Year,Premium Connect,Bank Transfer,1,118.61014384336944,237687538.4322539,48,1,148.0,0,1
77dd97cc-9266-4e66-b13e-dfa8410ffc7d,Female,40,Suburban,0,1,One Year,Basic Connect,Credit Card,1,20.0,1220.0,61,2,28.0,0,0
b9c979be-6567-45a6-b88a-772d8b15c82e,Female,46,Suburban,1,0,Month-to-Month,Basic Connect,Bank Transfer,0,64.08552025648723,82249146.07153109,58,2,66.0,0,0
469d409b-ae6f-48a1-a821-e32a34d26216,Non-Binary,63,Urban,0,1,Month-to-Month,Standard Connect,Bank Transfer,1,48.30804945730668,100343427.81980744,56,2,49.0,1,0
6cfc970a-e848-4d52-8f2d-bae820d2f588,Female,68,Rural,0,1,One Year,Basic Connect,Digital Wallet,0,46.93483696069622,1736.58896754576,37,0,74.0,0,3
15ec16fd-d31d-43ea-9b6f-ba6ee651b62b,Female,28,Rural,1,0,Month-to-Month,Premium Connect,Credit Card,0,101.96813482925587,184197235.7025059,66,1,123.0,0,1
71aa91f2-9cde-4f15-983a-70c1d663f962,Female,62,Urban,0,0,Two Year,Standard Connect,Bank Transfer,1,73.54141160140162,4780.191754091105,65,1,103.0,0,0
68acf6b6-1bdf-48b9-b081-d1a4ce263bf8,Female,45,Rural,0,1,Two Year,Standard Connect,Digital Wallet,1,63.757416141595705,193797427.82762387,37,1,37.0,0,3
72486df4-1910-4970-bbf5-43672e9174e2,Female,49,Suburban,0,0,One Year,Standard Connect,Credit Card,0,82.45720714816322,234960385.905201,39,3,53.0,0,1
68d4440c-7332-4f86-9876-ccefbbf1994f,Female,58,Suburban,1,0,One Year,Premium Connect,Credit Card,1,95.64250151052828,164229112.4784561,50,2,64.0,0,1
d84e189f-d249-459c-859a-cf9e8507f92e,,74,Rural,0,0,Month-to-Month,Standard Connect,Digital Wallet,1,69.02543987075714,3520.2974334086143,51,3,69.0,0,0
e10c10a8-2f39-4300-a310-c809f3e07314,Male,31,Urban,0,0,Month-to-Month,Basic Connect,Bank Transfer,0,26.550249608584032,86369897.87960048,55,2,20.0,0,0
422993a5-0802-4fbe-af0d-11d1b3588526,Female,51,Suburban,0,0,Month-to-Month,Standard Connect,Bank Transfer,1,85.57172759765339,230357064.8877273,38,3,71.0,0,1
88aec493-4f6a-49f8-8710-393e76540741,Male,47,Suburban,1,1,One Year,Basic Connect,Bank Transfer,1,64.08552025648723,60638706.071681246,61,4,64.0,0,0
3fcd43f9-361d-4dfc-a1e4-3c545b051c95,Male,49,Urban,0,0,One Year,Basic Connect,Digital Wallet,1,20.0,29976828.329547506,60,2,23.0,0,0
4e330397-67ad-42ec-8541-b65b4e48010c,Female,31,Suburban,0,0,One Year,Premium Connect,Bank Transfer,1,64.08552025648723,227827494.14854383,59,0,132.0,0,1
5c61afaf-b757-43b7-a4ed-e3a0ed0abcc9,Female,50,Urban,0,0,Month-to-Month,Premium Connect,Mailed Check,1,124.3905361622719,309843043.8364682,47,4,145.0,1,1
253b8ae3-91b3-4f01-9acd-bfa62bd9a633,Female,32,Suburban,0,0,Month-to-Month,Standard Connect,Credit Card,1,68.86554322492854,146745460.14211407,64,2,47.0,0,0
3c58e5bb-8f14-4c98-a511-ef53bb0135dc,Female,81,Rural,0,0,One Year,Standard Connect,Bank Transfer,1,78.12218449372764,148816548.09254116,41,1,64.0,0,3
7c5efd0d-a562-453f-8d9b-2a82165689a8,Male,43,Suburban,0,0,Month-to-Month,Basic Connect,Credit Card,0,24.861221514896595,49942972.63969337,51,0,18.0,0,3
9fb946d0-54f9-4df5-8f31-2c91a6565f24,Female,27,Urban,0,1,Month-to-Month,Standard Connect,Bank Transfer,0,88.29729814302588,234514949.69893143,46,2,67.0,0,1
f587e746-a53d-49c2-80d5-0c6745bd1da3,Female,47,Urban,1,0,Month-to-Month,Basic Connect,Credit Card,1,49.05393831132658,128890940.29886933,54,2,60.0,0,0
67dc2236-5fa2-4178-ad19-32a60ce7d6c6,Male,58,Suburban,0,1,Month-to-Month,Basic Connect,Credit Card,1,51.26698036755777,107436087.6969295,34,0,81.0,0,3
e7c98017-bcb8-4d46-83b7-b582eb8dcf60,Male,81,Urban,1,0,Month-to-Month,Premium Connect,,1,64.08552025648723,297727637.1122424,57,1,115.0,0,1
255863c1-1f73-4cf2-a43f-bec23aad19c9,Male,63,Urban,0,1,Month-to-Month,Basic Connect,Bank Transfer,1,45.42991573170272,94764013.3625676,65,3,45.0,0,0
c8d8b7bb-392a-4495-9073-5aa98b07cc3a,Female,18,Suburban,1,0,Month-to-Month,Standard Connect,Credit Card,1,80.69496098029819,132380354.55906329,69,1,103.0,0,0
bfee7618-f17b-460c-a493-94dcd4eee95c,Female,62,Suburban,1,1,Month-to-Month,Basic Connect,Credit Card,1,65.08617442999625,135407197.18147475,60,3,78.0,0,0
a9e76c69-286b-48d4-af70-21815263e4e0,Female,34,Suburban,0,0,One Year,Basic Connect,Bank Transfer,0,39.33781126583624,66353733.68717061,62,1,56.0,0,0
a25ea5c2-737f-46aa-aa38-5c28fd671948,Male,30,Urban,0,0,Month-to-Month,Standard Connect,Bank Transfer,1,46.72245761569759,96394981.1581039,57,0,54.0,0,0
dd2ea639-2eb9-4778-a664-45d73a98e977,Male,19,Urban,0,1,One Year,Basic Connect,Credit Card,0,42.1255564746259,1769.273371934288,42,0,44.0,0,3
c43a3777-d03c-4b8e-88cc-951eee5d41ee,Female,38,Suburban,0,0,Month-to-Month,Standard Connect,Credit Card,1,55.89111396585067,122203985.35576013,37,1,79.0,0,3
5fd28f04-f6aa-4edc-a257-114608bb6ae0,Male,24,Urban,0,1,Month-to-Month,Premium Connect,Credit Card,0,64.08552025648723,161312119.2676804,48,0,72.0,1,3
817d44fe-1d8a-4f69-ba29-174cd2e93edd,Female,41,Rural,0,0,One Year,Basic Connect,Bank Transfer,1,46.43000946690304,134495903.9961119,65,3,29.0,0,0
1cae336b-3bc3-4d02-86ed-3616737f9494,Female,18,Urban,0,0,Month-to-Month,Standard Connect,Bank Transfer,1,51.83339310687289,2488.0028691298985,48,0,36.0,0,3
6e68d0d7-cfb9-4e65-bce0-564de2d3752b,Male,61,Suburban,1,0,Month-to-Month,Premium Connect,Credit Card,0,99.09093110408767,214658176.67357445,65,0,127.0,0,1
56f96175-4666-40da-b124-01548b737a9e,Female,28,Urban,0,1,One Year,Basic Connect,Mailed Check,0,49.07371968540137,141722577.83940047,64,3,57.0,0,0
2ddc90c3-51ea-4a94-8979-8bc2bd838515,Male,56,Suburb,1,0,Month-to-Month,Standard Connect,Mailed Check,0,87.84697195776803,223815845.98453307,64,1,55.0,0,1
9d31e62c-244d-4c90-9bfd-6c3d1943dd43,Male,73,,1,1,One Year,Standard Connect,Credit Card,1,67.44912357188444,152579418.02875802,59,0,82.0,0,0
682e81a8-0ad2-4252-ba1a-4230042b4925,Female,26,Urban,1,0,Month-to-Month,Premium Connect,Bank Transfer,1,64.08552025648723,179843870.94603407,59,2,102.0,0,1
668190f6-9f13-4b35-a239-f7fb25ed7ffe,Female,62,Urban,0,0,One Year,Standard Connect,Mailed Check,1,75.5018973315724,163839152.84023586,69,0,99.0,0,0
9b08c070-a51b-401e-bcb3-b6cd49672c06,Male,75,Urban,0,0,Month-to-Month,Basic Connect,Digital Wallet,0,54.29832362757136,122779765.6283285,56,4,76.0,0,0
2179420e-1864-42e2-9483-394ac4a74e48,Male,53,Rural,0,0,Two Year,Premium Connect,Credit Card,1,108.021846761933,226694514.28074148,59,2,130.0,0,1
08d743b1-6554-439a-9e40-24503d86216a,Male,65,Rural,1,1,One Year,Basic Connect,Bank Transfer,1,45.43640703428654,91339566.05046415,57,4,44.0,1,0
f8bff590-bec1-4c45-b09c-c5ba3621e0e4,Male,80,Urban,1,0,Month-to-Month,Basic Connect,Bank Transfer,0,55.21207942811367,146408327.53748798,54,1,41.0,0,0
3123efc4-cd52-4582-a257-c83ff840c2ef,Female,48,Rural,0,1,One Year,Premium Connect,Credit Card,1,128.24746300168334,257574443.9883484,55,1,128.0,0,1
845e2ea1-ec13-42e9-8168-0fa89929f7b4,Male,35,Urban,1,0,Two Year,Premium Connect,Bank Transfer,1,76.93410037027603,146648006.90047863,40,2,106.0,0,3
88b1dda6-bdfd-4834-a6d2-cf9b44158bef,Male,39,,1,0,Month-to-Month,Basic Connect,Digital Wallet,0,32.99423450776391,1451.746318341612,44,2,52.0,0,3
3217aab5-afb5-429a-a88b-deb685c284d9,Male,84,Suburban,0,0,Month-to-Month,Basic Connect,Digital Wallet,1,26.260215633511823,41337703.90492541,54,1,33.0,1,0
eab35a37-076d-497f-ba16-cdc6297b0c9e,Female,40,Urban,0,1,One Year,Basic Connect,Digital Wallet,1,42.44489268750194,102247054.9656158,54,1,38.0,0,0
655c9879-2cf7-4de4-9a70-2614e6312869,Female,65,Urban,0,0,One Year,Basic Connect,Bank Transfer,1,50.18536516805436,118199489.18792236,69,0,64.0,0,0
7df5a454-73fe-4459-8215-4c34ef22df73,Female,30,Suburban,1,1,Month-to-Month,Premium Connect,Credit Card,1,99.62491895276295,165358106.07773453,37,2,89.0,1,1
bf9954a8-8141-46de-a11d-a16e51409d64,Non-Binary,60,Suburban,1,0,Month-to-Month,Standard Connect,Bank Transfer,0,59.94172972966613,133185691.34597293,65,3,47.0,1,0
44ae0521-f3b6-4ec4-b901-9e5cbbdcc48f,Male,40,Urban,0,1,Month-to-Month,Basic Connect,Digital Wallet,1,54.33702846351212,116527607.72533564,54,0,66.0,1,0
ec1cbbe6-b9fa-488b-bfda-6d6c34058164,Female,47,Urban,1,0,One Year,Standard Connect,Bank Transfer,1,84.12752167180984,5636.54395201126,67,0,66.0,0,0
fe38edf8-2d64-44dd-8c0c-c30cdc3036b0,Female,40,Suburban,0,0,Month-to-Month,Standard Connect,Bank Transfer,0,77.47996354121523,162999041.8743918,41,1,45.0,0,3
ac6f750b-31af-4b9c-8c07-4c82b1994e46,Female,40,Urban,0,1,Month-to-Month,Basic Connect,Bank Transfer,0,46.418048992916624,89276024.84036814,51,4,30.0,0,3
d9a229bc-bc16-4464-bacc-3e45eacef8c3,Female,77,Urban,0,0,Month-to-Month,Basic Connect,Digital Wallet,0,64.7127742217157,188577664.5126045,34,2,64.0,1,3
c9317244-1810-4fac-8ba7-35114de68b4a,Male,70,Rural,0,0,Month-to-Month,Basic Connect,Credit Card,1,20.0,60490596.46259213,63,2,27.0,0,0
9737756c-dba4-4fdd-a16d-fd68b74d612f,Male,72,Suburban,0,0,One Year,Premium Connect,Credit Card,0,115.1646610039255,272354423.78880614,38,0,164.0,0,1
00d10ab4-8fba-4d75-8c5b-b8e5a9ac6719,Female,24,Urban,1,0,Month-to-Month,Basic Connect,Credit Card,0,36.73788113681245,69033657.09759843,37,4,55.0,0,3
b8efd8bc-3f1e-46b6-9bb5-295aa4d51d1c,Female,69,Suburban,1,0,Month-to-Month,Premium Connect,Bank Transfer,0,106.12495286104952,202246896.9931372,34,1,147.0,1,1
740c2aea-40ab-4553-be91-899d78659453,Female,34,Urban,0,0,Month-to-Month,Basic Connect,Bank Transfer,1,64.08552025648723,32938853.37967804,43,4,23.0,0,3
34c85df4-a758-4ef7-b88b-bebd9e8a9be7,Male,19,Rural,1,1,One Year,Standard Connect,Credit Card,1,71.19054277572167,175968788.85636592,63,2,92.0,0,0
ddb2c2da-9bca-4bc1-b2e6-99f9d019425d,Male,39,Urban,1,0,Month-to-Month,Basic Connect,Bank Transfer,1,31.27836999142406,62531926.98020013,60,2,23.0,0,0
5e9d226b-d514-4f0b-84c9-04133c983d8f,Male,64,,0,0,Month-to-Month,Standard Connect,Credit Card,1,44.42532755421412,97478579.87809196,49,1,42.0,0,3
7bcaa2c7-1861-453e-a3df-63b842429365,Male,49,Urban,0,0,One Year,Premium Connect,Credit Card,1,92.2275904895241,178188973.22017473,67,2,124.0,0,1
01857298-be8e-4065-a794-885f70eb8a48,Female,50,Urban,0,1,One Year,Standard Connect,Bank Transfer,1,87.66587746162378,218103426.72097537,58,0,55.0,0,1
2beb3873-6627-4e76-96f1-71caf9833d01,Male,24,,1,0,Month-to-Month,Standard Connect,Mailed Check,0,66.61644526781267,147128424.635042,65,0,53.0,0,0
ced99fad-779d-4c97-9c8a-b70a7243c14d,Female,66,Urban,0,0,Month-to-Month,Basic Connect,Bank Transfer,1,41.2828367316786,111576170.3305942,66,1,66.0,1,0
e7d5fd0f-becd-4fac-ad5f-089da114b01d,,54,Rural,0,0,One Year,Premium Connect,Digital Wallet,1,127.2998057585782,375952195.6002144,36,4,85.0,0,1
054701d6-7f6b-4b83-bdbd-485ce4b420be,Female,72,Urban,1,0,Two Year,Basic Connect,Mailed Check,1,57.8558371663385,168101318.62934405,44,0,81.0,0,3
773580c6-eea5-4e8a-8f3f-0d70d4672e9e,Female,70,Rural,0,0,Month-to-Month,Basic Connect,Credit Card,1,62.09093231261859,2856.182886380456,46,1,80.0,1,3
8f54b36b-1c2d-411c-ad35-869418f696eb,Female,72,,1,0,Two Year,Basic Connect,Bank Transfer,1,64.08552025648723,159018455.90374595,42,2,99.0,0,3
f5aebdd2-3051-49fe-94b5-04156e15ef50,Male,82,Urban,1,0,Two Year,Basic Connect,,1,47.05163086060161,143781469.6802392,67,2,55.0,0,0
1f17f592-0b57-454d-8fbc-18ed9060b246,Male,71,Suburban,0,0,Month-to-Month,Basic Connect,Bank Transfer,0,58.65223180336244,89336969.09381802,41,2,64.0,0,3
65904af3-6223-4ee3-923d-562b1fedf3c7,Female,84,Urban,1,0,Two Year,Standard Connect,Digital Wallet,1,72.57816675253764,123257545.10776985,36,1,66.0,0,3
3b592ea7-d2d1-44e1-ac2b-16a37aea985c,Female,44,Urban,1,0,Two Year,Standard Connect,Credit Card,1,40.7399229473397,81180091.5074659,63,2,57.0,0,0
e471aa0b-ef4c-445f-a25c-43249c7d74c3,Male,41,Suburban,1,0,Month-to-Month,Basic Connect,Credit Card,1,38.79798458252903,77053499.38930716,67,0,38.0,0,0
c6006742-0f39-4317-ae59-67a8055f86fd,Male,75,Urban,1,1,Month-to-Month,Basic Connect,Digital Wallet,1,43.54394192420683,98698882.45288248,38,1,64.0,0,3
b5f24932-73cf-40da-b8f6-f58d4934ee82,Male,77,Rural,0,0,Month-to-Month,Basic Connect,Credit Card,0,20.0,47195817.56687112,55,1,22.0,0,0
68de0eb8-1e58-4101-98a4-4d47b5744933,Female,42,Suburban,0,0,Month-to-Month,Basic Connect,Bank Transfer,1,44.10480703064643,110291174.65915824,45,4,27.0,1,3
5b1025eb-e018-4222-aed5-694f45555d4d,Male,46,Urban,0,0,One Year,Basic Connect,Mailed Check,1,20.0,940.0,47,3,33.0,0,3
b9121577-8b1c-4fe3-8550-05585fe36148,Female,53,Urban,0,0,Month-to-Month,Standard Connect,Digital Wallet,1,97.40377135057452,161737406.9794068,56,0,57.0,0,1
35d614ce-d68f-4bae-8d77-f5bddfc6c324,Female,41,Urban,0,0,Month-to-Month,Premium Connect,Bank Transfer,0,125.71236604171884,371184119.1729484,35,1,127.0,0,1
19e03820-da84-43b5-87c6-01d4101963a7,Male,27,Urban,0,0,Two Year,Basic Connect,Credit Card,0,51.8002517586788,80614726.22818394,47,0,36.0,0,3
75518583-a869-4784-a0c4-ddcab3cf0cbe,Male,78,Suburban,1,0,One Year,Standard Connect,Bank Transfer,1,100.0348535911576,302710950.58596194,34,0,132.0,0,1
815c3740-5ad6-49a7-b4bb-5a1521752405,Female,56,Urban,0,0,One Year,Standard Connect,,1,59.19974824010383,148170465.69834515,44,1,67.0,0,3
f25344bd-641b-4078-8f89-e4fc086097b9,Male,71,Rural,1,0,Month-to-Month,Premium Connect,Bank Transfer,1,95.81226400029496,266484898.31161484,42,1,64.0,1,1
f9ef0e0f-f38f-4b0f-8fec-18d5a1e92a40,Female,21,Suburban,0,0,One Year,Standard Connect,Credit Card,1,82.01509384782236,125516700.92414658,69,0,56.0,1,0
53500d60-9f01-4fe3-ac03-e4314d111c7f,Male,20,Rural,0,0,Two Year,Standard Connect,Digital Wallet,1,76.80072488210814,157079419.01435572,69,1,99.0,0,0
4a06a91b-efdc-4f87-870d-67a9a4b3e2ca,Female,45,Suburban,0,0,One Year,Basic Connect,Credit Card,1,34.028386378789,75971108.52990752,67,1,43.0,0,0
5c79eb9d-ce61-4c0e-a5ac-97fc879451eb,Male,66,Rural,0,0,Month-to-Month,Standard Connect,Credit Card,1,77.89885346833624,139882425.00908142,37,2,50.0,1,3
b2bb870f-2a0e-4ef0-86ad-c1836ad726ed,Non-Binary,81,Rural,0,0,One Year,Basic Connect,Credit Card,1,53.54233130933434,83751490.76956613,36,0,58.0,0,3
7265e114-278c-4e25-ba6e-075cd268c98d,Male,63,Urban,1,0,Month-to-Month,Basic Connect,Bank Transfer,1,41.72192199246416,88175737.89239933,64,0,40.0,0,0
cf81b385-0a74-4c3a-9d05-c33f6872c68c,Male,38,Urban,1,0,Month-to-Month,Basic Connect,Credit Card,1,51.39381811616369,90018312.8640454,45,2,42.0,0,3
fc4b0311-0577-4848-8d87-08ad5c42a4f6,Female,68,Urban,0,0,One Year,Standard Connect,Digital Wallet,1,62.84697878904451,124106833.40025046,45,2,79.0,0,3
2922b585-3814-4816-afc5-bb79cf671aa2,Female,51,Urban,1,1,Month-to-Month,Basic Connect,Credit Card,0,33.71635812655499,75725700.1070149,40,2,64.0,1,3
563ca5f4-6fdd-4821-af9a-1cec4ce05024,Male,19,Urban,0,0,Month-to-Month,Basic Connect,Credit Card,1,42.2274188280851,93825464.46408162,48,0,28.0,1,3
c3e9d83f-50e6-44ba-9fa8-6d354cf5248c,Male,27,Suburban,0,0,Month-to-Month,Standard Connect,Credit Card,0,54.745706722437816,159575513.28665224,55,0,85.0,1,0
2f03e80f-e881-4708-829e-a34136280573,Male,67,Urban,1,1,Month-to-Month,Basic Connect,Credit Card,0,35.03801279422692,1786.9386525055731,51,0,38.0,1,0
003b381c-8f8d-424d-b1fe-8e68527674f7,Male,43,,1,0,One Year,Premium Connect,Bank Transfer,0,67.31567114108199,176995647.95462316,55,2,45.0,0,1
ccbd355f-4998-4c1a-bb6e-34cd6bd824ad,Female,54,Urban,0,0,Month-to-Month,Standard Connect,Digital Wallet,0,64.08552025648723,185286034.2135937,38,2,116.0,0,3
48ca7d12-5e3f-4b0e-857f-80c2d27fa21e,Female,39,Suburban,0,0,Month-to-Month,Basic Connect,Credit Card,1,64.08552025648723,77301603.21155646,39,1,50.0,0,3
ddc69779-8135-4e2a-8142-bfcc06340e5f,Female,74,Rural,1,0,One Year,Standard Connect,Bank Transfer,0,76.5954410868686,189889705.91748124,47,3,92.0,1,1
1acee671-5061-4569-8f99-28e12183e6b2,Male,32,Urban,1,0,Month-to-Month,Standard Connect,Credit Card,1,59.06061813568473,176676978.11341357,68,1,40.0,1,0
94d104c0-f7e3-4ed6-86bc-901d8fed760b,Female,22,Urban,0,0,Month-to-Month,Standard Connect,Credit Card,1,55.76227836135177,100806367.19823503,49,1,34.0,0,3
6abc82ae-e13c-4820-870d-a379d572b284,Prefer not to say,48,Suburban,0,1,Month-to-Month,Basic Connect,Bank Transfer,1,35.91781235346971,97040906.63685516,58,0,46.0,0,0
2302811f-44af-4898-9440-b3308c9cef85,Female,51,Urban,1,0,Month-to-Month,Basic Connect,Credit Card,1,64.08552025648723,43535652.2882495,48,20,728.9574476,0,2
b4a7ff1b-63c4-4963-b154-b7a655bdda78,Male,27,Urban,0,0,Month-to-Month,Basic Connect,Digital Wallet,1,23.78166705435561,1307.9916879895584,55,1,35.0,0,0
c863aa10-6475-483c-9f19-cd53ba0f4a9f,Female,50,,1,1,Two Year,Standard Connect,Digital Wallet,0,42.68244664738651,90183517.84853213,62,2,64.0,1,0
6affca49-2258-44e2-8ac6-d600e526d4dc,Female,65,Urban,0,0,Month-to-Month,Premium Connect,Credit Card,1,100.34788630828214,171911119.62508962,46,1,63.0,0,1
801c48b6-ad5d-49d9-9a25-8cd111b5f2a3,Female,41,Suburban,0,0,Month-to-Month,Basic Connect,Credit Card,1,67.39503444976222,154997226.2762549,38,5,92.0,1,3
3caf1212-ca8b-49d4-a59a-991fd8f15f5d,Male,51,Urban,0,1,Two Year,Premium Connect,Digital Wallet,1,102.35676029180384,230745248.65788785,62,1,117.0,0,1
ba583399-030b-4ae6-94f7-44f2a12ac8b4,Female,38,Urban,0,1,Month-to-Month,Premium Connect,Credit Card,0,119.84411820431768,283731935.0460229,49,4,106.0,0,1
e6ea9823-6dc1-4cb9-9233-304d9de6786d,Female,38,,0,1,Month-to-Month,Standard Connect,Digital Wallet,1,51.979542107806616,103500778.00991936,55,0,38.0,1,0
cca7876d-dfd4-43e2-94c7-bbded76b4d20,Female,29,Urban,0,0,Month-to-Month,Premium Connect,,0,66.96913642831078,103464628.0387574,48,2,83.0,0,3
65470d8c-a212-4387-b2fd-f4863c12c8e0,Male,78,Urban,0,0,Two Year,Basic Connect,Credit Card,1,28.447751662758403,38200550.55032098,68,2,41.0,0,0
88e2c9c9-a20c-4643-b930-1c75f5b6eb92,Female,69,Rural,0,1,One Year,Standard Connect,Credit Card,0,97.55205994260746,233398961.1658912,54,1,69.0,0,1
f4c7700c-ac2c-406e-a5d2-a1f532ac9863,Female,83,Urban,0,0,Month-to-Month,Standard Connect,Digital Wallet,1,98.63799044052725,227356122.3444413,53,1,75.0,0,1
fe512f1e-0d50-45c5-adeb-32b7f26c695f,Female,51,Urban,0,0,Month-to-Month,Standard Connect,,1,68.82847794387834,161063842.49955928,64,1,59.0,0,0
72e7a8b4-a3d0-4aca-ba70-62f3db284755,Male,75,Suburban,0,0,Month-to-Month,Premium Connect,Credit Card,1,94.84089004518933,243092651.64422607,43,2,102.0,1,1
908f2fea-3f8e-42e8-894c-02268e4c2308,Female,32,Suburban,0,0,Two Year,Premium Connect,Digital Wallet,1,108.05951501774103,248266959.48052904,60,1,91.0,0,1
da38efe4-3cda-4ada-afa2-cd3a16e5b52a,Male,26,Suburban,0,0,Month-to-Month,Premium Connect,,1,103.13508806048206,275735955.2394521,48,4,134.0,0,1
19467cbf-5608-440f-8ff1-95d2a9d1d704,Male,51,Rural,1,0,Month-to-Month,Basic Connect,Bank Transfer,0,50.457483948730655,2573.3316813852634,51,0,75.0,0,3
95dda421-185b-400a-be14-1b53efd9faf7,Female,36,Suburban,0,0,Month-to-Month,Premium Connect,Credit Card,1,97.65337839327356,182532894.49651715,35,2,87.0,0,1
ea6ad91e-3e0d-4d63-9154-91b0dbed3118,Male,32,Urban,1,0,Month-to-Month,Premium Connect,,1,99.18123475788371,168613278.89662197,41,1,57.0,0,1
f9511e4c-f715-40bb-aacd-5bf2b0181757,Female,73,Urban,1,1,Two Year,Standard Connect,Credit Card,0,68.95362145087029,144018660.9235036,43,2,48.0,0,3
688960e2-f777-4123-bd87-f551044e57df,Female,20,Suburban,1,0,One Year,Basic Connect,Credit Card,1,64.08552025648723,101443640.60515684,38,3,51.0,0,3
cce00972-83df-4047-bacb-c482cb44f25a,Male,38,Suburban,0,0,Month-to-Month,Basic Connect,Bank Transfer,0,41.13570383934204,111637266.82598089,51,1,39.0,0,3
7d4495a6-c327-4ddf-91a7-77e140b01af9,Female,20,Rural,0,0,Month-to-Month,Basic Connect,Digital Wallet,0,40.87673977660144,63515350.38845286,60,2,64.0,1,0
6865f19f-ed80-4206-b29b-8072aac7e8d3,Female,61,Urban,0,0,One Year,Standard Connect,Credit Card,1,76.3530240409874,184845942.2861148,63,2,81.0,0,0
e29e8071-366b-437c-8583-b60e4d83168a,Male,80,Suburban,0,1,Two Year,Basic Connect,Mailed Check,0,26.216325795009595,44023882.06481689,52,1,34.0,0,0
e6875d36-366d-4c9a-8253-6083b4df4c9c,Female,30,Suburban,0,1,Month-to-Month,Basic Connect,Credit Card,1,45.2364037269104,82529478.68866627,47,0,40.0,0,3
cf387294-bb85-4431-bc7e-00ddfd5dcb43,Male,65,Suburban,1,0,One Year,Basic Connect,Credit Card,1,64.08552025648723,77812816.07325973,40,4,45.0,0,3
67892cb7-d270-41df-8dc7-be739c542ba0,Male,41,Urban,0,1,Two Year,Basic Connect,Bank Transfer,1,20.0,51074356.02265238,50,0,20.0,0,3
a6c058a7-7ed5-4cdf-a47e-5ed54a798fbe,Female,59,Rural,0,1,Month-to-Month,Basic Connect,Bank Transfer,1,42.95812915516923,1503.534520430923,35,1,30.0,0,3
bf3ac0db-142f-444b-8b2d-e96fc24c091e,Male,51,Urban,0,0,Month-to-Month,Basic Connect,Credit Card,0,37.10634430482883,96555858.62389436,46,4,32.0,1,3
3af28c03-a0ce-475b-88ce-57d3386e39b8,,76,Rural,0,0,Month-to-Month,Basic Connect,Credit Card,1,42.05600229272624,96624081.71575002,61,1,56.0,0,0
9d133f9d-909c-44ab-ad3c-9a4a7e127cc2,Female,30,Urban,1,0,Month-to-Month,Standard Connect,Bank Transfer,0,59.94207215739083,168444038.75360122,44,0,63.0,1,3
ccf4d44b-50e9-4df7-9248-df9f1a615a8b,Male,39,Urban,0,1,Month-to-Month,Basic Connect,Bank Transfer,0,47.01562074841547,128574245.26228651,58,0,60.0,0,0
4c2d05f1-6b9f-4f98-842b-e04ef10602f1,Male,56,Urban,0,0,Month-to-Month,Basic Connect,Digital Wallet,1,55.90004669962637,125639862.55189133,44,0,38.0,0,3
e4a3f2fc-86f1-4006-8930-5531d4d37dab,Male,44,Urban,0,0,Two Year,Standard Connect,Digital Wallet,0,60.69903788981453,125856043.78918044,45,1,70.0,0,3
a4607d50-f858-4646-99ca-75013e9ea106,Female,45,Urban,0,0,One Year,Standard Connect,,1,87.53159928940532,213723713.9878742,58,1,97.0,0,1
30901c07-c0b5-4c2b-bbc3-914c7d18811e,Non-Binary,76,Urban,1,0,One Year,Standard Connect,Credit Card,1,76.36227690651084,231006847.48564315,40,0,96.0,0,1
10b6ae6b-3533-4d7b-aeed-179867fc2684,Male,51,Rural,1,0,Month-to-Month,Standard Connect,Digital Wallet,1,64.42990474362576,189569663.5208549,52,1,64.0,1,1
de272b7f-0a43-48e9-afe0-6923d5f46f17,Female,24,,0,0,Month-to-Month,Standard Connect,,1,47.47852576318097,94414042.0427567,36,1,73.0,0,3
adebd659-a6ee-49c0-b00f-0dc561949485,Female,63,,0,0,Two Year,Standard Connect,Bank Transfer,1,64.08552025648723,112319220.1452572,66,1,56.0,0,0
ca0ff088-e4f5-4b57-9fb9-b6cd8fdbdad7,,18,Urban,0,0,One Year,Basic Connect,Credit Card,1,44.07870816229018,2821.037322386572,64,0,60.0,0,0
13638deb-4faf-47f6-ad71-8af4696ac2c1,Female,74,Suburban,0,0,Month-to-Month,Premium Connect,Credit Card,1,72.39096939058682,158741570.60798278,49,1,92.0,1,1
84730184-a583-4ea5-9007-7b7a867e8059,Male,25,Suburban,1,0,Month-to-Month,Basic Connect,Credit Card,1,37.2214432285562,2493.8366963132653,67,1,42.0,0,0
fd93b0bc-8ce3-405b-8a53-4df7c4dbbe5b,Prefer not to say,77,Urban,0,0,Month-to-Month,Basic Connect,Credit Card,1,22.35297954025731,37910489.19323709,48,0,30.0,0,3
ca985da1-9d9a-4487-a989-13fd93e0808d,Male,51,Suburban,0,0,Two Year,Basic Connect,Credit Card,1,26.44222197462852,53205696.9907039,43,1,33.0,0,3
f6e08018-1783-4824-a5f7-38640c422369,Male,70,Suburban,0,0,Month-to-Month,Premium Connect,,1,104.88823087530496,337244805.315595,56,2,76.0,0,1
26b3c033-f417-4257-a8b7-42b6531c3a56,Female,77,Suburban,1,1,One Year,Basic Connect,Credit Card,1,46.71920081672332,84683463.9844348,58,2,37.0,0,0
c8ee61aa-1b2a-44b1-b5f3-42cabb52568a,Male,82,Suburban,1,1,One Year,Basic Connect,,0,55.91048719449688,3746.002642031291,67,1,73.0,0,0
e5d4f019-abee-4b13-bf2e-383ba57e2ef2,Male,61,Suburban,0,0,Two Year,Standard Connect,Digital Wallet,0,63.10878663425284,177653679.94126037,40,0,48.0,0,3
5f01da60-fdac-4b89-81b4-874eea4eebf1,Female,42,,0,0,Month-to-Month,Basic Connect,Mailed Check,0,88.43580031865241,142535816.2013076,60,1,64.0,0,0
66b7f237-2c14-4778-b710-6c76ae1c7394,Male,42,Suburban,0,1,Month-to-Month,Basic Connect,Credit Card,1,47.76368067679248,78626276.24951407,45,1,69.0,0,3
301c7a43-6486-49c5-b6a2-4b6acaa0d2b9,Prefer not to say,36,Urban,0,0,Month-to-Month,Premium Connect,Bank Transfer,0,91.71064995455988,250539174.9842509,39,2,138.0,1,1
3ca4a59b-6548-4e9b-b926-74ab61189e8d,Male,66,Suburban,1,1,Month-to-Month,Basic Connect,Bank Transfer,1,20.0,48608542.69130071,69,1,15.0,0,0
d1a35328-b814-4258-a971-bd422201e137,Female,19,Suburban,0,0,Two Year,Standard Connect,Digital Wallet,1,56.98907089380315,115662542.18592753,35,4,87.0,1,3
7df9fba5-313e-4a28-a3c6-959688a9c0a8,Female,66,Urban,0,1,One Year,Basic Connect,Credit Card,1,25.146032387229347,75106536.02351408,45,2,33.0,0,3
bc98fa88-f1dd-45fe-8d0f-5a4429296dac,Female,49,Urban,0,0,Two Year,Standard Connect,Digital Wallet,1,64.08552025648723,205862382.18911144,37,2,108.0,0,3
92c850cd-9a52-4b4a-bef1-9b32f6680e5f,Female,46,Urban,1,1,One Year,Standard Connect,Bank Transfer,1,70.76194760926779,2759.715956761444,39,2,82.0,0,3
294ed5a2-eb59-4210-abc1-993eca72eacd,Male,49,Suburban,0,0,Two Year,Basic Connect,Credit Card,0,34.112304004432104,104408982.70427336,65,3,36.0,0,0
f8e05999-4841-41f3-8a45-71115f6e4a65,Male,72,Urban,0,0,Month-to-Month,Standard Connect,Credit Card,1,63.60988305376533,161089363.65329754,53,1,64.0,0,0
23e1bd92-8f71-441b-a914-2c6201fdb8d3,Non-Binary,18,Urban,1,0,Month-to-Month,Standard Connect,Mailed Check,1,62.19586909252475,147766066.64130434,66,2,41.0,0,0
85b838ca-ce7c-4ab3-8633-4b26450aaf43,Female,21,Rural,0,0,Month-to-Month,Premium Connect,Digital Wallet,0,109.5721636386682,230328023.93049195,57,0,138.0,0,1
bc2274a7-0512-4eb3-b6f4-e3f263bd29eb,Female,71,,0,1,One Year,Premium Connect,Digital Wallet,0,85.53968604649475,143441434.28863803,55,1,99.0,0,1
d5e32895-b3eb-48ef-921f-4e441d998e0f,Female,34,Rural,0,0,Month-to-Month,Premium Connect,Digital Wallet,1,84.44002397696198,180818360.7324574,50,0,64.0,0,1
e0bdb2bd-e725-4a1d-8241-a80774964cc2,Male,21,Urban,1,0,Two Year,Standard Connect,Mailed Check,0,82.6270149255914,142584257.55686674,55,1,100.0,0,1
fed5e658-f3fb-493d-9710-b6d13cd746e8,Male,43,Urban,0,0,Month-to-Month,Standard Connect,Digital Wallet,0,59.093860512607584,142360145.40344068,37,0,66.0,0,3
01bb055a-78c5-42bb-a8f4-ca46236136f0,Female,61,Rural,0,1,Month-to-Month,Basic Connect,Bank Transfer,1,20.0,37841519.5587155,62,1,28.0,0,0
eb3ff63b-2219-47ab-9a6b-9fb599fc7bd5,Male,81,Urban,0,0,One Year,Basic Connect,Bank Transfer,1,26.49767448963713,61677638.17487632,46,2,19.0,0,3
0e2f68e5-cd5e-4339-8084-53b07ef59924,Male,73,Urban,1,0,Month-to-Month,Basic Connect,Mailed Check,1,31.408973259852065,53685497.68875873,54,0,38.0,0,0
528fedb5-d652-4971-a25d-846cae87362b,Male,32,Suburban,1,0,Month-to-Month,Standard Connect,Credit Card,1,58.42233686561231,102637327.3657675,59,3,52.0,1,0
c97d6604-1019-46bb-b8c9-25978c4c8cbd,,51,Urban,0,0,One Year,Standard Connect,Credit Card,1,59.97865407458424,135316324.84577468,57,2,50.0,0,0
f675dc0f-de1b-42ea-817d-95c9ee47436a,Male,65,Rural,0,0,Two Year,Premium Connect,Credit Card,0,111.63241452748431,208703858.115339,34,0,64.0,0,1
10e7e9d3-40e6-499b-99c1-9cf2c3c5d882,Male,51,Urban,0,0,Two Year,Standard Connect,Credit Card,1,97.40407331604597,183554509.6682416,52,1,100.0,0,1
bf4dd0ae-038e-41f3-a77a-f077beca47d8,Female,80,Rural,0,1,Month-to-Month,Premium Connect,Digital Wallet,1,64.08552025648723,124416323.73663336,51,1,65.0,0,0
86f46a96-1b0f-41b6-9fa0-33038eb08c33,Female,33,Suburban,1,0,Month-to-Month,Premium Connect,Bank Transfer,1,99.49440046016691,171191510.33651957,45,1,140.0,0,1
59639e89-cd6a-401c-857c-f7c408ca99b7,Male,51,Urban,1,0,Month-to-Month,Basic Connect,Digital Wallet,1,194.46183226509348,92919531.1341056,56,21,456.439482,1,2
1d69f99b-833b-430d-bf38-298eb943c11b,Male,51,Urban,1,0,One Year,Standard Connect,Bank Transfer,1,84.29239943573965,4636.081968965681,55,0,101.0,0,0
be58344f-0549-4dcc-b396-1012f14a2006,Prefer not to say,55,Suburban,1,0,Month-to-Month,Premium Connect,Bank Transfer,1,125.44414390638651,243285708.7360492,67,1,138.0,1,1
54097f9c-a550-4e39-93af-55b4883dcb05,Female,62,Urban,0,0,Month-to-Month,Basic Connect,Credit Card,1,26.68250444410012,48714439.89381136,36,1,44.0,0,3
27c64f9a-5fc1-4780-93a9-bef33be03858,Female,66,Rural,0,0,One Year,Basic Connect,Bank Transfer,1,35.34680858680001,55969818.69837301,68,2,50.0,0,0
d467bffa-b0e3-4a3f-95a0-64c690d00b6d,Male,68,Suburban,0,0,Two Year,Basic Connect,Credit Card,1,59.29823750618533,2134.736550222672,36,0,64.0,0,3
3ea0d8d9-74e1-49f2-8986-8ed679b8d00a,Male,51,Rural,1,0,Month-to-Month,Basic Connect,Bank Transfer,1,57.4485533589654,115945626.1095286,67,1,64.0,1,0
5f30e200-31de-4ce5-8c69-93a249752d1e,Male,74,Urban,0,0,Month-to-Month,Standard Connect,Credit Card,0,78.6883005355572,184774821.4524051,42,0,75.0,0,1
88733273-6fc4-4921-ba22-cfe4428163bf,Male,71,Suburban,1,0,Month-to-Month,Basic Connect,,1,41.18556598763522,109271484.85186824,66,1,43.0,0,0
5927ce60-fd94-4692-8583-12d85e6ddac9,Male,51,Suburban,1,0,Month-to-Month,Standard Connect,Bank Transfer,0,99.55089306844016,226759024.60092068,62,1,99.0,0,1
95a54b08-c2d5-4d44-bb0a-a9470e35a202,Female,66,Urban,1,0,Two Year,Basic Connect,Bank Transfer,0,60.86845644978178,99923253.52666327,39,2,54.0,0,3
c9135ddc-c750-4e45-9623-565e46badc65,,18,Rural,1,1,Month-to-Month,Basic Connect,Credit Card,0,66.76155897623485,4406.2628924315,66,0,61.0,1,0
827f3456-4ae2-4eee-89a8-7d138820961d,Female,51,Suburban,0,0,Month-to-Month,Basic Connect,Bank Transfer,0,44.92859424161382,68720166.33882436,50,1,33.0,0,3
e281ed13-bdf8-48ce-866c-69807ee33d96,Female,76,Urban,1,0,Month-to-Month,Premium Connect,Credit Card,1,127.67326491165691,251337403.70768848,60,2,157.0,0,1
8450716d-067e-4fa6-93b6-de9f2f97bbbb,Non-Binary,83,Suburban,1,0,Two Year,Standard Connect,Digital Wallet,1,80.63478842298714,147095743.26615378,52,2,106.0,0,1
71c1a037-0c4b-4503-a6a9-08ecae62f538,Male,22,Urban,0,0,One Year,Basic Connect,Bank Transfer,1,50.17634947847602,99462947.32541282,61,4,67.0,0,0
b0191e80-e4be-4e74-9af2-d408a2309ed5,Male,31,Urban,1,0,One Year,Basic Connect,Credit Card,1,53.23228492122473,149942388.57954997,39,1,78.0,0,3
6b77a9fe-9042-4328-b3b8-515146f01389,Female,37,Urban,0,0,Two Year,Premium Connect,Credit Card,0,99.98279380352808,216538188.3179212,39,0,121.0,0,1
c950177d-d5d4-480e-98ca-2ccddae6bb70,Female,43,Urban,0,1,Month-to-Month,Standard Connect,Credit Card,0,86.55826880189188,163779624.49794132,47,4,77.0,0,1
4f759740-2d33-4b9c-9ea2-ac6e9f066fd4,Female,46,Rural,1,0,Month-to-Month,Standard Connect,Credit Card,1,74.99183092891101,167581722.4893635,51,2,104.0,0,1
e0728bd5-e96f-4d54-a64a-076b35a40439,Male,60,Rural,1,0,One Year,Basic Connect,Credit Card,1,33.84496797469153,71777754.34468392,51,1,48.0,0,0
5bf6e0ab-a496-4667-930d-f2688c6c9024,Male,43,Suburban,1,0,One Year,Premium Connect,Digital Wallet,1,99.16564542764384,168130416.9081991,58,3,123.0,0,1
1e70f81e-2bcd-4fa6-a51d-215f1d041107,Male,52,Urban,0,1,Month-to-Month,Standard Connect,Credit Card,1,54.13406499241852,131751364.89394014,58,0,70.0,0,0
63dcdc26-8f70-42c2-9adc-d853c0b48b33,Female,20,Suburban,0,0,One Year,Basic Connect,Bank Transfer,1,25.2081991007443,1008.327964029772,40,5,21.0,0,3
31626075-da8f-4df2-b126-924b3b5743f3,Non-Binary,61,Rural,1,1,Two Year,Premium Connect,Credit Card,0,115.3610699800995,300843906.211786,58,1,172.0,0,1
011c2ffa-bf84-4cef-b8c2-5f3febd9decb,Male,84,Urban,0,0,Two Year,Standard Connect,Digital Wallet,0,86.71359083288945,185217182.7284278,41,0,72.0,0,1
8a3322bb-6862-4150-98e7-1b1a9ff64d44,Female,53,Suburban,1,0,Month-to-Month,Standard Connect,,1,116.18173886323105,246616377.5007644,47,2,95.0,0,1
9522b1d7-76e8-4d83-a03f-4a5bb71aab5c,,55,Rural,1,1,One Year,Standard Connect,Digital Wallet,0,74.49996289794748,161704286.04278827,39,0,69.0,0,3
01698166-9edc-4362-a759-b6e6148a3fa3,Female,58,Suburban,0,0,Month-to-Month,Standard Connect,Bank Transfer,1,105.72753078048989,268531912.2667763,43,1,94.0,0,1
364e5bed-7feb-44ae-87c9-3ed0cf4e64a1,Male,35,Suburban,0,0,One Year,Standard Connect,Digital Wallet,1,53.73860674294578,156858375.70284176,69,2,80.0,0,0
6f6bb343-77bc-4b76-add0-0bfe7eff39c7,,64,Suburban,0,1,Month-to-Month,Premium Connect,Bank Transfer,1,109.537308793718,222743222.4391336,37,2,96.0,0,1
85a3ed41-b2fd-47b6-a278-1d43c4de3651,Male,30,Urban,0,0,One Year,Basic Connect,Credit Card,0,30.682869100045583,80390455.28429748,60,5,36.0,0,0
b52c68da-cedd-40f3-95f9-e3bd1804de15,Male,51,Urban,0,0,Month-to-Month,Basic Connect,Bank Transfer,0,27.18226885476357,82658022.11876668,42,6,27.0,1,3
7cf01e6f-bd13-40b3-9019-996776110b62,Male,24,Urban,1,0,Month-to-Month,Premium Connect,,1,76.92320396146496,171684953.28073835,53,0,51.0,0,1
fa637264-9b51-4829-9dfa-6431cda5068a,Female,44,Suburban,0,1,Month-to-Month,Standard Connect,Bank Transfer,1,50.93811738345033,134473495.5610966,57,4,65.0,1,0
a7080e92-3471-4fd0-a621-dd3fd852922b,Male,28,Rural,0,1,One Year,Premium Connect,Bank Transfer,0,90.3014511837189,149138477.25556827,59,2,55.0,0,1
886cbf7b-a7de-42e2-b690-5507cbb425b3,Female,40,Urban,1,0,Month-to-Month,Basic Connect,Credit Card,0,64.08552025648723,67620813.01786938,37,1,38.0,0,3
f065f234-fc9d-4dfc-b495-9aa042b728e9,Female,45,,0,1,One Year,Basic Connect,Credit Card,1,64.13715064115934,131367123.23819658,66,1,55.0,0,0
d3df8c06-5311-4390-b149-51e0c1239fa3,Male,71,Rural,0,0,Month-to-Month,Premium Connect,Bank Transfer,0,84.8410756642472,210281871.6437655,37,1,71.0,0,1
68271f49-278a-4582-ac0d-6054d20d9b0f,Male,31,Urban,0,1,Two Year,Premium Connect,Credit Card,1,84.77819162521716,131995667.89133848,45,2,112.0,0,3
35269923-4a98-47df-b9ee-32a505532caa,Female,71,,0,0,Month-to-Month,Standard Connect,Credit Card,1,72.51841086689551,213612548.02199352,43,1,91.0,0,1
8e79c137-8b09-4855-8878-b2c72ebb284b,Female,51,Urban,0,1,Month-to-Month,Basic Connect,,1,42.37526291230797,115705510.1193632,41,0,50.0,0,3
2437e86d-192a-4115-953c-96f15d1a17b9,Male,24,Urban,0,0,Month-to-Month,Standard Connect,Mailed Check,0,57.38972927627032,133196558.37034224,37,3,76.0,0,3
7ec169a7-42f1-4257-a8b0-7c6db27d17d2,Male,63,Suburban,0,0,Month-to-Month,Basic Connect,Credit Card,0,64.08552025648723,102623185.4398254,59,1,59.0,0,0
b9cfad2d-8d81-4257-a98b-341c89add5de,,38,Urban,0,0,Month-to-Month,Standard Connect,Credit Card,1,64.08552025648723,83316154.25214627,68,0,30.0,0,0
ac54c5d6-4062-4e17-8806-84e071928e61,Male,59,Urban,0,0,Month-to-Month,Premium Connect,Bank Transfer,0,109.23345275803187,6990.94097651404,64,1,130.0,1,0
17feceef-47bb-49d6-927d-a0ea8f5a9b8b,Male,80,Urban,0,1,One Year,Basic Connect,Mailed Check,0,34.6172483503569,55921180.068964176,54,1,41.0,0,0
c8fd64ee-ce8c-4b03-ba30-febc401dccdb,Male,83,,0,0,Month-to-Month,Premium Connect,Digital Wallet,0,72.68409322366318,160096713.31879425,42,0,105.0,1,3
113f7cbb-1d83-4533-a302-f249e7a7ed6d,Female,51,Rural,1,1,Month-to-Month,Standard Connect,Credit Card,0,74.41832847527702,165257238.44213557,46,1,51.0,0,3
a8f1ecc2-8ff4-4ca4-9cbb-0a9890899ded,Female,53,Urban,1,0,One Year,Basic Connect,Credit Card,1,36.96566404965347,86130519.79910181,48,2,57.0,0,3
d293ffc6-999f-4aba-a8a3-855d6ba3599e,Male,20,Suburban,0,1,One Year,Basic Connect,Bank Transfer,0,43.61490874343925,78194209.44997077,53,2,64.0,0,0
b918236d-4039-4c48-bae5-c45649a583a1,Female,65,Urban,0,0,Month-to-Month,Premium Connect,Bank Transfer,0,95.79244086222032,180354010.2426168,37,1,95.0,0,1
b45e8321-576d-48df-8fb6-b69f1e807af4,Female,84,Urban,0,1,Month-to-Month,Basic Connect,Digital Wallet,0,52.04278108526344,130941407.5329767,39,0,37.0,0,3
4cd8c8af-0757-471d-827f-d9bf98bec353,Female,55,Suburban,0,0,One Year,Standard Connect,Digital Wallet,1,57.39784089273196,160785711.79170862,69,1,81.0,0,0
42dbd598-2cd6-4385-9543-c48e7055926c,,56,Urban,0,0,Month-to-Month,Premium Connect,Credit Card,1,108.79767241535464,5983.8719828445055,55,1,134.0,0,0
ee5bba6a-1b7c-4fe6-83a9-8af58c19edc3,Female,69,Suburban,0,0,Month-to-Month,Premium Connect,Digital Wallet,1,88.81976885668598,143007142.1917335,54,0,99.0,0,1
4a9970ec-1949-4488-b851-6adfeb76888f,Male,42,Urban,0,1,Two Year,Standard Connect,Mailed Check,1,61.02798169670338,119697741.92267194,59,2,88.0,0,0
15eb82af-3eff-49ef-bcbc-ed077240d8e7,Male,81,Urban,0,1,One Year,Premium Connect,Credit Card,0,112.00594645260838,219562346.5446527,38,8,94.0,0,1
2283a29c-91ab-4c23-9040-b27512c0e592,Female,73,Urban,0,1,Two Year,Premium Connect,Credit Card,1,91.25258108953004,136980330.04174078,35,1,119.0,0,3
734018c1-121c-459f-8949-86fd0dfe7623,Female,56,Suburban,1,0,One Year,Standard Connect,Digital Wallet,1,69.41197321941044,198820374.70582125,57,5,64.0,0,1
6174bc25-2360-475a-aa6c-b7e21e9fc241,Male,47,Urban,0,0,Two Year,Premium Connect,Bank Transfer,1,99.7881778929047,262985752.57989144,66,1,82.0,0,1
b16069d4-8268-4f42-98a3-84a047581583,Prefer not to say,64,Urban,1,0,Month-to-Month,Basic Connect,Digital Wallet,1,31.79039892060837,62008426.02572561,63,0,24.0,0,0
dbd71cc8-f81c-4ecc-bbc5-5f38245d61db,Male,61,Suburban,1,0,One Year,Basic Connect,Bank Transfer,0,50.03929002245188,136527914.44656768,46,3,74.0,0,3
95d3fcf3-02a7-4155-9da1-acfda0b12966,Female,50,Suburban,1,0,Month-to-Month,Standard Connect,Digital Wallet,1,82.10296186641699,229360028.1562964,46,4,71.0,0,1
6d7c050c-5cd5-4252-930d-83bf94abdcf9,Male,66,Suburban,0,0,Month-to-Month,Basic Connect,Bank Transfer,1,64.08552025648723,69178609.72398084,42,0,52.0,1,3
403b26f4-db48-4fae-acc3-e19508b02c75,Male,55,Urban,1,0,Month-to-Month,Basic Connect,Credit Card,1,56.57937722716843,111577849.43215562,34,1,64.0,1,3
558e524c-ccb1-4974-b2a3-bd583c428862,Male,30,Urban,0,1,Month-to-Month,Premium Connect,Credit Card,1,107.42715765810306,282669714.4414905,69,1,121.0,1,1
dc888aae-f704-4512-971e-708c8a01102b,Female,51,Urban,1,0,Month-to-Month,Premium Connect,Mailed Check,1,62.86148153332356,107517779.1483728,59,2,88.0,0,0
1f9fc910-14d7-41b4-9c6a-34f27cfbeb6e,,53,Urban,1,0,Month-to-Month,Standard Connect,Bank Transfer,1,83.85807170673057,163663969.29652968,61,0,64.0,0,0
a861f3b0-c40e-40f0-9c7c-e1d68891156e,Male,51,Urban,1,0,Month-to-Month,Standard Connect,Bank Transfer,1,67.56725634410175,192106445.9576219,63,0,64.0,1,0
489a28ee-807e-4483-934e-0c4c34cdc45a,Female,40,Suburban,1,1,Two Year,Basic Connect,Credit Card,1,48.40005855018563,110976853.7018912,48,1,30.0,0,3
f4c28615-2df1-478e-b680-d23385ad7811,Male,38,Suburban,0,0,Month-to-Month,Basic Connect,Bank Transfer,0,23.82647783409561,44751746.36661833,65,0,37.0,0,0
9d2c5c14-aee3-4b70-a066-9949f302160f,Non-Binary,65,Rural,0,1,One Year,Standard Connect,,0,79.70473507716463,166085662.34232888,34,2,48.0,0,3
39a521fc-e3fb-4fc4-b3fb-2af9784eb26d,Male,63,Suburban,1,0,Two Year,Standard Connect,Credit Card,1,74.3721077590939,142920540.7699933,36,0,106.0,0,3
0c5f665c-3d27-4cd8-8ab7-4d331c4b3069,Male,41,Suburban,0,0,Month-to-Month,Basic Connect,Credit Card,0,20.0,47294490.54718444,44,1,30.0,0,3
685d6ce0-e852-49bd-a5d7-9058951a2ba1,Male,49,Rural,0,0,Two Year,Premium Connect,Bank Transfer,1,104.41571770567528,230241759.9477769,41,4,84.0,0,1
98753ce8-2a16-4a27-b7a0-135553218dde,Female,73,Urban,1,1,Month-to-Month,Basic Connect,Digital Wallet,1,24.72456808630309,57941615.47296554,54,1,37.0,0,0
b3db14b9-9009-4373-a53b-9d80cfb9e4ae,Male,47,,0,0,One Year,Premium Connect,Digital Wallet,0,90.70614376071224,235965818.22052148,66,1,62.0,0,1
38a86db8-351b-4dfd-abca-7c4b55d81723,Male,40,Suburban,1,0,Two Year,Basic Connect,Digital Wallet,1,37.01621540526897,69180891.08818212,34,0,31.0,0,3
788a9360-d825-41e9-9ae5-234e3a4c3e14,Male,29,Urban,0,0,Month-to-Month,Basic Connect,Bank Transfer,0,32.14612058231761,65592182.9179113,63,1,27.0,0,0
6ad698a3-3a64-4bb2-b0ee-27bc990678b2,Male,81,Rural,0,1,Month-to-Month,Standard Connect,Credit Card,0,64.08552025648723,176354216.09455523,52,1,123.0,0,1
3a17312c-f5eb-46ba-a565-5a2743255156,Female,44,Urban,0,0,One Year,Standard Connect,Digital Wallet,0,64.97366353102727,117196313.25630675,38,2,79.0,0,3
341a89c6-e18b-49cb-bc6c-8f9bbd18f556,Male,79,Suburban,0,1,Month-to-Month,Standard Connect,Credit Card,1,70.59648612662973,206895744.71915945,43,1,48.0,0,1
4a74a558-9ed9-451a-9a95-c7a703f04ff7,Female,80,Suburban,1,0,Two Year,Basic Connect,Credit Card,1,35.837194000236664,66536779.234517016,50,3,39.0,0,0
d112d5fc-d9e9-4abb-988e-030579457a22,Male,51,Rural,0,1,Month-to-Month,Standard Connect,Bank Transfer,0,343.7292695579827,175429656.7545429,50,21,1877.028984,0,2
3ec000c7-943c-41a7-bb8c-ebdabcce0946,Male,48,Suburban,0,1,One Year,Basic Connect,Credit Card,1,52.81235205983853,143607927.39635712,55,2,64.0,1,0
81180876-340c-4886-9d97-77ea4acbbf48,Prefer not to say,55,Urban,0,0,One Year,Premium Connect,Bank Transfer,1,108.42720296155464,239901365.08916613,48,3,125.0,0,1
f1e008d0-e9fc-4b44-8ae5-bdca9bf928e1,Male,35,Urban,1,1,One Year,Standard Connect,Bank Transfer,0,70.74353848267396,215996896.6019607,57,1,94.0,0,1
63a52f4a-c13b-4dc2-8bff-18436529885e,Male,51,Suburban,0,0,Month-to-Month,Basic Connect,Credit Card,1,64.56777819927643,171773043.71406043,63,3,64.0,0,0
abbc70c2-1334-4641-8da8-ef2795ff45a4,Female,67,Urban,0,0,Month-to-Month,Standard Connect,Bank Transfer,1,69.64113685838626,209346008.15086013,62,2,71.0,0,1
4c40105d-1f9b-48ca-8286-3957cf2762ec,Male,48,Urban,1,1,Two Year,Premium Connect,Credit Card,1,74.31433572668605,221455731.8810718,44,2,82.0,0,1
788852fb-dbc2-454c-a1f0-939baf5c5d26,Male,79,Suburban,1,0,Month-to-Month,Standard Connect,Credit Card,1,80.2583086609935,119868608.86006072,62,2,49.0,1,0
e8085869-3228-4312-9632-0834fb1aa177,Male,44,Urban,0,0,Month-to-Month,Premium Connect,Mailed Check,1,115.61101973938447,294848444.8722299,57,1,105.0,1,1
d42e96cc-d58c-4a71-a719-6317ca600c5a,Female,36,Urban,1,0,Month-to-Month,Premium Connect,Mailed Check,1,88.39384330491886,261483592.5481457,49,2,96.0,1,1
49df05da-8dcf-4f0c-8d31-81f6129f143b,Female,31,Urban,1,0,Month-to-Month,Basic Connect,Bank Transfer,0,32.04318064292404,88832462.99258696,60,1,52.0,1,0
686b8cb6-aa5f-4725-8e91-8706fd5ef4e1,Male,55,Suburban,1,0,One Year,Standard Connect,Credit Card,1,54.74746700967374,166148423.57131362,38,3,45.0,0,3
36bac9a3-660f-4920-bca2-7f8ea93cd284,Female,24,,0,1,Month-to-Month,Basic Connect,Digital Wallet,1,37.81131416030725,112551935.53350052,38,2,41.0,0,3
dc973274-ecc0-40d4-9c5d-061114189186,Male,22,,0,0,Month-to-Month,Basic Connect,Mailed Check,1,64.08552025648723,111854927.109705,66,1,84.0,0,0
6dc901c0-7cb5-43ea-888a-f4320fec860c,Prefer not to say,51,Rural,0,0,Two Year,Basic Connect,Bank Transfer,0,41.63904098358859,123513132.41228367,50,2,26.0,0,3
fd764fd3-a3fc-4d7f-8c55-3ce590ab4644,,70,Urban,0,0,Month-to-Month,Standard Connect,Digital Wallet,1,47.587551113988624,128835983.2854794,64,1,44.0,0,0
d5905477-5536-426d-b6b3-14cfe54aec72,,37,Suburban,1,0,Two Year,Basic Connect,Credit Card,1,43.9938586591751,106466458.23915105,67,0,65.0,0,0
2feeac45-a072-4439-bfa9-3582b1fe9812,Female,76,Suburban,1,1,One Year,Premium Connect,Digital Wallet,1,105.37021308319828,308071888.12319887,59,3,107.0,1,1
8df3414b-0804-45fb-918c-9a9c688d3b63,Female,51,Urban,0,0,Month-to-Month,Premium Connect,Digital Wallet,1,115.68693074619298,309345076.81461257,55,0,156.0,0,1
5976814b-2d73-49b9-8ec1-599a81159fb1,Female,49,Urban,1,0,One Year,Basic Connect,Mailed Check,1,42.80223956811557,2953.3545301999743,69,2,28.0,0,0
41067e21-8633-483c-ba81-adf5fabc5d79,Female,62,Urban,0,1,One Year,Basic Connect,Digital Wallet,0,36.54603512358822,69750932.86450067,50,1,54.0,0,3
8fd361d8-f37c-4a7e-abdd-dcb735ce713a,Female,36,Rural,0,0,Month-to-Month,Premium Connect,Credit Card,1,81.03174338708347,4294.682399515424,53,1,123.0,0,0
5714f7ad-d41b-4ad8-963a-72b8c3d124f5,Male,74,Urban,0,0,Month-to-Month,Premium Connect,Credit Card,1,77.84866819896607,142216247.65560412,57,2,108.0,0,0
d85809b9-69c2-4aa3-b9aa-474ab70b1bb3,Male,19,Rural,1,1,Month-to-Month,Premium Connect,Credit Card,1,97.34551856672095,246332498.92515385,45,1,68.0,1,1
03dabb0b-b0d9-419e-964f-be2dcc8b0807,Female,53,Suburban,1,0,Month-to-Month,Standard Connect,Bank Transfer,1,64.08552025648723,183166693.8544937,61,2,72.0,0,0
3a49ad96-e4f8-422a-9d56-1a0aedc057d6,Male,56,,0,1,Month-to-Month,Basic Connect,Mailed Check,0,20.0,49275197.56554392,63,1,16.0,1,0
2d7909b9-10d7-4bc4-8126-8d309c48c8e5,Female,22,Urban,0,0,Month-to-Month,Premium Connect,Bank Transfer,1,120.74427981169067,321465695.0594414,45,1,149.0,0,1
8b85edf9-4232-4273-a40d-82b0fd8b7ac6,Non-Binary,69,Suburban,0,0,Month-to-Month,Standard Connect,Credit Card,1,44.97905581153962,82666832.9714804,46,2,64.0,1,3
9ab46010-1a7b-40ee-949f-4c8476dbb9e1,Male,37,Urban,0,1,Two Year,Basic Connect,Mailed Check,0,53.0689175788455,3343.3418074672663,63,3,66.0,0,0
3a4c4c23-6487-4f6d-a918-04963f8a1185,Female,46,Urban,0,0,Month-to-Month,Standard Connect,Credit Card,1,44.08986281063271,80687400.59386744,56,1,40.0,0,0
adbc4ce5-2b96-4390-a996-59f377550110,Female,77,Rural,0,0,Two Year,Premium Connect,Credit Card,1,88.83904523501597,179111771.248587,37,1,64.0,0,1
1d879e0e-899f-4de7-8a43-56fd8b9db19d,Male,67,Suburban,1,0,Month-to-Month,Basic Connect,Credit Card,1,20.0,55736528.143023685,52,0,32.0,0,0
41e3987d-55af-46da-b698-82482085b25c,Female,36,Suburban,0,0,Month-to-Month,Basic Connect,Credit Card,1,32.81945645482944,88562399.10027488,36,2,26.0,0,3
4a1ff00f-132e-4071-8234-7fc5bfcf5767,Male,28,Urban,0,0,Month-to-Month,Basic Connect,Mailed Check,1,23.703383472515696,49549256.68348464,55,2,37.0,0,0
8b390876-5060-4852-80a8-e43d98d3d4fb,Female,21,Suburban,1,0,One Year,Standard Connect,Credit Card,1,63.04932999454814,3089.417169732859,49,1,66.0,0,3
b21b9f3a-c489-4164-a798-5f930cee983e,Female,76,Urban,1,0,Month-to-Month,Premium Connect,Credit Card,1,80.916740290431,226850991.8043137,63,1,96.0,0,1
a4cc46bd-970b-4ae5-be65-185abc683eab,Female,25,,0,1,Month-to-Month,Premium Connect,Bank Transfer,0,82.04561683789764,182302687.2077914,36,3,76.0,0,3
50fe298a-97de-4396-b9a6-e140ea453dbe,Male,29,Urban,1,0,Month-to-Month,Basic Connect,Bank Transfer,0,58.128210253775805,157178811.2428659,61,0,70.0,0,0
1648035f-c8c7-41cf-8a57-c120c4653ea7,Male,51,Suburban,0,0,One Year,Standard Connect,Digital Wallet,0,241.3352605151546,210310938.0561321,41,32,786.9277995,1,2
a0e2b920-8cff-4de0-8ad1-0417a3f42b51,Male,69,Rural,0,0,Two Year,Standard Connect,Mailed Check,1,91.40646756563872,145270216.00048423,66,2,136.0,0,0
b2317377-f49e-425c-b427-bd40be511806,Male,19,Suburban,1,0,One Year,Standard Connect,Bank Transfer,0,72.9671244813387,123596231.96699436,35,2,64.0,0,3
09a8f005-7927-4e30-9db9-312ea76f582e,,70,Urban,0,0,Month-to-Month,Standard Connect,,1,52.24670988545668,151926479.794324,42,1,64.0,0,3
7f8eb1a0-5e22-4d20-90f8-046fe8b8d5bb,,78,Rural,0,0,Month-to-Month,Standard Connect,Credit Card,1,70.28467046699257,112705239.51023696,55,2,62.0,0,0
8c7f335a-f764-4dd2-91ed-1ad436a75e5f,Female,58,Suburban,1,0,Month-to-Month,Basic Connect,Credit Card,1,50.57520778394401,142798500.28240395,66,1,57.0,0,0
bdcd65ee-cd6b-4132-9900-60375b7f3f85,Female,56,Urban,1,0,Month-to-Month,Basic Connect,Credit Card,1,45.11776362518047,86530112.33886684,50,3,55.0,1,3
6101adaa-6769-4e36-b618-d1976b896676,Female,80,Urban,0,0,Month-to-Month,Standard Connect,Credit Card,0,78.8378413471,182054909.4183827,60,1,105.0,1,1
bdd29f88-0153-47a2-ac20-bf45f1d38e02,Male,34,Suburban,1,1,Two Year,Basic Connect,Bank Transfer,0,23.372530098886365,47222490.179738574,38,0,31.0,0,3
30092ac4-0ae4-4fe6-80d5-ac3113b07a56,Female,52,Rural,0,1,One Year,Basic Connect,,0,51.29339109495347,142977405.11704016,42,1,33.0,0,3
4410e8b0-9432-4c80-8cda-a35426deb8d5,Male,51,Urban,0,0,One Year,Basic Connect,Credit Card,1,206.7049121263696,76285817.68140715,56,24,430.6183582,1,2
f8f43f11-cf59-4ff7-9ff8-7b9f514a66ca,Female,21,Suburban,0,1,One Year,Basic Connect,Credit Card,1,20.0,61644771.388898335,48,1,30.0,1,3
82db7945-9bc1-4fc9-9faf-121252eb0716,Male,19,Rural,1,0,Month-to-Month,Basic Connect,Bank Transfer,1,20.0,38961475.92294846,54,1,24.0,0,0
2ba3d9cb-b00d-4f00-91c6-af9d39c03fa3,Female,24,Urban,0,0,Two Year,Standard Connect,,1,41.06467183867776,81244263.282049,43,2,55.0,0,3
9ddcecd9-d3f7-4941-adc8-ffd90396c41a,Male,55,Urban,1,0,One Year,Basic Connect,Credit Card,1,38.72362269613912,70652604.07060306,45,0,61.0,0,3
f1f83cea-c581-4ee8-b38f-6a9501e553e9,Male,77,Rural,1,0,One Year,Standard Connect,Credit Card,1,88.91911391370692,172051094.2307411,60,2,86.0,1,1
8ac008d5-9c74-4948-b1f5-451a513123c4,Female,51,Suburban,0,1,Month-to-Month,Standard Connect,Bank Transfer,1,57.20486123697581,125373077.90112682,55,0,82.0,0,0
0c945e87-4442-4bdf-9d3d-d58d8aa030cd,Female,43,Urban,0,0,Month-to-Month,Standard Connect,Credit Card,1,97.73999820211036,244896550.24076235,48,2,64.0,0,1
dc49f5b5-1f0e-4358-8551-0699f2a09605,Female,32,Suburb,0,0,One Year,Basic Connect,Bank Transfer,1,34.15328060520946,73895655.25585571,36,0,30.0,0,3
16fdfece-af4c-426e-80aa-377e6da258a3,Female,60,Urban,0,0,One Year,Standard Connect,Credit Card,1,68.8999978058841,179744006.51530644,52,1,40.0,0,1
184818eb-3df3-4d55-837a-8e5f68676572,Female,50,Urban,0,1,Month-to-Month,Standard Connect,Bank Transfer,1,76.32694287676,109220773.67193858,60,1,43.0,0,0
9e21d3fe-c6a6-4581-94c8-571719fe1c8d,Female,33,Suburban,1,1,Month-to-Month,Premium Connect,Credit Card,0,88.37381977173571,207878960.8483201,56,1,119.0,1,1
41d7a776-ba17-4a29-b208-ccec247d7df2,Male,73,Urban,1,0,One Year,Standard Connect,Credit Card,1,64.08552025648723,174981223.301758,42,2,123.0,0,3
da26ef2c-316f-4a1a-aa83-c0068a612b03,Female,80,Suburban,1,0,Month-to-Month,Basic Connect,Bank Transfer,1,50.61867846820765,3239.595421965289,64,1,54.0,0,0
04f37452-eaf1-4d5e-8cef-9bb2e389d2f0,Prefer not to say,55,Suburban,0,0,Two Year,Basic Connect,Bank Transfer,1,37.33315816704226,91737950.73287,66,2,36.0,0,0
42c0d387-c101-459a-a92b-c39ce5caa342,Female,61,Urban,0,0,Month-to-Month,Standard Connect,Digital Wallet,0,56.696780586653766,147328469.42859203,61,4,54.0,1,0
1b3181d7-4e01-4f51-9f46-70b1df3d4358,Male,34,Urban,1,0,One Year,Premium Connect,Bank Transfer,0,95.88568819235186,210370386.99027324,66,1,60.0,0,1
e1054082-dc5c-463b-8b04-f7ed808da94c,Female,53,Urban,0,1,Two Year,Standard Connect,,1,56.04384035968005,161103374.30126137,37,1,56.0,0,3
61929a48-f741-4654-82cb-231baea576c5,Female,51,Urban,0,0,Month-to-Month,Basic Connect,Digital Wallet,1,43.0585189936197,101680274.02293208,58,1,65.0,0,0
05411912-3d0a-4c9f-b1d4-9466ccbf7348,Male,25,Urban,0,1,Month-to-Month,Basic Connect,Credit Card,1,38.170195543748186,59960930.63823809,38,4,24.0,0,3
77bd6c08-ffea-490e-b634-b3da2ed73059,Female,54,Urban,0,0,Month-to-Month,Premium Connect,Credit Card,0,64.08552025648723,305678594.4314615,56,1,64.0,1,1
24d40e22-c84e-4d1e-8e97-2195df0d99f3,Female,56,Suburban,0,0,Month-to-Month,Basic Connect,Mailed Check,1,47.97354351466274,117138719.27184932,57,2,69.0,0,0
a1c7c31b-8c11-4030-82ee-dd16633b4fa6,Male,72,Urban,0,0,One Year,Standard Connect,Credit Card,1,61.48034690847672,2582.174570156022,42,1,86.0,0,3
5aedaa95-204e-4c2d-aacc-23c5de9c83e6,Female,38,Urban,0,0,Month-to-Month,Standard Connect,Credit Card,1,88.85299845898061,4798.061916784953,54,1,137.0,0,0
ac57e278-068b-4956-acd6-67ee9a84cb14,Female,51,Rural,1,0,Month-to-Month,Basic Connect,Bank Transfer,1,39.71984836891142,122011794.9133179,69,2,27.0,0,0
ed92d355-a7a5-4f4e-9b4b-453503369c80,,27,Urban,0,0,Two Year,Premium Connect,Bank Transfer,1,75.63922091302511,129162475.80913296,61,1,98.0,0,0
d2082b6c-ea25-4ae2-a50a-e236f41ad933,Male,58,Rural,1,1,Two Year,Premium Connect,Credit Card,0,99.83616264197164,232671229.8924446,38,1,87.0,0,1
032dab96-a14c-47a3-a0f9-71ac24043453,Male,45,Urban,0,1,Month-to-Month,Premium Connect,Credit Card,1,125.72146062380634,195972640.27111864,52,2,64.0,1,1
4812d8ca-521f-4bc7-bba7-a3af0fa84422,Female,70,Urban,1,0,Month-to-Month,Basic Connect,Bank Transfer,1,39.26038389370531,110816027.90678915,53,2,58.0,1,0
811c0a4c-f89b-4ec6-bc4c-148f8c0d2472,Prefer not to say,19,Urban,1,0,Month-to-Month,Standard Connect,Digital Wallet,1,66.0869445652416,89767554.84906158,64,1,53.0,1,0
49d7346f-5b8c-4fa8-ba8d-eb1c3480cf61,Prefer not to say,19,Urban,0,0,Month-to-Month,Basic Connect,Credit Card,0,35.959388983274195,87436800.18407832,50,3,43.0,0,3
707a134b-813e-46f3-b4bd-813b4b1e7bfb,Female,41,Urban,0,0,Month-to-Month,Basic Connect,Credit Card,1,36.11331736435535,67773294.47443171,35,0,32.0,0,3
a3a4e80f-a215-4a7e-842a-78e9db9758e2,Male,60,Urban,0,1,Month-to-Month,Basic Connect,Bank Transfer,0,58.680684553605424,164371212.63807565,55,1,63.0,0,0
39771af7-cca6-4e9a-93cb-a4e4dc62a261,Male,63,Urban,0,0,Month-to-Month,Standard Connect,Digital Wallet,0,57.05717310929642,130884068.5247461,49,1,80.0,0,3
8f580704-4473-4403-bcf6-5d8b99e64eca,Male,75,Urban,0,1,Month-to-Month,Standard Connect,,1,85.81859798167172,170694474.76418942,35,1,97.0,1,3
85fa6492-8f0b-4dab-adb0-cdc51fdfb722,Female,70,Suburban,0,1,Two Year,Basic Connect,Credit Card,1,21.78662231188774,63847423.909468085,44,1,31.0,0,3
a3cdf28b-3cb6-484e-b8a5-d806d9d1fe78,Male,61,Urban,0,1,One Year,Standard Connect,Credit Card,1,68.33450520210855,110797635.3852887,53,0,64.0,0,0
72addedc-2189-4064-a156-d1a75a01e8b1,Male,51,Suburban,0,0,Month-to-Month,Premium Connect,Digital Wallet,1,105.85316041318436,272325004.9148787,44,1,64.0,0,1
3141dfce-7a31-4fa4-a2d7-50a224bd6f38,Male,35,Suburban,1,0,Month-to-Month,Basic Connect,Credit Card,1,47.75728946955107,105207766.54400028,45,3,64.0,0,3
c8379803-28d9-413c-b4b5-152593081a22,Male,35,Suburban,0,0,Month-to-Month,Standard Connect,Mailed Check,1,96.7615744085911,276811367.0543934,62,3,79.0,1,1
cdb0f11f-3dfb-4b71-a957-71f8e555b64e,Female,73,Urban,1,0,Two Year,Premium Connect,Bank Transfer,1,102.45032816656332,194060201.2814265,45,1,56.0,0,1
0bd088e3-6612-43fa-848d-e26d47f82e6a,Female,27,Urban,0,1,Month-to-Month,Basic Connect,Credit Card,1,64.08552025648723,131443460.07456478,48,1,80.0,0,3
e799fc60-16bd-4da3-9527-ab9c50e7b793,Female,46,Urban,1,0,Month-to-Month,Premium Connect,,1,108.75015589824427,331069593.950333,42,3,116.0,0,1
90de416d-1e38-4b58-9dc3-e47651c6ec6a,Female,51,Suburban,0,0,Month-to-Month,Standard Connect,Credit Card,1,207.34320954342155,163702574.41298598,39,22,720.1218315,0,2
9b75fb48-bc50-4bcb-92ba-9251ef1e94f5,Female,45,Urban,1,0,Month-to-Month,Basic Connect,Bank Transfer,1,53.33801635642287,139049005.57069653,41,2,63.0,1,3
fbae6344-1147-4857-8505-081b4e2447cb,Male,56,Rural,1,1,Month-to-Month,Standard Connect,Mailed Check,0,73.61148602811191,152194752.3791726,57,1,68.0,0,0
1399bef4-8138-42e8-be37-b92eeffc0377,Male,29,,0,1,Month-to-Month,Basic Connect,Mailed Check,1,35.05364794645453,84170690.72403087,67,1,56.0,1,0
073c719f-2e0d-4d90-94ea-89085fe2365c,Female,28,Suburban,0,0,Month-to-Month,Standard Connect,Mailed Check,0,74.20630880418622,206004326.51659656,67,2,98.0,0,1
b46c7d83-a647-4f9f-a73b-b2a909fd47ed,Female,75,Urban,0,0,One Year,Standard Connect,Bank Transfer,1,84.66428979536678,169326463.05045444,69,2,130.0,1,0
7d796b4d-d301-4cf5-bf4c-301c23405be4,Male,60,Urban,0,0,Two Year,Basic Connect,Bank Transfer,1,38.364094662902296,89625063.08335827,60,0,32.0,0,0
b0856e3c-baed-4068-972b-9a2af219d0bf,Male,76,Rural,0,0,Month-to-Month,Premium Connect,Credit Card,1,85.16428994847647,254554381.70084324,37,2,116.0,0,1
7d37de78-2b9b-446d-91e0-d95533cbeca2,Male,71,Suburban,1,0,Month-to-Month,Standard Connect,Digital Wallet,1,55.48807093742901,166657521.0381719,50,1,85.0,0,3
7029692a-3148-465e-a9e6-ee701a605007,Male,65,Rural,0,0,Month-to-Month,Premium Connect,Bank Transfer,1,105.61377139577212,180834506.69446832,36,1,144.0,0,1
0373c18b-ac8a-4c06-beac-c3755c2d73c4,Female,52,Rural,0,0,Month-to-Month,Basic Connect,Credit Card,0,27.077392645438604,47467479.55121271,53,1,41.0,1,0
ac411b93-c2f3-46b6-aa73-da116b67a1bb,Female,48,Suburban,0,0,Month-to-Month,Basic Connect,Bank Transfer,1,31.76362505733963,88695966.5103478,40,0,23.0,0,3
b52675c5-b450-4ac2-bfcf-6930d041ee37,Male,53,Rural,1,1,One Year,Standard Connect,Bank Transfer,1,82.20464968834929,149773940.6544843,58,3,65.0,0,0
d91fa368-44a2-43c7-bafe-a82cc03a4a87,Female,59,Urban,0,1,Month-to-Month,Standard Connect,Credit Card,0,74.70431390797704,131940569.93986994,48,1,108.0,0,3
7edbba9e-88ac-44a8-b904-8d7608b29f32,Female,42,Suburban,0,0,Month-to-Month,Standard Connect,Credit Card,0,85.6586204951525,5310.834470699455,62,0,77.0,0,0
51aff595-0257-48ff-b1ca-8c4d4b147fc4,Male,73,Urban,1,0,Month-to-Month,Standard Connect,Mailed Check,1,23.46944429123588,59662173.1108862,58,0,26.0,0,0
7289c5f4-a723-4fa1-81b1-d6cf4fb0a6b5,,67,Urban,0,0,Month-to-Month,Basic Connect,Credit Card,0,36.992031314731626,99403414.1967502,60,0,60.0,0,0
b90ef10c-2525-4134-98b5-f07cf6212a23,Male,55,Urban,0,0,Two Year,Standard Connect,Bank Transfer,0,69.52326262923968,181171137.5454473,57,1,81.0,0,1
fdfacbdc-d00e-478b-8fac-8fde7a5717ce,Male,37,Suburban,0,0,Two Year,Standard Connect,Bank Transfer,1,75.65631123117515,144277255.32939884,43,3,63.0,0,3
d06c069b-4415-4468-880b-b351c8233545,Male,18,Urban,0,0,Month-to-Month,Premium Connect,Bank Transfer,0,99.31525358370936,5760.284707855143,58,4,148.0,0,0
6f3c3b27-6614-4257-99a3-2d183f9d77ee,Male,73,Rural,0,0,Month-to-Month,Premium Connect,Credit Card,0,98.69943501532592,212478608.5835941,43,1,144.0,0,1
285c0ea0-ac02-47f0-a168-3127ede3dd81,Male,81,Urban,1,1,Month-to-Month,Standard Connect,,0,102.19985673984289,203760363.8234905,42,4,61.0,0,1
de4afcd6-1943-42a3-bbd2-bb936421adbf,,73,Urban,1,0,Month-to-Month,Basic Connect,Credit Card,1,65.66506065722264,198172591.17120463,43,2,98.0,0,1
8f6e1290-c9a1-4046-8657-8532a38f811b,Male,73,Urban,0,0,One Year,Standard Connect,Bank Transfer,1,91.18268737016312,196625496.77763948,65,0,58.0,1,1
63acedb4-a902-4c99-92e0-8f39c47dd1e7,Male,62,Suburban,1,1,Month-to-Month,Standard Connect,Bank Transfer,1,58.65637004589868,120785079.59357016,34,1,47.0,0,3
868ec3c9-a2f1-425d-8327-89e45ad43392,Female,43,Urban,0,1,Month-to-Month,Basic Connect,Credit Card,0,38.40710662666579,124486600.32710488,62,1,61.0,0,0
9f1e56b9-39be-4705-8cf4-8881034dc853,Female,78,Suburban,1,0,Month-to-Month,Basic Connect,,1,49.947841080271104,133619179.6278391,55,3,42.0,1,0
eb1b898c-356b-4f5d-b7b9-57d91d83f882,Male,67,Rural,0,1,One Year,Basic Connect,Mailed Check,1,41.24741780190604,2598.5873215200804,63,1,34.0,0,0
efa591fd-9a8f-47e8-9ed9-ebcbf5a6fef4,Female,41,Urban,0,0,Month-to-Month,Premium Connect,Credit Card,1,107.30001869611668,299174727.3989986,63,0,124.0,1,1
1881803d-ac88-4a49-acc4-5cfa83f1f243,Male,68,Urban,1,0,Month-to-Month,Basic Connect,Credit Card,1,28.569152566817728,66764163.830434725,38,2,33.0,0,3
707b802a-e5e5-479e-a5a2-2f70b4c62bcc,,48,Rural,1,0,Month-to-Month,Basic Connect,Digital Wallet,1,64.08552025648723,99595388.89597562,51,2,31.0,0,3
498121b1-24cb-4011-bf70-023be0cafa0f,Male,64,Urban,0,0,Two Year,Standard Connect,Bank Transfer,1,58.76686073949062,113412907.76317304,59,2,64.0,0,0
7338ad2b-fb75-43d7-888f-f122cb081dbf,Male,48,Rural,0,1,One Year,Standard Connect,Credit Card,1,111.91805861518392,215646416.54800564,46,2,108.0,0,1
81d4307c-f46a-4cfd-8924-f377194e9995,,68,Rural,0,0,Month-to-Month,Premium Connect,Credit Card,1,109.8708579937913,259849675.13625824,52,2,136.0,1,1
b2be4a13-6c07-43c5-9330-833476b73418,Female,51,Urban,1,1,Month-to-Month,Premium Connect,Credit Card,1,98.507646691805,260168747.60989392,53,2,93.0,0,1
4787c736-3568-4dd0-a5dc-3909490a8adc,Male,26,Urban,0,0,Month-to-Month,Basic Connect,Credit Card,0,91.08053914903152,173637184.77397633,60,1,58.0,0,1
507fc8e9-014e-425b-940a-ebaae624966f,Male,72,Suburban,0,1,One Year,Basic Connect,Digital Wallet,0,41.612988209316256,115918248.23776944,62,1,29.0,0,0
43c90b8b-4830-4fd8-ad33-1765910e5cc6,Female,37,Urban,0,0,Two Year,Basic Connect,Bank Transfer,0,57.46626966569468,140081178.52342582,56,3,82.0,0,0
1828df2d-67bc-4253-9c18-956571ac99f4,Female,45,Urban,0,0,Month-to-Month,Standard Connect,Mailed Check,1,54.673194337078506,118938574.99723963,66,3,53.0,0,0
2e4fc747-d52d-4149-b42f-2db8d6f5a13c,Male,77,Rural,1,1,Month-to-Month,Standard Connect,Mailed Check,0,78.83624523910306,231323369.7748901,65,2,121.0,0,1
447ff049-3a2f-4d97-99ff-82d95f87f5d0,Male,28,Suburban,0,0,Month-to-Month,Standard Connect,Mailed Check,1,82.86002942554401,183395244.4393725,54,0,79.0,1,1
3b1bcb6c-c82b-486a-99cc-6ba61958148d,Female,42,Urban,1,1,Month-to-Month,Basic Connect,Bank Transfer,1,64.08552025648723,54672638.73644199,36,0,51.0,0,3
a09b0857-47b2-4f95-ba0d-420abed041b0,Female,30,Suburban,0,0,Month-to-Month,Standard Connect,Bank Transfer,1,75.7373707113798,115794156.6598495,61,3,57.0,0,0
fafb3b26-ec12-46ec-bff1-589d273addf9,Male,52,Urban,0,0,Month-to-Month,Premium Connect,Credit Card,1,100.30058893362433,215178158.8351209,39,2,121.0,0,1
852abdd0-e27f-43eb-bc53-80d5e4f65f7c,Female,77,Urban,1,0,Two Year,Premium Connect,Bank Transfer,1,92.63344707834838,283787729.00710744,60,2,76.0,0,1
74eaf036-ea9e-45cb-a128-c7a3018f825b,Male,26,Rural,1,0,Month-to-Month,Basic Connect,Bank Transfer,1,26.71801971076763,61102939.01203557,63,2,19.0,0,0
b4c2f820-4e32-4459-afcd-b98616e14828,Female,50,Urban,0,1,Two Year,Basic Connect,Bank Transfer,0,20.0,60233039.26858897,44,4,30.0,0,3
56a0abdd-b351-4def-87f6-1a5132112ecf,Male,45,Urban,0,0,One Year,Premium Connect,Digital Wallet,0,91.53460590474756,144203657.98288873,39,1,64.0,0,3
d99f7991-cb88-44c5-8fb2-6c8c3ad43e62,Female,21,Suburban,1,1,Month-to-Month,Premium Connect,Bank Transfer,1,100.24182671125784,151385555.2667975,62,2,57.0,0,1
3767299b-b27e-4c5c-bee2-2b4f24908146,Male,84,Urban,0,0,Two Year,Basic Connect,Credit Card,1,36.68017756943453,71170895.33042794,45,1,64.0,0,3
b7031942-f277-497a-b98f-79d77343d430,Male,47,Suburban,0,1,Month-to-Month,Premium Connect,Digital Wallet,1,105.27332231283675,341361437.8939517,55,2,58.0,1,1
4a58ea09-619b-4f20-b71e-3ce52fff343e,Male,31,,0,1,Month-to-Month,Basic Connect,Bank Transfer,1,65.23073766613904,202235517.5918865,47,2,60.0,0,1
60833f43-db54-4e8c-bc5b-5d78d26a3d1e,Female,29,Suburban,1,0,Month-to-Month,Standard Connect,Bank Transfer,1,85.19059998872568,142515985.04840496,53,3,90.0,0,1
e9a2a11b-c563-43f2-9a03-3122f5db493d,Male,64,Urban,0,1,Two Year,Basic Connect,Bank Transfer,0,32.51532703768453,69203268.68734407,51,1,64.0,0,0
7580f9d0-702d-4943-986a-b96182ad87c1,Male,51,Urban,1,0,One Year,Basic Connect,,1,142.51547847386672,8265.89775148427,58,23,560.7777523,0,2
25ad1c2c-4a23-4922-bdef-6b5b2aa53b35,Male,28,Urban,0,1,One Year,Premium Connect,Bank Transfer,1,116.74146786050753,320616410.6435093,66,1,103.0,1,1
c7018210-b04d-40ae-b2aa-af0a9972ba03,Female,65,Suburban,1,1,Two Year,Standard Connect,Bank Transfer,1,35.53970960344128,109206298.3277738,60,2,55.0,0,0
86fff6e2-9be5-43e1-8d26-8e4574f7b1d0,Female,68,Urban,0,0,Month-to-Month,Premium Connect,Digital Wallet,1,111.51470927541664,268707156.95303345,68,1,64.0,0,1
76e5eaa4-e434-49fe-a7b6-4fd5e35eb382,Male,19,,0,1,Month-to-Month,Standard Connect,Bank Transfer,0,45.22711848479936,2351.810161209567,52,1,56.0,0,3
084e7e7f-a384-4085-8e3d-a35a41f8b92e,Male,53,Urban,1,0,Month-to-Month,Basic Connect,Credit Card,0,42.053330089868815,125427440.54950003,39,2,51.0,0,3
0574d7e9-5d61-41f7-9b92-f4e2f0354631,Female,78,Urban,0,1,Month-to-Month,Basic Connect,Bank Transfer,1,50.08123326090167,103401246.29755393,52,3,60.0,0,0
78dc69fe-3c46-43b1-afa1-015ac16e03b7,Male,59,Suburban,0,0,One Year,Basic Connect,Digital Wallet,0,20.0,49478028.83562082,57,1,25.0,0,0
ee70d911-480c-43dc-ba70-adcd69be0c33,Female,59,Urban,0,0,Two Year,Standard Connect,Bank Transfer,0,61.71910740105859,154497408.709583,69,3,75.0,0,0
49b18a31-4875-47aa-8738-22b3921c4fdc,Female,73,Suburban,0,1,Month-to-Month,Basic Connect,Bank Transfer,1,64.08552025648723,66069900.12167064,48,0,46.0,1,3
52c5b4b1-990e-405c-bf34-f4608bd5865a,Female,64,Rural,0,0,Two Year,Premium Connect,Mailed Check,1,64.08552025648723,248849037.81290367,42,1,70.0,0,1
35512842-74de-482a-8eb3-4c10287c88ca,Female,82,Suburban,1,0,Month-to-Month,Standard Connect,Bank Transfer,1,38.71675599244106,84381558.87246372,62,2,25.0,0,0
b65725a0-37cc-49cb-9156-b365c48460cf,Female,83,Suburban,1,0,Month-to-Month,Standard Connect,Digital Wallet,0,87.24313079706528,4972.858455432721,57,6,93.0,1,0
fae0e339-ae9a-4996-bd19-236eff3f0de8,Female,18,Urban,0,0,One Year,Basic Connect,Credit Card,0,20.0,700.0,35,1,34.0,0,3
0df0bfa6-6713-4700-a523-25c93b21e3b3,Female,64,Suburban,0,0,One Year,Standard Connect,Bank Transfer,1,68.42041632081842,193613503.32767355,63,2,97.0,1,0
9c3fd6f2-202d-4671-beb0-d7a4da0e2a1e,Female,60,Rural,1,0,Month-to-Month,Standard Connect,Bank Transfer,0,64.08552025648723,191470696.9411371,40,1,78.0,1,3
cdfd55a8-ac0c-407e-93a1-a3ca088bf183,Male,82,Suburban,1,1,Month-to-Month,Basic Connect,Bank Transfer,1,39.03124476451137,98412126.03638151,49,0,64.0,0,3
a50ef5de-5ddd-4f3b-a734-5e73f9d722c0,Male,36,Rural,1,0,Two Year,Basic Connect,Credit Card,1,47.44496777515482,2182.468517657122,46,1,62.0,0,3
a3a345bc-4c73-4cd5-bcf1-b8fc6e646597,Male,32,Urban,0,1,Month-to-Month,Standard Connect,Bank Transfer,0,80.28307574776059,132256774.0213537,40,0,67.0,0,3
20821a74-44e6-499e-baf4-4843a6cf16d1,Female,29,Suburban,0,1,Month-to-Month,Basic Connect,Bank Transfer,1,21.93269265233507,57772067.970596425,65,2,64.0,0,0
3139391f-7fed-4179-9661-8fc9ff6e4081,Male,24,Suburban,1,0,One Year,Basic Connect,Bank Transfer,1,44.67432480378855,72154290.34408303,45,0,58.0,0,3
e66c995a-fd89-45de-bbf6-cf15209a6027,Female,40,Suburban,0,1,Month-to-Month,Basic Connect,Mailed Check,1,26.50044246472886,81142751.48294465,40,2,25.0,0,3
cde5ac04-ee52-4f39-833c-6e2a069816d5,Non-Binary,23,Urban,0,1,Month-to-Month,Standard Connect,Bank Transfer,1,99.21340747913392,255159401.25803617,55,0,142.0,0,1
04806473-b5fe-41fc-b2d4-27535009391d,Female,43,Suburban,0,1,Month-to-Month,Standard Connect,Credit Card,1,62.19257945729992,123876002.42914024,59,1,75.0,0,0
9d6d96d4-f6c1-46a6-8e16-b5c03a4a690d,Male,77,Urban,1,0,Month-to-Month,Premium Connect,,1,100.92240286459742,204835940.8617219,41,1,83.0,1,1
8a5cca2f-75e5-44f9-961f-78d43c21b042,Female,25,Rural,1,0,Month-to-Month,Basic Connect,Bank Transfer,0,20.0,32427876.96785785,38,1,26.0,0,3
1d9eb93f-737d-46ed-af4a-deeeac980d44,Male,81,Suburban,1,0,Month-to-Month,Standard Connect,Credit Card,0,67.02788894470687,183108270.81756693,35,0,60.0,1,3
414aa474-8164-4f62-a8fe-0c68cf0089b6,Male,57,Rural,1,1,Month-to-Month,Premium Connect,Credit Card,1,109.49973174568322,5365.486855538478,49,3,64.0,0,3
350df272-5d7e-49af-95de-a45102e26d98,Male,25,Suburban,1,0,Month-to-Month,Premium Connect,Credit Card,1,102.794065442116,168580497.32149193,50,1,80.0,0,1
ab5b4ee1-53c7-4e3b-9c09-5bc4c8b419b3,Male,65,Suburban,1,0,Two Year,Basic Connect,,1,21.869525317125284,57054469.157547005,59,0,18.0,0,0
21eaa786-4283-4faf-8159-d91abb558ba8,Male,62,Urban,1,1,Two Year,Premium Connect,Digital Wallet,1,80.3949052058081,5064.879027965911,63,6,100.0,0,0
c2e7b3bb-ddad-40a1-8ee9-3022bb84bdad,Female,51,Urban,0,0,One Year,Premium Connect,Mailed Check,0,322.5244397320207,223042498.2177865,40,26,2164.022785,0,2
579517d8-0171-4a06-9003-59edd53528d6,Female,39,Suburban,0,0,Month-to-Month,Basic Connect,Mailed Check,1,20.0,39080276.56312552,35,0,28.0,0,3
917bed22-9656-49f9-bc16-23d6a99276e8,Male,28,Suburban,1,0,Two Year,Premium Connect,Bank Transfer,1,94.28979655259442,259088912.7270186,36,3,138.0,0,1
6fd565b2-28d0-4b40-8a77-f7da1e486b7c,Female,49,Rural,0,1,Two Year,Standard Connect,Bank Transfer,0,75.00387330529625,159748471.5458545,67,1,82.0,0,0
fce5a0b1-1a60-460a-bd0f-ded0f9dcf9c6,Male,21,Rural,1,0,Month-to-Month,Basic Connect,Credit Card,1,37.10718372012102,54478249.55830185,48,2,36.0,0,3
abb25780-35d8-4210-abdf-51a9d791d121,Female,84,Urban,0,1,Month-to-Month,Basic Connect,Bank Transfer,1,55.328378202690615,2711.0905319318404,49,3,42.0,1,3
c367b633-9970-464c-9e52-d978ee6a3a23,Male,68,Rural,0,0,Two Year,Standard Connect,Digital Wallet,0,62.38161034371371,155280837.89770657,47,0,72.0,0,3
3a286ad4-86b2-4d63-99aa-6c3d9e886430,Female,22,Urban,0,0,Month-to-Month,Basic Connect,Credit Card,1,20.0,51136539.51641235,34,3,26.0,1,3
ad30820d-a90b-4a56-8557-5a3fdc067383,Male,55,Urban,0,0,Month-to-Month,Basic Connect,Bank Transfer,1,37.330060318412,71472501.7981063,41,1,32.0,1,3
733fd4f1-58bf-4c2e-a981-d8d99331c55c,Female,20,Urban,1,0,Two Year,Premium Connect,Credit Card,1,114.07107139946348,299102846.29937536,60,3,159.0,0,1
ce92cd2f-b0cb-4ba6-81bd-d7c63a16ada0,Male,33,Urban,0,0,Month-to-Month,Standard Connect,Credit Card,1,62.40666515046054,171645010.04941407,63,2,79.0,0,0
385a7199-4f82-40d0-8f60-488cf39c0755,,54,Suburban,0,1,Two Year,Basic Connect,,1,51.29939966949249,1846.7783881017288,36,3,56.0,0,3
4294c068-52e6-4444-9161-e35da7e96a61,Female,49,Rural,1,0,One Year,Standard Connect,Bank Transfer,0,83.01719163378002,146422126.4386059,58,1,107.0,1,0
c7cc0d95-687d-4f49-a460-28c36123a29d,Male,54,Urban,0,0,Month-to-Month,Basic Connect,Mailed Check,1,31.94578258541144,1565.3433466851604,49,1,32.0,0,3
40c06936-05a3-4023-b28c-ba975a3e04d5,Female,62,Suburban,0,0,One Year,Premium Connect,,0,100.23849869977686,211139675.122251,53,1,101.0,0,1
9969a209-d79b-4d6f-99c8-1364a8f22364,Male,53,,0,1,Two Year,Premium Connect,Digital Wallet,1,98.82941813338984,278131342.3645742,42,1,64.0,0,1
a0b93d45-f586-40db-b840-3f634cc7da40,Female,51,Urban,0,0,Month-to-Month,Standard Connect,Digital Wallet,1,63.3868089637912,151422789.5888167,45,1,37.0,0,3
99c78f0e-9e9f-4486-ad8c-47dd2e4dc90d,Male,34,Urban,1,0,Month-to-Month,Standard Connect,,1,50.60221433784926,154702127.15956205,58,1,52.0,0,0
bdc97ced-bd12-4b91-af37-e27acc08ccde,Female,50,Suburban,1,1,Two Year,Basic Connect,Bank Transfer,1,32.155192896035494,82949750.53199533,36,2,26.0,0,3
e402c824-c703-4434-9c45-3b996b7e7a1f,Non-Binary,60,Suburban,1,0,Month-to-Month,Standard Connect,Credit Card,0,84.33296458902144,140580727.1586058,56,0,51.0,0,0
7c63d0b2-4a6f-4353-9525-6f1d3e7f1f70,Male,26,Rural,0,1,One Year,Basic Connect,,1,57.76958133473263,82752851.55030857,38,1,53.0,0,3
3e216cc0-5acb-43da-9db3-36401d377af4,Female,82,Suburban,0,1,Month-to-Month,Basic Connect,,0,20.0,1040.0,52,1,26.0,0,0
3f79a642-473a-46b8-aa8e-127a3a1d81ec,Female,50,Urban,0,0,Month-to-Month,Premium Connect,Mailed Check,0,95.82150583527674,204230802.499008,69,1,97.0,1,1
98920032-fbdc-4e00-9dfb-788de2e148b8,Male,57,Urban,0,0,Month-to-Month,Standard Connect,Credit Card,1,78.84724000290166,239459271.2128436,69,0,62.0,0,1
de12f702-0c92-4756-8313-d070611ff761,Female,32,Urban,0,0,Month-to-Month,Premium Connect,Credit Card,1,84.43174579649559,214017411.84136903,63,0,127.0,0,1
ca70f334-de85-41f7-aba7-a31e39797307,Male,41,Suburban,1,0,Month-to-Month,Standard Connect,Credit Card,1,64.08552025648723,185970524.60072,35,0,82.0,0,3
acf6e542-581e-402e-9263-8e5ca528c525,Prefer not to say,21,Suburban,0,0,One Year,Standard Connect,Credit Card,0,64.08552025648723,238427670.7445051,46,2,69.0,1,1
ac887f70-098b-4ac7-b939-4270f7482630,,48,Urban,1,0,One Year,Standard Connect,Bank Transfer,1,77.03309633120321,125930895.35388964,61,1,64.0,0,0
44dc3e95-2ee0-4321-89cd-dfa28b6dc3b3,Prefer not to say,46,Urban,0,1,Month-to-Month,Standard Connect,Credit Card,0,48.68422325543765,83958735.09054992,46,0,41.0,0,3
9aa8f547-571f-4071-a8e6-6056d241cdb8,Female,46,Urban,0,0,Month-to-Month,Premium Connect,Credit Card,1,98.95939561649884,177196822.097055,34,1,59.0,1,3
55d59ba9-8b8e-4786-a297-8dd50099c281,Male,76,Suburban,1,0,Month-to-Month,Premium Connect,Digital Wallet,1,97.57800292465257,4781.322143307976,49,1,64.0,0,3
5d634c02-ffa3-458c-8fe3-7c830ca26d65,Female,26,Urban,1,1,Month-to-Month,Standard Connect,,1,44.41262111192199,91716628.65263544,36,3,41.0,0,3
63128a1c-3a5f-46b2-9e12-2a6f212fa829,Male,32,Urban,1,1,One Year,Premium Connect,Digital Wallet,0,104.07238796449155,296217751.16389173,57,2,75.0,0,1
d020db61-434e-479d-b236-785e2c49c1d0,Male,34,Urban,0,1,Month-to-Month,Basic Connect,Mailed Check,1,52.54896029712094,84404425.08895327,63,2,47.0,0,0
7848c3ac-9daa-47ad-9cfb-6928272cd438,Male,78,Suburban,0,1,Month-to-Month,Standard Connect,Bank Transfer,1,61.57545486705104,97957128.6711716,58,0,61.0,0,0
b61a6877-d1fc-42ef-8406-375118e99d28,Female,30,Suburb,1,0,Month-to-Month,Basic Connect,Credit Card,1,34.49589400295031,1414.3316541209626,41,0,47.0,1,3
d7bb59ad-010b-4879-b964-e6e2de57dc0c,Male,28,Urban,1,0,Month-to-Month,Basic Connect,Credit Card,0,36.07512884045492,108264240.56797528,40,1,40.0,1,3
65ee470e-37d0-405c-8225-999150469d52,Male,20,Suburban,0,1,One Year,Standard Connect,Credit Card,0,82.28097486197635,166098958.91168243,67,1,104.0,0,0
33afe230-4da0-47ed-9f06-7d703a76e100,Female,83,Rural,0,0,Month-to-Month,Basic Connect,Bank Transfer,1,22.01456217381309,50522088.68480552,48,2,64.0,0,3
79d60041-14ab-4050-9d5b-c7bc3a63ae79,Male,30,Suburban,0,0,One Year,Standard Connect,Bank Transfer,1,62.15930194754996,140265389.0166979,46,2,85.0,0,3
3db354e6-2f27-448c-bb57-01e991596b48,Male,53,Urban,0,1,Month-to-Month,Basic Connect,Credit Card,1,51.10166668490058,152084437.90990537,57,1,51.0,0,0
47b42087-b567-4ca4-811a-2061da3ab253,Prefer not to say,81,Suburban,0,0,One Year,Basic Connect,Credit Card,0,40.25260256570982,87204989.15656714,66,1,45.0,0,0
3904034b-d005-4604-870b-70889dcac0c4,Male,69,Urban,0,0,Month-to-Month,Premium Connect,Digital Wallet,0,107.68748030134692,312765859.9875717,42,2,64.0,1,1
5995a4d6-7435-429d-930b-273a9bae99a2,Female,44,Urban,0,0,Two Year,Standard Connect,Credit Card,1,101.26791964958554,4050.7167859834217,40,3,56.0,0,3
1b20aaa6-c5a7-4910-82a1-9b2401c67254,Male,51,Urban,0,0,One Year,Premium Connect,Credit Card,0,69.5872235143589,162691555.0219999,36,1,79.0,0,3
4ade7065-ba46-4504-b414-da3ed00dec3d,Female,21,Rural,0,1,Month-to-Month,Basic Connect,Bank Transfer,1,55.558082740768754,96481269.9102658,69,1,34.0,0,0
db3d669f-4485-4b6c-8fc1-f76b4575b92e,Male,51,Urban,0,0,Month-to-Month,Basic Connect,Credit Card,1,32.1891400810467,1899.159264781756,59,0,64.0,0,0
39c3d77c-db6f-46aa-a3c8-289d69af7fc4,Female,51,,1,0,One Year,Standard Connect,Mailed Check,1,74.32037666359929,207260600.23016107,57,1,87.0,0,1
96182aea-4b15-4565-abe3-4080aa3afba0,Male,59,Suburban,0,0,Month-to-Month,Premium Connect,,1,105.54623932950618,173263757.314266,36,0,78.0,0,1
9f4d69d7-337d-4a55-a336-658a325f9b17,,24,Urban,0,0,Month-to-Month,Basic Connect,Bank Transfer,1,20.0,1380.0,69,3,22.0,0,0
89a10d80-5e90-4322-8a07-7bfe5cb27de9,Male,36,Suburban,1,0,Month-to-Month,Premium Connect,Bank Transfer,0,87.97866904471294,189096576.0252467,59,2,79.0,1,1
f8d17043-8445-4e08-9ae2-bf3ab9c0b93b,Male,53,Urban,0,0,Month-to-Month,Basic Connect,Bank Transfer,0,36.260125649803626,2356.908167237236,65,1,30.0,0,0
a5188522-af86-4694-8c7a-a1ead3f5c65b,Female,43,Urban,0,1,One Year,Basic Connect,Credit Card,0,25.656080951094005,74695208.49393445,67,0,30.0,1,0
14c9b495-9586-4627-ba6f-3a981b28df56,Female,39,,1,1,Month-to-Month,Basic Connect,,1,26.74009286685424,72022283.1128843,42,2,28.0,0,3
f16e1af5-69e5-4da3-831e-8541600beb0e,Female,46,Rural,1,1,Month-to-Month,Premium Connect,Digital Wallet,1,92.1445901578482,242083957.45753697,47,0,61.0,0,1
4e45853d-7b54-44d5-8362-64f1c2f462d2,Male,27,Suburban,1,0,Two Year,Standard Connect,Digital Wallet,1,69.39298628006222,119827612.4421113,50,0,63.0,0,3
a701c90f-9e85-489a-bb87-49801ec2f972,Female,70,Urban,0,0,Two Year,Premium Connect,Digital Wallet,0,113.202717014424,349089570.7979508,37,2,68.0,0,1
0ec43768-66c9-41a0-857a-5e02093698ba,Female,46,Urban,1,0,Month-to-Month,Premium Connect,,0,103.48144661430388,193386732.838065,64,1,133.0,0,1
4e34fe84-b125-4573-a577-4104ce826e14,Female,51,,0,1,One Year,Premium Connect,Credit Card,1,98.06727694703405,257491999.4470985,67,1,54.0,0,1
99dd6b26-9e7c-4282-87a3-3f88881528b6,Non-Binary,51,Urban,0,0,One Year,Basic Connect,Bank Transfer,1,43.11725820549447,69856468.83800636,65,1,47.0,0,0
6d641d83-0000-40f7-8bd0-92b13644f83b,Female,56,Rural,1,0,Month-to-Month,Premium Connect,Credit Card,1,64.08552025648723,130190294.85737722,69,2,64.0,0,0
52d4df0d-4399-4268-9754-f6a1a38a4c50,Female,35,Urban,1,0,Month-to-Month,Premium Connect,Credit Card,1,96.78960917515182,219378885.1972326,61,3,137.0,0,1
4f25c204-3fd9-45c1-86b9-e318773ad126,Male,37,Rural,0,1,One Year,Basic Connect,Credit Card,1,42.55789458149568,110261897.3482949,36,0,48.0,0,3
eb544f31-88ea-4c2d-8d59-743d4218e58f,Non-Binary,35,Urban,0,0,Month-to-Month,Premium Connect,Mailed Check,0,103.70937486503824,209503789.3577756,53,2,146.0,0,1
1053fea0-fac4-47fa-be16-be4e886f577c,Female,62,Suburban,0,0,One Year,Basic Connect,Digital Wallet,1,64.08552025648723,69576086.82908933,67,1,33.0,0,0
c70ea02f-ec1f-4a8f-a987-586aa82bc188,,51,Suburban,1,0,One Year,Standard Connect,Mailed Check,1,69.91299167445813,121270702.05279692,57,2,81.0,0,0
dc8a2380-716e-470f-ac40-2f9a35a895b5,Female,56,Urban,0,1,Month-to-Month,Standard Connect,Digital Wallet,0,30.51274102956278,43920040.05661582,44,2,41.0,1,3
523b7211-a4fb-4311-a1a1-f1a61aac5c58,Female,77,Suburban,0,0,One Year,Premium Connect,Mailed Check,1,140.54605799409387,402875244.3112743,51,0,165.0,0,1
e0ff929c-f0a9-45ab-b0a6-15399cd6d057,Male,40,Urban,1,1,Month-to-Month,Standard Connect,Digital Wallet,0,106.21030435980362,306876344.33294195,65,1,125.0,0,1
aa8da02c-c90e-4caf-b736-ff14671e6521,Female,59,Suburban,1,0,Month-to-Month,Premium Connect,Credit Card,1,104.1060799638963,313662793.4282034,51,0,67.0,0,1
fe25490f-417d-4421-9fca-0d96573773ef,Non-Binary,69,Suburban,0,0,Month-to-Month,Basic Connect,Credit Card,0,28.03050920755196,78649201.65067261,65,3,24.0,0,0
62bdf774-0a02-4898-87dd-41eb1f283022,Female,78,Suburban,0,0,One Year,Basic Connect,Mailed Check,1,20.0,34984188.63921803,41,1,28.0,0,3
1b6c2f83-344a-4b4f-8be3-9773b548898f,Male,83,Rural,0,1,Month-to-Month,Standard Connect,Digital Wallet,0,73.9244512084578,166247448.86888325,49,1,49.0,1,1
de2ddc3d-475d-4cdc-927f-1577fb2542e6,Male,66,Urban,0,0,Month-to-Month,Basic Connect,Bank Transfer,1,35.8690269798169,60140292.03368752,56,2,48.0,0,0
ce04a52c-55c5-4543-a8c2-5c5c200aab5c,Male,51,Suburban,1,0,Two Year,Basic Connect,Credit Card,1,46.80926017800093,119210427.61903957,47,0,46.0,0,3
e8e66b10-ae00-4aee-90c1-aa050597843b,,32,Suburban,1,0,Two Year,Premium Connect,Credit Card,0,64.08552025648723,273791876.6630696,66,2,64.0,0,1
f23bc5e8-e024-4b1a-83ea-a9afc7741871,Female,19,Urban,0,0,Month-to-Month,Basic Connect,Credit Card,1,28.785581975648203,71256181.65731221,59,1,21.0,0,0
a8d48503-1e57-45e9-936d-ee9a87dc674f,Female,26,Urban,1,0,One Year,Premium Connect,Credit Card,1,81.26987722156254,169498106.13259244,35,2,68.0,0,3
16ae3325-49a6-4f0f-9fa3-cea66a9cb6ed,Male,80,Urban,0,0,Month-to-Month,Premium Connect,Bank Transfer,0,103.1105716636684,147496457.86358652,69,3,148.0,0,0
c4bcedc3-0c10-4422-a64c-df6518f3c14a,Female,54,Urban,1,0,Two Year,Standard Connect,Credit Card,1,90.2338188661856,275398500.08829176,61,0,122.0,0,1
77b25b9e-b94d-4047-a473-290518bb3bf9,Male,80,Urban,0,1,Month-to-Month,Basic Connect,Bank Transfer,1,22.60837152802824,49361262.8106522,65,1,25.0,0,0
1205f478-9657-45fe-8cd0-52947657a739,Female,84,,0,1,Two Year,Standard Connect,Credit Card,1,95.74108036375804,226608409.0537417,45,0,140.0,0,1
b3942163-c378-47d9-bb9e-01ec3fcca50c,Male,35,Rural,0,0,One Year,Standard Connect,Digital Wallet,1,58.36467126849571,146888789.76234245,39,0,64.0,0,3
f4b63a1d-6646-435c-a13d-f9dfba7531db,Prefer not to say,69,Urban,0,0,Month-to-Month,Basic Connect,Bank Transfer,0,52.61268981860434,95614092.54624672,35,2,37.0,0,3
15be5a10-3c80-4e46-997d-76e34edb8e98,Female,53,Suburban,1,0,Two Year,Basic Connect,Bank Transfer,0,31.322504011984872,49542712.67158909,58,3,32.0,0,0
56517c21-c969-477c-9ea3-42cbb64a5e2a,Prefer not to say,51,Suburban,1,0,Month-to-Month,Premium Connect,Credit Card,1,105.53030569039174,316139995.3054292,43,0,79.0,0,1
bcca959e-ea2f-480c-8023-c40009a77a8b,Male,51,Rural,1,0,One Year,Standard Connect,,1,38.79050260746008,2288.6396538401445,59,1,37.0,0,0
d04a92ea-a359-448d-8b6a-a116635759b0,Female,42,Urban,1,0,One Year,Basic Connect,Credit Card,1,42.16346827960932,85904351.57694553,57,1,50.0,0,0
5d541f51-ef8d-4bdd-9bcc-9c8d11733820,Female,57,Rural,1,0,Month-to-Month,Standard Connect,Credit Card,0,69.36532554346137,153570129.06398007,57,0,76.0,0,0
991e562d-00d4-4480-a4f2-b7cc01188b9f,Female,39,Rural,0,0,Month-to-Month,Basic Connect,Digital Wallet,0,64.82373229304068,159693751.04105335,69,1,55.0,0,0
12961e0c-5ccb-480e-803d-391dbc0209a1,Male,67,,0,0,Two Year,Basic Connect,Digital Wallet,1,64.08552025648723,105537876.81266063,52,3,69.0,0,0
b948d01c-6441-4bf1-becc-77261e1e2581,Female,40,,0,0,Month-to-Month,Standard Connect,Mailed Check,0,56.76022338072552,124147592.35089898,56,1,58.0,0,0
058de74d-448a-49ca-bf26-1b5d08084f7d,Male,25,Rural,1,0,Month-to-Month,Standard Connect,Credit Card,0,78.02935278330683,127660484.48622184,47,0,59.0,1,3
461fd4c8-32ce-4e81-aed1-159c384e4fdb,Prefer not to say,28,Rural,0,0,Month-to-Month,Standard Connect,Bank Transfer,0,51.11259320936463,3475.656338236795,68,0,74.0,0,0
166b815c-81d0-42dd-9280-5e87a960f2be,Female,56,Urban,1,1,Month-to-Month,Premium Connect,Digital Wallet,1,117.5630172989535,5643.024830349768,48,3,81.0,0,3
f554d7f5-5900-409f-bd73-e06bde916306,Female,29,Rural,0,1,Two Year,Premium Connect,Credit Card,1,64.08552025648723,204868436.780696,42,1,87.0,0,1
98193889-7447-47b2-b060-8f406317cde5,Male,69,Urban,1,0,Month-to-Month,Basic Connect,Digital Wallet,1,40.13921524909464,137758433.10125902,34,0,38.0,1,3
9cb73f92-0d29-419d-a7f7-0b0c8e8b81cc,Male,19,Urban,1,0,Month-to-Month,Standard Connect,,1,74.23111625241219,167430993.12418342,45,1,64.0,0,3
49d17f84-607a-436b-be90-739ad9eeac87,Female,44,Urban,1,1,One Year,Basic Connect,Credit Card,0,39.31996799801302,65613211.19216061,40,2,36.0,0,3
1a2186ab-7180-4c6a-bf99-f5d0fb8ffe54,Female,26,Urban,0,0,One Year,Premium Connect,Credit Card,1,114.87823823929216,287786229.9573272,66,2,117.0,0,1
69db8c68-e66a-4e8e-8b0c-b5b59a83bd22,Male,79,Urban,0,0,One Year,Standard Connect,Credit Card,1,83.00329479737863,139127645.9713402,50,1,90.0,0,1
674a9671-f528-4016-9472-5bbdec8b4232,Male,47,,0,1,Month-to-Month,Basic Connect,,1,24.10518310979727,58878907.97838165,55,0,27.0,0,0
ee3fce8f-b790-4fd9-b197-6a2d438a71d4,Female,29,Urban,1,1,One Year,Premium Connect,Bank Transfer,1,103.94840446622086,219073540.59037155,36,2,111.0,0,1
bd194b22-7f38-4887-a3a2-a5782e7c5425,Non-Binary,52,Urban,0,0,Month-to-Month,Basic Connect,Bank Transfer,1,38.330267677617655,64073568.95399622,65,1,30.0,1,0
5129fe94-e75b-460a-b8f1-9d5001c24a98,Female,59,Rural,1,0,One Year,Premium Connect,,0,115.6951635934012,266673755.93522057,51,3,142.0,0,1
ae99c2b1-a40e-41ea-aabb-8f757e538cc9,Male,74,Urban,0,0,One Year,Basic Connect,Bank Transfer,1,34.346612408828186,59017735.0209268,60,1,36.0,0,0
b46ed755-6893-40bb-a0cd-f91343e8ecbf,Female,45,Urban,0,0,Month-to-Month,Standard Connect,,0,82.14667672741936,128475582.5968624,50,1,119.0,0,1
30ed532f-fc7f-426e-a468-be9e25a8b670,Male,51,Urban,1,0,Month-to-Month,Premium Connect,Digital Wallet,0,95.25089101274612,248231136.8744092,42,1,79.0,1,1
17b963cd-8fa6-4e84-bd45-b7888a42d413,Female,44,Urban,1,0,Two Year,Standard Connect,Bank Transfer,1,88.84800847560518,6041.6645763411525,68,2,108.0,0,0
afd06453-d3a3-4c29-b457-473b3b159507,Male,31,Urban,0,0,Two Year,Standard Connect,Credit Card,0,67.15980028797881,147155506.62746316,47,2,64.0,0,3
c8cddd17-d165-46e2-9ca6-65cb716283b5,Female,40,Rural,1,0,One Year,Standard Connect,Credit Card,1,67.3338402680991,152736481.95070922,55,3,40.0,0,0
eb9fd36f-c0c6-4183-9d9e-fe9f66e64a01,Female,47,Suburban,0,1,Two Year,Basic Connect,Bank Transfer,0,53.92085557880274,151899967.4941807,60,0,82.0,0,0
eb81556b-eed2-48a0-a44b-feda3c15f509,Male,64,Urban,0,0,Month-to-Month,Premium Connect,Bank Transfer,1,98.94371748451697,258689654.3862563,41,0,143.0,0,1
baeb4092-ec4f-41fc-9589-e07f6f8c0fd6,Female,24,Rural,0,1,Month-to-Month,Premium Connect,,0,103.93780637117312,275734695.7776744,63,3,145.0,0,1
3ea29e33-588e-47a4-8b13-3f379862ec10,Female,47,Urban,0,0,One Year,Standard Connect,Bank Transfer,1,58.945792268192655,140989797.41194806,47,3,58.0,0,3
