CustomerID,Gender,Age,Location,HasPartner,HasDependents
9e9da9d2-1d0a-49f5-ba1d-915e2ec6f901,Female,39.0,Suburban,No,No
0c7fc7cd-9c76-457f-aa60-8a72f33e7b97,Male,70.0,Urban,No,No
bce86d60-cdda-414f-96bf-462b3eac3eb1,Male,57.0,Rural,Yes,nan
82e263d7-d7b9-451c-b2a2-e6b2f7e600ee,Male,51.0,Urban,No,No
22f92b0a-4d6b-4339-87c6-e1c6deba5a6f,Female,67.0,Rural,No,No
f08ee37d-1eaa-4dda-b624-fc7bd7ce0534,Male,36.0,Urban,No,Yes
51e66c2f-1aa3-4466-9f8c-6ff602cd32d7,Male,53.0,Urban,No,No
a3946347-5221-4150-b7db-7a53a82d9d22,Male,33.0,Rural,Yes,Yes
a4a0bac6-3e9a-4508-bafc-03b404c2acf0,Male,26.0,Rural,nan,No
a0c252d3-162e-4b15-9f78-a9b645750dda,Male,45.0,Urban,Yes,No
c924ca7a-869a-4c06-8b1c-424903ae0cec,Female,56.0,Urban,Yes,Yes
1a867ef8-e0cd-413e-9076-ae601f0e9571,Female,39.0,Rural,Yes,Yes
6333b54c-859f-47cb-ae6b-982eec90870b,Female,33.0,Urban,No,No
406c957e-3717-4675-bbdf-e79c5c86798c,Female,45.0,Rural,No,Yes
a1564fc7-31a0-40dd-9ecc-ccb67eeb17d9,Female,,Urban,No,No
2702d2a3-4faa-47a7-a6ba-5cbf609f4a08,Female,53.0,Urban,Yes,No
34617c78-9688-460d-9302-531130d43f56,Male,54.0,Urban,No,Yes
e4e18a74-200c-4134-95fb-5a8862e003e9,Female,69.0,Urban,No,No
d15e0a3f-1190-4f04-a841-46e4bda0a24d,Prefer not to say,78.0,Urban,nan,Yes
78c42078-b3ba-4cb1-9188-bce10207b6ba,Male,82.0,Rural,nan,No
5443a540-beb5-4c36-88c8-9235510ce7d1,Male,38.0,Urban,Yes,No
b8e75322-3c0e-4d6c-a845-af22f3ac5f66,Female,22.0,Urban,No,No
fc99cdef-5269-4c09-9181-81b06360dc1c,Male,60.0,Urban,No,No
adf49456-b234-48be-a398-cfaafdf83d38,Male,84.0,Suburban,No,Yes
a0bdbdfb-a33d-4ff9-9d6c-71ec394895be  ,Male,44.0,Suburban,No,No
647f0d7b-31e8-414b-a2c8-6a888b69149c,,27.0,Urban,No,No
da363aba-e117-4f95-9e60-acb3cad720cd,female,37.0,Suburban,No,No
6f4134e7-9ba0-4d82-83e9-9417bc7b35bf,Male,28.0,Suburban,Yes,No
62407455-b04e-4f65-9311-cbb210047db4,Male,33.0,Urban,No,No
4e56ff3d-b008-4881-84b1-ec3d05500e0e,Male,22.0,Rural,Yes,Yes
e51db351-7e1f-4fa3-b12a-34de9a262a3d,Female,41.0,Urban,Yes,Yes
1f22cb3f-3d8f-4698-a897-71ef322f00ad,Female,64.0,,No,No
b3028f09-55f0-43d1-9693-0965fd97f933,Male,73.0,Rural,nan,No
a5a3b88d-deb4-43d7-8bf8-59501d68c22b,Male,32.0,Suburban,No,No
1c117e14-630c-429c-aa1e-1a0ec2a7b997,Female,50.0,Countryside,No,No
27c1d8ee-a0bb-43e0-a6f8-f6a98dc5f453,Female,36.0,Rural,No,Yes
13f5ef6e-9caa-41f4-9f39-490e4cfc8362,Female,33.0,Rural,Yes,No
046e6eb0-7ff0-46de-b386-1ffcae63da26,,39.0,Urban,TRUE,Yes
973ebbc1-d418-43e1-8af5-3a4fb98244c0,Male,81.0,Suburban,Yes,No
a6345b14-a26f-4230-ae85-1bea28f5f618,Female,,Rural,Yes,Yes
23265a64-0a5f-4f0b-b697-6d97cab4dda6,Non-Binary,-5.0,Suburban,No,Yes
224bfc4b-fa9c-4fd1-a5cc-f8c303d48e33,Female,55.0,Rural,No,No
edac0175-3951-494e-b90f-9e9fd098bad1,Female,,Urban,no,No
cb5785fc-3bd1-4d11-b30f-c7dbbe80e723,Male,39.0,Urban,No,Yes
86519ea1-e905-4c5f-a77e-e2d0d8e91665,Female,32.0,Urban,No,No
45a4b586-9460-4d04-80f9-0c5ef68435ef,Female,55.0,Suburban,No,No
0c8f7baa-e9db-4502-85ce-becf0138f43a,Female,34.0,Urban,No,Yes
70c219b8-180a-4045-99f8-b81322002329,Male,65.0,Urban,No,Yes
84a76f9a-d7e0-4b7b-81dd-baedeb69dfc2,Female,67.0,Urban,Yes,No
87094c29-fec1-459f-9064-a12171a01eed,Male,29.0,Rural,Yes,No
7c5154e1-f9d4-4176-891c-f4dc204ea997,Female,81.0,,No,No
b6c93c12-a36e-4e79-b3ea-9ee4ff7e7741,Male,69.0,Suburban,No,No
b10753a0-0507-4ec0-af93-e1ae6b4d7981,Male,63.0,Suburban,no,No
f34bb9ec-8724-43bd-a27d-79064e104eb9,Female,51.0,Urban,No,Yes
7afe77ae-baf7-41ba-98f9-aa707ea4fbae,Male,33.0,Suburban,Yes,No
55ad93ed-295b-4ba6-b7eb-9898f89f3aa7,Female,25.0,Suburban,No,No
2988129a-3cb0-45f5-a7d2-10db0574b100,Female,24.0,Suburban,No,nan
649eb3e6-e796-467c-8609-7659b4f8467e,Male,54.0,Urban,Yes,No
4b9ab2f3-5805-46f4-8933-3cf907d4bd49,Prefer not to say,67.0,Urban,No,nan
68cdbaeb-c1f8-4e0c-8d0e-f01bab0821bf,Male,73.0,rural,Yes,Yes
9c6e8fea-6dc0-4ee5-917a-dcd8e1d83b55,Male,56.0,Urban,No,No
78834ca0-ebfc-4e51-becf-c80f17c7886e,Male,61.0,Suburban,Yes,No
cc5da622-2225-4ed0-aa58-9acb90d30a99,Male,54.0,Urban,No,No
59bcdc90-3e05-4da1-beb9-e52cf5b69ac5,Male,61.0,Rural,No,No
21b6e1c2-a77b-4495-b56a-d7ce42180c75,Male,,Suburban,Yes,Yes
c2c03830-b038-4438-b45b-b8baa2bb47a1,Male,56.0,Suburban,No,No
d7a9abd5-b957-4486-9230-f784293e2bd7,Male,37.0,Rural,No,Yes
89c8d4a8-ec59-44f3-8c9e-6be7b8e24b2a,male,30.0,,No,Yes
c6683481-6272-402d-af70-9b41cf3cad41,Male,47.0,Urban,No,Yes
df45fe1b-35c2-4818-84c8-039568c9df82,Male,34.0,Urban,No,No
692c6964-cec7-417f-afab-ee076a44b013,,80.0,Suburban,No,No
17761771-4b32-421e-b18b-69479d0f40c1,Female,43.0,Rural,No,Yes
ebf36c17-7c29-4cc4-adcf-05d6b92a7f27,Female,48.0,Urban,Yes,No
20bfff79-ed50-4ee6-85c4-52eb755127e7,Male,37.0,Rural,TRUE,No
d083c1ee-6c7a-4010-adc1-633599752b19,female,42.0,Suburban,No,No
a29b3ef6-9044-491c-bdfb-581abaf7b13e,Male,22.0,Suburban,nan,No
9bbb4bae-bd30-4dbe-8eb7-7a6c1a47c60b,Female,20.0,Urban,Yes,Yes
a8d3258a-2fc3-41f6-8a47-9797d3509ba5,Female,56.0,urban,No,Yes
abfada87-8dd6-437e-8aac-0624d36e271b,Male,27.0,Urban,No,No
fbf5b8d3-fe30-4e1d-9e80-7ed355487f06,Female,70.0,Urban,Yes,No
78eb6ce4-5bfe-4599-9d49-84b1d24b6527,Male,82.0,Rural,No,No
5acd63ba-9e2f-45dd-909a-0a03802539b7,Male,72.0,Rural,No,Yes
6a3225d0-c4ba-466e-b393-acd50386b438,Female,37.0,,No,No
68f63958-619a-4841-be57-0bd0a477e941,Male,83.0,Rural,No,No
52b47515-ffcc-417d-ba8a-91e4cea743f4,Male,75.0,Rural,No,Yes
a7e0a213-2470-4f57-878b-d2dff33d96ed,Male,32.0,Suburban,No,No
ba51a619-0233-463f-8a6f-c4107d87fd87,Female,48.0,Urban,No,No
b7fa1138-efa7-4b1e-a766-e1a43caa02b5,Female,63.0,Urban,Yes,No
e0e9a32c-29ad-44d5-a2ab-f00905b0fdd3,Female,81.0,Suburban,Yes,No
54375326-c98a-4a99-9fc2-3b5a896fadf8,Male,22.0,Suburban,Yes,Yes
b5e5dd77-96a2-49ce-a40c-decceacd15ab,Male,63.0,Suburban,no,Yes
aa8587e0-c593-4073-9fb1-9a14a29525b6,Female,49.0,Rural,Yes,No
3b4babba-3fb7-4fac-8438-d83592db5a57,Prefer not to say,66.0,Urban,No,No
1f63afb8-9155-4ded-878e-ee6501538ce6,Female,42.0,Suburban,No,No
2111a265-1db1-47fd-993d-c0032d30011b,Male,48.0,,Yes,Yes
19f52f7e-19bf-4468-81c2-01ee3d7dfc8d,Male,54.0,,No,No
0ce2ea72-dc1f-4c67-9b20-ae8f73fd612f,,60.0,Urban,No,No
f63c54f9-4d37-46d5-9bee-2fc29f45c174,Male,64.0,Urban,No,No
b39f5115-7b38-43de-a5a5-148a36e33b88,Male,18.0,,Yes,No
fbc0ebb3-ffae-443e-a165-31de6911c1e0,Female,42.0,Rural,No,Yes
26d1b94b-fcff-4985-8334-531280f14456,Male,40.0,Suburban,No,No
f9d45751-b071-499b-b95e-1ced94991f23,,28.0,Urban,nan,No
2110857d-ac57-4083-9946-8cddfd9cb9e9,Female,20.0,Urban,No,No
bb043197-052f-4b06-ad98-ca7e9ac8e93b,Female,52.0,Urban,No,nan
c548a4ed-bd11-451a-bc89-4c4960562537,Female,47.0,Urban,No,No
e954a465-4545-499e-a597-d48af9a9cc5a,Female,69.0,Rural,No,No
cff52af1-134f-4df0-8ea6-bcf574de945d,Non-Binary,47.0,Urban,No,Yes
9fe6fdd6-e188-4098-b751-b71bb821e184,Male,57.0,Urban,Yes,No
ea3504c2-ea50-429a-9e27-9482d9297e1e,Male,79.0,Suburban,Yes,No
f50d8533-66af-49e4-9081-02343da6f5d3,Female,66.0,Suburban,No,Yes
3b2ca88f-7672-4af1-b78b-519ad7b94647,Female,,Urban,No,FALSE
389b5127-99a0-436c-9b25-36db679708e6,Female,54.0,Urban,No,nan
2dfcdc8b-aa37-4435-bb73-675d33b182f6,Male,72.0,Urban,Yes,No
d8b8ff62-f2b2-43cc-99e2-22db167267b8,Female,25.0,Urban,No,No
ec9f18a4-4930-4ccd-b1f7-580b842486c3,Female,76.0,Urban,Yes,Yes
480b94d4-1461-4aca-9388-fee8cf8c1e13,,74.0,Suburban,Yes,No
67ff0541-918f-4b31-b610-0d9c994a1a01,Female,43.0,Urban,Yes,No
021603bc-509a-40b8-b042-8067403a7d7b,Non-Binary,75.0,Urban,Yes,Yes
a319ebf7-b9c1-48bc-a18d-6e1bf1ae3a8f,Male,83.0,Rural,No,No
ee7a0e4c-a86f-4246-bef6-ce3cce04bf56,Male,83.0,Urban,Yes,No
33dd3049-ad42-4e77-915a-417faed48b9c,Female,36.0,Urban,nan,No
72f24537-10ab-4525-8585-a6368c3ce399,male,18.0,Urban,Yes,Yes
50db5bba-57ac-4640-8326-710c27a03fa1,Male,39.0,Suburban,No,No
9e66cc2e-c137-465c-9c79-8de05d15d81f,Female,41.0,Rural,No,No
4e62bf6f-0c59-492c-9eca-92a18db1e3c6,Female,29.0,Suburban,No,No
58f8913a-3ceb-4097-97ba-29e9e78daae2,Male,44.0,Urban,Yes,No
70233c03-20d7-4fad-9a2d-fafaa5aca74b,Female,21.0,Suburban,No,Yes
1434f9bb-e7b1-42f5-88c6-27fa76e7c5a8,Prefer not to say,71.0,Rural,No,No
f58c6ca4-c147-412f-9233-23f3464dcc7a,Female,75.0,Rural,Yes,No
97bc5eeb-401e-4617-bb30-d1d685658d0d,Prefer not to say,25.0,Urban,No,nan
7156fd83-7669-4c99-9527-91c5b8ad50b2,Female,75.0,Urban,No,No
9c74a73c-798d-4be4-83db-efe32f0ca924,Female,56.0,Suburban,Yes,Yes
c2094829-dfd2-4237-b4fb-4bce4b7fbd03,Male,73.0,Urban,Yes,Yes
48f47c96-442b-4924-9b98-a17c1e6562cf,,55.0,Urban,Yes,yes
f681887a-8208-4e1e-b954-1a92d6a9ad77,Female,73.0,Urban,No,Yes
fce4181b-cf9c-4403-b5ab-b6f4e0ecab4e,Male,74.0,Suburban,Yes,No
c2beb897-aabf-4c09-a276-9c586c8a82d3,Male,22.0,Urban,No,No
77257684-ebcc-4e67-a1c7-f2539cc02ae2,Female,999.0,Suburban,yes,No
e0e80236-1986-4539-a740-11173adb9d5e,Male,45.0,Suburban,No,No
82a1b8ba-0537-4c70-9f5f-174755bb6b5c,Female,56.0,Urban,Yes,No
7fe85ca8-d830-4462-a74f-70a3f7cdb25c,Female,74.0,,Yes,Yes
2f20f1e5-4fe7-43cd-9dbe-62d35031bdd3,Female,25.0,Suburban,Yes,No
7f446c03-3938-4cd6-b06a-d1a19f64a6bd,Female,62.0,Urban,No,No
dc23bb69-7d0c-42ce-b993-511949a18192,,,Urban,Yes,No
3e753008-5ffa-4f07-afab-7243330d3bd7,Male,67.0,Suburban,No,Yes
a18017b8-5b6d-4f9c-a0a2-e1106cf6031e,Female,58.0,Suburban,No,No
9bef7818-8906-444e-a6bf-a8c28ad5be9e,Female,56.0,Suburban,No,No
229e5a60-f63c-4212-8612-49d988b98bcf,Male,65.0,Urban,No,nan
36a098da-2fa5-47c0-b967-9b3dc9e3e5ba,Male,70.0,Suburban,nan,No
5d9c07c3-3ccf-4912-b091-59e776ce0c11,Female,44.0,Rural,Yes,Yes
808fd37d-95ca-4abe-ab7a-22c9f2177f87,Female,61.0,Urban,Yes,No
07eedd30-3876-477f-b572-253061bd1f47,Male,19.0,Urban,No,Yes
6c2e2eae-8783-4eda-ba2f-19bb31c0afda,Female,,Urban,No,No
4fc0d4c7-196d-4d00-a826-a426d638eb42,,18.0,Rural,No,No
8a6541ea-f4fa-490b-a4a5-e0776bce72a0,Male,58.0,Urban,No,Yes
21e46688-4bf4-4de5-a750-ac18f8eb8f4d,Female,70.0,Suburban,No,Yes
e30ebb72-24c7-4d56-8134-1aed4e9e8b29,,18.0,Suburban,No,No
57c9cd0e-8809-4ad7-9f05-1382bf24aec5,Female,35.0,,No,No
3adb71d0-b274-450b-ad8b-756bd86d0e9b,Female,55.0,,Yes,Yes
cef58cce-6d78-44fb-a7ee-583729f966c0,Male,82.0,Urban,No,No
e79deaaa-78b8-4e4b-9db5-94f9db347230,Female,43.0,Urban,Yes,Yes
ada236aa-2d79-4bad-a4de-cf0d42324da4,Male,19.0,Urban,No,nan
ecc232b6-3c60-48c9-b38b-e6fb59e99cc2,Female,69.0,Urban,No,No
b14d7670-9f1b-4edb-ad0c-70fab4e2a8f8,Female,21.0,Urban,Yes,No
08efdf27-0c4e-44b0-a2d0-08b921c22ca2,Male,78.0,Suburban,Yes,No
7c1b54d0-1b71-4ba9-8457-a6d14e7e372d,Female,58.0,Rural,Yes,No
83fce887-22d8-472f-a6c3-c4d23936c0ae,Female,77.0,Rural,No,No
c2d56766-2a4e-4f6b-9ba8-a587bafdcc82,F,37.0,Suburban,No,No
90a95f86-61e8-4752-8cde-b4ac4c50900e,Female,84.0,Suburban,Yes,No
2cf2a8d8-e1b2-4893-ad38-e0a693515b94,Female,66.0,Rural,Yes,No
ae21f8ac-ff30-4f3b-a934-628b3b3ecc4b,Male,32.0,Suburban,No,No
0eaa0cd6-c95b-44c4-a56f-69dd220dfd5f,Male,75.0,Suburban,No,N
9e5920d6-8aed-47cd-81b5-f5f0b7305499,Female,48.0,Suburban,Yes,No
d27357c9-a7c7-4a53-8c07-53a41a6a7431,Female,27.0,Urban,No,No
c9a8aaf6-2e5f-4b98-8f69-4ea2dafffdbe,Male,51.0,Urban,No,No
05053b93-0ae0-499f-a0e5-56926ec0a22d,Male,52.0,Urban,No,Yes
ebdc02b1-9ed3-464a-9b9a-9ae835409501,,66.0,Urban,Yes,No
3cfaf53f-bc5e-4f8d-b28d-11084773ac58,Male,76.0,Suburban,Yes,No
6d92f28d-b55a-4607-9665-df4b0b695208,Female,33.0,Rural,No,No
f9168401-3905-43ed-a14a-8084d1944515,Female,59.0,Suburban,Yes,nan
09e00fe9-e4b2-47ed-8c24-6e2f064dfd9d,Female,71.0,Rural,No,No
eb83fae7-4c1d-4173-a09c-b11278e0b630,Female,43.0,Suburban,No,No
319050e3-6eda-4621-a4dd-760601c091a6,Male,35.0,Suburban,Yes,nan
7ffd16b8-24fd-4abc-b66b-088c9cd077e2,Male,35.0,Urban,Yes,No
98ac375d-a8d3-4397-ae41-968badf5b753,Non-Binary,70.0,Urban,Yes,No
b810299d-e5b3-489e-bb59-a4c4941e9706,Female,78.0,Suburban,Yes,No
f4d99207-0007-45d1-ac8e-6fb80bb4f124,Female,65.0,Suburban,Yes,Yes
89f2eff3-513b-4957-8a37-fcfbf55facef,Female,69.0,Rural,No,Yes
030a5b8f-9e94-41ad-b2d9-7bd0c0ceb1c3,Male,56.0,Urban,No,No
e9e2ba02-3a55-4f90-b67b-f30efd2a33c4,Male,18.0,Urban,No,No
cefb1ccb-b8aa-44de-8c96-5965b02d0a83,Male,24.0,Suburban,Yes,Yes
52dcdfc1-3ec7-4a71-b3a3-2ebe6b9aa8b2,Male,52.0,Rural,No,No
3913eff8-fff8-403a-8c39-ae67b588ec12,Male,36.0,Rural,No,Yes
d7b3fac3-28b6-484c-942a-4adf485da40d,Female,72.0,Urban,No,No
10669b2f-e331-45c2-b610-ff3ed7b82a21,Male,24.0,Suburban,No,No
b3f5197d-793f-4978-bade-2937ece00603,Male,18.0,Suburban,Yes,Yes
174bb1e5-b284-4dd1-ac41-56561ecc4fed,Male,,Suburban,Yes,No
ef9ffb96-8abf-438a-b9e3-f227d28432c9,Female,53.0,Suburban,No,nan
95681b43-2578-4bdb-97db-ea578a930fc3,Male,52.0,Urban,Yes,No
a5b5e6af-f63c-43e8-bb67-38f0e34425ea,Male,,Suburban,Yes,No
4b598659-7bb8-4460-bcae-c355488e650d,Non-Binary,51.0,Urban,No,No
0732617b-5250-4840-a409-104c57d3bfdd,Male,38.0,Urban,No,No
4a835a0b-253f-45ff-9be0-2f50aa081e53,Female,66.0,Suburban,No,Yes
102a6ca6-4da1-49a9-b7db-dae4cf5368de,Male,38.0,Urban,Yes,Yes
22283087-30ba-4f40-a0c3-44496576264f,Female,81.0,Urban,No,No
741824fa-75fb-48b2-a267-46e366dab41d,Male,49.0,Suburban,No,Yes
0dd8e759-28fa-44b9-9e9d-350e25b2eabe,Female,48.0,Rural,No,No
68385721-495e-47f5-a205-a94416c52956,Male,76.0,,No,No
0b665c38-9409-4596-a344-471555849cca,Female,18.0,Suburban,No,No
52f5db29-33c0-4193-961e-aefb2af46731,Non-Binary,49.0,Suburban,No,No
38df4ecd-16ef-4717-b27f-24235811876f,Male,20.0,Rural,nan,Yes
474f5c5f-27a6-44d9-a99a-a7f9178dc764,Female,19.0,Suburban,Yes,No
68a1730b-9086-4bc4-8676-fb048c59188c,Female,28.0,Urban,Yes,nan
7ca177ac-a249-4bd4-92fa-f1116093e2d6,male,20.0,Urban,No,No
73c8d530-1341-49f4-b93e-78dce96562ea,Female,45.0,Urban,No,No
f6651449-14a2-46cd-a495-b8170217e144,Female,77.0,Urban,Yes,No
8fce7e48-2fbe-4d52-b260-f4a6a2f257e5,,120.0,Urban,No,Yes
8ae3acdb-a5f3-43b5-9460-df695e21dbbf,Male,70.0,Urban,No,Yes
2790c88d-097a-4385-93e5-0a594c64f741,Female,83.0,Urban,No,No
a2934b4e-6598-45e4-b407-da751712aa6e,Non-Binary,81.0,Urban,No,Yes
57a58d91-fa09-4ce0-9b97-f0d2d995d78f,Female,64.0,Urban,No,no
1bb4de3d-b7f0-4865-a737-483249629c1e,M,83.0,Suburban,No,No
b81db9cd-d29e-4fef-b966-399ddd9141e5,Male,,Rural,No,No
284542d0-d051-4f20-b52e-6eae4d4f9b6d,Male,73.0,Urban,No,Yes
98d2c8c4-d7cf-47b7-988f-860d9e6a8631,Male,58.0,Urban,No,No
60706e82-9578-46b7-95b0-a249717f927e,Female,53.0,Suburban,Yes,No
95bcccf7-396b-4d64-8702-104adfc2be76,Female,79.0,Suburban,nan,No
128ffab4-2f63-45b1-83cb-4393db784aeb,Female,65.0,Suburban,No,No
0c7e6100-c078-4188-89bd-b187cbeee0df,Non-Binary,55.0,urban,Yes,No
b8dba51a-4787-4612-a536-0dd06a1bcff9,,23.0,City Center,Yes,Yes
22956d12-4eac-4ac4-b296-ab255691e252,Male,69.0,Suburban,Yes,No
fc37d38e-7844-4eef-afd4-edb831399146,Male,65.0,Urban,Yes,No
9ccd5f0b-cb51-4eb0-a0a9-52f7e16fe941,Male,32.0,Rural,Yes,No
5b9ac751-6247-49f4-9996-f2e22bede965,Female,35.0,Suburban,Yes,No
0af7ec11-ec5f-4d9d-8d6d-f9e8dd624955,Male,,Urban,No,No
b10efcbe-e784-4850-9aad-de92cabfec5f,Male,25.0,Rural,No,nan
48bda24e-f9d5-47cd-8607-08aa21a249de,Male,42.0,,Yes,No
bcbaf8f5-255e-4e48-92a6-accb5adb59a7,Female,24.0,Urban,No,No
99b66a46-5492-40ba-bbf7-5929e655b0b6,Male,22.0,Suburban,Yes,Yes
fdaa17dc-2157-45e8-a356-bfe800f56602,Male,22.0,Urban,No,No
7802c0de-8885-4939-8107-2bc4ecf21385,Male,46.0,Rural,Yes,No
b9db934b-4e3f-4af4-88b6-1acb0ac67ec4,Female,,Rural,nan,No
dfde8d9f-cae1-49bd-80ca-b853faa37eb7,,83.0,Urban,No,No
fecda41f-1b7a-4da6-855c-aaf9a37ca169,Female,35.0,Rural,No,No
3a2fc1da-0ac7-4c84-8499-eee5eda64647,Male,77.0,Rural,No,No
6a2e5b0a-1254-4964-b8dd-8a7468e4d9a3,Female,53.0,Urban,nan,No
466d1971-ec5d-49ec-b613-9e6fe9a4fcfa,Male,50.0,Urban,No,Yes
a7212890-1a52-42ca-bd16-cf66ade46f7c,Male,40.0,Rural,Yes,No
f9810fef-a844-4df9-87b0-0482bb7ffba0,Female,29.0,Urban,Yes,Yes
20c4a6d6-bc17-4c1d-8e2f-28c43cdcd5fc,Male,65.0,Urban,No,Yes
60d77d26-4252-4e53-8038-cf24447fc687,Male,84.0,,No,No
70c9aff0-5bf7-4204-9c18-876ac781aabf,Female,,Rural,No,No
ca714831-712d-40cd-8015-6e2039b445f4,Male,28.0,Rural,Yes,No
e607cfa9-92c3-4b7d-a482-80cb15025e3f,Male,27.0,Rural,No,Yes
6b277bfd-2af0-47cd-b634-0e0c1d29f2dc,Female,65.0,Suburban,No,No
6647d64a-9eb6-489d-87b9-ae54874b4569,Male,24.0,Urban,No,No
a4bedf39-c107-4f0e-a2e7-3277652974b1,Female,65.0,Urban,Yes,No
a01723ce-4c0a-4c81-8ee6-63df74cc1b26,Male,49.0,City Center,No,nan
c83232d0-6872-4322-b7a2-743b6e7a8b84,Female,54.0,Rural,Yes,No
bebecc31-f6dd-4d43-a022-67a8580d91f4,Female,57.0,Rural,Yes,Yes
449dc70e-da30-41b1-89b8-28d09ae6f54b,Male,50.0,Rural,No,No
7470414f-7622-4335-9906-db19c48e8f64,,55.0,Suburban,No,nan
032476a8-2844-4734-b6f2-3b77967762d0,Female,34.0,Suburban,Yes,No
3507f209-81e0-4def-8de3-1e2ed7fcad5c,Female,999.0,Rural,No,No
6f7aef9e-2d6b-4f75-8f7b-e4fe0b377e84,Male,19.0,urban,Yes,Yes
67599c56-81ea-4e0d-bfab-aa7a16ae1f20,Male,61.0,Urban,nan,No
c6b7fb92-a3f3-4692-989a-f6b060794cac,Female,65.0,Rural,No,Yes
8c4910b0-68b0-4cd5-8781-19d4a5ff3fba,Female,82.0,Suburban,Yes,No
50514344-71e4-4943-8ee0-45d25fc14818,,27.0,Suburban,No,Yes
76a50fe6-066d-4c9e-8834-80e627fbf94a,,50.0,Suburban,No,No
ee280bab-47a0-4d14-819c-acb21e9d9af6,Male,37.0,Rural,No,No
5fcda940-6214-4902-8353-3b022ddedcb6,Male,58.0,Urban,Yes,No
7376fe95-2a1f-47cd-b8a4-c7af16a52deb,Male,60.0,Urban,No,nan
3ca8fdd8-6aca-46d8-87bd-2eabdcbb4010,Female,82.0,Urban,No,No
44c42e93-9cea-44db-8b50-d3cb007ce061,,29.0,Rural,Yes,Yes
2e93aef5-b66c-4eba-af4d-37344060ddec,Male,63.0,Rural,No,No
ca24d7ea-5e2e-4150-8c34-032044a3dd92,Male,41.0,,No,No
ca68208b-8e41-41a6-986a-ae40dd640def,Female,74.0,Suburban,No,No
71ae5fa1-7e25-404f-a35d-e21f32c99f27,Female,19.0,Urban,Yes,No
1b5e4255-55a9-437f-8fc0-81870e4998f6,Male,84.0,Urban,No,Yes
ef48d5a5-9884-43c8-a04f-79462b6e7168,Male,999.0,Urban,Yes,No
d89de9e5-ad9b-4a47-89fc-308a35b9dc95,Non-Binary,71.0,Rural,Yes,Yes
4c3815f4-b0c7-48e2-bddf-fbad89f8f9ca,Female,72.0,Suburban,No,No
cf0b7399-3457-418c-a477-1465a14243ed,Female,79.0,Suburban,No,No
c589ddd7-2f19-421b-9b8e-f39f7e6e1601,Female,69.0,Suburban,No,No
ccc9c0e0-e0ce-4e69-867f-6cb6d6ae1a4d,Male,51.0,Urban,Yes,Yes
3268b7a5-f2a5-4877-86d9-8a66d57ad63e,Male,39.0,Urban,No,No
ea86663a-0cef-42ed-8ff7-07f4944ebefc,Female,49.0,Urban,No,No
adde429f-1009-4c90-ba61-9487ec18229d,Female,21.0,,Yes,No
00fa1d72-9cd8-4ad3-b2c2-7755ff41472b,Male,31.0,Rural,No,No
441e749e-10ab-4fdb-9e26-b47df2ff4dbf,Male,48.0,Suburban,Yes,Yes
9fcb17e7-b51c-4bc7-b9f2-812cdb02b49d,Male,62.0,Suburban,No,No
bd6c8fd5-197c-440d-ad70-9d148fc22980,Female,36.0,Suburban,nan,Yes
eca0bca9-6855-4860-b358-b124dcc775d9,Male,40.0,Suburban,Yes,Yes
24045c0b-82e3-430e-8bde-837bdaf9e481,Male,53.0,Urban,Yes,nan
bb716c96-e60a-430e-84ed-ce2f9cbefd9d,Male,37.0,Urban,Yes,FALSE
4a61aa57-2fe9-4493-92f8-e555675c0387,Female,83.0,Urban,Yes,No
ae56c8f9-2c53-4b3c-b9b5-af34405ed720,female,50.0,Suburban,No,No
51bbdcdc-05e5-4e92-b7b1-7aeeac654dd8,Female,40.0,Suburban,No,No
98742272-2a2b-437b-bcb2-730dbd71c3bc,Male,63.0,Rural,No,nan
91c75179-fabb-42ae-9146-4ad85c576411,Female,30.0,Rural,No,No
af753aac-0aea-477c-acc8-5c605dfb0ba2,Male,31.0,Rural,No,No
080a3c4f-208c-497b-9107-779fd7e99f9c,Male,74.0,Rural,No,No
b9a2462e-56ac-48ab-9b82-9d3a39396844,Male,74.0,Urban,nan,No
a2d49634-5bcc-4fc2-9d75-2a91b2148676,Female,38.0,Urban,Yes,No
58203468-f1bc-4219-842a-a9b5230d12ad,Female,39.0,Suburban,nan,No
1002c846-0b84-4dc4-92d6-7c6332d2c6b1,Male,65.0,Rural,N,No
86bb8ff2-d292-4eaa-8345-1363c3c03b00,Female,59.0,Urban,No,Yes
cd4970a8-f5c0-4c48-9146-35063edad235,Female,57.0,Urban,No,No
57b3d3d5-2fbb-4fd0-a03c-3a4de3cbcc70,,84.0,Urban,No,Yes
50e1ccdc-acee-4dcc-9554-0b75cfceb6fc,Female,37.0,Suburban,No,No
f32dbc01-fc39-4732-94cc-565159491b0b,Female,45.0,Urban,No,No
2665c711-3126-4dbb-b762-2fda709fefef,Male,30.0,,No,No
bf2803ca-1295-4c27-be50-cfb050235416,Male,68.0,Urban,No,No
7a578411-9702-4d88-b384-9e2dc9874f82,Male,51.0,Rural,No,No
825c3c75-9437-4251-90ba-52a67bbd36f4,Male,26.0,Urban,No,No
8fecd92d-4a6d-4d8b-bb82-cad5c4ab71af,Male,38.0,Urban,Yes,No
ba9e464e-6404-409a-b6af-ebfd13577473,Male,30.0,Urban,No,nan
96bd0bdb-9878-4acc-8c0a-fda10e462701,Female,37.0,Rural,No,No
80c6aede-7e53-46f9-b4b3-aeff99840785,Female,72.0,Rural,nan,No
d6f59369-94e6-4a6b-83bf-1f466f91f6d8,Female,47.0,Rural,Yes,Yes
6b5400a0-66ae-4cb4-929c-dd12e590acd8,Female,70.0,Urban,Yes,No
2f74c170-3fd5-423c-9765-d1c2246f3b4a,Male,84.0,Urban,No,No
535fba04-87e7-4ce5-99da-cd5b5dbc5842,Female,49.0,Suburban,Yes,No
0a591364-dd46-408f-bbb4-6bd0513a1dc2,Female,68.0,Urban,No,Yes
d048dbe1-dcfd-424c-b639-d468dab51ebf,Male,67.0,Suburban,Yes,Yes
b041aa7c-a9e7-4125-92f1-c42f97fb1c84,Male,25.0,Urban,No,Yes
224d47e3-428d-464d-af33-d9c918ee9197,Male,,Suburban,No,No
94a52505-1c8f-466b-856d-a643361fdebd,Female,48.0,Urban,Yes,nan
e99b94b6-0d80-486c-af60-08c438b77053,Male,26.0,Suburban,Yes,Yes
b3589680-ebb6-481f-a18b-fcb80e84b1b2,Female,64.0,Urban,Yes,Yes
fa3bfcda-bd46-4fee-a67e-76077659c11f,Male,58.0,Suburban,Yes,Yes
4ef9b453-8cd2-425b-9ab7-cbbe90c8608f,Female,28.0,Urban,Yes,No
85191340-8005-4614-be87-5b136e4b292a,Female,39.0,Rural,Yes,No
218d4a39-82e3-4271-88e9-8973d25e4fef,Non-Binary,71.0,Urban,No,No
ca897754-54ff-41ac-aee8-3747a0b9c6e0,Male,43.0,Urban,Yes,nan
5c16dea1-16fc-4331-9953-badc5346029a,Non-Binary,29.0,Urban,nan,Yes
968d2414-c09c-406e-be35-13b0c5512259,Male,80.0,Urban,No,No
d10c0ad8-8a9c-474e-bf9a-dd70a690529f,Female,43.0,Suburban,No,No
52d30432-3c2e-4de6-aedb-7a7243b525fa,Male,63.0,Rural,No,No
d861ebed-7c02-4a7e-a363-746c670e2678,Male,61.0,,No,No
83646fcb-98a6-4ff0-90cd-8373bf44690e,Female,73.0,Suburban,No,No
e60b600e-b161-4b51-9eb1-ec2588985c33,Male,56.0,Suburban,No,No
59db060a-f705-4647-b30f-237c3daeadf2,Female,46.0,,Yes,No
c00dd1f0-4b70-474b-8942-19420e6bfa39,Male,25.0,Urban,yes,No
e7d9c9ed-fbf0-48ea-bef9-52a5e7d80d81,,25.0,Urban,No,No
7568ff67-d202-447c-9d6e-d980e6786b89,Prefer not to say,19.0,Urban,No,No
0b6876a1-f544-453d-addf-b3fe8ec9a7b6,male,55.0,Urban,No,No
fb24c7b7-d206-4d2c-b7c8-84e97caa41ae,Female,40.0,Urban,No,No
dee09375-db2e-4f4a-9234-ad175d452447,Female,35.0,Suburban,Yes,No
d8030547-7200-42aa-a115-a168c461938e,Prefer not to say,25.0,Urban,Yes,No
8ab47d78-7738-4a6e-bc6d-ef5535136e75,Prefer not to say,42.0,Urban,Yes,No
50a088f1-1691-4189-8fd7-4a7e9aee10a4,Female,59.0,Rural,Yes,Yes
8e1e8a1b-0522-4155-85cb-f16e4010765e,Non-Binary,28.0,Rural,No,nan
2f64da95-9ee5-457c-a0cd-c9bf9470c133,Female,36.0,Urban,Yes,No
39527af0-f814-4722-b031-207117fc84d3,Prefer not to say,34.0,Urban,No,No
51c030da-942d-42f0-a158-4bb5ec610ca2,Male,51.0,Rural,Yes,Yes
a4503872-356c-4504-b52d-5dd04e9d48ee,Male,47.0,Urban,Yes,No
32a097d6-8dba-424f-ac35-47674987be93,Female,78.0,Suburban,Yes,No
291b7973-e0eb-4956-ac90-88a1d3fdd7d9,Male,70.0,Suburban,No,No
48341400-f4da-4c52-835e-e35f36d7bba9,Female,59.0,Suburban,No,No
4481a284-2f8b-497e-aeec-e5b4e300206b,Female,-5.0,Urban,Yes,No
f94d09e7-ac03-48cc-8f96-e31241566d98,Male,81.0,Urban,Yes,Yes
3df1f028-9cb4-4280-a7f7-ae7d9dee2d60,Female,52.0,Rural,No,No
627f327a-1bb9-4010-9db6-1bdcf79f9b4c,Female,75.0,Urban,No,Yes
0db372ab-928f-4a42-9d8c-0d8bf90197dc,Female,23.0,Urban,Yes,Yes
69e3e131-7425-47bf-abf7-a3e0a85c7aa2,Male,41.0,Rural,No,No
06bd9347-1a55-4b65-b3a3-0f0e3eb834b4,Male,44.0,Rural,No,No
1d2a5c75-4ca6-430f-85f4-d9be6481d771,Male,48.0,Rural,No,No
91dd94ee-ee20-4a8e-a00d-87ea34ff3a62,Male,27.0,Suburban,No,Yes
65c17ec6-5817-4245-b13a-e48f3ebc4921,Male,68.0,Suburban,Yes,No
f90d2fe1-6409-4c14-a568-ba5c6f54c069,Female,25.0,Urban,Yes,No
76a796e9-5b7b-485a-a106-a176babeacbf,Female,62.0,Urban,No,No
3d0cc508-73e1-4a30-a9d5-046f88d71cb9,Male,48.0,Urban,Yes,Yes
a02b0737-62e6-4ebb-a560-9467379abff8,Male,,Suburban,Yes,No
b76c0016-d456-4e48-905e-8ae101881a37,F,36.0,,No,nan
fcc20a99-fa43-4421-871d-ea989e0e9458,Male,53.0,Rural,Yes,Yes
ddca337d-6d1b-4802-9b78-f6a70b58aca0,Male,59.0,Rural,No,No
0a473490-eb78-4bee-a5d8-804213cff031,Male,49.0,Suburban,Yes,No
4c6d14ae-c4ce-4366-b103-7323a508f0ca,Male,49.0,Urban,No,No
7a891e12-d897-44c2-bcdf-3d72b366f72d,Male,25.0,Suburban,No,No
1ecd8348-f4b2-43aa-bd6c-c383f561d521,Male,29.0,Rural,Yes,Yes
942289cf-0692-4230-93d6-09071412cb94,,29.0,Urban,No,Yes
827ee1de-b827-444d-aeea-0f5119a53171,Female,,Suburban,Yes,No
ff29b25c-375f-4a08-ab13-aa2ded0caea6,Male,82.0,Suburban,No,No
c947a8f5-9aaa-4a7e-8c64-37985311c420,Male,,Rural,Yes,Yes
334a3b89-f797-469b-8213-ac7f6033272d,Female,54.0,Suburban,No,No
c76b71db-dc12-4c22-9f4d-47a1ed79a410,Male,80.0,Suburban,No,Yes
b4e633fe-ab7c-4b3d-98af-01b632e61210,Female,,Suburban,No,No
e9fa274d-e82d-4d9b-8554-bb3ac160894d,Male,60.0,Suburban,No,no
8c1f6468-8cd2-42bb-9241-de62b2b70600,Female,81.0,Suburban,Yes,No
1a01d3ea-8da4-4623-bfe5-3f507eb31dc0,Male,36.0,Rural,No,No
ff4b557a-dbe0-46a2-87d9-c5bf23d9446f,Male,30.0,Urban,No,No
1ab9e436-f65d-41ce-8dce-d57e2ce9a6dd,Male,,Suburban,Yes,No
aa61992a-e378-4675-a8f0-6166a58c53a1,Male,999.0,Rural,Yes,No
2cb04895-0ee6-48ad-a3a4-c6432058da26,Female,29.0,Suburban,Yes,No
e40a7b93-6fe3-4a34-90b3-37585cbe6caa,Female,18.0,Suburban,Yes,Yes
97347c4d-e1d7-4085-9f06-034bfb1de973,Female,75.0,Suburban,Yes,No
637b610b-b86e-466a-9c41-d43613b8b2f7,F,36.0,Urban,No,No
b0d782d8-ee67-4e9d-8c20-4f9d52c721da,Female,35.0,Urban,No,No
ffc51b4c-5397-4a2e-a0be-82c28d3ff6fc,Female,55.0,Suburban,No,No
827334cb-dcaf-4889-a7df-df66012635dd,Male,69.0,Urban,No,Yes
2050f247-5856-40b6-abf7-66ce3a79af00,Female,,Rural,Yes,No
eb61a4c8-8295-427d-83b8-b16777b8a8a4,Male,34.0,Suburban,Yes,No
790f5813-6125-4eb2-8792-5d6d62250bb8,Female,45.0,Suburban,Yes,No
1863bae8-4a8c-4223-bb57-6edd100a9a66,Non-Binary,67.0,Suburban,Yes,No
24aaf000-e22d-4749-be2b-fe4ad44c5735,Prefer not to say,,Urban,Yes,No
996ad02e-9a09-41ca-ac44-d93ac47b88e1,Male,53.0,Urban,No,No
b18eb8b6-a573-46e7-ac6c-ccfc2a1d4683,Male,26.0,Urban,Yes,No
13ebd706-c8d0-4ec2-9644-62e5e8fbe287,Male,30.0,Suburban,No,No
eec0e9bd-42ad-4b4d-b94c-b5dae1746e3b,Male,51.0,Urban,Yes,Yes
dfa84729-fd7d-40f2-bf78-15791a07ec7b,Male,73.0,Urban,No,No
0dea7062-5a39-46c3-ba65-5719c6e658fb,Female,66.0,Urban,Yes,No
d7d678fe-f45c-4940-81c8-31baa89b63c7,Female,19.0,Urban,nan,No
be4a336b-974b-4f72-b94a-b44c095376f5,Female,39.0,Urban,Yes,No
7b047c84-dc7c-41fe-8284-70cb8ed9c1f2,Male,61.0,Suburban,No,No
a0013a3b-91cf-47be-b646-76dbf8b11ad2,,46.0,Rural,Yes,No
d81c9405-334e-4668-af3f-812998509ea5,Female,58.0,Urban,Yes,No
a408e2dd-5036-4b23-924a-27691ae5fdf3,Female,26.0,Suburban,No,No
cd32535a-ab9a-4633-a538-d98700606682,Male,20.0,Suburban,No,No
f4899637-3a4f-4e56-a80d-8a625e116c33,Female,71.0,Urban,No,No
a902fc8c-2897-480c-9c9c-5a9fa1dd63e2,Male,54.0,Urban,No,Yes
19883826-d674-45b1-b119-35b8f135bee3,Female,53.0,Urban,No,Yes
005ae0ef-722f-4ceb-83d0-bb946a110673,Male,79.0,Suburban,Yes,No
40853466-ab18-4ba0-8bdb-e5ec663dc0ea,Female,32.0,Rural,No,nan
067ec5c3-0277-45d3-bbd7-5e964853c9fc,Male,51.0,Rural,No,Yes
dd8c83d0-9f69-4dd2-bb33-c60adc1cacce,Female,55.0,Rural,No,No
0f0a2ae1-a614-4d07-b378-5fb4e4c01ce9,Male,79.0,Suburban,No,No
3f8c271d-fc78-476c-9da4-ba03d24a07cf,Female,49.0,Urban,Yes,No
ad17e295-20f1-49fb-be08-d845b20d4dcd,Female,20.0,Urban,No,No
a93967f0-7cc4-41ce-869e-ec2dd1044ee3,Male,44.0,Urban,Yes,No
ba51a671-9520-4c79-8efb-ca1ad5dc33cf,Female,,Rural,No,Yes
9152667b-c652-474e-ad9d-7e01b29cd3d6,Female,52.0,Rural,Yes,No
795e6ced-0eec-4244-9d8d-8a4d7296df6a,Female,79.0,Suburban,No,No
5c51d5c0-180f-4e09-a77f-d09d3f78f890,Female,56.0,Suburban,Yes,No
0375effa-8294-41f0-a540-59dcee56fbb6,Female,30.0,Suburban,No,No
ea311dfb-276b-4b7d-a23a-ec89eca06c58,Male,64.0,,No,No
aa2fd107-dda6-471c-83c6-22827570da2a,Male,72.0,Suburban,Yes,No
60fdc3bd-e118-4237-af29-ab342188fcab,Male,63.0,Suburban,Yes,nan
7de689a0-eb6a-42a9-b546-76866718d50f,Male,,Urban,No,nan
5b76e916-ac5e-43af-b5a0-ac06245ed960,Female,32.0,Urban,Yes,nan
4eb0f7d9-21a4-483a-9dcf-19fb752e0d2a,Non-Binary,84.0,Rural,No,nan
db870274-2b22-4a14-9845-b9183a0b3fe9,Non-Binary,53.0,Urban,Yes,Yes
24b0b84e-b4e0-4d79-81c5-c9b4e135c554,Male,64.0,Suburban,No,No
e21aa3cc-8c63-4c62-9eed-718e4a3eb4d3,Female,63.0,Urban,Yes,No
2fae2386-e034-48f6-bbf6-e4c8f6c352c0,Female,,Suburban,No,Yes
ce8ff672-4025-462c-9e8c-25d2e0f9383c,Male,51.0,Rural,Yes,No
1571fe50-ea96-4ffb-81b4-9748e2aa3744,Female,67.0,Suburban,Yes,Yes
ae19c07d-2cd1-4cf9-97b3-b2bbe50ed571,Female,76.0,Suburban,Yes,Yes
1e7f500c-3cab-4883-a6c1-5d39a832d183,Female,67.0,Rural,No,Yes
7db3b4df-fce2-4f70-8ed0-132f35824ac3,Female,22.0,Urban,No,No
c2aeff74-8978-482f-bc4f-bc4d2cac1a85,Female,33.0,Suburban,No,No
17ba82e0-e44b-421f-b6a6-3baed6b579a0,Female,71.0,,No,nan
c43bf449-6bb3-4c60-86fe-f2346b8c1898,Male,44.0,Urban,No,No
b5be5fec-1c5f-497c-8927-416be6418c0a,Prefer not to say,40.0,Urban,Yes,No
35512ccb-6a41-4149-927a-869ac6f913b8,Male,38.0,Urban,No,Yes
8d760eee-0b00-4d91-9c69-9a16d01933f8,Male,46.0,,No,No
651be96a-657e-4762-92c7-14eb0d6a9f9f,Male,58.0,,No,Yes
95127ca5-0f0b-419a-b501-1cd2d00c703e,Female,80.0,Urban,No,No
aceda641-0023-40fd-b56d-b7c984172083,Male,67.0,Urban,No,Yes
9418841f-14eb-49d8-af49-7cfb3b20a71b,Male,,Urban,No,TRUE
070eb18a-8b16-4832-8d96-8e06d01dd708,female,49.0,Suburban,No,No
28490606-d688-4419-97ef-f6f90d3004b0,Male,69.0,Rural,No,No
52b04c03-1032-4907-848a-579b332227a8,Female,18.0,Urban,Yes,No
74a7c367-8e21-4e40-9194-0bb5f5cadc2e,Female,34.0,Urban,No,Yes
d9481024-1b98-4d30-a5a4-2814ae8e533e,Female,81.0,Urban,No,Yes
58a868c7-e455-455e-9445-ba5c36dfcfdf,Male,37.0,Urban,No,No
0be4c730-e352-4dfd-8e6a-eba47db57477,Male,70.0,Urban,nan,Yes
809beb94-5488-46ea-966b-98f8c3b67503,Male,45.0,Suburban,Yes,Yes
e1c540d2-92a7-40d8-8cb4-b29f0c63b0ed,Male,21.0,Rural,No,No
d5f02b4a-6393-4f14-9819-2ce5803a19dc,Female,77.0,Urban,No,No
8cc983b9-b603-4b0b-b4a1-1bce1cb8bd37,Male,50.0,Suburban,Yes,No
78deead8-d925-47ad-8e47-cdec8a86135e,Female,29.0,Urban,No,No
cd2ecdb9-f9ea-47e4-a9b4-aeb8ce296bf5,Male,67.0,Urban,No,no
af07ba97-e6ba-4c98-9ab9-1f669949f161,Female,36.0,Suburban,No,Yes
582017e6-037c-4c66-9275-599e4b7f0d40,Female,45.0,Urban,Yes,No
8d52f68f-db5b-4fc5-b3de-805af26abd5b,Female,23.0,Suburban,No,No
7b76574a-9d87-4257-870a-78424f2cf0f5,Male,69.0,,No,Yes
3cfe7cb4-b2fe-4ef7-86c1-644a147d0065,F,52.0,Urban,Yes,No
f392543d-4a81-4c4a-beab-8955b8114c7a,,46.0,Suburban,Yes,Yes
f59ae1fe-0f1c-46c6-a325-57a7ede4d2dd,Female,42.0,Suburban,No,No
eba73a95-0160-480b-b09b-8c1167a292a0,Male,70.0,,No,No
6e8c39c0-96dc-4f50-963f-b26a3ba118cb,Male,39.0,Suburban,Yes,No
2cc24caa-4f23-4a87-8708-c0d9b0966d7c,Male,51.0,Urban,No,Yes
54bded3b-b5a3-4f33-b447-2bf0f7a464ce,Male,77.0,Suburban,Yes,Yes
e8a71347-42b5-480c-abf7-f68276c76b99,,36.0,Rural,Yes,No
a7d2c06c-42c7-45c8-a21b-44ccac79c206,Male,64.0,Urban,No,No
d64d5061-50a4-4ae7-99b7-d2050dd0e7e7,Female,25.0,Rural,No,No
196651cc-e5cd-4b6b-bf6c-2cfa63f618e0,Female,72.0,Urban,Yes,No
2caddfa8-bc48-4e58-98f8-be9c03a382fb,,77.0,Rural,Yes,No
06f5a61b-6ef8-48e7-b8a4-c5abb38fdc44,Female,34.0,Suburban,No,Yes
85922d40-1929-4529-bec1-8d85a62af80b,Male,79.0,Urban,No,No
6112fe17-81d7-4690-8a12-23cd7db8300a,Male,41.0,Urban,No,No
fb7d9027-af72-4069-a6c1-9294aa53251e,Female,70.0,Rural,No,No
4a11b374-eccf-4b9e-a488-362525a2e450,Male,81.0,Urban,No,Yes
79d73e71-649b-44bb-b860-3e818faf80a6,Male,64.0,Urban,Yes,Yes
3c14fffa-831a-4715-a600-7a958c9416dd,Female,73.0,Urban,nan,No
ebdf1f4d-c7cc-4eeb-9971-a627a2f8c4f6,Male,120.0,Rural,No,No
60f4add2-1c06-42b8-bedf-32a167b1d8c1,Female,43.0,Rural,No,No
246e02be-efd4-42b5-bd69-f2877b1aaecb,Male,,Urban,Y,Yes
25584f8f-b3fe-4702-886f-8ebf303a10f5,Male,51.0,Urban,Yes,No
6eaa1713-316f-4476-abfb-365b7e46d878,Female,81.0,Urban,Yes,No
0b33a09f-e613-4ff1-8106-aeed2aecf468,Male,63.0,Urban,No,no
799843ec-1af0-492f-922c-fb53a929cdaa,male,76.0,Urban,No,No
2c40357d-0ae0-4a87-aa23-ce492a3c3cef,Female,33.0,Rural,Yes,nan
c9a30539-2f75-4a49-9cd1-7d5ca8e3f3a1,Female,19.0,Suburban,No,Yes
836f9e60-8c07-4fa1-90ee-c3cc67714a8b,Female,34.0,Suburban,Yes,No
dbde2a89-6c26-40a1-b409-619513d91a5e,Male,,Urban,No,Yes
6856cf1c-07e3-4dce-bd54-9adb2248a073,Female,45.0,Suburban,No,No
ee9bdfdf-70ca-48cc-acb6-7c9d774b80ca,Female,34.0,Urban,no,No
584558b5-8a69-44a5-a972-f2ae1e961f7b,Male,61.0,Suburban,Yes,No
9442c420-634b-464f-94db-55fac69943d8,Male,,Suburban,No,No
1fb6285e-2c03-420b-8145-f6f681634db1,Female,43.0,Rural,Yes,Yes
f9e670a0-aa79-41b0-b865-00a6a7b5f790,F,84.0,Urban,No,Yes
3bfb20de-5857-4764-9286-9be7e83b5c9d,Male,74.0,Suburban,No,No
a1a6f03d-6f86-47d9-83e4-126870d71ede,Female,73.0,Urban,No,No
28743cc9-2f67-4500-a846-eefc5e81e173,Male,24.0,Urban,Yes,Yes
755b1348-a203-4ba8-9b26-1a2064ca9784,Male,61.0,Urban,Yes,No
efd346cc-9700-4f2d-b1e5-a48d3945d5c0,Female,73.0,Urban,No,No
c7e4af71-c507-44b7-b858-a2bde50ba580,Non-Binary,31.0,Urban,Yes,No
4a754fa9-d487-42d8-b6fc-41dce34f405c,Male,58.0,Suburban,No,Yes
a72c56cc-e0cd-4226-8fac-3dce0237a379,Female,73.0,Urban,Yes,Yes
75bcae92-cb3a-43a4-b338-bcfbd9898b74,Male,27.0,Rural,No,No
06325be2-36d8-4083-b7b7-f88f91d07cd1,Male,73.0,Suburban,No,No
3c60e62c-f486-406d-bb53-d6fdc8cb8a2c,Non-Binary,63.0,Urban,No,Yes
6e7ea223-5bbe-4c50-ac6e-ee0622dcc233,Male,35.0,Urban,Yes,No
fdc744ba-a93d-4817-82ed-6a8277ec9544,Female,72.0,Suburban,Yes,No
782b1198-5dd5-4cb7-abe2-52482c4eb5d3,,46.0,Rural,Yes,No
96b35983-2c0d-4827-8e43-37a39a09f39d,Male,70.0,Urban,No,No
6c1a30f3-6822-4cda-9784-d20664b98f8e,Female,27.0,Suburban,No,No
f7a619b6-276b-438a-a880-1b2cb4f5230b,Non-Binary,56.0,Rural,No,No
e796c8c5-37cd-4450-9f92-4bbbc2961058,Non-Binary,71.0,Urban,No,No
71b7d90e-3fd9-4a90-aa99-a98c61c93ed4,Male,49.0,Suburban,No,nan
2cd34834-e77b-4137-9f41-e21d04cd8535,Male,71.0,Urban,No,Yes
100211b0-3c55-49b7-a012-a60033f0417d,Male,54.0,Rural,No,Yes
daaf1b0b-b56a-4a5c-9ee0-65b9f1e59037,Female,18.0,Urban,No,No
8b82bc53-cbbe-4d6c-b98e-320404fbeb22,Non-Binary,22.0,Urban,Yes,No
4b4a4780-72a1-43b1-b3b6-a9a3bf1a862c,Male,23.0,Suburban,No,No
748ebc99-20a2-433c-812b-be9237d51f3f,Female,54.0,,No,No
e2e251e1-e024-4df8-99d4-75c5a7925d57,Male,76.0,Urban,Yes,Yes
945d1ff6-86df-4912-b164-1fee107c9e6a,Female,82.0,Urban,Yes,No
eec297c1-292b-4a4e-bbc2-f44779e50ffd,Male,58.0,Rural,Yes,No
4cb8b5e3-8e14-433a-849f-385a7d8952ed,Male,75.0,Suburban,Yes,No
09b6dd46-0e6e-4a32-83b3-5c1f66c223fd,Female,58.0,Rural,Yes,nan
4ead712e-c4af-4d77-b60d-9a116c32aa2b  ,Female,25.0,Urban,Yes,No
c41b3063-bd51-46fa-8d54-3c80fb80585a,M,48.0,Urban,no,Yes
fb616806-3860-47b8-80a2-3af09e49157a,Male,82.0,Urban,Yes,Yes
78bc04a0-daed-42f5-8183-85074c0e9f82,Male,18.0,Urban,Yes,No
faf5dac1-9872-4745-81cd-15e74025e4e7,,53.0,Urban,Yes,No
0cf5b262-2913-4739-b954-371e1de652dd,Female,63.0,Rural,No,No
6f40f9dd-29c3-42af-b55d-7c8cd5f024df,Male,80.0,Suburban,Yes,No
b3d48d93-0658-4268-ab59-2b688da2245f,Male,67.0,Urban,Yes,No
4feff71f-2dc9-4c43-8a48-7b0ed598a4d2,Female,72.0,Urban,Yes,Yes
fce1d804-f000-4ef0-bab1-a8fee7f3e1a7,Male,79.0,Rural,Yes,No
935010c7-b551-43d6-a277-bfd198991c2e,Female,58.0,Urban,Yes,No
c5e34d22-99f5-40ca-821d-9f1fb6f7d037,Female,59.0,Suburban,No,nan
b35ce2b2-dfcc-44a2-89ed-801c9e9d11ad,Male,65.0,Rural,No,No
4b94373a-5f5a-4733-8072-1671bc4cc292,Male,60.0,Suburban,nan,Yes
adf39b6e-9448-4027-bd7b-05a8b07f4e49,Non-Binary,75.0,Suburban,No,Yes
bf46fae4-070a-407a-bbb1-ac2be2be5289,F,50.0,Suburban,No,No
261e37cd-004c-4926-bed2-dfd1f7ca5443,Female,53.0,Suburban,nan,No
28214fef-062a-4e24-b5be-90f9ea1c9e23,Male,56.0,,No,No
4ed6d025-d34b-40ba-ad0f-d2e7a80dcb57,Female,68.0,Suburban,No,Yes
5fd6d95d-32c9-44f3-94a6-59e81c397cc6,Female,19.0,Urban,No,No
0b4f5b4d-af6e-46fb-86bd-c487969e539e,Male,49.0,Suburban,Yes,FALSE
d913f2b3-6e5b-4b18-8d73-fd7241c3dea4,Male,21.0,Suburban,Yes,No
221f008a-7c35-4e26-990e-826ff323d00f,Male,48.0,Rural,Yes,No
9a6a4b13-7d45-4a79-bbd8-a3887a1bda4b,Male,27.0,Urban,No,No
a376adba-9a8d-4cb9-887f-68081ef4179c,Male,73.0,Suburban,Yes,No
84f88319-3aec-4eae-ad30-3270773785cc,Male,29.0,Urban,Yes,No
53f15bfa-2b08-4ec6-b696-7d501ee320c8,Prefer not to say,21.0,Rural,nan,Yes
94d5ce90-d05c-4813-96b7-caf92e6b5ed6,Female,54.0,Suburban,No,Yes
f5c560ef-977d-42e9-be92-b2dac9994d26,Female,75.0,Suburban,Yes,No
89d18ef0-60e4-4954-856e-001496718079,Male,36.0,Urban,Yes,No
8a519b0b-0107-422b-8b85-4d4a97e64ba4,Female,40.0,Urban,No,No
aa3a1296-5805-4da9-8279-581854489afc,Female,49.0,Urban,Yes,No
3470c9a9-1c7b-496b-94d5-95290785bc3d,Female,71.0,Rural,nan,No
f0590834-c75a-464a-a4dd-cae8bd221d32,Female,61.0,Urban,No,Yes
72c091ac-c8ff-4991-8237-ed6a7c227f54,Male,69.0,Urban,No,Yes
80b36fe2-1deb-4dbc-8c10-0e8fb857acb3,Male,31.0,Urban,No,No
4c982386-3409-42b1-8e93-0274576cf5a8,Female,76.0,Urban,No,No
11d78a20-d5e3-4186-90ca-01a0dca1314f,Female,68.0,Urban,Yes,Yes
9ed5df80-0935-4ef9-a81d-056445daeed6,Prefer not to say,63.0,Urban,No,No
487bcc2c-96eb-491d-8b34-38a16486c753,Male,45.0,Suburban,nan,nan
41e2369c-65fa-4013-9f89-8b6a100759bd,Male,67.0,Suburban,No,No
a0f0ccd2-cce0-442a-9a9c-c95f9247346f,Male,25.0,suburban,Yes,nan
db6772a9-686a-4565-9d93-152d1b0abea7,Female,,Suburban,No,Yes
8e3eefd4-7039-4ee5-9ec9-7563580d16e3,Male,63.0,,No,Yes
d10e6f98-4c45-4c93-a954-388c29a74a40,Female,37.0,Urban,No,No
a1224d4c-92a9-438c-b1c3-b9c8ff40cf4e,Male,72.0,Urban,No,No
b1e889aa-2f9c-4fba-8f46-f7e8f453a48c,Female,77.0,Urban,No,No
3f8f777c-7f28-49cd-b6de-51182bf7fc7e,Male,64.0,Suburban,Yes,Yes
3698f917-612e-43ea-8d03-633fa8a8c181,Male,73.0,Suburban,No,No
f1c0ee0d-3269-444d-ae21-279efd9adf8d,Male,49.0,Urban,No,Yes
2aba72ef-5f95-4d84-9f96-05f39befe269,Male,37.0,Rural,No,No
fa122a80-6e5e-4f6c-9f12-2bd51bc1eecc,Non-Binary,41.0,Urban,nan,No
9bcf83f1-510e-4944-9974-16cfde9b5f74,Female,63.0,City Center,No,No
cdb3f173-3a5e-4a1b-951a-0d85641f59d6,Female,82.0,Urban,No,Yes
6d610c3e-c6c4-43be-9983-aff35cf367ab,M,84.0,Suburban,No,Yes
bfb3d81d-b795-41e3-a1ed-43e12ad1e287,Prefer not to say,52.0,Rural,No,No
a9998ed7-a49c-4890-978c-9877f812f18c,Male,,Rural,Yes,Yes
bc40e5ec-2054-40cd-a812-4af4f153d3c2,Female,84.0,Urban,No,nan
9aa8fa98-f9d7-4b04-8d6d-c7370a289edf,Male,,Urban,No,No
5ec05cbf-abc3-44bf-b04c-1f234997a7a2,,84.0,Urban,Yes,No
e28383aa-6419-492a-a9bc-22689b46213c,Male,72.0,Suburban,No,No
ed9ca472-9b7a-4919-bba7-cbad55512bd1,Female,29.0,Urban,No,Yes
1802837d-9bfa-4905-aaed-0d56a30d49e8,Female,,Urban,No,Yes
cc3ab067-3520-46d4-85b0-ae271b1177f5,Male,74.0,Urban,nan,No
5114e7ee-3424-4012-96f5-7a5c9927cc16,Female,77.0,Suburban,No,No
37c5b0ff-3793-4dc9-ae62-9b280efb009e,Male,75.0,Suburban,Yes,Y
038a791a-82fb-458b-a4c2-783b76c8e2d6,Male,37.0,Urban,Yes,No
6fdd8e96-326f-4ae2-aeb3-72f9aa310e64,Female,19.0,Urban,No,No
277fa0f3-2a73-4300-890b-8c7402f253e1,Male,38.0,Suburban,nan,No
cfe35f50-d57c-48aa-9fba-0d1950c5f33c,Male,45.0,Urban,Yes,No
4c09b985-9696-4c3e-808b-3f4e0290492a,,47.0,Rural,No,nan
ad779663-f5e1-499a-9267-f2976b8ef6c4,Prefer not to say,,City Center,Yes,Yes
46bb03bd-c2f1-4f97-92f9-6c6e77a1c7c7,Male,34.0,Suburban,Yes,Yes
76488c4e-f494-48bf-a1d9-43fc1cf59a25,Male,18.0,Urban,Yes,Yes
c70f27e8-8d37-4d4a-b66b-9ab9fb2fdce6,Female,66.0,Suburban,No,Yes
d6adf7fa-4aea-4255-b387-6b5c333fb9de,Male,53.0,Urban,No,Yes
22d31146-d70b-42ff-bf2c-75b25ad17a41,Female,84.0,Urban,Yes,No
9c41d5d3-50e1-45c5-975e-35c6486598f8,Female,68.0,Suburban,No,No
e8e6a002-bd4c-4c90-bb46-9299fd3c49d2,,38.0,Suburban,No,No
f4c41ee9-810d-4d35-8e98-bf492215d05b,Male,27.0,Rural,Yes,No
1acd4914-b939-4e48-9a93-34937cfa6c93,Female,77.0,Urban,No,No
8a0b54f0-1784-4ed1-afa2-a07c9246f03a,Female,30.0,Suburban,Yes,Yes
c3f67e81-c573-402c-a42b-827bac1473a4,Male,55.0,Urban,No,No
47ef86f3-d08a-411b-a685-32347a2872fc,Female,66.0,Urban,Yes,Yes
f75b7af4-6a4b-45e1-83a3-6179e23840bf,female,39.0,Rural,Yes,Yes
e97cbf42-dc24-4f09-ab0c-f913ec1fac9d,Female,84.0,Suburban,Yes,Yes
d52bb4ec-b25f-47d5-8328-4d12bbbdec12,Male,38.0,Suburban,Yes,Yes
6ea6ae0e-6ab8-48b4-9966-ea3e0761c03c,Female,70.0,,Yes,No
2fa1b835-d86f-4c8e-a888-2eb148a9d1a0,Female,58.0,Urban,Yes,Yes
d4d5e8d3-36c8-49af-af23-467b7b2356d0,Male,52.0,Urban,No,No
3b6bba6e-1cc6-4c87-87cc-97e3d27f3cd4,Prefer not to say,30.0,Rural,No,No
73fb7f44-4050-425f-ad73-2323bdfeef82,Female,54.0,Urban,Yes,No
14d088c2-6652-4930-ba07-9b6dfab839b8,Female,34.0,Urban,No,No
3a66814e-2162-422f-ae5b-a4cc99d37edc,Male,39.0,urban,Yes,No
44385d59-543b-4823-a61b-8a8b2c5e473f,Female,56.0,Urban,Yes,No
c5884da2-1258-49e8-a15f-76a0c9724921,Non-Binary,57.0,,No,Yes
074aa27d-fdbc-45e3-bb70-be01756fc8c7,Female,56.0,Suburban,No,No
a3ecc8c8-9e44-4df6-a8bd-e8e33abd054b,Male,46.0,Urban,No,No
5be5777a-3e12-4dce-acb8-bc269b613b8e,Male,72.0,Suburban,Yes,No
579a3f42-6733-4dc0-8d48-b8e904db746b,Female,37.0,Rural,No,No
b22e8a04-7471-4ce0-b8fe-002f746c633f,Male,-5.0,Rural,Yes,No
97da2544-f1c9-4748-8e65-71b2a8a2d5e9,Male,42.0,Urban,No,No
13cf83ec-d0a7-412d-96b2-8e6d9f1d6f04,Female,66.0,Urban,Yes,Yes
cddbf4eb-610d-4f2d-a91a-04d6c7952501,Female,29.0,Rural,Yes,No
0e37f030-d021-4e31-8876-81d61709dc23,Female,22.0,Suburban,No,No
861ec055-d4bd-4b5f-be76-f88d95b4a1ab,Female,30.0,Urban,Yes,No
f13d7ca3-c2ad-47e1-8ee3-e313636ef3c9,Female,75.0,Urban,Yes,Yes
e2d62849-5e4c-42a6-9629-75f6e39ff865,Female,59.0,Rural,No,No
2e4a56df-bf7d-413e-b3fb-566df6bbd0d7,Female,68.0,Suburban,No,No
623c1a44-8590-4049-857e-4b955808ecfa,Male,82.0,Urban,No,No
6211a071-0f15-4c3a-b1a8-c8361ae2d496,Male,,Rural,Yes,Yes
f8a19db1-8391-4260-8516-e4bf148e376c,Male,59.0,Urban,Yes,No
55c6418a-b892-42f0-9bc2-e99128a987a3,Female,70.0,Urban,No,No
6b0aedf1-2155-42ec-96c4-58bb155767dd,Female,34.0,,Yes,No
f6b498b1-75e6-407e-82f9-ac576c44f4c4,Female,73.0,Suburban,No,No
d7198404-23ee-4c87-962e-ca55c5647058,,22.0,Suburban,TRUE,No
9ab940dd-f065-4707-822e-0021c2ea9e91,Female,50.0,Suburban,No,Yes
8f8ded10-cd1b-4343-bdbd-36e1a6ca1106,Male,42.0,Urban,Yes,Yes
ea7e021a-189a-423c-b7fb-6c27c40bfe56,Female,50.0,Urban,no,No
08e6bc1b-251a-45a7-a847-09486a7b7ca5,Female,27.0,Suburban,Yes,No
b3686324-2e4f-4d18-9a4a-b2633d86ca0e,Female,70.0,Urban,No,Yes
f0c38c42-00fe-48af-be18-cffea1aa809b,Female,82.0,Urban,Yes,No
326901ec-0697-4f8f-a211-c11140119060,Female,24.0,Urban,Yes,Yes
6f236489-1756-4c01-ac1f-f89079cfc7bd,Female,35.0,Urban,No,No
b1e56bdd-74fb-4ce2-974a-fe696e3a968c,Male,67.0,Rural,Yes,nan
e98b7f75-799f-4c38-a257-69f65c8f54a0,Female,64.0,Suburban,Yes,Yes
7dbd23f0-4ccc-40aa-990d-cd96f76ee191,Male,82.0,Urban,Yes,Yes
62a6bc5b-ed62-4dd1-97b3-ee0fd0d1522b,Female,,Suburban,Yes,No
2af5ec2a-2b75-4d50-b128-3780b0bef2c4,Male,37.0,Urban,Yes,No
29aba3fe-c5dd-4a86-9ae4-408d45494dca,Male,37.0,Urban,Yes,No
4fa360a7-4016-497f-b7be-0ff7d9b0580c,Male,52.0,Suburban,Yes,No
70bbf673-42b3-47f7-b8bd-90ec4a642380,Female,54.0,Rural,No,No
08a1487c-5795-4267-884e-9ab06118607d,Female,71.0,Suburban,Yes,Yes
0a6afa14-ad71-43c3-9239-c94a605aca81,Male,49.0,Rural,No,Yes
bea179c0-4c82-476d-bdd6-5a252aa6f492,Male,73.0,Suburban,Yes,nan
bbdeb126-84e5-4054-8bb7-e5393c7cab93,Male,79.0,,No,No
54680063-fb82-44ae-a370-ceeff988a473,Male,83.0,Suburban,No,No
9a8cb8b9-0622-4021-988c-bb0ba3979a9c,Male,29.0,Urban,Yes,No
463c2e18-e4f1-484c-afd1-b0382746a2cd,Male,67.0,Suburban,No,No
ad51e3a3-68d4-4a7b-b300-54dae30c4886,Female,47.0,Urban,Yes,No
6e83d143-9d6e-4d45-9122-add5702e9868,Male,76.0,Urban,No,Yes
f5c73dec-1e24-4bcf-9c9b-4499e576497b,Male,73.0,Urban,No,No
6948fceb-93e5-4e20-80d9-3837ef450c13,Male,53.0,Suburban,Yes,Yes
b9dadfd7-f762-4042-bbe2-18c7c3f4b58b,Male,55.0,Urban,No,Yes
a4ddc0d3-d8cb-4c05-b5a0-cf3d1831ca71,Female,75.0,Urban,Yes,No
fcae336d-8f17-45e4-8a87-225a3c50c38d,Female,,Urban,No,No
548183fc-b831-43ce-97d0-d7efd98c39cc,Male,78.0,Rural,nan,Yes
3e7416a3-d270-4a76-ab4e-0a84eee11f1a,Non-Binary,46.0,Urban,Yes,Yes
fc2f05c0-1e28-4970-90b7-79b77c88ed09,Prefer not to say,45.0,Rural,Yes,No
598b40b3-1823-4667-9595-f3933ec63a20,Prefer not to say,70.0,Rural,No,No
b4c7fba7-561e-41fc-9021-566f33e11837,Male,26.0,Suburban,TRUE,No
1a515065-0a1b-4a89-ae98-9674ffa89410,Male,60.0,Urban,Yes,N
8b4588d0-db60-4237-80d9-6c6b32eca77f,Male,59.0,,No,No
00597989-51b1-4e59-9c6e-09bc0da0c5cf,Male,75.0,Urban,Yes,No
24dcb6ff-d0bb-4e1e-9d2c-467742a54d5b,Male,64.0,Suburban,No,Yes
87e67c7d-6917-4b40-84f4-95e4594afd94,Female,75.0,Urban,Yes,No
43ce09cc-211d-4bb5-98c0-41071567bf52,Male,44.0,Urban,No,No
fa3155ac-c47c-4477-b042-4d99d285fa92,Female,74.0,Rural,Yes,nan
3e94f46f-d496-4900-b741-6d71a19c0ca2,Male,,urban,No,No
ecd143f0-201a-4cb0-a641-cf1b308aabeb,Female,46.0,Urban,Yes,Yes
4d2d1355-7abe-42de-b226-75e88ddcb3a0,Non-Binary,53.0,Urban,FALSE,Yes
44adfc18-5d7a-4b9b-9dd6-b6fe1a340f1f,Female,46.0,Urban,nan,Yes
e2468d30-c88c-449f-beca-9ea4b7c29cfe,Male,40.0,,No,No
5c62095e-2841-4d9a-a7d2-a8399939dc22,Male,35.0,Rural,No,No
050204a0-6df0-411b-84ae-c8660350e93c,Female,58.0,Suburban,No,No
d3be94ef-8da0-47a1-8a45-9fa513c9c102,Female,83.0,Urban,Yes,No
e07d6b8e-0329-4b58-9e51-9be2a4250698,Female,67.0,Urban,No,Yes
bf328992-a0d2-42a3-8795-c781ea32a117,Prefer not to say,24.0,Suburban,Yes,No
e9490330-0c19-46f2-929c-5a811384926a,Female,45.0,Suburban,Yes,No
a74b4bba-1c2f-470c-9e5f-1a999ec08a0d,Female,47.0,City Center,No,No
4f1c9a31-4e18-462e-b8cf-b48c4dab0185,Male,83.0,Urban,No,No
772c0463-df7e-4352-a51b-6018c1bb5d7b,Male,76.0,Suburban,Yes,No
e1dbc81a-f7b9-417c-863b-6ffade31c3bd,Male,63.0,Urban,Yes,No
f7626113-43ce-419c-bad0-e6bc27bd4bee,Male,77.0,Rural,No,No
02e191b9-f3f6-4ea1-96db-f5ecc258ed78,,78.0,Urban,Yes,Yes
57c58906-9c9f-42e4-a0c1-b2920a25e564,Non-Binary,48.0,Suburban,No,No
de2824fd-4f9b-4129-8199-57c9b32cb550,Male,65.0,Suburban,No,No
f5897922-055e-4231-9c51-7d405141448c,Female,999.0,Urban,FALSE,No
30a1a401-529f-4af1-9a67-cb82fc9ee983,Male,64.0,Urban,No,No
e0fecadd-d4e0-4829-bbe4-1d67bc15a360,Male,21.0,,No,Yes
1ebd2c3b-a27e-4ede-a63a-72a440c7f5c1,Male,20.0,Suburban,No,No
768a4650-201a-4563-9955-d0a8ae8be8ea,Female,64.0,Suburban,Yes,No
05a5ea42-715c-4298-8607-0ce7edaf83cb,Male,36.0,Rural,Yes,No
7ea8d4f8-7d75-4423-94db-8f9526a218a3,Male,73.0,Urban,Yes,No
127a2f87-c4f7-4df4-9d69-4e15afabfd73,Male,82.0,Suburban,No,No
2d624e83-bfad-4b7d-97fc-a255606c0809,Male,24.0,Urban,No,nan
454bbe7e-2eea-4816-96d1-cf8d85d87ad5,Female,56.0,Urban,Yes,No
16f3987d-25cd-4042-8580-6b9616f18be9,Non-Binary,38.0,Suburban,No,Yes
 9576f1c0-7a8b-40b9-bcd6-79e122fc1005,female,29.0,Urban,Yes,Yes
6bbd3500-c7a2-4e1f-ad9c-cffc92333e2d,Male,81.0,Suburban,Yes,No
85e49eee-631e-4a13-b038-9aa0051f235a,Male,50.0,Urban,No,No
47a14f4c-d8fb-42dc-b5d2-8c1adec4ab93,Non-Binary,58.0,Urban,No,No
aa70e427-1c5b-4e51-af90-d3ccbfb44534,Female,57.0,Urban,Yes,nan
6a3eee8b-c07d-4502-8c74-7ffe2e260725,Female,31.0,Urban,Yes,No
816c0c48-2184-4a83-ac8c-4691d3b0cd8e,Prefer not to say,36.0,Rural,Yes,No
8ed4c28e-9ed7-4e73-a9fa-4e752e48ff4b,Female,32.0,Suburban,Yes,Yes
05bba756-1c00-44c0-9161-d54140f66b42,Female,23.0,Rural,No,Yes
2cb6698c-46bb-4647-8bef-df5fd167335a,Female,34.0,Rural,nan,No
d493f05b-af3b-437f-9297-212252e9398c,Male,54.0,Urban,No,No
7c9256da-eea2-4ad5-ab62-79b4c31bd4ad,Female,20.0,Suburban,No,No
9e424d9d-145b-4858-838a-e72cb771d892,Male,38.0,Urban,No,Yes
5db65d88-5e1c-4b7d-8160-eaa79b6f4c92,Female,66.0,Rural,No,Yes
e3aa8f30-6e15-4459-afe0-90ac1e9719a0,Prefer not to say,21.0,Suburban,Yes,No
2c200165-6a8e-4d6e-9d9d-b51d9a168580,Male,60.0,Urban,Yes,No
e3855ebb-3d56-42b9-abf5-835518d0ab84,Prefer not to say,44.0,,No,Yes
b97d280c-d089-4fae-a0f7-c2ae150f6927,Male,32.0,Rural,Yes,No
d5f3db67-7572-4712-b076-83ed8b09576f,Male,30.0,Urban,No,No
3082cc8e-2c2f-40df-bdc1-8975004f0fad,Female,35.0,Urban,No,No
6a175b8d-26e5-4cb5-afbe-086acfc15086,Non-Binary,60.0,Suburb,No,No
534b06e7-9ade-43e2-abdf-5efd41e03b80,Male,51.0,Urban,Yes,No
6a34510c-79c7-427c-aef8-cdadfa08568b,Male,68.0,Urban,Yes,nan
3e4809e5-1f02-4aec-a829-c0a48820a589,Female,79.0,Urban,No,No
d6205869-5e19-4d50-84db-d86fc89a3a0a,Male,46.0,Rural,nan,Yes
0601a4bd-a0b2-4058-bd1c-b4024be4671b,Female,64.0,Urban,No,Yes
e9b79a76-c135-495c-94ea-c151b6d0ff36,Female,28.0,Urban,No,nan
77a3e342-f0dd-4ede-954f-3450ed8cd357,Male,22.0,Rural,No,No
4d38a454-fd53-445f-9c38-32978929462a,,68.0,Suburban,Yes,No
9ab9e3f7-9801-41a5-b5fe-1fb0119a5d24,Male,53.0,Suburban,Yes,nan
14a04a8a-3123-4011-9f57-2de739102afe,Prefer not to say,80.0,Suburban,No,No
21a9c2ca-8551-46a3-9080-f78346c6e73d,Female,47.0,Suburban,Yes,Yes
1bece5e8-7df2-4857-a4e3-01fad66f74ca,Female,82.0,Urban,No,Yes
7dd65f22-8803-46b5-a761-79bd35f2702f,,37.0,,No,No
d18db31e-a369-405f-88bb-70793009781e,,23.0,Urban,No,No
1859cae5-b27d-4f0f-99d2-004246514f26,Female,60.0,Urban,No,No
08fb9b7e-287f-4bfa-8c28-3e7872236d43,Female,29.0,Rural,No,FALSE
81f6c21f-f5df-489e-93bf-75d7b351b7ec,Female,37.0,Urban,No,No
3cac66ee-75e5-49fb-b982-85487a6f1f41,Female,24.0,Urban,Yes,No
ffe99915-fc05-48b2-985d-a82679c3aaf5,Female,79.0,Urban,No,FALSE
45941a1a-1c1e-4242-b742-95174420e742,Male,57.0,Urban,No,nan
4ee36c9e-3e46-4cf5-a23f-4eb6c8bfa15f,Female,84.0,Urban,Yes,no
4a6d9603-9541-41c7-a31d-f002d667f552,Male,57.0,Urban,No,No
e236d88c-d644-4a56-bb20-30bca08a7397,Male,79.0,Urban,Yes,No
21872f06-4ef0-4802-ab7a-285d46f01693,Female,,Suburban,No,No
4470b2d6-94ef-4026-8f67-5cc25283d4c1,Female,84.0,Rural,No,No
afd61184-5294-41b7-b8c5-5c1bed7329a8,Male,73.0,Urban,No,No
352f387f-7620-40f6-9c4f-9e9557039e42,Male,21.0,Urban,Yes,Yes
bbfeab67-eec5-4472-b82f-8e43386ccd20,Male,64.0,Rural,No,No
12677d44-8a79-4b09-b3ea-4fcb3a338566,Male,59.0,Suburban,Yes,No
faf93c12-5453-4770-aa50-ce8e6a0ff0d9,Female,57.0,Rural,No,Yes
c1ac99e9-7b07-4641-b086-209f0074e6ff,Female,29.0,Urban,Yes,No
c332f141-9a57-4eb3-8a67-e3d9cee4e102,Non-Binary,27.0,,No,No
5e387dfc-e908-4525-86b4-5465c27ea2e0,Male,24.0,Urban,No,No
4b0f7a83-f590-4118-92dd-cde113a69acc,Male,62.0,Urban,No,Y
ddb60ad8-62e6-4bcb-b40d-d4b309e225f4,Male,60.0,Suburban,nan,No
67519557-a6a0-4f96-8718-83cc28ef260d,Female,65.0,Suburban,nan,Yes
5594c7b6-f9bf-4c49-bbf4-dc8d32506781,Female,35.0,Urban,No,No
f0e7d6b6-434f-419b-b649-23372d46326e,Male,,Rural,No,Yes
2c914749-155e-4a91-aa51-59ae790d6695,Male,22.0,City Center,Yes,No
31d97681-fe4c-45d5-a8da-3c850b490cce,Female,41.0,Urban,No,No
538163eb-948b-4a70-b616-586c2be3c6aa,Female,20.0,Rural,nan,No
295ccf39-7942-42cc-87ba-d811b8c64b70,Male,32.0,Suburban,No,Yes
6dce9c3d-ad5d-4843-979c-ec2d7f02c73c,Male,45.0,Urban,No,No
a228714c-2596-4e11-a627-2e942aa81f02,Female,69.0,Suburban,No,Yes
5d99e011-1059-44bc-be06-bbe3554239b1,Male,51.0,Urban,Yes,Yes
76cdfd16-0f34-4a59-a65d-44547c6817f9,Female,,Urban,nan,Yes
fcdc7ea9-2649-4440-a1fe-3ae85a7909a3,Female,71.0,Urban,No,No
ea99793b-d24e-411d-8e9b-02602a0fd678,Female,34.0,Rural,No,No
28c1448b-bb04-457f-8382-dcb9f30fbf24,Male,79.0,Urban,No,Yes
5fa43be3-4aa2-496e-9994-3c4adcdcac7b,Female,,,No,No
 ea16563e-58ba-43fb-8dbe-ecc771c28a10 ,Female,82.0,Urban,No,No
5cc26a9e-9212-4cc0-9882-2ff1f2a16284,F,48.0,Suburban,No,Yes
7f462dda-9c2a-4d83-9aef-0037cc8a6e71,Male,59.0,Suburban,Yes,No
74227ed6-23ed-488d-8f71-8b5603f3220c,,,,Yes,Yes
c766c170-9b9f-4084-94cb-c2a82fc9b348,Female,38.0,Urban,No,No
9d3ed3bf-81d8-48ad-a835-e2c1c0667bfd,Male,,Urban,No,No
898af469-3a34-4ca4-bed7-821f7bbc16c9,Female,59.0,Suburban,No,No
7089e73e-49fe-47cc-a2a4-d1a22361fcee,Male,44.0,Suburban,Yes,No
69a665f4-9128-4428-b030-8fc404c47e62,Female,31.0,Suburban,No,Yes
b4be2345-d35d-4ed7-9160-039065022274,Female,56.0,Urban,No,No
cc6225f8-6294-48ed-a734-8e6fa569d1aa,Female,82.0,Suburban,No,No
48a29de2-026b-43f7-9a35-b2debceb7309,Prefer not to say,66.0,,No,No
00b11591-d1a8-4b22-a81b-947979a744a0,Male,36.0,Urban,No,No
8ade8b25-510f-40ad-a031-d114a9880730,Female,63.0,Urban,No,Yes
f4c168a8-6553-44ac-91e1-eb7142ca11a7,,59.0,Suburban,No,No
df08e5a0-14b2-45ae-9277-de8d95ae3a7d,Female,25.0,Urban,No,Y
b5cf81e7-4a3c-4f19-b3d8-d35fb2462eff,Female,25.0,Suburban,Yes,Yes
f707c858-c3e2-48df-b087-14b6ea03a3ef,Female,54.0,Urban,No,No
dfd02090-a7f8-4166-971f-5a13aeac5f0d,Male,42.0,Urban,No,No
b36c577e-b457-4bfc-8f9d-6a57b3e3d7ae,Female,67.0,Urban,No,Yes
924626c8-970a-4086-bc12-e38810751caa,Male,31.0,Urban,No,No
3c5b30fa-c133-4d84-98dc-57d3c6413219,Male,32.0,Urban,Yes,No
18ad66be-4ec2-4ab1-b044-8f2a7ba02a47,Male,80.0,Suburban,No,No
5ff59eb1-cc58-4ddf-81a9-7356ca658d09,Male,65.0,Suburban,No,No
3db40035-da4d-400c-a6e2-0140ddec681e,Male,60.0,Urban,Yes,Yes
50cdc81f-bc9c-4004-903c-5a9d6412df6a,Male,24.0,Urban,Yes,No
b9f94820-a753-4e91-b19c-7e25cdd904bf,Male,57.0,Urban,Yes,No
f32c49dd-908c-4b0f-afb7-853c573fde94,Male,18.0,Urban,N,No
fe4ba7b4-2bc0-4820-8c2a-4b6e03a992a6,Female,76.0,Rural,No,No
8359a6a8-3a40-47b4-9895-4913345f7e16,Male,78.0,Urban,Yes,Yes
e49d241c-6fc5-4379-bf1a-b10834294536,Non-Binary,,Rural,No,No
029d6bd7-64ea-4f44-81d0-98e05806bc4d,,57.0,Urban,Yes,Yes
dea079ab-9c93-4996-88d8-8f86379fabff,Male,,Suburban,No,Yes
3299b5b3-4af9-479d-957b-883823a1be66,Male,22.0,Urban,Yes,No
4b980624-68c2-48c5-85c6-106830870661,Male,57.0,Urban,No,No
761e36c0-fa2d-4246-8d9a-ac5d30d237a7,Male,57.0,Urban,No,Yes
1edf89e1-aa7b-44a8-b008-f1e34c6bba9c,Female,55.0,Suburban,No,nan
e1be4192-7dcf-453e-8bf0-dcdbfef2aa01,Male,41.0,,No,No
a14698ff-1d5c-442c-9b44-388cb2baac42,Male,24.0,Urban,No,Yes
930e7f09-9440-4f27-8e21-7872f724637e,Female,59.0,Rural,No,No
6cab0d0a-8db3-46db-aa5a-ee12d0bdb82d,Male,43.0,,nan,Yes
dc5f5cb5-608a-4caf-8f53-47bf0b100213,Female,71.0,Urban,Yes,Yes
7173fede-890f-4022-bb6a-a2fcf3251b56,Female,70.0,Suburban,nan,No
d8108134-947d-46e1-9d70-0d7a4bffdc2a,Male,80.0,Urban,Yes,No
8dd1883b-539d-4e8d-a6f5-595e6a34a3c7,,36.0,,No,No
ba886849-b94b-4694-b445-10fd4fad3022,Female,22.0,Suburban,Yes,Yes
1f59e6d1-d797-46af-8b7b-94010a7565ae,Female,27.0,Urban,Yes,No
15d5ad25-ac6c-48ad-a8cd-6e5f1a7f3cd6,Male,18.0,Suburban,Yes,No
170b784f-b1a1-4338-9bd9-c3237d48a2b9,Male,43.0,Urban,No,No
094a5c2d-d5a1-424e-8db9-059cddb6cd59,,66.0,Suburb,nan,No
07d89f84-d5e8-4c4e-83d6-b90d2bbf2f8a,Male,59.0,Suburban,No,No
8954a692-2971-4d55-b20e-9c28b1f88168,Female,71.0,Rural,No,Yes
e7759137-63bb-4fab-b3dd-096fe1a42eea,Female,46.0,Urban,No,No
6477684f-b270-47d9-9f61-fe289f72f2b1,Male,67.0,Urban,No,No
1aff249e-5d50-49f3-b778-acb3b0059d86,Male,30.0,Rural,No,no
acb06613-47bb-4d3d-8981-0622c678043c,Male,38.0,Suburban,Yes,Yes
b73d0bb4-e5d2-4a2b-854d-48108194d6f1,F,58.0,Countryside,Yes,No
f13f0a4b-ce8d-4e7f-87d9-49c3dfa8f97f,Female,53.0,Urban,Yes,No
6c1ec93e-e4c7-4aa6-bdac-c5d0a4a7ade1,Prefer not to say,80.0,Rural,Yes,No
918d8928-9acb-4391-888d-a0e882253bfe,Female,46.0,Urban,Yes,No
c3566388-23c2-4b19-9bae-e4647b863141,Female,40.0,Suburban,No,No
1b200a96-360f-4572-bc05-2a76cb1e4a00,Male,77.0,Urban,Yes,Yes
27c9abca-fe38-4a17-9a2a-6a928c9a0d8a,Female,72.0,Urban,No,No
bc795bd8-9a02-4b2c-b34e-72cd7e15ea01,Female,52.0,Rural,nan,No
082a7cff-088e-44f0-be7c-8f391b37bb95,,63.0,Rural,No,No
f175ba36-e91d-45b2-90a4-32048c0f8668,Male,39.0,Suburban,No,No
 3c1c08a1-8745-4b75-9bd4-66f9645c6e3b ,Male,18.0,Urban,No,No
8e8276d7-6456-483e-9b58-2d2c6d3c6694,Male,61.0,Urban,No,No
1488415e-5c2b-46b0-a6fa-faf7c3ba9bdb,Male,66.0,Urban,Yes,Yes
3b9a994d-a27b-41f0-9a48-b05eef8a7e91,Prefer not to say,79.0,Suburban,nan,No
e5d494e4-0e17-46b9-a1f1-d2d525d3189f,Female,33.0,Urban,No,Yes
d9c604fe-d494-439b-a4ee-4cd1c8c51595,Male,60.0,Suburban,Yes,No
3eb2baa8-de33-4d67-86cc-3306960f8b68,Male,33.0,Suburban,Yes,No
5e31a289-62eb-4546-a076-6b5aeeda2dc2,Female,18.0,Urban,No,nan
af21ec4f-0284-4ab3-9dd5-81bb6a20f77a,Male,44.0,City Center,Yes,No
f4ff98d1-1adf-4d06-9eb5-6784dc1dd4c0,Female,48.0,Suburban,Yes,Yes
f537fba4-1da4-4f23-9b9b-4c7d9e140713,Female,84.0,Rural,No,No
810c54ee-d0af-4ea8-ba6a-71e47767cbe4,Female,74.0,,Yes,No
c42256f5-ae5d-4d91-b964-c9e592e75eba,male,46.0,Suburban,Yes,Yes
0d42befe-2622-4333-bf5d-9b419380b248,Female,78.0,Suburban,No,No
4173871c-d1c7-4ac3-b53e-857353db2a21,Female,64.0,Urban,Yes,No
1e630df7-6797-4b60-bbb8-68aeb498e814,Male,22.0,Urban,Yes,No
d22ba321-6a53-429c-a8ef-c7875a3cc2f0,Male,76.0,Rural,Yes,No
dc6053d9-4121-485c-80dd-c7770ad7723e,Female,,Rural,No,No
f5a073a7-5c55-427b-964b-2bd88b80c341,Female,52.0,Rural,Yes,No
9400ff6a-a2d3-4724-814a-6924ab000bb3,Female,,Urban,Yes,No
c73355c2-4f02-4c2f-a063-07a619aa0307,Female,46.0,Urban,Yes,Yes
d928b5cc-4af1-4f46-9865-d1c4fb8645b2,Female,32.0,Urban,nan,No
ea24b897-1914-464e-967d-c5afe64a165b,Female,78.0,Suburban,No,Yes
7aa9f2e7-2db9-4cb7-83ac-2ceaf59e0feb,Female,84.0,Suburban,Yes,No
19a76b35-dc52-4517-9cd9-436368369549,Female,77.0,Suburban,Yes,yes
375dd0d7-086f-4a55-a786-29374ae4a696,Prefer not to say,32.0,Suburban,Yes,Yes
acbe1108-b3d7-40ff-a9a9-6650b16f37ed,Male,72.0,Urban,No,No
52d1f69a-9962-4865-a45e-ccc44a6535d0,Female,79.0,Urban,No,No
964c9034-1e32-43d2-bd63-980dfe4ba83d,Male,,Urban,No,No
5c43f4a7-f265-4a71-9582-57ecb9955193,Female,49.0,,No,Yes
1173c303-9b44-4553-afe6-ef78ca9c3d38,Male,44.0,Urban,Yes,Yes
82af1e54-ce1d-4d5c-a412-1db8631e6c4a,Prefer not to say,27.0,Rural,No,Yes
14b3eb50-0461-45c9-878e-4a919549bbaf,Female,38.0,City Center,No,No
b7cbadee-f4bc-44cc-aac0-0cd0080de277,Female,36.0,Urban,No,No
592e9f71-13a8-4769-a91a-7b3af10bee61,Male,,Urban,Yes,No
2ef125ea-6980-4843-a0c7-607466e5f3f8,Male,77.0,Urban,Yes,No
3d17c4bc-ba54-4d13-9161-3f01da1548e3,Male,70.0,Urban,Yes,No
806e53dc-e735-4b94-b0b4-99b346fa627f,Female,61.0,,No,No
becf8798-7012-4c9c-af18-7d75066c2500,Male,54.0,Urban,No,nan
843ea447-8927-4f07-a4aa-f4a3478624d1,Female,84.0,Urban,Yes,No
fb3b8c56-47ce-4353-975b-3bbceb89be76,Female,28.0,Urban,No,Yes
2951a449-9a11-472c-b070-434d23ce6ff7,Female,20.0,Suburban,No,No
511cd960-82bc-49c5-bedd-19506972826e,Male,80.0,Urban,No,No
 37e82d46-4296-417c-a2dc-99ac072cf63c ,Female,38.0,Urban,Yes,nan
140fd1c7-cc57-4af4-ac55-e815c6b566b9,Female,36.0,Suburban,Yes,No
4b7eff47-4bd1-4a1e-8474-fb764827cbad,Female,45.0,Suburban,Yes,No
80a6c6d3-ce61-4fb6-868f-8b3fe5d1c829,Female,57.0,Rural,Yes,No
cbf591b3-05d6-4133-92b6-7deb58c5a2d3,Female,33.0,Urban,Yes,Yes
db64e134-82b9-43e0-becc-0a25fc802306,Female,28.0,Urban,No,No
ad412277-dcbd-47be-997f-1f1d9b1a64a7,Male,47.0,Suburban,No,Yes
55f4fe2a-df8c-4aad-bc01-a7a177eed370,Female,74.0,Urban,No,No
bf514916-6eb5-44f9-b2aa-a5f047986632,Female,73.0,Suburban,No,No
50992428-a5c3-4e08-b47e-1e3fe59aa57a,Male,64.0,Rural,Yes,Yes
4e0458bd-b01c-4d3c-bad2-77bc813ae2db,Male,84.0,suburban,No,Yes
3426b337-b3b8-449e-9a07-e0110977ca87,Female,65.0,urban,No,No
dc53b107-1f52-4da4-aa2b-c164b79eb61b,Male,19.0,Urban,No,Yes
3f6afaae-1de8-435e-8f01-607a2276a91d,female,74.0,Rural,No,Yes
c73bf6eb-3bc0-44ef-a47a-85eab4bd5f2f,Prefer not to say,30.0,Urban,No,No
a91fa110-537e-4e81-9528-33a6ba2ad3b2,Female,69.0,Urban,No,Yes
65aa4c3d-993b-443f-9f52-f5a24d965230,,44.0,Suburban,Yes,No
bbffc438-5cd0-4425-80a5-395a28d5a4b9,Male,48.0,Urban,Yes,yes
4cdee928-ac62-4c07-8b57-dedaa6587251,Male,44.0,Urban,No,No
9ac87369-f8ff-4fde-8ac7-9e169fecae42,Male,61.0,Urban,Yes,No
a9dd35db-e056-41b0-8d27-414de0d8adeb,Male,84.0,Rural,No,No
aa8244e5-bcd7-4834-b77f-d2a35f48df0f,Male,67.0,Suburban,nan,No
1553b5d1-1070-4e4f-b74b-12813599b500,Male,38.0,Suburban,No,Yes
337ec2c3-8a4c-4124-8558-d9e149489445,Female,61.0,Urban,Yes,No
e606dcee-f63d-4d40-8d76-b4cb1b40842b,Female,27.0,Urban,No,No
d1ea94a4-98ef-40e3-a6f3-c5f3dda3152d,,80.0,Urban,No,nan
fbc28765-d244-4b3e-abbd-ac97804ae466,Male,58.0,Rural,No,Yes
843ab125-a800-4fb1-b5b8-fd7d7418e65c,Male,70.0,Rural,Yes,Yes
314392c9-099c-41ca-9317-7234a0372d4c,Male,84.0,Rural,Yes,No
46f4dbfe-1b3b-4b0d-9e5d-300cc6e980c9,Female,50.0,Suburban,Yes,No
b84a354c-533c-4c2e-83c7-4b4fd04b6245,Female,80.0,Suburban,Yes,No
02b3211c-de28-4296-a5ee-0cd9d1339a2b,Female,70.0,,No,No
a894ee86-0f27-4a9d-874c-3cf6a111a1d6,Male,52.0,Urban,Yes,Yes
afaeeb54-0094-4d63-879e-cbe6eb1cf2ec,Female,82.0,Suburban,No,Y
598b9955-dc14-4af5-ae28-6f785d2654d6,,48.0,Urban,No,No
c0fc4052-3b01-4abf-9a30-d638a80f765e,Female,68.0,Urban,No,nan
498fd2e5-1b6a-482a-bad5-aa4a044c6475,Female,63.0,Rural,No,No
66da5ec7-72af-4920-a5ba-48345f14db63,Male,33.0,Urban,nan,Yes
c2981ac7-f109-4b79-b8f1-c57998a2d563,Female,62.0,Suburban,Yes,Yes
ca15e498-3502-41c1-a7e7-a4ab236ed902,Male,61.0,Urban,No,No
bbd6551a-9b42-49dc-896a-9d2942c94a4a,Female,46.0,Urban,No,No
458cb0b3-0bf1-43c5-a029-3278a42cd9f0,Male,35.0,Urban,Yes,Yes
2ebdc51a-2965-4069-8e94-5f6839858b47,Female,67.0,Urban,Yes,nan
c80fd79a-6291-4707-bc44-ecb0431febf9,Male,81.0,Suburban,No,Yes
85388f95-61c9-475e-9988-43546b5be39b,Female,20.0,Urban,nan,Yes
c54d6b3b-f51f-4298-a485-971228ed25f9,Female,65.0,Urban,No,No
9f8002e4-bd9e-48b4-ab4f-d22c4519a72e,Female,76.0,Urban,No,Yes
27cf9528-a98a-45ba-a597-7f69268b3332,Female,,Urban,No,No
2936df47-f2f9-42f9-a521-6055181700d0,Female,50.0,Rural,nan,Yes
44d67fcd-118d-452a-9a0e-97ad5201ac9e,Male,55.0,Urban,No,No
dcf03d87-09e9-4d3d-aaf2-7ee3ad67063d,Male,40.0,Urban,No,No
4406fd94-3436-4087-a892-cfc83483f587,Male,44.0,Urban,Yes,No
3b72a038-ef27-4096-9c8a-2f98a9a6a6cb,Female,38.0,Urban,nan,Yes
1c0be64a-7013-461d-85c8-66a52fccd474,,78.0,Suburban,No,Yes
7541b5f8-2872-41cf-939b-d48dca662565,Female,46.0,Urban,Yes,Yes
beacda6e-16fa-4dba-b847-f932a92d8efb,Female,56.0,Suburban,Yes,No
f624e80e-08eb-4cd1-9994-9eeea43a0d1e,Prefer not to say,65.0,Suburban,No,No
5a0f566c-20dc-4e1d-a249-af72e97e6761,Male,29.0,urban,nan,Yes
b52b4eb2-dcb4-4dc0-bcb6-de410e93b9a1,Male,66.0,Suburban,No,No
2812ddad-7da3-45f2-ba31-de04088aad5f,Female,75.0,Suburban,Yes,No
0118ca78-5000-4d2d-8c06-f0cfdf772ecb,,-5.0,Urban,Y,Yes
b2e180cd-a556-464a-9e07-77fcaeb023fb,Male,47.0,Urban,Yes,No
ce744d6b-3b21-4656-9c13-146235c4d086,Male,29.0,Urban,No,No
6250b221-391f-4f95-85f9-2270f9763ef1,Male,62.0,Urban,No,nan
fb0a0586-76b0-4107-91a6-8ca8dc178404,Male,53.0,Urban,No,nan
9012c41a-bd65-4afe-97a7-2fb56483e307,Male,78.0,Urban,nan,No
3cfdf2ad-0312-4c9c-ac10-7575e275316e,Male,76.0,Urban,No,Yes
f5b581a7-45a6-4d72-9a04-43bda3074842,Male,19.0,Suburban,Yes,No
f102ca45-3be7-41b8-8cff-35590ee2b4c9,Male,37.0,Rural,No,No
3ff60634-b60d-493e-9c1d-cb241d8c797a,,34.0,Suburban,No,Yes
84aa9e2f-1f3c-4896-87b4-5962990cbee2,Prefer not to say,35.0,Suburban,Yes,No
664446cf-aadc-44f1-8ebc-327cece1b272,Female,25.0,Urban,Yes,No
0104ee1d-7584-42d3-86fa-3a08fda6d2ed,Male,57.0,Rural,No,No
37e64d32-bdfc-4a9a-a293-a412aeda71bc,Female,31.0,Suburban,No,No
7eec8621-020a-49f1-ac2b-804de97a7f9a,Female,42.0,Urban,No,No
aa160cb0-80d7-4168-b325-21a1e74e7aa7,Female,30.0,,Yes,nan
a5b55461-248f-46f7-ac8a-25b67f46a565,Female,32.0,Urban,Yes,Yes
859bb683-cabe-4d28-b457-dc898472440a,Female,37.0,Suburban,No,Yes
e7b9e5a9-3fd5-4a99-abca-07a43653f6bb,Male,27.0,Rural,No,No
68565ce1-e4f9-45a6-85d4-6288efcedb88,Female,27.0,Urban,Yes,No
01ad2c8f-13f7-4c3c-8dc3-40f0d8bc0f76,Female,56.0,Rural,Yes,Yes
d4688ea3-5008-4271-89fa-7e1da6f3e37a,Male,79.0,Rural,No,Yes
37cfe653-6074-428b-9e2e-674413a9b97e,Male,61.0,Rural,Yes,No
3891f177-34d6-4f09-a504-d0e563651460,Male,49.0,Urban,Yes,Yes
41a5e590-b471-496d-a634-23304aadccae,Female,41.0,Urban,Yes,Yes
af692f71-496a-4cee-a842-19acf90b9a39,female,61.0,Urban,Yes,Yes
920a8995-db2a-4b3e-bcb8-09b506ac954a,Male,32.0,Urban,Yes,No
87e3b1a9-a030-4fa0-bc9b-9e0f8169baa3,Male,25.0,Suburban,Yes,No
ff43e530-57b5-4c57-a20a-6e143fe6a7ad,Male,32.0,Suburban,nan,No
372d4838-4acb-4905-9ed4-f0bfa8947da1,Male,67.0,Urban,Yes,No
a5e30877-ac0e-4f60-8ad9-132e79abda94,Male,42.0,Suburban,nan,No
d39a860e-1044-41cf-af56-21d0c5e434c5,,23.0,,Yes,Yes
9c607f40-2c2e-414e-95b9-8f1d73df573d,Female,38.0,Urban,Yes,No
7cc82c1c-1b1e-4823-87ae-283d1d8d8b17,Female,23.0,Urban,Yes,No
2933e644-8451-4eae-9d95-f915b408202b,Male,54.0,Suburban,No,No
f5538608-9adc-42f6-bbd2-dd3255083dbb,Male,67.0,Rural,Yes,No
58b701dc-2762-4182-bf7f-3ff2746345bc,Male,74.0,Rural,No,Yes
b1466ec3-a6e0-464d-89fc-1c052e6dabd5,Female,36.0,Urban,No,No
86a9ca79-6383-4b19-ba4b-c680335b8a9f,Female,70.0,Rural,No,No
eff6ddb6-4f48-4c5a-a8ac-b857f7524aa5,Female,49.0,Suburban,No,No
fa433b8d-61dd-49a8-afca-fb5e1efcec83,Male,72.0,Urban,No,Yes
3187d76f-ba3a-43bf-b5d2-24e99dfea4f6,Female,36.0,,No,No
f31a80f6-d9e1-4f2b-92fd-6f299a1f9174,Female,64.0,Rural,nan,No
dce93fe0-12fc-4de5-83f7-e49ce259e12d,Female,66.0,Urban,Yes,No
bb9eeba5-9417-4b7e-9007-ad0f6c771677,Non-Binary,27.0,Urban,No,Yes
cc3ca955-fdf2-4f3f-a738-169847e49b8f,,66.0,Urban,No,No
ffa22b48-8359-4dac-a04a-a041e9933f1c,Female,28.0,Urban,No,No
68943278-c9c1-4c08-81af-fc034bb0205f,Prefer not to say,33.0,,No,Yes
99734aa9-4497-415d-a71b-e3e9e36bc2e6,Female,56.0,Urban,TRUE,No
536593cb-62f3-42cf-825e-5c44167a1e3d,Female,47.0,Suburban,No,Yes
519ed9ba-a909-44e7-b143-01026acc113d,Male,64.0,Urban,No,No
a5169b77-1346-4d54-a6b6-9ae5ac0626fb,Female,36.0,,No,No
eb9a120c-da98-47a7-87ff-e2e9ff642d90,Female,41.0,Rural,Yes,No
2edbbdb6-73be-456f-9e96-34a0622b9be5,Male,33.0,Suburban,No,No
fa5215d5-dfd9-4733-8fa4-a19c3a4007df,Male,68.0,Suburban,No,Yes
a88bf418-20c3-4981-be91-4352dcd0cd5e,Male,54.0,Urban,Yes,No
6253dae9-23cb-4613-8336-f58f2f039b4e,Female,83.0,Urban,Yes,No
f38ae3e0-59ed-4c56-9283-a61bb354f953,Female,30.0,Urban,no,No
b4506458-dcb0-4b31-9dd7-1bf047cb964e,Prefer not to say,36.0,Suburban,Yes,No
fc0f0caf-d94c-4742-9615-2aa68a3b230e,Female,25.0,Suburban,Yes,Yes
049241d9-9609-4048-b7d5-028822eb8e59,Female,26.0,Rural,No,No
ffef1ad1-2c53-4a10-b5f5-c38057779645,Male,64.0,Urban,Yes,No
32f5c2aa-a771-47d4-92b6-fe552ffc6b56,Female,84.0,Urban,No,No
27710a90-00c3-4809-96f9-2f3a0263e3cf,Female,58.0,Urban,Yes,No
8b3ee3f1-9ff5-4c17-b569-1031bc6f57bc,Female,65.0,Rural,Yes,No
afe6b3cd-142a-49b7-ae07-68e31f306cf2,Male,20.0,Urban,Yes,Yes
1c0d446e-d891-4395-aeda-effb25b96351,Female,56.0,Suburban,No,No
3161986a-d8d0-441e-970d-75ba3beb8366,Male,61.0,Urban,No,Yes
cb5f9acf-55f2-45d6-8408-3a9ea94d893e,,56.0,Suburban,No,Yes
0a728017-ccbf-4566-a191-5970fc865947,Male,56.0,Urban,Yes,No
e58a32e1-5712-4a27-aa1f-ad407d74fb24,Female,19.0,Urban,No,nan
3bb6a455-6a95-41fd-a10f-726981b94403,Female,58.0,Urban,No,Yes
46cb21d8-9feb-4948-ac9f-e9e04a5c3ddc,female,37.0,Urban,Yes,No
247c91aa-34d7-4015-97bc-9de37512a670,Male,27.0,Rural,No,No
ae9e0c1d-651f-4c54-ae06-0b815fe98420,Male,81.0,Suburban,Yes,Yes
8902598d-570e-4542-aff5-095d06366b6c,Female,24.0,Urban,No,Yes
8bc0028f-60f7-4598-a878-2d1522417a2c,Female,36.0,Suburban,Yes,No
b1f6e3c2-d1ab-4cfd-901d-d796a401e7a3,Prefer not to say,54.0,Urban,Yes,Yes
3abb2573-0e59-4a92-9aee-66c0a644cde6,Prefer not to say,31.0,Urban,No,No
aea4dfd7-b5f3-4d85-a411-bbacd52e1438,Male,49.0,Urban,No,Yes
0b0575fb-7f59-4f8b-b5b4-90babb3fdeec,Female,45.0,Urban,No,No
787de10c-172f-45c4-9e87-43d04d8d3545,Female,44.0,Urban,No,No
03f8c9fd-ea47-4501-863a-810e4398b85c,Female,63.0,Urban,No,No
df4b8e65-8ef9-4da4-b0f0-446e2a153dca,Female,40.0,Suburban,No,Yes
9083af78-dcbe-44d9-8304-c0ba9ab598a1,Non-Binary,48.0,Rural,No,No
074999a3-2af7-40c4-a52d-19ca3364b6e6,F,24.0,Urban,nan,No
f0d6e723-1c07-4e43-979f-fc83123d8c44,Female,75.0,Rural,No,No
b8eadb8e-2b99-4acb-925d-e477200bfa32,Prefer not to say,27.0,Rural,Yes,No
fb75dd3b-e1d7-4705-be8a-960d66e8f49b,,83.0,Suburban,No,No
2b3fea49-aaa6-4608-8840-a6e7c06f183b,Prefer not to say,50.0,Urban,Yes,nan
7e10b22f-d27c-4df7-b945-573744676a04,Female,53.0,Suburban,No,Yes
ce86893d-dcdd-4be0-94e8-0ca535ee21da,Male,45.0,Urban,No,Yes
a86a3ff1-2e85-45a6-928d-a6fea388c5db,Male,60.0,Urban,No,No
e4c10f5d-325d-4ecb-8f6e-ededcf1a174d,Female,56.0,Suburban,No,nan
08545daa-7c87-418c-ab71-fccbb383c518,Male,76.0,Urban,nan,No
87584788-85ad-44a1-8263-ff8196299786,Male,,Rural,No,No
95cbe216-e66c-487e-817e-7179ac54c3f4,Female,68.0,Suburban,No,nan
470d366e-c1f5-4ea3-9aaa-c1d6fdf7c3f0,Male,37.0,Suburban,Yes,Yes
e84bbdc3-18f3-47cf-abb0-10e9cc9f1f40,Female,47.0,Suburban,Yes,No
428e1118-8c5e-4e91-8a2f-17e5d739d875,Male,25.0,,Yes,No
fee98808-2ddc-4376-bdd8-9d77a99834ed,Female,60.0,Urban,No,No
4bcfdeb0-e9d6-4359-8458-71424debcb3a,Male,,Urban,No,Yes
aa055042-b3c1-49dc-b39c-59570bb5ca90,Male,80.0,Rural,No,No
d69ea274-66bc-4ae5-93d7-887a2548ca24,Male,21.0,Rural,Yes,No
109d8990-fe40-43ef-a62e-72bae4376fb8,Prefer not to say,57.0,Urban,No,No
4aca273a-8c04-4edc-834d-73c19ac10b31,Male,68.0,Urban,No,No
83e87773-9b69-4edb-b60e-dd9a6c319f82,Female,82.0,Suburban,yes,No
46a44c1a-f6b7-4b4d-b998-c6c182f586ce,Female,,,No,No
dd41416e-aaa5-4ffe-a493-a2fa20d5a403,,,Urban,No,No
8167edae-6da6-4f87-9a04-fa92ddbb072f,Male,,Urban,Yes,Yes
0a48f5c4-676f-450e-84af-146ee9e5c33f,Female,75.0,Rural,No,No
5b01871c-1b4a-4852-9f31-35e6bd81ce30,Male,34.0,Rural,Yes,No
2e125ae6-9471-4b63-b1b4-9ee849762bec,Male,24.0,Urban,No,No
21ef8bb2-298e-44f5-943f-95f7e24ee33b,Female,66.0,Urban,No,No
2499bfa8-16dd-4d6a-aada-5be985312dc4,Female,30.0,Suburban,Yes,Yes
5df0c642-cd47-4940-8955-e42fbe1d63e2,Male,47.0,Urban,No,No
c3eb0811-a951-41bd-aa56-1a2beacc3eea,Female,28.0,Suburban,No,Yes
431e7e2c-6a74-4330-bbd3-f0805ebbbda0,Female,18.0,Rural,Yes,No
3ef02991-4c88-452a-892e-c577bd082bec,Female,77.0,City Center,No,No
535160e1-6148-41be-a20b-c0850d697335  ,Female,26.0,Suburban,Yes,No
5d9742f3-e4dd-4a03-b714-08b3ba9518ae,Male,,Suburban,Yes,No
4deaa9cc-087b-446f-bd91-1c1421bfb1e9,Female,44.0,Suburban,No,No
cf2cc064-dbb7-4cf8-84ca-ee2678735c3d,Male,54.0,Urban,Yes,No
22db48c5-73ac-4903-903b-b914a7cc1338,Female,39.0,Urban,No,No
756d6511-6c9b-4c9c-98ef-fcd94de670b1,Female,67.0,suburban,No,No
2f4fe48b-b18b-44e0-98c2-fe5ccf997578,Female,26.0,Urban,Yes,Yes
8905918b-2171-421d-817e-1cbb00f98684,,54.0,Rural,Yes,Yes
a1e57bf5-e52e-460f-a999-1b43175a09f4,Male,41.0,Urban,No,No
bc0388bf-b731-497b-a6be-592f6f48ca9a,Male,33.0,Urban,No,No
2f772ce1-d9cb-4da8-bbd4-27c7ce3b09cc,Female,82.0,Suburban,No,No
691ad115-11f0-41ac-aeee-9b7ec9c49da9,Female,49.0,Urban,No,No
620e55ac-cc66-44ac-874c-e35b5bb3b0a4,Male,47.0,Suburban,No,nan
2903234b-0549-4eed-8937-94169aa9eae4,Male,63.0,Suburban,Yes,Yes
d22b0f07-f1ec-4cd6-9b7b-402284cc171c,Female,55.0,Rural,Yes,No
7e838151-f673-4b65-aba1-04511de3e8e6,Female,25.0,Suburban,No,Yes
0e7364e3-c152-4e35-babb-793ef22e5a64,Male,74.0,,No,yes
de974c6b-5765-4ae1-983f-b3d314c3b1d2,Female,25.0,Suburban,No,No
9335cb87-381c-40bf-b3e2-a1dba7d44010,Female,26.0,Suburban,Yes,No
ab6ebcc7-a6d6-4707-b837-374505255db6,Female,40.0,Suburban,No,no
c5d1c1a9-7bac-4dcc-8b40-853757c630ec,Male,57.0,Suburban,No,nan
a727f6ab-f4b0-44cc-9663-59fc39adb7da,Prefer not to say,58.0,Urban,No,No
be49a3cc-2935-49be-90a1-a140da1996e1,Female,37.0,Urban,No,No
7e6a9691-9ddc-42cd-8bbc-e6672f1c170d,Female,23.0,Suburban,No,No
3f6e4f26-7801-452a-bce0-c54fce354014,Female,60.0,Suburban,No,Yes
d1bc6a51-4676-4129-a95b-28640e21e342,Female,82.0,Urban,Yes,No
f2a9f0d7-6e8f-4436-a339-9e937151d250,Female,21.0,Urban,No,yes
ecfa9967-6e65-42e4-b666-00a287c5177c,Male,42.0,Urban,No,nan
c309f9f3-8076-46fb-87d1-2438b4d57f27,male,63.0,Urban,No,No
11c88c98-c65e-482b-a230-c57419fc3800,Male,30.0,Urban,Yes,Yes
a3d1d1f2-2b51-47d1-a469-9ae41d7aef09,Male,61.0,Urban,No,Yes
84294d2b-c4a0-4b35-be5b-01e69e6a3513,Male,83.0,Urban,No,No
26acacbd-0832-4f0f-a84f-d4ae47324993,Male,0.0,Urban,No,No
514e5030-1767-4eb5-8ac2-ef687d01ee22,,59.0,Rural,Yes,No
73c5f47d-e3f7-4970-9781-0cae92134f18,Female,59.0,Suburban,nan,No
d596f7ad-e407-4fdc-9781-4cb2d8b7c015,Male,79.0,,No,No
8424ac51-823b-421c-a5c3-5acaac68f3af,Non-Binary,27.0,Rural,No,No
984d660a-05cd-4868-bf29-1072b8e71a00,,43.0,Suburban,No,No
0bea3085-a153-4f13-9512-ee421d51edba,Male,45.0,Urban,No,No
50dfbf90-36dc-40c9-b657-a23ad1561dab,,82.0,Suburban,No,No
6c780f72-b595-46bb-bcbe-e70b43e9ee9d,Female,29.0,Urban,No,No
600d74fa-102b-416d-864b-fd113255c41a,Male,79.0,Urban,No,No
d981c656-ff2b-414f-9dc4-6783c52cf768,Male,35.0,Suburban,No,Yes
a36c8976-4968-4a28-a45f-dc1a24876a76,Female,19.0,Urban,Yes,No
d7db4244-916c-4737-9a0a-cf7cef7ccce0,Female,69.0,Suburban,Yes,No
43dd1677-317b-4162-ac13-7bd212dad172,Female,75.0,Urban,nan,No
01823583-8d58-40c3-b306-8e89cccf6d23,Male,71.0,Urban,No,nan
b5b93fca-562d-460a-8b98-f88e3469eeec,Male,61.0,urban,Yes,No
893d3e5a-25b9-4396-aeb4-9aa948d3c184,Female,48.0,Urban,No,No
0f5e8bf3-4ecf-4d25-bcba-0c3d1fedb804,Male,46.0,Suburban,No,No
9d9108d2-31e4-4a55-ba56-9b5eda65bf0d,Female,21.0,Suburban,Yes,No
06ab5c97-d103-4031-82ed-ae99c27c4e92,Male,67.0,,No,No
50587f60-1ba0-4fb5-8459-88fe46e3bd14,Non-Binary,34.0,Rural,Yes,Yes
1a460a38-f7f3-4536-98c2-3a028f6a847f,Female,73.0,Suburban,Yes,No
04c26a8b-355b-4eab-b20e-3c404e7079d7,Female,72.0,Suburban,Yes,Yes
58e5b47d-f627-4ac5-b673-c18a7d67ad1f,Female,62.0,Urban,No,Yes
44a4576b-5790-4838-ba01-7e77cf729c7f,Female,38.0,Rural,No,Yes
adf8d486-bbe4-4872-82de-f0dd67c14264,Female,78.0,Urban,Yes,Yes
fa59e059-23cc-4a32-b2a0-0d1c655cfe7e,Male,39.0,Urban,No,nan
b87c9928-e9ab-4c2a-95aa-459ff989d9db,Male,21.0,Urban,Yes,No
57353736-7c34-44e6-9190-cf3a01c89927,Female,74.0,Urban,Yes,No
c2d4b8b2-b77f-4890-baa9-225be9cd82ed,Male,24.0,Suburban,Yes,nan
cb76bd0e-838c-440f-bc6a-18aa8a29282f,Female,81.0,Urban,No,No
e3e6fd81-0929-48b6-bbf6-0dd498577167,Male,37.0,Urban,Yes,No
f715362b-3c60-4591-95fa-4c35587877f7,Male,25.0,Suburban,Yes,No
487f384f-6fbb-49a3-9bc5-667082b958ac,Non-Binary,70.0,Rural,nan,No
c7625327-4828-4bd6-a19a-4aa9b1c8cdbe,Male,38.0,Suburban,Yes,N
7e7fdc2b-dfe8-4eda-875e-168fe65dddba,Male,32.0,Urban,No,N
09e1e8cf-c5e8-4c62-aa54-7f4a933330f8,Female,33.0,Suburban,No,No
60192bfb-3939-481e-9a43-ed450f9eced2,Female,24.0,Urban,No,No
c73ebbbd-5f0b-4e99-88bd-eafa8b6cff2c,Female,78.0,,No,No
9f828f62-190a-4709-8e48-23b5d37c7ec6,Female,60.0,Rural,No,Yes
244c4600-1bec-4e4b-8f2b-efabf2acf605,Male,69.0,Rural,Yes,Yes
142c66af-c936-4d0e-9066-ba01a15c2768,Prefer not to say,81.0,Urban,No,Yes
00a028ea-2d98-4db2-a63c-9da1cc189317,Female,41.0,Rural,Yes,nan
b3c0ff88-ba3c-4532-a884-e1c56e9d9e10,Male,74.0,Suburban,Yes,No
618e576c-f611-412c-8e23-06f5d76c3e10,Female,82.0,Urban,No,No
c1fd2a8c-1900-4d86-bd7a-de24b54c2a6f,Male,20.0,Urban,Yes,Yes
80de2370-608e-414f-840a-2ef487b9fbd8,Male,,Suburban,Yes,No
c3642743-dd48-44ff-8b2b-a60a1a706fa7,Male,,Rural,No,No
ec6d24aa-afb4-4a08-9a28-6a0ff638478b,Male,35.0,Rural,Yes,No
71eb6398-163d-40fd-b943-079e9aefac0c,Male,21.0,Urban,No,No
bc62e37c-19bb-43ca-ad12-1b6ff1c3dc22,Male,40.0,Rural,Yes,No
ee72a658-8705-4118-9c11-99473bc70bc9,Male,70.0,Suburban,No,No
0a8eb3b4-d0fc-4638-8340-db4a4d761ec7,Female,78.0,Urban,Yes,No
f86817db-90bb-4848-8471-bd928b3c8ac4,Male,21.0,Rural,Yes,No
54908118-1709-4443-8898-09eec59b0c3d,Female,36.0,,No,No
75111a54-3021-4f09-a1eb-eeacfd20815d,Female,33.0,Suburban,Yes,No
2d038b8a-3113-4260-bc13-afe8b631667c,Female,34.0,,No,No
3b680d2d-9a4f-481a-910f-afb0a3cfb02a,Male,40.0,Suburban,No,No
e40c382e-0dc0-41e4-b113-1bd56ab277b5,Female,40.0,Suburban,No,No
2bd44144-1a5d-406a-8067-0b0ae5171547,Male,18.0,Urban,No,Yes
ff22517b-d004-443e-b66d-1bf848d4b931,Female,61.0,Urban,No,Yes
d3d4e4de-4d37-4279-b561-6778d083e2b1,Male,62.0,Rural,No,nan
d8cf9eeb-15c9-427b-af66-ff57bc9dc9d5,Female,82.0,Rural,No,No
aa31b8bf-01aa-444b-afca-6e5004d19265,Prefer not to say,30.0,Urban,No,No
9b46996e-ba87-4054-b2d0-6f8e32c399b2,Female,47.0,Urban,No,Yes
9808cb5a-8f2f-4bd1-a649-3a84e3da077e,Prefer not to say,62.0,Suburban,No,No
5b68d057-d666-4922-9e4f-1c4694e8a59d,Female,38.0,Rural,No,No
52d41d49-3b5e-4fcf-861f-eb2383fbc133,male,55.0,Suburban,Yes,No
da47710a-8a0f-4e09-9f4a-3940cbc66aca,Male,23.0,Urban,Yes,No
a24ac059-c8f1-4252-9847-4e3f70fe2cdc,,34.0,Rural,No,No
531bb8bc-d41c-463b-8d3d-147a7fdacfc9,,61.0,Urban,Yes,No
8248599a-2e3e-4c39-bc42-b4c2e38822fd,Male,34.0,Urban,Yes,Yes
1da39a12-13d7-405e-be33-7cb6e75262ea,Male,26.0,Rural,Yes,No
890b2207-5645-4dfc-ba88-6f05c493e1ec,Female,43.0,Suburban,No,Yes
0dc370fd-0f64-4f13-8778-693784e6ad3a,,52.0,Suburban,No,No
0ff4dbc3-f096-4816-a68a-dc66eed9ad8a,Prefer not to say,22.0,Urban,No,No
cf019c54-5c48-4c6c-ab1b-b03b6d5e7dcf,Female,70.0,Urban,Yes,No
eeb8b0f1-649b-49f5-b4b8-5c4a31848735,,20.0,Suburban,Yes,No
5b2757bb-2084-479a-acd2-f6986572b1ff,Female,56.0,Urban,No,No
46ab9dc0-90bc-48f8-bf17-a7f0b969b871,Male,57.0,Urban,No,No
047743f0-079a-4dae-99a4-e6acd501a164,Male,27.0,Urban,No,No
561ce6a6-2c18-4043-8bcc-bccbd00af2ae,Male,80.0,Suburban,Yes,No
f8adbf9c-e634-4ba6-bce4-2d3c7d3b1ca8,Female,40.0,Urban,No,Yes
84769653-c6cb-4f30-8a91-bf21c8ea6b52,Male,65.0,,No,Yes
1d43b3a6-12bc-45a6-87a9-54660705029b,M,39.0,Urban,No,No
774ae5e8-9028-49cd-8ce0-013a37876109,Female,73.0,Rural,Yes,No
f99a66eb-ddbf-4427-a7ac-149e9b2a42b0,Female,33.0,Urban,No,No
97df8fa5-b94e-4e3c-a377-60c2a3c29454,Female,48.0,Urban,No,No
64725607-c94e-40ab-adb4-786c1452bcbf,Male,59.0,Suburban,Yes,yes
ddddd060-a64d-4fd3-bbff-f8637d55d544,Male,19.0,Rural,No,nan
006dddf6-232f-486b-8df4-0d804693bc43,Male,19.0,Urban,No,No
330e9ae8-56f0-4a92-8c53-f9a219e5fc4a,Female,61.0,Suburban,Yes,No
45c2c5c3-23cf-471a-930e-ebf1fd61fdd0,F,39.0,Urban,No,Yes
8a2500f5-0919-48ab-8c9f-093199fae56a,Female,59.0,Urban,No,nan
3cc942a0-bef3-413d-a043-2e07e55996d8,Non-Binary,33.0,Suburban,No,No
f744140d-ccf2-4321-9a4c-225a6ea6eee6,Male,24.0,Suburban,No,Yes
cd8e0469-9b46-40cd-84af-d73d9a6833a2,Male,,Suburban,nan,No
c13d5f20-ec82-4074-848c-6f696b81afee,Male,60.0,Rural,Y,No
2666d650-2769-4dd0-af06-4da337bc62a8,Male,46.0,Rural,Yes,Yes
a95e7b15-77b7-4304-9361-e86849be8207,Female,63.0,Urban,Yes,FALSE
778a9e54-873f-4e03-9ba1-705589947bc8,Male,25.0,Urban,No,No
4101916c-e54a-4c6f-8a2e-95ac2d14baa5,Prefer not to say,76.0,Suburban,No,Yes
8a572fd9-f927-45a2-9dfd-2aaded9ef637,Female,26.0,Urban,Yes,Yes
51d749f8-f041-449a-ac56-814685064abc,Male,,Urban,Yes,No
f9e506e4-7a47-4875-9e69-88e3f8202bf5,Female,25.0,Urban,Yes,Yes
649858f1-668b-42b1-bc62-ae855ace7c45,Male,65.0,Urban,Yes,No
abbe76c5-4f49-4524-8153-6725f1d0dbbe,Female,65.0,Urban,No,Yes
649ee56a-306d-4d90-9b61-d4b8398e2211,Male,78.0,urban,No,No
8fb57f7d-47f3-415c-b399-8fdf21d33c5d,Female,,,No,No
caa20ac7-e2cc-433a-bed0-9299da497f3b,,36.0,Urban,No,No
c39d403b-f8e0-46c4-915a-991a613125cb,Female,21.0,Suburban,Yes,No
2e391197-15a0-4e18-b1ba-a0342c120e51,Female,81.0,Urban,No,Yes
aa1b559d-12da-4254-ad6b-afc8821c66da,Female,25.0,Rural,Yes,No
157682bb-bb63-42b3-85f1-b2b83714ce96,Male,42.0,Suburban,No,No
c4ee5a6b-29ad-45c7-8520-fef110b8609b,Male,65.0,Suburban,No,No
e0f7149b-b52b-4eb5-a41c-44aa93be3319,Male,83.0,Suburban,No,No
689f8865-0dd3-4a81-b636-14bf3c219b72,Female,22.0,Urban,No,No
6e30aba2-f2d0-4a0c-b25f-40342ab7fd01,Male,55.0,Rural,Yes,Yes
d55a922a-82b2-4ae3-bf36-90f1359db08c,,35.0,Suburban,Yes,Yes
3f80af73-9fca-42bf-b72d-d7d7c6bd4315,Female,78.0,City Center,Yes,No
17be783c-f953-49aa-ad2c-3459f71dbcb8,Male,56.0,Suburban,No,Yes
8300bb0b-0b9b-4cba-870c-ecc77764f1ab,Female,62.0,Urban,No,Yes
8e5a61d4-5641-4118-97a7-07f2a0cf74c2,Female,25.0,Urban,No,nan
34803811-ce30-44dd-877e-2f0b8f7705ac,Male,,Urban,No,No
4b89046a-9cfc-46b7-a53c-2eeff5daed91,Female,63.0,Urban,Yes,No
f6b51b2b-70a5-4e11-9737-8ee8a5cd7eee,Female,57.0,Rural,No,No
3b0de3fe-cc06-477c-9613-bdf8090823c5,Male,82.0,Rural,No,No
f073a19e-d78c-45cf-ac1b-646a3288764c,Male,48.0,Rural,Yes,No
55cc1470-346a-459f-a6d6-eeff4fb014c0,Female,48.0,Rural,Yes,No
19520e92-5b35-4af5-b79e-af408cc28f51,Female,62.0,Urban,No,nan
3f088707-fa37-4733-9287-8cc9b843a11a,Female,41.0,Urban,No,No
880f9976-fc7c-403c-993f-a6bd8502fe48,Female,29.0,Suburban,No,No
12b1a4ad-3e04-4c8c-b0ac-1a04558d665c,Male,41.0,Urban,Yes,Yes
528e4efe-4e8f-4903-96ff-fa7032a53e46,Female,67.0,Suburban,No,nan
3c8fe2d3-06d9-4a13-8961-0e50bfb2d3be,Female,75.0,Suburban,No,No
c84cfd2c-7d6c-4daf-92c4-fbc0e0548b63,Female,42.0,Suburban,No,Yes
33d3d574-c930-4a8e-812f-4b909112335c,Prefer not to say,21.0,Suburban,No,No
483e917a-e673-431b-baf8-f6b75fbede9e,Male,66.0,Rural,No,nan
18942391-ca8e-4399-b954-318becd8f3cb,Male,0.0,Rural,No,No
b8cae9d3-b69c-4c5a-a39c-b5b6b8eb94d9,Female,22.0,Suburban,Yes,Yes
d6398934-9d9a-4143-8f0b-58adf1d462dc,Female,62.0,Urban,No,Yes
8f17164d-603a-423e-bb4c-90b35a573d98,Male,33.0,Urban,Yes,No
ca8354de-c282-4fe9-94fc-38bf678f2b74,Female,69.0,Urban,No,No
7b717f00-5978-436d-846c-8cc6aa11b38c,Male,53.0,Urban,Yes,No
ae1a4d09-15b0-4f4a-b2c7-07d3d000ae58,Male,46.0,,No,No
aaa3a6ad-34a3-40f2-a42e-83277e930059,Male,20.0,Urban,nan,FALSE
21c05e92-9e40-44b8-a81d-504603e7e8f4,Female,38.0,Suburban,No,No
d5ea0328-2857-4828-b10e-4ba356b11f0d,Male,,Rural,No,No
2fc49bcc-56e2-4133-a241-ec6a8769f9a3,Male,79.0,Urban,No,No
14d1a1fa-434b-4a8f-976a-fc6dab4dd275,Female,28.0,Rural,No,No
788a2595-d036-4d5e-a73e-480114da2c0b,Female,42.0,Suburban,Yes,No
50657895-0580-427c-9dcd-b2b38688b4e3,Female,38.0,Urban,No,No
9b1552e9-5a52-4512-9ad6-75db5c5a2fc6,Male,44.0,Suburban,nan,Yes
caba872b-ac7c-443c-98f7-6c669ab033a0,Male,26.0,Suburban,No,Yes
a7f5d296-abf3-46fb-96a0-92d6cf0b3bd0,Male,40.0,Suburban,No,No
bd0576ee-70b6-4d4b-a3b3-20115215e7d8,Male,53.0,Rural,Yes,No
930d309c-e60e-49a7-82e4-c518744291eb,Female,35.0,,Yes,No
d23bddc7-f69d-475f-ab12-6102e5689452,Female,34.0,Suburban,No,No
b952733b-8399-4579-867c-bfbf5e203643,Female,32.0,Urban,No,No
5ed72639-1cae-4ff6-a85f-095fe1e1e446,Female,58.0,Suburban,No,No
6d84efcc-4ea7-492c-8b48-339e656efc30,Female,67.0,Rural,Yes,No
dcabdfcf-14f7-442c-99ed-4c91ed503d41,Male,56.0,Urban,No,No
ceadba1c-2279-4632-8b51-2778dcc52dc3,Female,55.0,Suburban,No,No
d2fb34d4-009f-44a2-8e1b-4fdb38393ad0,Female,72.0,Suburban,No,Yes
4adb28c4-391d-40da-870e-4d32bbfde6e8,F,19.0,Suburban,Yes,No
7965a8b2-5414-4b46-b584-a8be435683a6,Non-Binary,72.0,Urban,Yes,Yes
9204fef6-0f22-4da5-b439-c0149658e8e1,Female,75.0,Suburban,No,No
b8b837f7-79e8-4149-978b-59f58ccb39b7,Female,56.0,Suburban,No,No
9c4b66fc-14fe-4a58-9b36-bbe70b954f48,Female,40.0,Urban,Yes,No
bec36812-23a6-4021-b7c2-6d813426beec,Male,50.0,Suburban,Yes,No
86a8182f-6a86-4654-abc2-961e8b2443e9,Female,,Suburban,No,Yes
43fa64c7-82f7-48c2-83ff-803b0fa2fb3e,Male,25.0,Suburban,Yes,No
91f2e1fc-aa2b-470d-9ba8-f3372cca397c,Female,28.0,Suburban,No,FALSE
b26f0f7b-ac74-46c5-b9ee-1de2a6315a9f,Female,,Rural,Yes,No
685293b2-1bea-4b20-b9a3-d5b3febf0158,Male,36.0,Urban,No,No
1ccd6607-641d-43ef-8acf-12d9c196991b,Female,26.0,Rural,No,No
3c7ab3bb-9405-4f94-9b5c-a0496e1c275c,Male,51.0,Suburban,No,No
 904e6de4-037c-4bde-a36d-ef8e23ba5057 ,,42.0,Suburban,nan,Yes
710fa3c8-6552-4524-b691-d53b08592d9d,,71.0,Suburban,No,Yes
3e0f6a08-c298-4863-9f1f-be7dfe12b1b1,Male,55.0,Urban,Yes,No
e34587c9-0340-41f9-b3ac-d5acf33ed96d,Male,49.0,Suburban,No,Yes
08d27163-64a2-4c1e-9657-5c0fd2e8443e,Male,43.0,Suburban,Yes,Yes
5abf8c0c-c95e-4ad0-a1ff-c39bd4d4a291,Female,29.0,Urban,No,Yes
75545574-57bd-40f7-97ce-4ce106b30c58,Female,71.0,Suburban,No,Yes
8d20b91a-319e-4ea3-81b2-2d410f768c46,,47.0,Rural,No,No
74dc5574-be70-432f-865e-0db228d578ca,Male,50.0,Rural,Yes,No
4ddf732a-48b0-4102-aeba-ba744a028cbf,F,47.0,Suburban,Yes,No
fbf0c25b-9c50-41e9-9866-5182f7fa86ed,Non-Binary,44.0,Rural,Yes,Yes
8480ca98-9901-484b-9d97-e9550cecc5b0,Female,60.0,Suburban,No,Yes
53eaf309-81af-4529-830f-edecd23e716b,Female,33.0,Rural,Yes,Yes
8049c5f0-18b3-496b-94ea-188ff9e78468,Male,52.0,Urban,Yes,No
242c0aaa-2d6d-4400-be82-e81fdc66b206,Female,70.0,Urban,Yes,FALSE
ca1eff93-f294-42b9-b3f3-f7562a360da8,Female,26.0,Urban,No,nan
912a1451-a820-4ebe-9165-4d67a3cbec1b,,50.0,Suburban,No,No
aecf51df-6e93-4788-9eb2-f744554c3d06,Male,25.0,Suburban,Yes,No
efd3d0d5-801f-435a-a31d-ed203de7ad36,Female,,Rural,No,No
564920f2-f4f7-478e-8e18-c1426d68ddf6,Female,22.0,Urban,No,Yes
a12fab1e-8d8e-4301-9ed5-9807abad42d4,Male,32.0,Urban,Yes,Yes
7b66a5a6-f5da-4438-82cc-d88a8ca79ebc,Male,73.0,Suburban,Yes,Yes
023ec4ef-25a9-42d5-a155-76cf6606f068,Male,47.0,,Yes,No
bbb62ec3-e6bd-44ed-9a5f-c3bf5a52d65d,Male,50.0,Urban,No,No
6c428f0e-abcb-4e2e-90a8-342a9ec502fe,Male,29.0,Rural,Yes,No
5e13b0a1-2ec6-434f-ba99-646e8722f055,Male,61.0,Suburban,Yes,No
44f3537f-06f7-491b-ac8b-585037953a2b,Female,22.0,Urban,No,No
d154d9d7-8282-443f-9e8b-ded4f420e174,Female,33.0,,No,No
a6dd9037-3d7b-4101-9875-8f77ae6cbc8d,Male,31.0,Suburban,Yes,Yes
ecf97960-5701-4277-b91f-c637ccb4d546,Male,31.0,Suburban,No,No
7a176ea3-9352-44d2-a3af-cebb5913ca46,Male,82.0,Rural,Yes,Yes
201d1d1d-50fb-4f39-9296-7afb50eb7404,Male,34.0,Rural,Yes,No
b76a2f8f-61b1-4ac5-9992-1a8ca7943561,Female,84.0,Rural,Yes,No
b945a47d-aae5-4a4e-be78-97bf5ad23da0,Female,49.0,Urban,nan,No
7e21663b-224d-4dc3-81aa-8f16007b8f82,Male,67.0,Urban,Yes,N
1b970ca8-7792-4991-805b-ba0c99af4a2d,Male,42.0,Urban,nan,Yes
5e858f10-d821-4c61-8af4-149f4e3891a6,Female,54.0,Urban,No,No
d1eb46de-5aff-4791-b322-fddfa5396f42,Male,69.0,Urban,Yes,No
202a1a33-8f61-4d1a-9534-4de237e08308,Non-Binary,66.0,,Yes,No
256ad2c3-3f0e-4cf0-aa7e-6b8cfe3d661a,Male,81.0,Suburban,Yes,No
d997d8db-92b8-4236-85fc-f17a3306155f,Female,43.0,Rural,Yes,No
444e247f-2461-4c3f-928b-04c77f853972,Female,71.0,Urban,nan,No
6c07f003-e760-4323-b465-a355b0b7c6a4,Female,73.0,Suburban,Yes,No
25bd57e2-9603-446c-a2f7-740db71c1c64,Female,75.0,Suburban,nan,Yes
e13a1f56-b9ca-436d-875f-69928f632123,Female,19.0,Suburban,No,No
3ef888cc-eccd-4406-99a1-dfe95e20c498,Male,25.0,Suburban,Yes,Yes
c2f14e99-9340-4aee-aaa5-21e052e1df79,Female,59.0,urban,Yes,No
c8c9aa51-4726-4117-b1a4-7ab70b4048db,Female,42.0,Urban,nan,No
fc964060-526b-4ec7-b19e-4a207622dac4,Male,35.0,Urban,No,No
a8cf8642-f271-4acb-9a58-5ca57053c08f,Male,83.0,Urban,No,No
7f535a71-5eed-40fd-a1fb-86cb090bd607,Prefer not to say,84.0,Rural,Yes,Yes
cf775ac4-5d44-4ae9-ad09-19e78244a28e,Male,53.0,Urban,No,No
e224aed3-b10c-4e38-afb0-02ae57981434,Male,30.0,,Yes,nan
aaa50923-3779-462d-a2d7-6f669980565d,Male,75.0,Suburban,Yes,Yes
160364a9-001c-43ed-98b9-76f234209ed2,Female,69.0,Suburban,No,Yes
8df5a663-c17f-4494-91e5-fc48392ac73b,Female,53.0,Urban,Yes,No
969b84cb-3296-47fa-937a-40ae1872deac,Male,71.0,Urban,No,No
ffbad891-ead5-48c7-b195-5258c75016ea,Male,24.0,Urban,nan,Yes
b09ca1f0-aeb2-45d4-8f32-f8b0354262ee,Male,62.0,Rural,No,Yes
1c04f629-1791-4abe-aa66-10439a25213c,Female,41.0,Urban,No,Yes
9284fe41-cc20-46da-b96b-4dc147015ead,Prefer not to say,53.0,Suburban,No,Yes
9717f846-1d05-439d-93f9-bb8b84477071,Female,36.0,Urban,No,No
90f79771-5c36-4c26-8327-d62f12573093,Female,48.0,Suburban,Yes,No
a929aaef-91ba-4e2f-bf33-afa7bc49aa3a,Female,71.0,Urban,No,Yes
eb51240f-0250-4bb4-9bd1-c10dfd8da33c,Female,32.0,Urban,No,No
bb5e4644-0e7b-41ff-abf8-e00d4fdc1d64,Male,78.0,Rural,No,Yes
3cb76fd3-3c86-41cc-a59e-766f10bc1f55,Female,79.0,Rural,Yes,no
863f03cd-53a1-475a-8f3b-16d87dbc2e9f,Female,31.0,Urban,no,No
b6fb8d8f-47d3-4ded-a1c3-0220b9bdd7ec,Non-Binary,25.0,Suburban,No,No
b753acba-5de8-4c87-93a3-9bda99dd3f7f,Female,69.0,Rural,No,No
414aa3e3-8125-4849-8e4a-e2d45dbf2a10,Female,30.0,Urban,Yes,Yes
f49cee3b-bb0c-4a8a-9857-c348670e9e77,Female,41.0,Rural,No,nan
8325beac-5bfd-4017-be3b-1e642283a262,,79.0,Suburban,No,Yes
3ca11ebc-8342-4fcc-9b0e-2359859c2d4f,Male,53.0,Suburban,nan,No
c3f889e7-06e7-46f9-8092-60ae6da3a47a,Female,27.0,Urban,No,nan
b035cb38-4d1f-4be2-be92-70c1f2ac2944,Male,59.0,Suburban,No,No
f54910cf-433a-481e-ac99-8a5f7f83b946,Female,28.0,,Yes,No
bf91343c-fc13-4e6a-ad88-4e5e4350c632,Non-Binary,76.0,Urban,No,No
3f68f33b-b4cb-4f68-b5d2-3a712b73704f,Female,26.0,Urban,Yes,No
f15e0fea-f36c-4c0b-998d-62846f767873,Female,59.0,Rural,nan,No
 d96223e2-967b-4697-9655-00121c39128b ,Female,46.0,Suburban,No,No
c9110bc0-060e-4e15-bbf9-ee2a3afd0910,Female,81.0,,Yes,No
28248dfb-f30d-4b2b-97c5-9838914a2847,Male,20.0,Urban,Yes,No
896b3a94-63ef-4d29-8e23-88ecfb1ed9cb,Male,38.0,Urban,No,Yes
3a9e1c85-2d35-4e59-8b5f-dd96e9cb8a4e,Female,36.0,Suburban,Yes,Yes
5f9b6e13-1257-455e-a800-3a7c4f912a27,Female,24.0,Urban,No,No
3d551a48-0985-42dc-87cc-e309bb36d69b,Non-Binary,20.0,Suburban,No,Yes
a1f81670-924c-4b55-8aaf-a89d2a361372,Female,20.0,Urban,No,N
fc7a5beb-4bf3-4954-adb6-88a75934d2d0,Female,40.0,Suburban,No,No
383d1c00-b887-4f3e-b635-9ac3ee725bf4,Female,45.0,Rural,nan,No
ec20591a-e5ea-41f9-98ff-398051a23900,Female,35.0,Suburban,nan,No
02b9b612-d0d2-4091-9e3b-f286d47160c8,Female,69.0,rural,Yes,No
6f80eadc-fd28-496d-9736-a72096f3c0b9,Female,64.0,Suburban,Yes,Yes
077afc1e-416e-482b-a9b0-3ad97068363b,Male,54.0,Urban,No,No
39c4603e-4e7f-42e1-92d7-799e8b129b19,Female,83.0,Urban,No,No
46f656ea-465a-4d8f-92fa-8ad2efd94065,Female,24.0,Urban,nan,No
8c700b09-e144-434b-b3a8-ce582b56a312,,65.0,Suburban,No,Yes
1443b416-a359-4d12-b145-e861e7af439a,Male,50.0,Rural,nan,No
8d6d8738-76d9-439a-bae2-fa9f4bb9af03,Female,44.0,Rural,Yes,No
9be1cdc8-4cea-4c84-9140-54877a578f42,,26.0,Suburban,No,No
7780ac15-0eee-448b-a622-8a7aeffdbca4,Male,32.0,Urban,No,No
922b2e7d-f54f-4e34-8fb6-c6256c34c431,Male,80.0,Urban,No,No
abd35988-555a-4694-a258-91e68017331c,Male,32.0,Suburban,Yes,No
bda6ea02-0b4c-424c-8275-bf450777b865,Non-Binary,20.0,Rural,Yes,No
81b404d6-3524-4bc7-8617-0ec03195fd10  ,Female,51.0,Urban,Yes,No
47f3d169-712d-4084-9810-238ec25c08f3,Male,20.0,Suburban,nan,Yes
a64a6e05-e4d5-4e22-b4bf-b42fd11b8b98,Prefer not to say,37.0,Suburban,Yes,No
4e506cc3-4d31-445b-ad16-70ff664d5f69,Female,84.0,Urban,No,No
53ed3a95-340e-4182-ab64-ddeed89e22a8,Female,30.0,Urban,Yes,No
58a00315-d86e-4c87-b693-c37c91808203,Prefer not to say,58.0,Suburban,No,No
64027ed6-f33b-4b57-a368-5b118aacc6b3,Prefer not to say,77.0,Urban,No,No
74088f0c-bac8-49b6-be69-7d5993234f3c  ,Female,25.0,Rural,Yes,No
11d46916-4cb9-406f-88b8-93e045a4bdfb,,84.0,Urban,No,Yes
62a9abdd-ebdd-48fa-9c99-7d47786047fd,Female,44.0,Suburban,Yes,No
0a794b2e-b955-4587-8e32-f1a32df7f727,Male,,Suburban,No,No
b594c8aa-2a6d-44b6-a60d-7c3aad44eb1a,Male,53.0,Urban,Yes,No
0c66c6c3-e905-4f26-ae5f-61239a637e89,Female,23.0,Suburban,Yes,No
040383de-c414-48ef-9946-a51b32f473ca,Female,80.0,Urban,No,No
70ed1c89-df20-4a51-a2b6-3f6e710dfc20,Female,18.0,Urban,No,No
a157f2d7-5b27-4db0-b487-52ba0ee14d9e,Female,35.0,Urban,No,No
44396c80-a2d9-482a-a9ba-d3ffc3f8baae,Female,68.0,Urban,No,Yes
891b9061-307c-40fd-8a30-55036d674fc4,Male,31.0,Suburban,No,Yes
712612a0-1520-4952-bdf7-6b3d40a5a7f5,Male,60.0,Suburban,Yes,No
69cfea59-dbea-4007-93df-f8321658235e,Female,64.0,Urban,No,No
124af3ec-e0a8-4df4-aa5f-d6f150da7e58,Female,49.0,Urban,No,No
2d22008e-3fce-43b1-924c-daefe04d8037,Female,67.0,Urban,No,No
ec84804b-e87f-4801-bb69-24e7052126e9,Male,21.0,Rural,No,No
739bc607-2c7b-4232-9616-cd30d810aaac,Female,79.0,Urban,Y,N
ddd09fc7-9db0-43ce-9a80-2767957d9590,Female,69.0,Urban,No,No
247f201d-8fe8-4297-ad81-60439127589a,Male,19.0,Urban,Yes,No
4fcf7eb5-f073-417b-8456-79b879cdd619,Prefer not to say,78.0,,no,No
643d2f10-923d-433e-bfac-b5157d646f9c,Male,25.0,Urban,Yes,No
2bce9551-8604-456a-93ac-182409fd3392,Non-Binary,39.0,Urban,No,No
28d7f00a-679d-4e68-af91-5d0e19c2f359,Male,67.0,Urban,No,nan
bea2c24f-ba52-4a97-a937-8b9dff3d1083,Male,76.0,Urban,nan,Yes
63be2d43-1970-4e30-85dc-30bba4b8e9c2,Male,25.0,Urban,Yes,No
cdc5c185-1d2c-4e3d-9dc8-bdf64f10717f,Female,80.0,Suburban,No,Yes
fdc0f029-48cf-462b-a854-99a3e9a81214,Female,31.0,Suburban,No,Yes
b94edb18-6756-4efc-802f-671d883523b5,Female,74.0,Urban,No,Yes
6534346a-489b-4f36-85e3-5c45ee5ad5d0,Male,39.0,Rural,No,nan
8d8fc4a1-18ec-4e3e-97b2-0284a3d11100,Male,53.0,Rural,Yes,No
561519fc-857f-4553-a7f7-247883d2f858,Male,81.0,Urban,No,No
f517a5e7-180b-4685-abb1-f378b641b187,Female,78.0,Suburban,No,No
033565b8-b7da-4cec-b34b-ce7092842f57,Female,,Suburban,No,No
be07b78c-c6c1-48a7-97a7-78762e69cdb4,Male,21.0,Urban,nan,No
266e2fda-a0d6-45dc-9b99-ba7b1cff3995,Female,47.0,Rural,Yes,No
1fa837bb-feac-4bc9-a42e-233714c9d9bd,,,Urban,No,No
fa5ff8b3-307d-4c70-a7fe-ba3b50ce775e,,57.0,Urban,No,No
2d45c4f6-535d-4e97-9cba-f6ad4e7bbef2,Female,33.0,Urban,No,Yes
c83c608d-23ad-43fb-8524-d57d89cc3cb9,Female,69.0,Urban,No,Yes
a80aea3d-e317-429e-a022-1d59131c6778,Male,49.0,Urban,nan,Yes
236ccfdb-6704-4a99-ba9c-c6f85a7dc6b4,Male,82.0,Urban,No,No
30d45219-fafc-425f-9ce4-100f5e182e64,Male,47.0,Rural,No,Yes
8f8b2671-9f87-41c3-88cb-d563e10bba7e,Female,54.0,Urban,No,No
5bc4a1d3-c265-4774-9032-10e0b10ecf2e,Female,68.0,Suburban,No,No
b2a1ea59-f155-4c41-ba69-04ad7faa7e1a,Female,18.0,Suburban,Yes,Yes
ac85b424-04db-4afe-b9bd-be7841e412e3,Female,52.0,Rural,Yes,No
896596a4-cadf-480a-858e-5516ee8708bc,Non-Binary,81.0,Urban,No,Yes
88f3cdd8-dc42-4e82-a281-b0ec53fd1616,Female,18.0,Urban,Yes,Yes
7601296e-40d4-43cc-aebc-57f0c2a89af9,Female,38.0,Suburban,Yes,No
ee5f36f5-acb8-4f0e-ac01-f2d9cd6608c1,Male,68.0,Urban,No,Yes
e4557d9e-3605-45e5-bc7d-a3562bcedb02,Prefer not to say,45.0,Urban,No,No
00aba2f0-b75f-4a32-86be-2188472fdc61,Male,60.0,Rural,No,No
b754c506-7166-4c04-b06b-4959fa6c8865,Male,76.0,Rural,nan,Yes
78107277-e44b-4a40-ae07-d04aa063cb29,Male,30.0,Urban,No,No
8a7f6ffb-28cd-4f90-a0a7-e498852eada6,Female,38.0,,No,No
6b6f55a2-00b8-487f-ab40-9ee03510d328,Male,22.0,Urban,No,No
39b1674b-82b1-4c91-a130-ce391910bf3b,Female,53.0,Suburban,No,No
dc63ccfe-00d7-426d-9131-3e2bb320a05e,,52.0,Urban,No,Yes
4690c1b9-63df-45e3-b33b-601fa9acfab8,Female,77.0,Urban,Yes,nan
d4712fe5-a2ec-486a-ac37-0639575d1231,Non-Binary,23.0,Urban,Yes,Yes
2c84d9d5-8f6a-4137-8e95-c5a5e5d0b6be,Female,39.0,Urban,Yes,nan
7e96cfdf-1df1-4067-8590-6dd3906046bb,Male,75.0,Urban,Yes,No
5a053ade-c92b-4925-a2ea-30f3cd5c27c0,Male,20.0,Suburban,Yes,No
d78a686f-ded9-4bb0-a4da-02732f5cd484,Male,52.0,Suburban,No,TRUE
98163857-dc12-4360-977d-315448c1c879,Female,84.0,Urban,Yes,No
96d7fba5-2385-4b2b-a367-46e36dfc756c,Female,42.0,Rural,No,Yes
b0af907c-fd6c-49e8-827c-7fcad799969c,Male,53.0,Rural,No,Yes
ff7d3055-fda2-43b8-a3f0-8e47f661e909,Male,48.0,Rural,No,Yes
03e7202e-613d-4336-ac1a-29e1678121a4,Male,62.0,Rural,No,No
9ef7e066-b8e7-4976-8f72-c5bc7228668a,Male,,Urban,No,No
917f9767-14ba-4af6-88a8-6112f695151d,Male,80.0,Suburban,Yes,No
a8f8388d-025e-497a-b41c-f2cc5aa52287,Female,42.0,Urban,Yes,No
3b57bc7b-180b-4b9f-bceb-64f5c28d5358,Male,27.0,Suburban,No,No
85d55f21-780a-419f-af8f-029beb94b56b,F,57.0,Urban,Yes,Yes
e9aae4ed-e70f-4c75-8125-efac7e2ea75a,Male,80.0,Suburban,No,No
acf483ed-9bee-47e4-b04d-fa69644a57b2,Male,70.0,Urban,No,No
4c700fb7-9210-4f31-8f61-3309f66617c6,Male,21.0,Rural,nan,No
07467d50-4c90-41bc-9a0f-a1e4dc8e3e6d,Male,27.0,Urban,Yes,No
549332e1-671c-4d92-a75a-12b801add703,Female,75.0,Rural,No,No
3c1e218e-767c-4416-a819-c8736d4f3627,Female,23.0,Rural,Yes,No
af4c3063-8207-46d7-ae99-de2e5b527674,Female,77.0,Urban,Yes,Yes
9a421081-e240-431b-a5f0-ee51b20c4fbe,Female,28.0,Urban,Yes,Yes
6cc4ce4f-e849-4a6a-9061-1e847bc12966,Female,24.0,Rural,No,No
 46669c30-c517-47b2-ab41-15b299520a35,Male,22.0,Rural,Yes,No
336d3752-b699-4b71-a5ba-89fd30ee94fc,Male,84.0,Urban,Yes,nan
9e46231c-fdf5-439d-9b36-883ddb862f93,Female,31.0,Suburban,No,No
3f14546c-5e65-43d6-afc7-fc9fa206eca6,Male,43.0,Suburban,Yes,No
5f4245bf-bad3-4ba9-b63b-3640ae326aa0,,32.0,Suburban,No,No
c1896d79-97d7-4775-a78f-e5e7bd03ed9a,Female,34.0,,No,No
75574693-b8ba-445b-84c8-8d6085c6c800,Male,81.0,Urban,No,Yes
438572f1-fd7a-49fb-a1c6-ced02fcc0c18,Female,23.0,Rural,Yes,No
78b98c34-650c-48d3-a705-45fa59cee083,Male,84.0,Rural,Yes,No
7c7f5945-e17e-48c2-b132-56a01fb97911,Female,64.0,Suburban,No,No
551b9650-066e-4515-a702-b32e271c3080,Female,30.0,Rural,No,No
d7ceb93a-852b-40c4-87ca-46228cc86326,Female,48.0,Rural,No,No
c9b90f04-d187-48a2-b6db-23f0a94a178f,Male,74.0,Rural,No,No
f91a3ebd-d9be-4a18-9203-0e08d3fa042c,Male,66.0,Urban,Yes,Yes
2c779920-352e-4e2b-b182-72e8ff7d0ee6,Female,78.0,City Center,No,Yes
e052ea87-6ca2-415d-bc25-0d0b5471e065,Female,50.0,Suburban,Yes,No
ca8d31a5-e57a-48ee-aeb5-87da0f668fa4,Female,76.0,,No,No
548235f7-03b9-49e3-997a-731cefd4ce52,Female,18.0,Suburban,Yes,No
108be471-fbd9-4475-9455-edb08c66a707,Female,51.0,Rural,No,Yes
b494a98c-cf56-4036-9b29-ee90d7334b2f,Male,58.0,Suburban,No,No
3585d483-ef47-4a5f-ae4d-d08b09f151fd,Female,58.0,Rural,Yes,No
4802e3ac-6587-47e5-b2a3-41a5c7d9a2bb,Male,19.0,Rural,No,Yes
2a2ca011-f8a5-4c4a-b453-a9fb63e055bf,Non-Binary,78.0,,No,nan
f61cb1ec-99ba-45b0-9891-5c58761ac388,Female,18.0,Urban,No,No
70f801b3-6f59-4d54-8ed3-9af29a0482b2,Female,35.0,Suburban,No,Yes
b8798cf3-a43c-4def-b915-07ca9a4092ca,Female,34.0,Rural,nan,Yes
d0bb0f6a-44b3-4518-acc2-fc1d846e573d,M,60.0,Urban,No,No
41cd3685-fa82-4e13-a160-6a4aa1363ff8,Female,26.0,,No,No
b6a857d2-4725-41bf-bb6f-73c1d6f9973f,Female,65.0,Urban,Yes,No
1fb41eee-a2d6-4c2d-8039-806499847b71,Male,27.0,Urban,No,No
0c33faa3-7b05-4c76-a836-43615aeac217,male,22.0,Suburban,No,No
9e1a3799-690a-4ce6-8b81-2ef821119bab,Female,48.0,Suburban,No,Yes
ea766984-b2f3-4bd0-a45f-df9fb6a29e68,Female,22.0,Urban,No,No
7125decd-633d-4f83-b06a-9e06bbb9c74c,Male,74.0,Urban,no,Y
45c90b0b-2a3f-4997-b1a2-08d6d4a5fdb6,Female,37.0,Rural,No,No
f944244c-bada-425c-8191-aaf99fde9104,Male,51.0,Urban,No,No
5c01ba79-c5f0-41e9-951c-98a4326c9de3,Prefer not to say,68.0,Urban,No,Yes
5a68740e-df78-4dd0-9fd5-18068a66b9ca,Female,73.0,Suburban,Yes,No
e84fa570-165c-42e0-98ee-c9b4fa5c16a0,Female,38.0,,No,No
aaf7cc92-2a11-4513-ba89-3f2075de43c2,Male,64.0,Urban,Yes,No
f1a5d24f-7cab-470f-995c-d5d22a963859,Male,76.0,Urban,Yes,No
64fa7ea5-4b8d-460c-b017-3278c3225687,Female,79.0,Suburban,Yes,Yes
c29402a5-de36-4b23-a112-5804e24b148e,Male,25.0,Urban,No,No
6ba80dc0-fa21-467e-a070-b954a978796f,Female,71.0,,No,Yes
e508c578-e9f7-4fa3-bd2f-da6a086ab106,Female,24.0,Urban,Yes,No
848f76dc-5c98-4a78-88f6-976f8e0ff884,Female,47.0,Suburban,TRUE,Yes
4a869b0f-1142-4686-aee3-f93593406d85,Prefer not to say,33.0,Suburban,No,nan
56bfbabd-1e4b-4a3a-b1f6-fc19f2fd3b9b,Female,33.0,Suburban,nan,No
7f468999-33cb-482a-847d-550e1ad2dc05,Male,29.0,Suburban,No,No
b7b44910-2597-4214-ae4d-e3f1d2f824b4,Male,59.0,Urban,Yes,No
c0c431f9-a50c-47c2-b597-70853df74cd9,Male,30.0,Urban,No,Yes
534878c7-4ac8-4451-a4aa-190c06b8278b,Female,27.0,Rural,Yes,No
81900553-3c99-4b00-b1bf-2e30893d5968,Male,55.0,Suburban,No,Yes
b7db6126-0fe9-413c-90e4-0ae257871312,Male,28.0,Rural,Yes,Yes
f0cf1054-702f-46eb-a672-ed80ad767ecb,Male,42.0,Suburban,Yes,Yes
3c922b6b-5ee9-43e5-9114-590a9a05f025,Male,60.0,Urban,No,No
a13fd3c9-e19d-4f35-a014-7c2854496dae,Female,48.0,Suburban,No,No
608378de-199b-497d-b36c-fb8b838c3cc0,Male,76.0,Urban,No,No
b8f894b7-bdb8-463b-b5f9-1b65cd84385b,Female,67.0,Urban,No,Yes
5fa66553-555a-46da-a19e-089eb2c89545,Male,80.0,Urban,Yes,Yes
a71e7c45-9714-44a9-bed9-23899f7c4894,Female,60.0,Suburban,No,No
29f2ce57-510d-4d13-b674-fddacdae0c9d,Non-Binary,29.0,Urban,Yes,No
6f2eee46-2814-4ade-a3de-d39b8e77389b,Male,82.0,Rural,Yes,Yes
197a4334-c501-4183-8206-6bcab5a1a1dd,Prefer not to say,31.0,Urban,nan,No
bf123ff6-7803-40a8-b132-4f37327a57f8,Female,48.0,Urban,Yes,No
c573e349-245e-4767-8045-a41f63a7f6b9,Female,,Urban,No,No
5bc1c360-ea20-4c71-acb9-eb4c23d4bef9,Female,25.0,Urban,Yes,No
b5c54a0f-571b-4eb4-845e-708bc2aee33e,Male,58.0,Suburban,No,No
9b225dd6-33bc-4cfb-8617-6c484e7203ba,,76.0,Urban,No,No
77936bb2-4ffe-46b5-be74-fc0ee31ed41f,Male,47.0,Urban,Yes,No
c224a5ae-f988-4164-a6ce-713600312316,Male,58.0,Urban,No,No
f59051f0-6b7c-4ff4-ba47-a6b118bb07cf,Male,77.0,Urban,Yes,N
13d55f41-ab56-4d16-8237-ccad33c09ee5,Female,18.0,Urban,No,No
75e6d5b0-cdc9-4d53-956c-54fe5907405e,Female,71.0,Urban,No,Yes
a823a1cc-c2ec-44d0-a9ba-f53bc464daaa,Female,77.0,Rural,No,nan
0b46767b-935f-4b04-8c17-e61c8555e520,Female,84.0,Urban,nan,No
2dc1009d-e5f1-427b-bb13-6ba7a04c7b93,Male,83.0,Suburban,No,No
880187c9-731c-4b5c-9513-a1ebcd94a37a,Female,78.0,Urban,No,No
3d1c6682-1011-4890-8234-d483e97ef33e,Female,44.0,Suburban,No,Yes
81793862-6af4-445a-8224-06e3edbb5297,Male,22.0,Urban,No,No
253733bf-cd5f-4f79-a6e8-24c97d40b3a0,Female,52.0,Suburban,Yes,Yes
5c31cf32-7c24-4a79-809b-901107d51c0e,Female,29.0,Urban,Yes,Yes
8a53a246-b3c9-4a97-9959-593bf3d4eac6,Male,21.0,Suburban,No,Yes
ffd9ab58-0bea-4f89-902d-f1f305f64927,Female,83.0,,No,No
7db74182-54e3-4152-8ed5-e0c8f4c3b5dd,Female,26.0,Rural,Yes,No
c196a476-fc3a-4ec1-9360-22d62ad26ec3,Female,54.0,Rural,No,No
019872a9-2fba-49bd-9fc6-6ac61b6010eb,Female,31.0,Rural,No,No
9890d4e0-5fc3-4cd1-bb3b-3cc541a94419,Male,22.0,Urban,Yes,No
2fbd0e9f-977f-4504-af3d-5b7efaf972e2,Female,66.0,Urban,Yes,No
8947eb4c-89d8-4677-bd1f-09cdd3cf8085,,,Rural,Yes,No
5d7f5b12-ef63-451a-aa37-419e1c2c5069,Male,53.0,Suburban,Yes,Yes
debe8879-2e26-4248-80a8-084009aaa47c,Male,72.0,Suburban,No,No
71050c76-9f90-4364-9613-c03589c34880,Male,63.0,Urban,No,Yes
709ec75f-c799-4af6-a835-cbbcf83fadb1,Male,,Urban,Yes,Yes
40b43190-7718-4cd0-9e08-a9059d9060b0,Female,73.0,Urban,Yes,Yes
7751693b-118d-4647-b3cc-a0261008fa92,Male,42.0,Urban,No,No
06a97ef5-7359-49e6-b110-605d800a87b8,Male,61.0,Urban,No,No
b9599876-3f7a-4d1c-91e1-1d3deea53947,Male,77.0,Suburban,No,No
48da45a5-e4ad-4dfb-93d3-7fc60a5add43,female,,Suburban,No,Yes
0f8b4e2c-ece6-4605-918b-47b7bf166ef2,Female,28.0,Rural,No,No
2d3ed6f5-7cc6-4029-be80-bdd526d3a247,,35.0,Suburban,No,No
cd455c35-86b0-40cf-9d38-1865e0d50802,Male,44.0,Urban,No,Yes
6bcae943-1876-432b-ae4b-e527c96c864b,Male,72.0,Suburban,Yes,No
d8631189-d2a5-48d0-b990-c93aa22cf44e,Female,53.0,Suburban,No,No
942428e9-814f-453a-9158-cd42ee541837,Male,27.0,Suburban,No,No
acffbc3b-c144-4c14-9868-97e42ee7b25f,Female,77.0,Rural,No,Yes
95237f06-ff32-449e-a476-b3ef5649e14c,Male,43.0,,No,No
92243075-0f89-4069-a447-aadcc3b11e3e,Male,29.0,Rural,Yes,No
4c8ddef2-b700-4a50-8c65-4b763fecd66e,Female,27.0,Rural,No,No
fd560d27-86e0-4db0-a609-bae630660117,Male,35.0,Suburban,No,No
3ce2104e-3082-4b63-b045-732498cf3b45,female,46.0,Rural,Yes,No
1f72d1ae-8ba4-44b9-9549-3b2ae24e482d,Female,66.0,Rural,No,No
dca12dff-bd7f-47e0-b75f-e2747c6fcd48,Male,42.0,Urban,Yes,No
dd4f7fc5-5569-4347-a9f3-132560b013a3,Male,76.0,Suburban,No,No
5a3c857b-5bf5-49a1-9b2b-6118c91bf64c,,56.0,Rural,No,No
1a4ccbe2-03d1-46c9-b7cc-ede9676afc0e,,20.0,Urban,Yes,No
74ba8184-d389-4866-b5e8-4ed6b8bacfb1,Female,35.0,urban,Yes,No
d4e030ea-9484-499d-a4bb-90bbd496d2cd,Male,20.0,Urban,No,No
1bb8909c-3bf6-4ee6-9aca-3fcfbcc17145,Female,54.0,Urban,Y,No
f1a50e21-bbdb-4b66-adde-6b15f0936e27,Male,54.0,Urban,No,No
d562c02f-794b-4880-9df0-497cf9746c4e,Female,78.0,Urban,Yes,No
6c59e6ef-5b81-4990-ad25-87db9670979f,Female,70.0,Suburban,Yes,No
95d0b8ef-6cf1-40fd-bc6b-b6e6913fabaf,Female,73.0,Rural,Yes,No
6aa19946-0600-413a-b75a-1a46f063b680,Male,68.0,Suburban,No,No
3fdf6e56-7e2c-4e19-acc9-3c535ec2fb3f,Non-Binary,56.0,Rural,No,No
2f28fa0c-4daa-4b13-b74d-29758eb4a569,Female,,Urban,Yes,Yes
f2c3d23b-20c0-4c02-8fb5-687f91d1f3bf,F,73.0,,No,No
8456d48a-839d-4643-8738-3f2c521e5a62,female,83.0,Urban,No,No
c8b50601-1efa-43dd-9d0a-7f4004cd2f3d,Female,,Urban,No,No
d0cff848-2182-4fc6-8134-a8bb995f22b5,Female,50.0,Rural,Yes,No
5ce81360-d79d-4306-a123-5d9d4dd797b7,Female,,Rural,Yes,No
deb26a7e-2a48-4e90-805c-8d99fce8164a,Male,29.0,Suburban,No,No
532174e0-2da2-4715-9f85-09d43fb40cf1,Prefer not to say,64.0,Urban,No,No
83de2f05-9b88-4927-9877-e70804bf5365,Female,68.0,City Center,No,No
f2b4e977-4d64-42e8-808b-1c6767348feb,Male,,Urban,No,No
e89e3292-c36d-4219-8c7f-2d79aba58769,Male,77.0,Urban,No,Yes
ad2a83ac-e27a-423b-a3da-9c15ae36a04f,,79.0,Urban,No,No
bec5bd24-973d-4274-b128-089cbb7bc27a,Male,75.0,,No,No
31f736d6-af0b-4402-ab8f-d9fb8f7d8cf8,Male,70.0,Urban,nan,No
5395f7fc-e71c-4ed5-b2e8-d90f54d47864,Male,53.0,Rural,Yes,No
3e888abe-15a0-404e-b14e-9e6a5393e394,Male,18.0,Suburban,No,No
d9ca867d-1847-482b-8172-7be1a160e4c6,Prefer not to say,63.0,Rural,nan,No
eed0fc87-506c-4e3a-b83c-dea79f6de9ff,Female,71.0,Urban,No,No
dc62e073-ab20-4a68-850d-c44a658f1480,Male,33.0,Suburban,No,No
9413e9ff-0aa5-416b-ba28-64a38f4d2e2b,Female,40.0,Urban,No,No
d619bf42-c028-460b-8ea4-af71cd31da22,Female,30.0,Rural,No,No
b3dc3cee-7ad0-4cc5-94f7-082e15ae988f,Male,,Urban,nan,No
45a2e107-20d0-48f2-a964-b97ae687d321,Male,72.0,Rural,No,No
0aaa3d29-7252-4ae7-b82c-3577f3e6ad5a,Female,,Suburban,No,Yes
7b2c261e-26c5-467c-9053-5b8a0ed52e10,Female,81.0,Suburban,No,Yes
8f9fcea4-fdf3-48a9-9de3-48156dc8d6a5,Female,56.0,City Center,No,No
f36fd017-91b7-4562-8e1a-1b559063792b,Male,55.0,Suburban,No,No
c320da9a-2aa1-45f1-b061-6ef7c7ef1a8a,F,83.0,Suburban,No,Yes
afc0759d-8591-4356-b335-2d2a83cfc979,Female,51.0,Rural,Yes,Yes
da1053b5-9ad6-4ac1-8675-3df91cb75753,Male,20.0,Rural,No,Yes
340a93fa-f78b-4f3c-ba4f-45b22f2969e4,Female,27.0,Urban,No,No
59bb5d3b-d0e8-4064-9d90-2070f9f3a633,Male,24.0,Urban,Yes,No
35c651c2-adc9-461a-8019-a3d1d4e3c67c,Female,24.0,Suburban,No,No
6e8701df-1c39-4575-a890-9f6db17e4bce,Female,52.0,Rural,nan,Yes
fb8c5caa-0ae0-494b-ad3f-e6570df8a7f3,Male,37.0,Urban,No,No
c1f71f99-f6fa-4bdb-aad8-296fe43099a6,Male,68.0,Suburban,Yes,nan
c1e02179-5721-440b-bc67-2f6191241cfc,Male,25.0,Urban,No,Yes
57e4c99c-2d59-44cc-9a1f-52423f6c7ad6,Male,,Rural,No,No
781d168c-da7d-4883-8a17-166200e2edfb,Female,28.0,Urban,No,No
11e9ee2d-1c7c-4bb7-9ad6-b5d8b400f950,Female,19.0,Rural,No,No
5d835d07-2d21-40cc-a4b2-e88768f9f6b1,Female,70.0,Urban,No,No
27be3b02-4b10-4ced-b4b8-331ec05865a2,Female,52.0,Suburban,No,No
fa6fd55f-6058-4218-93f4-a9301626c4c8,Male,18.0,Urban,No,Yes
bd12d7a1-a361-4657-bbaf-62bd86062c92,Male,45.0,Suburban,Yes,No
ddd6ce29-625b-4420-bb2a-7ad4207c721e,Male,58.0,Rural,Yes,No
851edf2d-f6f7-458f-b15f-c40b093fa519,Male,46.0,Suburban,Yes,No
f5c1954f-30b2-487f-b8d6-9308a09f91cc,,77.0,Suburban,No,Yes
4fdfd74d-0f54-44eb-8a23-ca9fe13a080c,Male,48.0,Rural,No,No
ee404a00-0d5c-4daf-91ae-1d3b2a24590a,Non-Binary,24.0,Rural,Y,No
a793b961-7a52-43ff-82ca-2437dded2d7f,Male,62.0,Urban,No,Yes
1a52a935-6d2c-4e02-af38-e9006c318493,Female,71.0,Rural,No,nan
5dcfe7d5-4e3c-4f79-a514-f2b23a81c917,Female,48.0,Rural,No,nan
16964e07-4c15-4788-a3a7-2196e65c4026,Female,24.0,Rural,No,N
60214170-3f58-4c3d-b534-e63ab2dff89e,Female,63.0,Urban,Yes,Yes
151bbce8-3c99-4edf-89e8-782680cf558d,Male,41.0,Suburban,No,No
c88213ef-6935-4f1d-9786-70d07faf7786,Male,27.0,Urban,Yes,Yes
ab56d9e7-b59f-4229-b3c0-a6b7048dec2e,Male,43.0,Urban,Yes,No
a19db84b-160d-4184-9d0c-04825afedac1,Male,81.0,Urban,No,No
ebaa69a6-4c40-4d8c-b739-06d9f2290895,,70.0,Urban,Yes,No
c79a6f26-6803-4783-b0d4-a7be8cb6c2a8,Male,67.0,Suburban,No,No
7b0b8d80-a721-4ff9-9a64-a9a2d7aa122b,Male,22.0,Urban,No,No
09f6cb90-6664-4327-9635-3edd8e0784e0,Female,80.0,Rural,nan,Yes
d4f7c317-e6ce-4308-8cdf-6069dceeb337,Female,79.0,Urban,No,No
5ad310c6-e8a2-4ede-8b37-f5576d8e30f0,Female,61.0,Suburban,No,Yes
857a1f2c-a687-4d21-9eb4-e873a45ae2d2,Female,76.0,Rural,Yes,Yes
a22e53a3-c272-44b4-bafe-e0bac9fdc3f0,Female,71.0,Rural,No,No
643df58b-1f8e-45cd-ae9a-21e8f9b0a085,Prefer not to say,39.0,Urban,No,Yes
808edc08-8a0a-4107-ab2a-5bd71268b0c4,Male,46.0,Rural,No,No
6ee2937b-a24e-4e2f-800a-278b0a375dbe,Male,58.0,Urban,Yes,nan
2c15faf0-03f6-4ef6-babf-d060ea0a470c,Female,61.0,Urban,No,No
467e03aa-f5ed-4607-aeb5-9634d0de8e30,Male,45.0,City Center,No,No
c75e5e9c-2056-4330-bfd2-d584e4077dec,,56.0,Suburban,No,No
bc1083c9-b0f1-4b70-86e9-742e07333851,Female,33.0,Urban,Yes,No
13d70f5c-f210-409d-b492-802bc256e78d,Female,80.0,Urban,No,Yes
66efba43-b467-4be3-bf98-f9bc9b06b457,,82.0,Rural,No,Yes
92c82f98-f5cb-470c-a0fa-fccf1ccb2bb7,Female,45.0,Urban,No,Yes
61372656-1293-4a41-9985-72967e683ac8,Male,80.0,Suburban,No,No
94bf5adc-efd7-41f9-9df4-5b262e10e8e8,Male,70.0,Urban,Yes,No
a48ef56d-8da8-4e41-88e5-cea873588017,Male,84.0,Urban,No,Yes
1a4173db-8fce-4745-bf07-e8ea3350e057,Prefer not to say,39.0,Urban,No,No
eaca4d61-c94b-4a93-a400-b9882b865031,Female,34.0,Urban,No,No
8d5ef5e7-82ed-4b4e-8314-4e309de029d0,Female,68.0,Rural,No,No
1aecebac-e548-49ee-acaf-89f0b8a7de69,Male,62.0,City Center,No,Yes
ae6fb167-40d5-44ee-9bc1-6d9582d3ab28,Female,51.0,Suburban,Yes,No
d8ad128d-c41f-4857-99b3-326f2187a8bc,Male,65.0,Urban,No,Yes
3ff614cb-f649-4dd7-be3c-691372f4583b,Prefer not to say,41.0,Suburban,Yes,No
94a31810-f4a2-41d1-9644-7fedc1c0c8a9,Female,26.0,Rural,Yes,Yes
da9823e7-1524-4eb4-8b4b-18e34c9f8837,Female,30.0,Countryside,No,Yes
23afcb82-6edc-4f00-bf1d-029bb1952346,Male,48.0,Rural,No,Yes
0dd772e0-811d-454c-b435-4f12150505f4,Male,54.0,Urban,No,No
20ff6cef-a80a-40ff-a919-1346db71ced3,Male,46.0,Urban,No,Yes
e02341be-07c4-4d5d-a7be-e6c7a1dc140c,Female,41.0,Suburban,No,Yes
5ba2b331-9675-4fdc-974c-2ab3dfe1dc79,Male,38.0,Rural,No,No
478463ea-47dd-4827-8cb8-7ba2d474702e,Male,74.0,Rural,No,No
99d5816d-efb6-403a-a9a7-4212ce19d4dd,Female,84.0,Urban,Yes,No
c4083a28-0d0f-4d85-8ce4-5057609fad6c,Male,75.0,Rural,Yes,nan
1f3dbdac-b05a-4a00-a483-cc32827f07d7,Female,60.0,Urban,Yes,No
aaa05187-01c6-4092-acbe-e6c589fa25db,Male,78.0,,No,nan
dcd92b70-c3ad-4c4e-bbf8-56c6aa810e77,Female,,Suburban,No,No
f6efe621-ba7f-4f73-9810-af1a3283961c,Male,38.0,Urban,No,No
734a74e5-d0e9-41f3-91f5-49c40d097ca9,,74.0,Urban,Yes,No
654969d9-768f-4f87-a4f7-d1fcfb65f3b8,Male,77.0,Rural,Yes,Yes
28637d3c-f0c4-49c6-86bb-c10344d16c8b,Female,81.0,Urban,Yes,nan
647698c8-7347-43bd-b4e2-586f3a72a7e9,Prefer not to say,34.0,Rural,No,No
e311e6df-649d-40ec-a4ba-2ede8a9c49bf,Male,33.0,Urban,Yes,No
aef4025c-024f-472d-81d6-c8d3d276bd7c,Male,32.0,Suburban,Yes,No
93c7f4ba-1490-4686-bd0e-91d0823b3389,Male,39.0,Urban,Yes,No
6cbd83b7-ea51-4d22-ae65-cfcd21637272,Female,37.0,Suburban,No,No
626f9765-6865-48b0-bc96-327ee7cda4bf,Female,68.0,Suburban,No,No
4325224d-59e4-4d74-a828-97719f4fc198,Male,72.0,Urban,Yes,No
416bfe51-1b56-41bb-8394-13872737201b,Male,45.0,Urban,Yes,Yes
fff6eea2-a9a2-4baa-a3c7-5df8d90228d2,Female,66.0,Urban,Yes,Yes
bdf89c43-cbdc-4f9f-8652-314a941b8341,Female,64.0,Suburban,Yes,Yes
bbe2d23a-7e38-4cea-86a3-eb458e7dd2d1,Female,56.0,Urban,No,No
61057630-cf05-4e4c-a65c-e24e041c52af,Female,47.0,Urban,No,No
2df2e066-8354-40f9-b8e2-5c3513c39b3b,Male,33.0,Urban,nan,No
d1e681c5-f484-418e-92bc-99f3090ca50f,Non-Binary,32.0,Suburban,Yes,No
bae2224d-ff7f-4a08-bce6-bbb2d8155104,Male,33.0,Urban,No,No
bc4b8e40-9314-4a95-8e9f-efe4fb22da36,Non-Binary,-5.0,,No,Yes
23039c64-3c91-4672-8300-d032454464c8,Female,57.0,Suburban,No,No
025c8b12-652d-4919-9119-63c723804803,Female,37.0,suburban,No,Yes
da2f9985-bafb-484f-b6e4-debc5b7d0a35,Female,30.0,Rural,TRUE,No
6539e98d-d327-4dc3-95c7-8a8cc215d8a6,Female,83.0,Suburban,No,No
543e42c8-b19f-4083-beac-638ab31e16f0,Male,45.0,Suburban,No,Yes
ac3e61aa-f543-4578-9fdd-616d19d5fd52,Female,67.0,Urban,No,No
779d59b3-67ce-4ac5-a6a0-506f4bce8488,Male,78.0,Suburban,No,No
58e8deca-951a-4653-b7b5-b37954f038c2,Female,66.0,Urban,No,Yes
d5e51cd7-c45c-499a-8101-740a5a88f36c,Female,64.0,Rural,Yes,nan
a9e86a2e-abfe-4110-8549-0ade3c76f4cb,Female,73.0,Urban,No,Yes
77643210-0f5a-4660-9e52-4042f4720b00,Male,27.0,Suburban,No,No
549ca546-a1d5-48fa-95f8-bf4f2ad80d08,Male,79.0,Urban,No,No
e9bc6f3a-bcc6-4921-9d1a-889e80b4bca0,Female,37.0,Urban,nan,nan
0f78b56e-42ed-4672-80cb-d50ad33e3704,Female,0.0,Suburban,Yes,No
a5740e76-0f7b-41d4-a3fd-e84647380bbd,,45.0,urban,No,No
00c4a9cf-9bdc-4597-9ca5-d286e1d77964,Female,19.0,Suburban,Yes,No
bd5fdd85-dd0d-4f40-841e-1e104fa7f54f,Male,28.0,,No,No
0b710a6d-3a21-499e-bd07-a96a15d1ffdc,Female,18.0,,Yes,No
f5db0859-9ac7-4e46-9889-7287dda1553b,Female,57.0,Urban,No,No
f5f94662-87f6-4c93-bcb8-8f3c9e6b56f7,Male,60.0,Urban,Yes,Yes
673f199e-b724-4c78-b586-892c7645f113,Female,42.0,Rural,No,No
a6e3058f-8b71-4098-a9fa-4521fc5de923,Male,79.0,Suburban,Yes,No
d8eb389f-254a-4af8-ac54-93e1b3414df7,Non-Binary,60.0,Urban,No,Yes
f62e3c55-4d91-4622-b851-dc27e0c1739f,Female,62.0,Urban,No,Yes
b3c6fe7e-71df-46f1-8922-0fbd413264cd,Male,76.0,Urban,No,Yes
80c2ba83-229f-48c3-94f5-c09935bb7609,Female,35.0,Urban,Yes,No
e58c9138-80e6-42fe-b556-52ec699e5fd0,Male,57.0,Rural,Yes,No
cd366817-55e7-45b4-ac2b-f0a62563ed0e,Female,77.0,Rural,No,Yes
e64f7bc4-3ee4-43e1-9db0-426c38db460d,Male,57.0,Suburban,Yes,Yes
511cf488-8fd9-4f2a-86e2-3af0f4203bbc,Female,74.0,Urban,Yes,Yes
decbd92d-f92a-4945-87e5-6ff07cb36704,Female,19.0,Suburban,Yes,Y
9ae22505-6493-459a-add4-3a1886e903ff,Female,74.0,Urban,nan,No
39201af9-7edf-4802-98c4-c44ef1fb9cb6,Male,,Urban,No,No
44507534-6c81-427f-bfae-2daa9dd5ae91,Male,78.0,Suburban,No,No
6a2251c2-6c73-451e-9d35-b6a090fd5762,Non-Binary,56.0,Urban,Yes,Yes
03b997b7-20bd-4b2c-9478-b7d2c928b528,Female,29.0,Urban,No,Yes
df7c12f4-4db5-4834-8723-ae25be5ba6a4,Male,47.0,Urban,Yes,Yes
3f1e3bd1-facb-4eb6-b2d7-2e00026af867,Male,66.0,Urban,No,No
049fec14-887d-4a83-8010-0ad0a6c83186,Female,35.0,Rural,No,No
0af1224d-3b2b-4ede-b3cb-b584c1e5cbb7,Female,,Suburban,Yes,Yes
1db8eb4c-5ef9-434b-93bc-2a314df146f3,Male,23.0,Urban,No,No
780fb7f4-199e-4998-8015-f1ddf483dc70,Female,79.0,Urban,No,N
25bfbb7b-f278-4902-af65-35a299e21c77,Male,49.0,Urban,Yes,No
4e27082c-d69b-4ed7-a188-b2d821be6751,Female,48.0,Rural,No,No
68774fbf-4b9c-49c0-a6a5-acd907e931a8,Male,51.0,Rural,No,No
198e6c77-1571-483e-89ec-a170c7af213f,Female,57.0,Rural,Yes,No
611e6853-7e5e-4cbc-bb9e-fedca6bb21d2,Female,48.0,Urban,No,No
5b03ae92-d17d-4073-bce7-4400aeb8cab4,Male,-5.0,Urban,Yes,Yes
8dd55a4d-e9a1-4184-bc59-3de4bfc6cfe3,Female,55.0,Urban,No,Yes
af83759a-9b5f-460f-bcb6-226504986408,Female,80.0,Suburban,No,No
7bae09bc-e2f3-4fce-b151-cb846dbfc2f4,Male,61.0,,No,nan
b2c0e523-6b15-42a8-a8ba-5751efae0c54,male,56.0,Suburban,No,No
e481b5d1-c63b-42f4-bc2a-0cfc03c3dc2c,Male,76.0,Suburban,Yes,Yes
523b068a-0c36-413d-9cd6-09db1ecc0506,Female,24.0,Suburban,No,No
0cd84e55-3e1f-4acb-ac37-a55ceebd09ea,Male,84.0,Suburban,No,Yes
dc3536de-d3a8-412f-a355-48e501230275,Female,83.0,Urban,Yes,No
7d71fbea-663a-4a3c-ac8f-472c1f43efb0,Male,62.0,Urban,Yes,No
b4ce81c4-b5b4-486d-890a-9cfcdeef3ba9,Male,44.0,Rural,yes,No
c5da4aa2-1740-4f49-8cf9-c2aa6489c536,Male,73.0,Suburban,Y,No
0aad981b-e324-43d1-a2ed-8723e3274b3c,Female,70.0,Urban,No,No
f18f2d71-3b63-4227-a5cf-8365f63f684d,Male,23.0,Urban,No,No
e416cdfd-2acd-47db-b2a7-88f8ec459e70,Female,65.0,urban,No,No
51c41e14-5e57-4234-b48a-8bfcea577456,Male,81.0,Suburban,Yes,Yes
5f1d4ed0-2634-48c5-916e-7a194704c0f7,Male,34.0,Suburban,No,yes
8754143c-8d6b-4683-95d9-710014152340,Non-Binary,18.0,Suburban,No,No
8a7edce3-dd39-4bd0-883a-74bd77fec048,Female,25.0,City Center,Yes,No
e89ca9a7-2e86-492a-951b-86205fd604d8,Female,44.0,Suburban,Yes,No
4809f8cc-2d61-4454-8b55-e55bf3be3842,Male,80.0,Rural,No,No
ea3e3683-3ed5-4e76-aa47-ff08bb2e2734,Male,40.0,Urban,No,No
251c182c-a874-4411-b6d9-fec9c58f76e0,Female,42.0,Rural,Y,Yes
 ce1bd06d-db7c-4313-84ad-ec0a8d6114b8 ,,84.0,Suburban,No,Yes
1f0a14d8-cc77-4196-8aeb-258dfe749126,Female,28.0,Urban,Yes,No
81e325b3-aa61-4ffa-a58e-73fbc7f4e326,Male,120.0,Urban,No,Yes
9ab0d453-0207-4b6b-8c55-45aead8c4229,Male,44.0,Urban,Yes,No
68586397-004b-43b3-b6a5-9185eced6bb8,Non-Binary,24.0,Suburban,Yes,No
8442cab2-60b7-41cb-92cb-30630ba040d1,Male,47.0,Suburban,Yes,Yes
160de521-d186-49e5-865c-76a7ad4039fb,Female,18.0,Suburban,Yes,No
0a9ec48c-bae5-4cec-a8da-9f81dd82396e,Female,39.0,Rural,No,No
d7a73694-eeb2-4347-8043-fdb37fe26493,Female,72.0,Rural,No,No
1a81ece9-a89c-425e-b246-3580e5baffaa,Female,26.0,Suburban,No,Yes
634691c3-cfa7-481d-ade1-0bd22a723e36,,120.0,,Yes,No
7a0dc621-3187-4c13-89b1-1d19d5e96c7d,Female,24.0,Urban,nan,Yes
33096ba0-d310-4fa6-8aba-c9d98b7b612a,Female,34.0,Urban,No,No
1ab78cb7-bf0b-4175-b38d-a18cd9bb69c2,Male,28.0,Urban,Yes,nan
2d53ec41-1b49-4968-8e7d-b49bfeaae88e,Male,18.0,Urban,No,Yes
95b49fe8-ad10-4fb4-8a2b-3e609fceef38,Male,50.0,Urban,Yes,nan
5af36139-1480-4e59-b9ea-9c1c73d5cc2e,Female,34.0,Urban,No,No
3d9b1f3e-e587-4df6-99f2-fb879ffa4a4d,Female,51.0,Urban,No,No
991920e3-bb44-4e5e-9df2-a5db613d2d01,Male,21.0,Suburban,No,No
9312fd61-b93a-4652-b940-f72d770e6ac9,Male,55.0,Urban,Yes,No
788a7c89-e6e9-4979-b145-27b139573a70,Female,52.0,Suburban,No,nan
1a4c1d3c-5eba-4bae-b715-0d80e8f70c20,Male,24.0,Urban,No,No
fc85132c-a203-49c4-9901-bde2bf6fef84,Female,54.0,Suburban,Yes,No
b6eb9066-6482-462c-ac72-6481a97d2753,Female,37.0,Urban,No,FALSE
4f444bbc-4ee8-4bf7-a876-af391eddfcb7,,63.0,Rural,No,No
f1e23db2-98e1-414e-83c4-8de02d57d051,Female,74.0,Suburban,Y,No
536af651-b7d2-4b55-ae59-6f930367916f,Male,,Urban,Yes,Yes
4266fe17-f184-4424-88b2-6f4166616ab8,Female,33.0,Suburban,No,No
df3f20d6-9e56-477d-9eaf-5880e1dc5386,Female,56.0,Urban,No,Yes
6d6022f1-d5da-46e1-aab0-e2c755fcac55,Female,54.0,Urban,No,Yes
5b772efe-e099-4cf9-ae0f-ffa0a655c9e4,Male,38.0,Urban,No,No
c9b54b52-7483-4064-9428-6640416bbda2,Male,72.0,Rural,Yes,No
d3b39557-e92e-49e7-a10d-f406b3b1e0f2,Prefer not to say,40.0,Urban,No,Yes
c8605a21-eae0-446d-88a6-065690cee916,Female,48.0,Suburban,No,Yes
785d604d-37aa-4fa5-9250-572a23830351,Female,67.0,Urban,Yes,nan
b7cdbcc5-4375-4f4a-95b7-a829657a801b,,76.0,Urban,No,No
6fe84513-5c9b-4c6c-9bbe-81395ba4953e,Non-Binary,75.0,Suburban,No,No
d7282e0e-93fe-4266-8a28-681b5e4cf712,Female,46.0,Suburban,No,No
9dab7b74-b134-445f-be0a-857a7158f96f,Male,69.0,Rural,Yes,Yes
22fdeb25-230e-45fb-8576-01d481311691,Female,42.0,,No,No
4881f137-764f-4ae7-9516-04e748679324,Prefer not to say,18.0,Urban,No,No
552eb00c-cec7-4968-afb6-8ef71b9465ea,Female,80.0,Rural,Yes,no
1dcb7ff0-0514-48a2-a3ec-db4c33aea71c,Male,38.0,Urban,No,No
92b768c4-f699-4c0a-ba83-d4f58e87622a,Male,58.0,Urban,No,Yes
36093682-89e4-405b-aa09-2a8ee7641775,Male,74.0,Urban,Yes,Yes
0f9cabfd-84c8-4e36-bf30-029800526262,M,29.0,Suburban,No,No
eaef7e1d-19e1-49a7-bd2a-d77bb06a69c4,Prefer not to say,69.0,Suburban,No,Yes
d4236eed-85d1-42b5-a2b0-4a34b3406954,Male,63.0,Rural,Yes,No
7d78a9b9-2d9b-4ee5-88c5-01a2495f211e,Male,21.0,Urban,Yes,No
eb4a1687-112d-4b1f-8679-4b1161529662,Male,57.0,Suburban,Yes,No
f51b8c51-517e-47a3-96c0-741ef5817ba2,,50.0,Rural,No,No
6292daf0-e677-4f2f-a359-612a56f68b59,Female,66.0,Urban,Yes,No
e3627151-9721-4ddb-acca-f1c8341359d5,,59.0,Rural,N,Yes
cd19715c-238b-41ef-aec9-4b7efdf283b0,Male,50.0,Rural,No,No
8a34ac37-6dbd-4a32-bc04-b06df8dbbff9,Male,24.0,Suburban,Yes,No
fbc5cef0-a4e9-4333-9619-b7f9fdf8c036,Female,77.0,Urban,Yes,No
36312228-0b2c-449a-b15d-763f11e78377,Female,52.0,Urban,No,Yes
fdf55327-6809-4d8a-8ffd-0955a8102246,Male,28.0,Urban,Yes,No
70903ee8-136a-4923-8672-bb3e380784e6,Prefer not to say,54.0,Suburban,Yes,No
c3105ebd-26b0-4735-ba6c-cfae40f5331e,Male,36.0,Urban,Yes,No
e9216050-9c90-48ec-880b-cecb585f48d0,Prefer not to say,55.0,Suburban,Yes,No
2b6c4be5-dba5-4b69-a61b-dad1233689d8,Female,44.0,Suburb,Yes,No
2d240134-71eb-4967-b145-e3536ee775da,Male,80.0,Suburban,No,No
db20062c-63ba-4631-91e4-6a357702d427,Female,34.0,Urban,No,No
c819603c-ae79-4174-a0f8-9cb3c1be4a8e,,67.0,Urban,Yes,No
e6aa4770-c0ff-4999-a96a-5a1c86afab12,Male,71.0,Urban,No,No
dc6c1a07-fb27-41f9-9e39-2e0828d9018a,Male,18.0,Urban,No,Yes
b8b6091b-b78c-4837-96d6-4d0d22e15898,Male,68.0,Urban,No,Yes
8aa56f29-bffc-44bc-9786-e9329ddf91e9,Male,74.0,Urban,nan,No
b9e5928a-29d5-4e26-ac0a-9f1e6cfde870,Female,33.0,Urban,No,No
f4498b44-e2d2-4e53-8396-b43ee8adfe34,Male,56.0,Urban,No,No
f6d3c3c0-8d02-42df-a640-0bc8bfc78746,,53.0,Urban,Yes,No
b51898e2-6347-45bc-be87-acef5081c374,Female,39.0,Urban,nan,Yes
100d25a4-78e6-4808-9398-581c53fe1f2e,Female,82.0,Suburban,Yes,No
a8841b70-11fc-4c4b-b41b-b1b99c113666,Male,35.0,Rural,No,No
3d18232b-0cc4-4c28-a155-29cf742099ba,Male,38.0,Urban,Yes,No
9d363e17-db13-4d9c-9f32-e370511479b6,Female,52.0,Urban,No,No
a92a4640-fcaa-4b7e-a044-87d264640d2a,Female,36.0,Suburban,No,No
b69da53d-9813-4ecb-a469-9a64d41f232c,Male,58.0,Urban,No,No
ffa49807-6f0a-47c1-8d0a-f38d3d52eed6,Male,64.0,Urban,Yes,nan
70165cb4-ff06-4502-baf9-1c743d97b590,Female,68.0,Urban,No,Yes
a94e58a5-e2c7-4f81-909f-952932efd66f,Female,74.0,Rural,No,No
f8287a00-16c1-4488-8443-40fa0efac547,,74.0,Urban,No,Yes
25c905de-1388-404c-a4c7-04e7769f55a2,Male,21.0,Urban,nan,No
6de4a5d9-5a33-44e4-9f63-37e677741e3a,Male,19.0,Rural,Yes,No
b8c7faf8-9d3d-424a-9cc7-4e00d4fc0932,Female,32.0,Urban,No,Yes
b238f742-aa55-4354-ab9d-680b62e5c495,Male,69.0,Suburban,No,No
31248759-48a4-4e6d-8be3-da7f0d5ec152,Male,40.0,Urban,No,No
91af307f-58be-4889-a186-cba982eb5873,Female,74.0,Urban,No,Yes
0f7698e9-b37f-4d02-9dd8-d9fdedab36c9,Male,,Urban,No,No
7905c4da-090d-4a90-912b-391e0651a988,Male,77.0,Urban,No,No
343cb4c6-3cae-4ca2-8858-58f5fa2049e9,Female,78.0,Suburban,Yes,No
c6277019-f444-4f3d-9767-e0a6254c23c9,Male,52.0,Urban,No,No
5ee86c9b-e4dd-4879-8e65-ace61e7b5799,Female,33.0,Urban,No,Yes
4ababcbb-f613-4fc3-bc4f-98c820a4ead6,Male,25.0,Rural,Yes,Yes
dc09a01d-b783-49e5-a1ec-f6c804cde599,Female,23.0,,No,Yes
eed8eafc-48a6-492e-8e95-d4d376298b26,Female,37.0,Urban,No,Yes
ac1932ae-670e-46e8-9f36-3d7dfdafdbed,Male,66.0,,Yes,Yes
88df48bc-a789-4418-9376-0da5e8d730ed,Male,43.0,Urban,No,No
0701ac20-5a05-49c7-8f3c-9b295e8568e0,Male,64.0,Suburban,No,No
5f7b6fdd-2069-472a-9f0d-a17a44425fd9,Female,,Urban,Yes,Yes
a417a003-75c7-4349-83d6-6a36bb30cd51,Female,58.0,Urban,No,No
3eccbb95-87f0-470c-9626-618c3b788434,Male,41.0,Rural,No,No
8504e5dd-f8fa-475b-a996-03595216c464,Male,81.0,Rural,No,No
5479e44e-3d36-4122-a317-6520caf5941b,Female,69.0,Urban,Yes,No
996dd00e-67b2-4e82-a011-7c0eed028e6e,Male,45.0,Urban,No,No
775dad26-ed83-4bee-ba95-3229005968b5,Male,65.0,Suburban,Yes,No
abfb251f-adc9-483a-9117-65abf9515ba7,Female,72.0,Suburban,Yes,No
34302243-df90-4bca-8ec9-98cb4e5ad4dd,Male,52.0,Rural,Yes,No
2d9d8368-a452-436c-affa-4687f0a68fe6,Female,36.0,Rural,No,No
6fdf73b2-b073-418a-a2b6-3940e9df5640,Female,18.0,Rural,Yes,Yes
0722a6b0-4fce-4efb-97cf-545b78a1f190,Male,44.0,Suburban,Yes,Yes
dbd86559-f2b4-4bb8-8daa-0ba124791776,Female,44.0,Suburban,No,No
a64c2dd3-bf4b-4f27-8834-6756f82db5c1,Male,83.0,Suburban,No,No
6778302b-9508-4214-a876-8e09f95b1d94,Male,52.0,Urban,No,Yes
a596f745-4c72-45d6-ab8b-76b0aecf067e,M,60.0,Rural,No,Y
0f0e7330-4975-4e80-884a-39d357d38716,Male,33.0,rural,No,Yes
09753350-161c-4066-91ee-7cb3bfcb5bd2,Prefer not to say,60.0,Suburban,Yes,No
4e45894e-a9aa-4fee-9d8e-7565239c6b99,Female,24.0,,No,No
73b52a8d-b8aa-42f2-a9ba-30f2b4885c26,Non-Binary,39.0,Rural,Yes,No
98eba9ad-e1d1-474f-8821-9bd6e893ca30,Female,70.0,Suburban,Yes,No
fe8e8a49-34bc-4bf3-b87b-287ef1939dc0,Female,83.0,Suburban,No,Yes
cb9910e9-6b37-42bf-8ec2-cb87c0d89252,Male,82.0,Rural,Yes,No
e10843e2-feb6-4c1c-9583-5d1f0194a828,Female,45.0,Urban,Yes,No
1dc69089-7ccb-4833-9a47-2c16c0e010fc,Female,20.0,Rural,No,No
a0580ade-60c8-4366-b08b-498d617408a8,Male,49.0,Urban,No,No
6d967670-3ee9-480f-9f6b-2ffa85201b64,Male,,Suburban,No,No
019c64ba-3113-4265-88f3-d32b64d7b3ac,Male,38.0,Rural,No,No
d0bb671d-09b7-42f3-bd6a-8484faec88fd,Male,81.0,Suburban,Yes,No
188037bf-61ac-458b-9e23-dd0d808cdb0a,Female,62.0,Suburban,Yes,No
55b95d40-f3a3-46ec-922c-fe5a2ad96eef,Male,46.0,Rural,nan,No
7a5366ed-329e-4af5-b22f-67ea76128ac2,Male,83.0,Urban,No,No
ed41e223-9fad-47d3-885d-826520d6c7f6,Male,35.0,Suburban,No,Yes
1eb03439-51d2-4b6c-9346-850988ce2c04,Male,78.0,Rural,Yes,No
08a1151b-eddf-41b7-92bc-8b97eb21c77c,Male,58.0,Suburban,Yes,No
38300790-636c-4320-9213-8a205e6eeaca,Male,52.0,Rural,Yes,No
e38e7ed5-195f-439e-901b-1af295215b4e,Female,68.0,Suburban,Yes,No
cd5866f6-c3dc-402d-ba61-4de79b4ba2a0,Male,84.0,Urban,No,No
c6d8f131-dc95-4446-b37b-632193e79386,Male,45.0,Rural,No,Yes
f1ed3a04-0f5c-4113-a8d9-1fbf3966064f,Male,64.0,Suburb,Yes,No
f81c8a3e-33c6-45f3-bc8b-b95776e7fef2,Prefer not to say,39.0,Urban,No,No
24834126-c5e2-416d-b1b0-df0705c958f0,Female,70.0,Urban,No,nan
752b2110-f48c-4b13-a88c-c4aba102d59e,Male,69.0,Rural,Yes,No
f96b6d1b-31ed-4903-a3e9-8e4ca3387a0c,Female,,Suburban,Yes,Yes
f5f25329-0af9-45cf-ae7b-7dae52e3ef1f,Female,78.0,Rural,No,No
a5433874-d1b0-4e5b-b06f-63975afaf1b3,Female,63.0,Rural,Yes,No
97a40110-ee24-49ce-81da-eceabb2ec6fc,Male,61.0,Rural,Yes,No
b32fa527-b833-4bd9-a562-05548c6bd4fe,Female,72.0,Suburban,No,No
2ca2d98f-c4d3-444b-be18-a2ee5e89e0bd,Female,37.0,Rural,No,Yes
878f1a04-5859-49bb-a923-add2dcf2807c,Female,31.0,Urban,No,No
a4865354-26a8-4e7f-99e7-cdb0a876e4dc,Female,69.0,Urban,nan,No
63426c9f-e06a-4bf0-ab2d-7c716d4685a1,female,28.0,Suburban,No,Yes
e5e9bc80-afd5-427f-950d-a4c1933512e1,Female,64.0,Suburban,No,No
eda91fb6-a5cc-43f8-968e-93254c44deac,Female,62.0,Urban,No,Yes
732177d5-12e2-46ae-8589-f031843e2346,Male,83.0,Suburban,Yes,Yes
47d16ad7-d859-4e75-a84b-53afe27d60c8,Male,43.0,Suburban,No,Yes
a9410465-3c7f-4520-bcd0-278e615f3a92,Male,54.0,Rural,No,No
8f2d8907-1825-45b7-b36a-a253a22e8a27,Female,22.0,Urban,Yes,Yes
ddb60930-4d26-434b-9e67-73eddce111cf,Male,35.0,Urban,No,No
eefefa00-600c-4ef2-9e25-c5dc12cf8719,Male,19.0,Rural,No,No
9abf3f98-e09a-4a9d-855f-6314c1bb0cf8,Male,34.0,Suburban,No,No
b16ea12e-3a03-447e-a35e-dbac00777481,Female,39.0,Rural,No,No
75ace8c5-ef9a-4604-ac74-16b198ba96e7,Female,61.0,Rural,No,No
e01802bd-237a-464c-aaf6-733de5789b4f,Male,72.0,Urban,No,No
14cd0e89-fbde-4bd6-9b9d-66843a292a81,Female,56.0,Urban,Yes,No
4a158793-0781-4dc8-a514-52f32e4048c8,Female,50.0,Urban,Yes,No
c6745fc2-033d-4a0c-b309-32b0bbd3b60a,Male,53.0,Urban,Yes,No
20210fd8-3404-43b2-b4cf-244638510cec,Male,82.0,Urban,No,No
559399c2-4f72-4af2-8819-ef2777d178b3,Male,55.0,Urban,No,Yes
6d6d0bce-3c0b-4f4f-903b-a2b5e004c2a2,Male,75.0,Urban,No,No
03b89438-196b-46b3-8bb9-11594acce6f3,Non-Binary,71.0,Urban,Yes,No
8a30e205-bfc6-4d0f-b18d-0edea3aff59c,Male,67.0,Rural,Yes,No
5a802bd8-8f40-41f2-a280-f8a43ffd5c15,Male,18.0,Suburban,No,No
512233cd-ca05-425c-946b-66d886224f20,Prefer not to say,27.0,Rural,No,No
dd728c5b-27a6-4a60-9dbc-466451adf20b,Female,69.0,Urban,No,Yes
01f37d29-971b-48b3-a7b4-c526e436a6c4,Male,68.0,Urban,Yes,No
ddd4b9eb-71fb-4981-98e7-3b35a4aa6368,Male,35.0,Urban,No,No
0825d19b-8120-404b-8810-cbfdc91e53f9,Male,62.0,Rural,No,No
55d4d999-c976-4792-98e9-162e2d0c8286,Male,57.0,Urban,No,No
a5a34197-d971-469d-a3df-f74a16cd1b69,Male,,Suburban,Yes,No
36c4f2b3-6236-4643-97ab-125494fd1ecd,Female,82.0,Rural,Yes,Yes
4e11d8a7-9d4d-42bb-a467-e16aeaa3c3f6,Male,41.0,Suburban,Yes,No
a75a3a90-6218-438f-bed2-81ad745b2331,Male,31.0,Urban,No,Yes
c20c5680-60c2-42cb-9edb-968967475c19,Male,,Urban,No,No
89736a6f-44ff-41ae-8dd4-cf5d73d6b002,Male,70.0,Urban,No,N
319c94f8-b598-43c0-92f6-4e65fcc7f3bc,Female,74.0,Urban,No,No
8956dea1-81c4-415e-965f-d04e38ab3a09,F,24.0,Urban,Yes,Yes
68ff7cc5-b4ec-48fe-a337-186c393d8024,Prefer not to say,61.0,Suburban,Yes,Yes
97347136-4091-4fec-aa8f-82d77ff1067d,Male,31.0,Urban,No,No
46aa14d8-b1c1-4c48-aa1f-dc1eebede23c,Male,38.0,Suburban,No,No
009b762e-e83a-43e6-b44e-b777dd34b6e9,Male,31.0,Urban,No,No
4d2b521c-d522-441f-a954-51befd0f0c74,Female,60.0,Suburban,nan,No
7c8fa30b-0790-47c6-a716-ae501ada43e6,Male,63.0,Suburban,nan,No
6e064acd-cc4d-4ec1-9969-d981401c7a06,Female,41.0,Urban,yes,nan
951c4cd0-4ae9-468f-a27f-99efb7ae5dd1,,,,No,Yes
a30df8b4-5c06-498f-9b7e-52274acce2a7,Male,81.0,Suburban,Yes,nan
171e40df-8ec2-4b07-b0f0-41d0bffc3087,Male,29.0,Urban,No,Yes
dc0b660d-faaf-40ba-890c-5e82882778ec,,72.0,Rural,No,Yes
bf1a345a-16f8-40bf-8b2e-07c1dd60b431,Female,83.0,Urban,Yes,No
38866b97-0bb7-4bdf-9e30-9cefecd94ab7,Male,28.0,Rural,No,nan
47fed296-9ca1-4fc6-92fc-c5cef01be9a9,Male,26.0,Suburban,Yes,TRUE
418d844c-8dc0-4d20-ac45-bf2447f1de7e,Female,120.0,Urban,No,nan
61c90ec3-2a46-4695-b906-50c1b69b2955,Male,50.0,Urban,No,Yes
801e5bab-2659-4d84-b9a1-7fb807e99795,Female,33.0,Suburban,Yes,No
edaa0fb3-7d21-48dc-87a0-35b4a2b28e7f,Female,35.0,Rural,No,No
41459dfe-42e7-45f3-8a2d-191ab932b0c4,Male,37.0,,nan,No
2c885248-75b9-4eae-9787-b90814f8d139,Non-Binary,32.0,Suburban,No,No
32d4e7bf-1c12-4f7b-9f5f-92df9180f427,Female,54.0,Urban,No,No
bdd9e831-c3bb-4002-bc03-40ffa0a55e24,Female,80.0,Suburb,Yes,No
796253f6-e954-46ae-8a8f-9f0fc8fac540,Female,32.0,Urban,nan,No
7ce0e12a-affc-4787-b2a6-cd60439fdc72,Male,20.0,Urban,No,Yes
66ba4638-d7ff-422d-95a9-0b73ea46dd0b,Male,81.0,Urban,No,Yes
9d37be16-fee7-428b-ad04-1497762620f9,,76.0,Urban,No,No
fa6c74ef-e95a-452b-ad43-8c9d3663e7dd,Female,64.0,Urban,No,No
a85ca8df-ac1b-4b98-b14d-e4e2b5bb2925,Male,33.0,Urban,nan,No
3018d776-4158-4446-9f48-c665315eda47,Male,61.0,Urban,No,No
 58b4c5d5-e039-49b4-9ab2-0c86f7c405f6,Male,21.0,Rural,No,No
2cd5bd27-bb29-4271-b234-4dce64033418,Female,56.0,Urban,No,No
90a090a8-33d5-4bb5-b421-e4b158c07884,Female,28.0,Suburban,Yes,No
4d55e117-b6e9-4512-9570-96daef800391,Female,47.0,Suburban,No,No
59ce9dcc-45d8-4e9f-8bea-d00ca586148e,Female,61.0,Rural,Yes,No
ad1702f1-842a-4010-a16a-ca5290e13f1a,Male,73.0,Urban,No,No
1b621e68-2a35-4401-b138-68cd9f3b5a4a,Female,75.0,Urban,No,Yes
69f894a8-6f9b-4eab-8be7-b5a0a1e00ff3,Female,71.0,Suburban,No,Yes
ad6929ba-51d1-4bc8-ac3b-d55a93326141,female,53.0,Suburban,Yes,No
0a0890dc-8d09-482a-9dc7-64978803c22e,Female,79.0,Urban,No,No
bc720d68-9d55-4a8b-b095-b37782f9a085,Male,72.0,Urban,No,No
4133eed8-cf16-48c8-bd8a-34ba224b3089,Female,,Urban,Yes,No
2824e358-58a0-4968-9a88-a82735dfa30d,Male,25.0,Urban,nan,nan
735fde26-183c-4862-b50d-14e20ee5e8f7,Female,66.0,Urban,Yes,No
3603b225-eeba-407c-99eb-7460de34d83c,Female,46.0,Suburban,No,No
897485ec-3971-4e3d-8751-144391bf4f64,Female,69.0,,No,No
88a6e500-c9b2-4e9e-b542-02471e742250,Male,39.0,Rural,Yes,Yes
bf97ef35-d098-46be-9d96-4347b58d7976,Female,,Rural,No,No
479b2222-9a7f-4ff1-ba7d-b9d6f57e93d4,Female,37.0,Suburban,No,No
c837540d-da19-493c-99b9-7fe1347e5f35,Male,57.0,Urban,Yes,No
203fff65-9f3a-4059-8333-7795888279c8,Female,,Urban,Yes,No
e572286d-04e3-4106-be41-b324f4c9794b,Male,120.0,Suburban,No,No
95293e52-445f-4adf-8562-e96af63f45e8,Prefer not to say,61.0,Urban,No,No
060f2de4-2f99-493c-9144-770209286c82,Female,26.0,Suburban,Yes,No
2de2f943-a4de-4cae-8192-6c977dc16a66,Male,60.0,Urban,nan,Yes
c84d4e26-34cb-42b1-9ade-00045a12e543,Male,73.0,Urban,Yes,No
3534b158-804e-475a-b6a9-75d4826fcd25,Non-Binary,71.0,Urban,Yes,No
bb67f9a5-b536-43fd-b6e5-726ccdf8528e,Female,60.0,Suburban,Yes,No
c4363831-2ded-4592-a23b-b2415fbac0cb,Female,19.0,Rural,no,Yes
095efe6f-02c7-42be-a0a7-6e08bfc7b66c,Female,51.0,Urban,No,No
6d726b6d-50cd-4fac-b358-11d45ca0d9ef,Female,42.0,Rural,No,No
df5137d8-bfc6-463d-b8a9-6171875f05b3,M,71.0,Urban,Yes,No
202877cc-f861-4248-bcea-d89394a3c637,Female,68.0,,FALSE,No
c462c88b-1b54-47fe-9c3b-9003d8291f7f,Female,71.0,Urban,No,Yes
6d29a95f-94c5-401a-9be5-613e2edcfe3c,Female,39.0,Urban,Yes,No
d96c3da7-068d-4b0a-a3e5-c5b5fed153c2,Male,64.0,Suburban,Yes,nan
bdba3d95-3ceb-4836-b107-47ef20b6a15b,Male,43.0,Suburban,No,No
51ffbd99-7c15-4a8a-b9a2-fb66db0b62de,Male,28.0,Rural,No,Yes
45db556e-97b8-41de-9484-1c30d87fc756,Female,80.0,Suburban,No,No
2d1224bc-87a9-48a3-86b7-a5ab45d29af2,Female,76.0,Urban,Yes,No
78ad34ed-5873-456f-9b85-97af42750f66,Female,58.0,Suburban,nan,No
42639856-c7b7-4b0e-b5ca-f381e3401f30,Female,54.0,Urban,Yes,Yes
84815a84-b7ab-4a2e-9e58-af6c22e016b1,Male,36.0,Urban,No,nan
e3e5e87e-3d2e-4107-acfb-661fbe532837,Male,48.0,Urban,No,No
fa1be32f-58be-4136-ae68-884f52d4d634,Male,42.0,Suburban,Yes,No
3906d8ee-1170-4c7c-a642-91870c57f865,Female,24.0,Suburban,Yes,No
d4ea70d5-a125-47c8-aec7-0da166657468,Male,43.0,Rural,No,No
3e18f4b4-e58e-46ec-a5d6-358ed4b52de4,Female,59.0,Urban,No,No
1af27581-1be0-4e6e-9913-f6c4ef33f9c0,Female,67.0,Urban,No,No
e71431ec-c819-4102-b4f9-5bd4257b44c9,Prefer not to say,55.0,Urban,No,No
36a5c11c-e8d5-441b-8243-61c59a9226bc,Male,63.0,Suburban,Yes,No
dd5c2292-37bf-455a-ad31-6ba897a9e05f,Male,61.0,Urban,No,No
1f83c704-ba43-431c-9332-fe67e64a4e91,Female,63.0,Rural,No,No
db0e9870-f581-4cc6-9783-b7e7ad1fbd59,Female,66.0,Suburban,No,No
9cd8f2a8-3b8c-4cc3-83ce-1cf22e9247ca,Female,39.0,Rural,Yes,No
cfd801d2-94f1-42ae-b5e1-56e569fcf02f,Male,27.0,Suburban,Yes,Yes
7e360f55-94fd-41bd-badb-4945b5d0e9c5,Male,61.0,Urban,No,No
f68c36e8-307f-4fd0-8489-104357265ae1,Male,,,No,No
18e0ce09-85a1-4470-8d5d-c6c7f9438cca,Male,58.0,Urban,Yes,No
a20020e0-1a0d-4689-8de1-415dba7b7037,Female,61.0,Urban,No,No
1321dd76-f4f3-4e09-ba04-dd777b4f8b72,Female,76.0,Urban,Yes,Yes
277bcf3f-6d9a-4c2c-b5e8-0ce3f810f4e1,Female,31.0,,Yes,Yes
bf8ff74e-ddd4-4ae8-99bd-8900cdec0e4e,,55.0,Urban,No,No
b89c3b84-90e5-435e-bf3a-d47ed0bd0499,Female,62.0,Urban,Yes,No
bcf0f745-2ca5-41d8-82f3-74fea17c9463,Female,82.0,Urban,No,Yes
096e0406-6298-40d4-b552-cdbd6b1ceca4,Female,56.0,Suburban,No,No
8e97418e-d3d9-46ad-94dd-56a3c998fb1f,Male,71.0,Urban,No,No
b8b3c2fd-d2b4-445f-9db7-cadf7ed064ac,Female,44.0,Suburban,Yes,No
8821c902-c7ce-4e10-97db-d73d0331cc4b,,41.0,Urban,Yes,Yes
e3b4acb7-e4cb-46dc-87bc-eea5e4631c84,Male,41.0,Rural,Yes,Yes
24159821-c622-434e-98f1-76857f406c96,Female,40.0,Suburban,No,Yes
89fedc1c-da70-4cb1-a124-4614bccab48a,Female,42.0,Urban,Yes,No
753705fd-bcc8-4e21-8a5b-19a2119330bd,Male,82.0,Urban,No,No
b9aaf766-1390-4a38-8171-d14d517e985c,Female,35.0,Rural,Yes,No
14c08e39-0e97-47af-b520-8ae2bfe74cb1,Male,68.0,Urban,No,Yes
4cebe33b-3116-4f1f-87fc-b25e48dcc289,Male,54.0,Urban,No,No
70fd7b29-06c2-465b-9108-9b6f09ece0f9,Male,,Urban,No,No
4c1104d7-f04a-4c16-8fc4-2096885126e7,Male,26.0,Rural,No,No
bea3c115-6174-418c-889c-29ac9ba90f81,Male,29.0,Rural,No,Yes
f7871c63-e34b-4a8f-8fa3-00ecf911cc7a,Male,20.0,Urban,No,Yes
bbcc638a-fd4e-4748-8a1f-438f62293697,Male,84.0,Suburban,No,No
153b45d7-cac3-4a69-9f7e-64f48f4d7b11,Male,59.0,Rural,No,No
eadfc242-b0f4-49c4-982f-a5b408bda824  ,Male,74.0,Urban,Yes,No
e2a4e4a6-aeca-40c5-9aad-f7b98d13bfca,Female,67.0,Urban,No,nan
ea98718a-035e-4606-88c8-ed319f9050d9,Female,58.0,Urban,No,No
2c792717-0d2c-4048-9baf-6b28c77205af,Male,19.0,Rural,No,Yes
321978c9-6501-41b4-88f9-1b19ab4e53eb,Non-Binary,69.0,Urban,No,Yes
ac8ed6e9-2c6d-4bcb-a644-22cd7734af05,Male,49.0,Urban,Yes,No
4a6c2bf8-7291-4cfa-b1fe-6d92ebb7fa23,Female,55.0,Suburban,No,No
66ed666d-eb29-4adf-a8cf-7b329d508fa3,Female,,Urban,No,Yes
6f2fc8c8-ae07-4c02-87b5-6180fdab5e03,Female,62.0,Urban,Yes,Yes
e2d9fdd0-dd2a-4d9f-8139-c773d0d55e8b,Male,24.0,Rural,No,No
c3a8ce6c-52a3-4356-b3ab-fcebdeda20f4,Male,67.0,rural,No,No
37762194-b7e4-4dde-bc0a-2db2877978be,Prefer not to say,,Rural,No,nan
998dc96c-82cb-457c-8469-647b2e651fc1,Male,71.0,Urban,nan,N
726e8c09-abef-408c-9553-1fb6c1557978,Male,30.0,Urban,No,No
419e9c31-c055-4dad-a4f8-3528ff8c388f,Female,82.0,Urban,No,No
d9c62c39-5569-4a46-9fa7-12bf0de02bd4,Female,34.0,Rural,No,No
f514b5a5-48b8-4dbf-b008-780f56572b69,Female,77.0,Suburban,No,No
867a9bad-4456-4fbd-afdd-6f24022ebcfd,Female,,Urban,Yes,Yes
4e28e09b-62e1-4932-82c9-fa2608c8dca4,Female,47.0,Urban,nan,No
2c873371-848b-445d-b802-15995d8e6e5b,Female,999.0,Suburban,Yes,No
ec645fea-5dfe-4ac7-950a-0029e462e9d8,Male,55.0,Urban,No,No
a73d5a5d-bf87-4c33-8a6e-a82668f6bc6a,Male,32.0,Rural,No,No
d2302c2a-b0ec-4eb0-9756-e715daa9a95c,Male,62.0,Urban,No,No
0605c071-6d87-4b70-8986-a24bec365840,Female,83.0,Urban,Yes,No
766b6ad1-d7dc-4d1c-9f26-d4bdb308e230,Male,75.0,Suburban,No,No
9e78b833-13f4-4d86-9c15-a2ab025947ba,Female,63.0,Suburban,nan,No
3f5c1c33-a56c-4d01-aa13-abec6c0e14ec,Non-Binary,47.0,Suburban,No,No
bbaa4712-ee97-44be-bed6-3bc40c469a5f,Female,76.0,Urban,No,Yes
d104a4a4-0c97-4941-b7e9-bd2f13fea0d3,Non-Binary,40.0,Suburban,Yes,No
f5f022df-af01-416c-88a6-f714db28ddc6,Male,42.0,Rural,No,Yes
0d24c724-eb81-420c-9d5a-61f4589c2d57,Male,60.0,Suburban,No,No
f8016334-dda4-4c3c-888b-e4781602f38a,Female,24.0,Rural,Yes,No
384d15db-7325-479a-9331-28dc4623c6f5,Female,27.0,Urban,No,nan
37ada60b-e6db-4baf-8955-42c80fc305d7,Male,,Urban,Yes,Yes
2e358a85-97f3-4c8b-a613-dd5b5f6e2f42,Female,20.0,Urban,Yes,No
51edfd43-946a-4fba-be22-eab69917e012,Female,33.0,Urban,No,nan
d90034d1-9a6e-4046-9ae9-2d33cdc957a6,Male,24.0,Rural,No,No
0593915f-ca97-43f9-bfa7-6e8d1ed7e1bf,Male,75.0,Urban,Yes,Yes
7b6cd569-9524-4469-83cc-074cd09a3e5f,Male,41.0,Urban,No,Yes
cc7d644c-aebe-400e-8227-b03d616b112d,Male,48.0,Rural,No,Yes
fe1d9030-916e-4162-86b0-32a8adc9bc61,Non-Binary,57.0,Urban,Yes,No
91d44e44-7247-4132-b007-5a8856c22dfc,Female,79.0,Urban,No,No
1f2fa2e7-a1cb-4d31-9a5e-a80cf1dc50c5,Male,35.0,urban,Yes,No
82030641-133c-452f-b681-febfcf3ac289,Female,71.0,,Yes,No
2c115609-cb1a-42dc-901b-44632a3bb6f5,Male,30.0,Suburban,Yes,No
40fdd253-35e0-40cc-8f15-cfc8f226003b,Male,20.0,Suburban,Yes,Yes
6df8225b-29ba-4d87-9b9d-d6a742f305f0,Female,19.0,Suburban,No,No
25bc7ce7-57f9-489d-85ae-117ff9d2b09d,Female,60.0,Urban,No,Yes
e4ce2b46-05a1-4c32-a7c4-2a97cf91a1cc,,18.0,Urban,No,No
7e8aa9e2-84b5-4e21-90ee-6372b5a613b0,Male,,Suburban,Yes,No
dc42879d-3eeb-4bd9-b9e1-6d5482d6ab63,Female,49.0,Suburban,No,No
bef7857d-8031-49ce-bef2-00af4a666514,Female,50.0,Urban,No,No
c8080e86-cb34-4e36-80ff-e0c00bee0104,Male,75.0,Urban,Yes,No
170f0ce5-2c23-470f-a5c0-754e4ffa1b49,Male,51.0,Urban,Yes,no
759148c3-b31b-4bef-96ed-78c32d38c755,Male,57.0,Urban,No,No
db9b83c6-c86e-4ca4-87e0-7a011844acef,Male,48.0,Rural,Yes,No
db33e573-4f25-45bb-9e4f-58fb33b360a2,Male,49.0,Urban,No,No
7795cf9c-3a6c-4117-a005-6e17207eef4e,Female,64.0,Urban,nan,No
5a32ce0c-bd1a-4e13-8030-f1e5e70601bd,Female,65.0,Urban,No,No
06aa14cf-a412-45a8-b8e1-d4cbfe911898,Male,24.0,City Center,Yes,No
28088be4-cabd-4394-a234-f446d477be55,Male,54.0,Urban,No,Yes
53ac70ec-af53-4bed-b593-d81940204766,Non-Binary,,Suburban,nan,No
fc551d84-9531-4ce7-ac8e-99aa09a667ff,Male,78.0,Suburban,No,nan
83b8cf64-007b-46c5-873b-4e57cfa733a3,Male,81.0,Urban,Yes,Yes
8815544c-ec40-4769-8ed5-70915caf5fa1,Female,28.0,Rural,No,Yes
cd5136a5-5512-42b5-925f-f68fbe5b43e4,Male,66.0,Urban,No,No
679b28a7-1470-492c-9d28-33db402790e7,Male,29.0,Urban,No,No
a1724378-311c-43fd-98a2-e341ee7d20b7,Male,77.0,Suburban,No,Yes
a3ccfc69-5911-4027-8242-2d0c5a7b48b2,Female,78.0,Suburban,Yes,No
efa083ad-6d26-4700-ad5f-de626200f557,Male,47.0,Rural,Yes,No
f6781c05-bb01-4791-b4d4-59b8c315bc57,Female,,Rural,No,Yes
88a978e4-181e-40f9-a593-9e042cade6b2,Female,46.0,Rural,No,Yes
a5cb3856-a120-455c-94e2-c727ba9f0486,,18.0,Rural,nan,No
483e0fa1-455e-460f-97e4-d6ebfce2a1af,Female,18.0,Rural,Yes,No
0561472e-b379-4749-9332-b032251afc3b,Female,25.0,Urban,Yes,nan
51dcc78b-daf7-4750-abcd-78c547d3ddee,Female,43.0,Urban,Yes,Yes
08d8fb8c-06da-49a7-a730-25d727a75072,Male,57.0,,No,No
d57b5913-012f-4d5e-b4af-2fd18d8d5416,Male,44.0,Urban,No,Yes
ef242947-9434-45d4-881a-3d5f4c70ff75,Female,47.0,Rural,No,No
5ac7020e-45e0-42d6-960e-462c6d91b4ab,Female,30.0,Suburban,No,No
c8d75be2-268a-42d7-bdde-7a56bc41ef43,Female,42.0,,No,No
ddac7336-afb8-4a42-a59d-acc58e00efde,Male,35.0,Urban,Yes,Yes
d111fac5-88c2-4b85-ae69-9c09e4adbcdc,Female,80.0,suburban,No,nan
c3a8413c-ad97-434b-a9cc-9164f7f4d062,Male,58.0,Urban,Yes,nan
01376591-3bad-48b3-a787-874a9a86d552,Female,66.0,Urban,No,No
c37de5d9-3ce9-4537-b4dc-79e4a9f7a350,Male,81.0,Urban,No,No
38a8200f-7920-40a8-a35f-6b77473b72a4,Female,,Rural,No,No
99630cbb-ac51-4607-a37b-da6a9ec66912,Female,82.0,Urban,No,No
4d543b77-cf27-4bb5-b005-093855a2964c,,43.0,Suburban,No,Yes
43109ae8-43d8-4f18-888d-437053317282,Female,63.0,Suburban,Yes,No
65c67a68-c531-4392-bedd-29ee90e3dfb6,Male,27.0,Urban,No,Yes
a1113c1e-e9a2-4ae5-8e5f-53de7aa3459b,Female,64.0,Suburban,Yes,No
9084d6db-df2b-45ea-a22d-42b9f5d78107,Female,57.0,Urban,No,nan
7290ac41-316e-4195-9031-9cc3b59546bb,Male,30.0,Rural,No,No
7a3d6177-7c83-4840-ba01-166399dd256a,Male,49.0,Suburban,Yes,Yes
07406e1e-7c23-4b26-93a6-a1358ecf464f,Male,50.0,Suburban,No,No
59a8002e-0256-4e16-b475-a6c257051ea5,Male,51.0,Urban,No,No
953a4ed9-18ec-4f48-a9f1-4521d0ae2994,Female,44.0,Suburb,No,Yes
92a39870-cce7-4fa2-a089-5e2b90dac55e,,35.0,Urban,Yes,No
cea80d04-390f-4287-a0a0-ccf1b9dbf096,Male,81.0,Suburban,No,Yes
04b737fc-6964-49ce-a770-9b4345b01c3d,Male,46.0,Suburban,No,No
1cfe242f-1293-4d42-90c9-1c7f29f919ea,Male,26.0,Urban,No,No
e9c1ebc3-3261-47b7-a840-63e26bd03a96,Female,35.0,Urban,No,No
7553c329-33ab-407d-8cc3-101d5ae27128,Prefer not to say,999.0,Urban,No,Y
432110b2-566e-4b9c-815e-296e773b11a6,Female,,Rural,No,Yes
65cc2513-5023-4bfa-aa44-1fcb3b27774c,Female,19.0,Rural,No,No
f1a5f0a2-fad4-4b41-b9b3-49a4b426dba5,Female,51.0,Suburban,No,Yes
59ac8339-240a-4ae3-b0e5-9dcd9d6d6ac5,Female,36.0,Suburban,No,nan
ef5ff1b9-471c-42c2-a86c-4893a13490e6,Female,,Rural,No,No
3721801a-251c-4dc4-ad5d-4cfd9b3a75f6,Male,27.0,Urban,No,Yes
c84ab3fe-16a6-45ca-8906-daddde7f4157,,41.0,Rural,Yes,No
d0c343d8-ad50-4f31-b835-0e545fe57edd,Female,19.0,Urban,Yes,No
8349b9c5-ba43-4a22-a20a-08d2c1b276f3,Male,58.0,Urban,No,No
ab25972b-4657-43f4-b078-f8d113b0cc33,Prefer not to say,67.0,Urban,Yes,No
5931e886-674f-4f5c-a234-65049e867351,Female,38.0,Suburban,No,No
ff54957f-c008-43db-afe6-35eab883b57a,Female,31.0,Suburban,Yes,nan
06656f46-bbae-44be-8fa2-33387988b5bc,Female,32.0,Urban,Yes,Yes
f8248d7e-fc63-478b-bad0-5fcd1029d94b,Female,37.0,Urban,Yes,Yes
71c57de9-4b22-4b8b-870f-0e7d51d08e16,Female,19.0,Urban,No,No
612d400f-de07-4ee8-951e-8bc9831c1bb2,Female,46.0,Rural,Yes,No
7b4ba2d8-aa3a-4f61-93b1-80d21edd48c5,Female,42.0,Urban,N,No
8aa9fb83-6d20-4554-9f29-9540709c4947,Female,32.0,Urban,Yes,No
ece7c82b-b694-4b58-b3ba-b252f3ed5354,Male,73.0,Urban,No,No
12050dc3-0b72-4c8d-9396-cb7c9f2595ff,Female,21.0,Rural,No,No
09097b80-31a9-4fcf-a023-552ae548f60d,Female,77.0,Suburban,No,Yes
ddcefb72-373d-49cc-8f6b-b1bf091f834f,Male,31.0,Rural,No,No
2e08ad27-e605-4dfe-bd95-5a55577f08c5,Male,82.0,Suburban,Yes,Yes
03df386e-b651-43de-b07b-c4edad5c9a31,Female,46.0,urban,No,Yes
54b30873-99c2-497d-9b43-0ed9064182f2,Female,27.0,Suburban,Yes,No
58528cee-4f7f-4bb5-baa8-5680d0869057,Male,53.0,Urban,No,Yes
26c9be87-dfbd-456a-9120-9e409ea2f873,Female,84.0,Urban,No,Yes
7bb93393-7244-4e41-b907-2cdc211fc849,Male,35.0,Suburban,No,Yes
9032b775-7988-413a-b1aa-53283bac984f,Male,80.0,Urban,Yes,Yes
7f336643-3336-4701-9b00-c453f9bdecf4,Male,44.0,Suburban,No,No
cf890f39-1e6f-4579-a75e-37b362b15e1b,Female,80.0,Urban,No,Yes
b1c7bde9-3c3d-4f24-a227-8db8b057217c,,61.0,Urban,No,N
02800b9b-f2d5-435c-8d1b-cd7363efd24b,Male,29.0,Urban,No,No
ba501376-9a44-433e-8c9b-06468bc23203,Female,71.0,Suburban,nan,nan
dd3a322a-d49f-48a8-bf18-c10a497a7817,Female,,Suburban,No,No
d0c53bf3-df06-476d-8920-8f473abffd9e,,58.0,Urban,nan,No
f283c1d2-396e-4d6d-bdb8-0b4c0c308615,M,37.0,Rural,No,No
1232c73a-9b25-4ef8-8f6a-a812ecb85cc5,Female,76.0,Suburban,No,No
4eb1c95b-8d9a-455d-8d35-3d9c03036ff1,Female,25.0,Rural,No,No
4c684126-d512-400c-80c1-fe169b53afcc,Male,32.0,Urban,Yes,Yes
457b797f-f793-4589-b173-9a4f7e668ec3,Male,41.0,Rural,nan,No
03d3e7b1-015b-453d-99ce-a00e9de81fd1,Male,37.0,Suburban,Yes,No
41dcf66e-fc04-4a9e-8298-8eb5eb8a3955,Male,,Rural,nan,No
d9e5ae4f-6ccf-4ab5-960d-c9353f912707,Male,29.0,Suburban,No,No
c86289b1-1201-45b1-9125-b31ca756e010,Female,36.0,Suburban,Yes,Yes
d5de3f25-6dfd-4fd4-9013-05a5b565f151,Female,76.0,Urban,Yes,No
0e027116-59ff-498f-a596-fffee7e546fd,Male,77.0,Suburban,No,No
f7daa22d-2cfd-430d-ae99-7f938a0388ee,Female,40.0,Urban,No,No
bb99e99c-b765-4015-a452-b52b9fc9f262,Male,82.0,Urban,No,No
fc1614c6-f445-4d00-8e58-8f53a1661424,Male,44.0,Urban,No,No
6a52ed0e-f5e3-4db1-8a9f-19a1ce64c1d5,Prefer not to say,63.0,Suburban,Yes,No
e0ceb3a3-9d98-43d7-8903-bfb1ac155127,Male,71.0,Suburban,Yes,Yes
bb38dda9-bfc2-46c2-a077-53af9acda1d6,Female,68.0,Urban,Yes,No
b2422dbb-6d6b-44cc-bf1b-ee94a42502be,Female,68.0,Urban,No,No
aa37eb31-f4e9-43be-82c9-87dc575a6e4d,Male,51.0,Suburban,Yes,No
e7fbdcf5-703e-405a-a7d5-dcfec2e9df69,Female,69.0,Suburban,Yes,Yes
0a1376ff-1b18-47d7-83bb-1392a416a4ec,Female,,Urban,Yes,Yes
056a0407-b86e-458e-962d-75077d197576,Female,54.0,Rural,No,No
6b808160-a95e-4465-92d3-70773c0a7081,Male,70.0,Urban,No,No
fbbcc442-276e-4df7-9594-2a2dbe6e421f,Male,40.0,Urban,No,No
fd8865ae-b086-460a-a8ce-8f7b55fcc44a,Male,71.0,Urban,No,No
6b95cd84-8c5a-4e5d-909a-050e9be4492e,Female,42.0,Suburban,Yes,Yes
dc4e55bb-ebaa-47d3-b37b-8e9fb78e5794,Prefer not to say,50.0,Rural,No,No
502c7dfb-3bf1-452d-b2d5-b693a528b3d6,Female,68.0,Suburban,No,No
46a109ab-7f1d-4990-959b-c3de8d0437a7,Male,23.0,Suburban,No,No
cbeb951f-706e-4fc6-a583-ede6e021f9f0,Male,35.0,Suburban,No,No
5616a62d-d58e-40df-ad10-aef173bc1ecd,Female,81.0,Urban,No,No
0b1147c3-00ce-482b-a76b-f34c732d2c8c,Male,79.0,,Yes,No
714f2c29-3574-44d9-9150-4572256f4221,Non-Binary,71.0,Urban,Yes,No
ce8ad836-4472-4cd9-b375-c328df03c184,Male,77.0,Suburban,Yes,No
c99cb4f4-9a9a-4a32-831e-e40b658eb93c,Female,23.0,Rural,No,No
741fb667-b6d5-4eb6-93ec-e5c177b51928,Male,70.0,Urban,No,No
cea3ea3c-e956-48c5-9373-b17ada98bfbb,Female,37.0,Urban,No,No
f218d4f4-71bb-4168-b289-6fca67b7761d,Male,49.0,Urban,No,No
fd4e7bda-4526-493b-9e4e-2b67569d11b9,Female,26.0,Urban,No,No
b7626b03-d241-4fbb-9ce8-d6e7fcd25b4c,Male,33.0,Urban,No,No
ffa2800d-98a1-4409-acb1-f467e466b879,Male,40.0,suburban,No,Yes
8c85ded6-9219-4f16-a6e8-e805b03b851c,Male,33.0,Rural,No,No
cadbb155-6d76-43b3-91e0-d619f690b115,Female,18.0,Urban,No,No
a9481bac-eea2-4a13-bf1e-e594473a328a,Female,38.0,,Yes,No
768c4693-0bf7-485f-990b-4eaf1bde5755,Male,34.0,Urban,Yes,No
39e24de0-a4ea-4856-8081-c75d43b1e85c,Male,24.0,Urban,No,No
083c9f58-297f-4901-85ca-d3bc34649cdd,Male,,Urban,No,No
8f20f698-7e73-41d0-b691-b7686c98ed1e,,81.0,Urban,Yes,No
17d14d67-a60c-4e8a-8fac-431a47b13ff3,Female,80.0,,No,No
34765922-6c77-4ef9-8d8e-5ff10ca7810d,,31.0,Urban,No,No
3322bfbf-ed74-4e1f-ab86-9ed7a2c2359b,Female,47.0,Urban,Yes,Yes
9276e9e4-6229-4738-a8ba-1c234bc6442c,Male,23.0,Urban,No,nan
f40ff6b3-43f5-4b27-9516-d5bf3c1a02e1,Male,60.0,Suburban,nan,Yes
3d322d50-9118-49aa-8853-75242edf1800,Male,45.0,Suburban,No,nan
90225fb6-971a-4ed3-8539-1eeae57acfbd,Female,61.0,Urban,nan,No
c37480b1-3e2a-47b3-bb97-ecfa96dcf40e,Male,45.0,Urban,Yes,nan
7beea0d3-b944-4ac2-bfdf-cf3f25e6c464,Female,43.0,Urban,Yes,No
b7dbaed4-0708-4e90-af0a-4ef8df8de1c0,Female,29.0,Urban,Yes,Yes
9f0cb915-aadf-4291-98ec-f7e6f7609a5d,Male,51.0,Suburban,Yes,Yes
d7b03ff9-5b0f-43ba-9beb-a36da3aa2eb0,,34.0,Urban,Yes,Yes
a7a7da0f-187d-477f-9e12-fff87889581f,Male,58.0,Urban,No,Yes
ba0645af-b84e-48bc-801b-8354fadf0fad,Male,66.0,Suburban,nan,No
f73794de-b492-44e9-84bc-a979b12be871,Female,76.0,Urban,TRUE,No
43916458-6b06-4995-8e16-9f016456dfe2,Female,,Urban,Yes,No
a9ab00df-0d8e-4c73-8ddd-e817e5be3d40,Female,25.0,Urban,Yes,No
5e740eee-1c38-4547-8c70-ad9a8e29f448,Female,21.0,Urban,No,No
a47c3c0d-7aa5-4728-b4d7-fcfb9fbfaa81,Non-Binary,25.0,Urban,Yes,No
27196a33-669f-4c85-ac18-ee7059212847,Male,64.0,Urban,No,No
e9495b1f-d169-4aa3-b91a-16c1b59ce2ea,Female,45.0,Suburban,Yes,No
69f715bf-ae3d-4745-a469-ee82e26d0c73,Male,53.0,Urban,No,Yes
f4baa3c0-3acd-4dc2-86b5-b861dfc5da8e,Female,19.0,Suburban,Yes,no
d0c74792-ab2e-467b-bd08-84c94aaf754f,Female,43.0,Urban,No,No
30aec203-99e5-4435-b31d-faa811714a83,Female,36.0,Rural,nan,No
063c4398-c0dd-4a80-8447-6ef2373375a7,Female,21.0,Urban,No,Yes
98eb5a9f-1fba-4007-9bcd-21d0fb415590,Female,72.0,Urban,nan,No
8d9a444e-ce61-4d37-a8a9-c82497e9fba5,Male,83.0,Urban,Yes,No
7b4fba21-7b93-46b9-9a74-baa0fafa9031,Female,43.0,Rural,No,Yes
4ad3cbcc-740d-41ca-a7f8-1ece331fa3ce,Prefer not to say,59.0,Rural,No,No
e499ffa4-d604-4cdc-9466-76d6403db96d,Female,20.0,Urban,Yes,No
f3625475-0242-4d5b-900b-ae91baf1b3d2,Male,51.0,Suburban,No,No
a01110cf-91c4-49ef-b021-8ad980483b7e,Male,49.0,Urban,Yes,No
048401ea-9d1a-470d-9fad-3e3ed36bd0f4,Male,24.0,Urban,Yes,Yes
77cda52f-7561-48cd-8c84-124e41ccbec1,Male,49.0,Countryside,Yes,Yes
5d32fd4c-12aa-4f3a-96e9-4c9b45fda53c,Female,78.0,Urban,Yes,No
b81d5ff1-2e24-46b3-85b6-c5e4b1aaebf0,,62.0,urban,No,No
77fe3434-cb47-4d96-ae54-2517798c7030,Male,50.0,Urban,nan,No
f3fdde01-b6b3-417a-947b-bf094d988eaa,Female,55.0,Urban,No,Yes
9ce8d86d-9745-4289-8c49-f9b987df9de7,Female,66.0,Urban,Yes,No
625d5b55-5fb9-4d3b-ad01-f812be1880e1,Male,59.0,Suburban,Yes,No
90167fa6-6fce-4c14-81dd-a0c141f7df17,Female,81.0,Urban,nan,No
9d17e784-34c0-4413-a3b1-45a49bf3c3c0,Male,32.0,Urban,nan,Yes
30206bb2-3cdb-429f-b5c0-5673a8003148,Male,83.0,,No,Yes
02ecdf32-be39-4a8c-8e7f-3d3709eee53e,Female,61.0,,No,Y
f603e6d5-fb3a-4f74-a465-db63cdae3ac0,Male,31.0,Suburban,No,Yes
dca8474b-34c7-474e-9ed9-4f4d25a8e896,Male,35.0,Suburban,No,Yes
bc714713-7c15-4315-8448-961689fb6faa,Male,67.0,Urban,No,No
d919c95e-d144-407a-af6c-ea5daf16da73,Male,20.0,Urban,No,No
4411dc06-e910-4c8c-a822-81bd5d17eff0,Male,33.0,Urban,N,No
edd65dbe-5a75-44b5-aa92-439928c552d0,Female,55.0,Suburban,No,No
8c772d1e-2e86-41c1-8eb3-4114655e5c74,Male,64.0,Urban,No,No
c891ee83-581e-408f-bf29-2e8ef17266ca,Female,40.0,Urban,No,Yes
8000025c-e030-4761-afa8-f18ec50f4c7f,Female,21.0,Suburban,Yes,No
16ba7764-6278-4e6e-ae43-46ca48681ae0,Male,50.0,Urban,no,No
eac8a985-5c4c-455f-82c4-a21a59896a4a,Female,37.0,Rural,Yes,No
58e9bd0b-02e0-4575-a32e-fd6b522c7864,Female,75.0,Urban,Y,No
500a5bfd-7bf9-4afa-95e8-87158443f052,Female,53.0,Urban,No,No
1d28d97d-007a-4571-8519-61dccb61be5b,Male,40.0,Urban,No,No
2278a427-9cf0-409b-82fb-378511a6421d,Male,65.0,Rural,Yes,nan
600edff8-d510-43a5-b857-d2672b9abb9a,Male,34.0,Suburban,No,No
52fd3eef-f01e-47b7-b8ef-615a45ae414f,Male,36.0,Rural,No,No
949f769b-d348-4db4-b7ca-4af3c27fe39f,Female,26.0,Suburban,No,No
0bf6c0fe-5711-43a7-b5e6-5e7871d890a7,Male,65.0,Suburban,Yes,No
9bf2036b-f1cb-402f-a52e-cde951994162,Female,47.0,Urban,No,No
325fe054-7b5b-4418-b64a-2e6d430c96b7,Female,69.0,Suburban,No,No
1df7a116-d6d4-4fb3-a5d9-d7ea397bd2c3,male,32.0,Suburban,nan,Yes
126439d4-2cb4-406b-a054-1cb481721dc5,Female,26.0,Suburban,No,Yes
448e8abd-6f0e-4280-9e91-f760249f96b1,Male,29.0,,No,Yes
f33ee717-acf0-49b8-972f-539c6fded229,Male,74.0,Suburban,No,No
 d7e80f6e-cc66-4b1d-816e-dc4fbe66a5ca ,Male,49.0,Urban,No,No
f8678c87-683a-4e51-ad40-af036163051f,,61.0,Suburban,No,Yes
b595c720-5c37-4630-aa55-b2e347a8ad25,Female,25.0,,FALSE,Yes
a4389fa5-0953-40d2-bddd-9a2e734eab6d,Female,54.0,Urban,Yes,No
070f27e7-df4d-4b68-bb59-79db926867b9,Male,36.0,Suburban,Yes,No
87903ca3-f973-43ff-925c-c3429be762e8,Male,39.0,Rural,Yes,Yes
629ab045-305a-4fc9-8110-3937aa813cda,Male,50.0,Urban,Yes,No
15770305-a640-459f-a643-c375d1a97593,Female,65.0,Urban,No,No
5abaa17b-a7f6-4677-9adc-bd9731b13823,,83.0,Suburban,nan,No
3b78f4f7-a6f2-493b-a826-5d86f45ec808,Male,19.0,Suburban,No,Yes
dce3cded-befd-41b5-9c20-27392da6dd7b,Female,70.0,Suburban,nan,No
1e437dcf-8c43-4c78-87de-7e797e4536b4,Prefer not to say,71.0,Urban,No,No
522ad774-c2af-438e-b842-517aaf751cd0,Male,65.0,Urban,No,No
1eb7cf97-f9b9-471d-9958-c444edfd6b91,Non-Binary,64.0,Suburban,nan,No
a75a6e0f-da8c-4f49-8ad0-963122295fd8,Male,,Urban,No,Yes
c4804c1e-88a5-47d3-a690-6afe29da7caa,Female,43.0,Urban,No,No
a9a102b9-d386-4e6d-a7eb-b2079c4110d8,Male,,,No,N
fda26f04-dcba-46b0-a617-3067ecde8ed4,Female,70.0,Suburban,No,Yes
0fbb0d05-fc82-4e3e-8e65-f801ff984279,Female,23.0,Urban,No,Yes
ad64817d-8390-41df-8f50-e2828426b1e4,,80.0,Suburban,No,No
4f245f47-7e7b-4eed-8cab-d5f95d2358f1,Female,34.0,Rural,No,No
820c4bdc-c30c-4d30-a183-94d169f347d5,Female,44.0,Suburban,No,nan
9f998f2c-1f32-48a2-8adf-b3d19d6b738f,Male,70.0,Rural,No,No
e74c84fa-99bf-4f7a-ba4e-b2b1efe6e3ee,Female,50.0,Rural,No,No
6d6f61dd-5a67-4453-bd77-bd7b54e6d158,Male,46.0,Urban,No,No
8bd9c1fa-34c7-4253-9d12-bf57a848b9a5,Female,83.0,Rural,No,No
4e08cc6d-bd40-45a0-b8c6-0ac5054e2e2c,Male,55.0,Urban,No,No
a8955b69-3c27-43d1-a7aa-3ea694afe13d,,18.0,Suburban,Yes,No
7d922a6b-f14c-4fae-abb8-60fc0216a098,Male,52.0,Suburban,No,Yes
8aec3cff-9283-4a0c-9e2d-4ff9811dad2a,,71.0,Suburban,Yes,No
c6447ca6-f0b4-4c1d-9818-5846d343eae6,Female,58.0,Suburban,No,No
e014bb24-9851-4544-b703-5261351d9ca8,,19.0,Urban,Yes,Yes
135bf9f3-3e8a-4daf-b27c-eb176d70a522,Female,78.0,Suburban,No,No
9f54818b-a3d8-4543-a865-58d138132f1c,Female,71.0,Suburban,No,No
98e805fe-d0b4-42a6-b374-f10f2c736984,Male,39.0,Urban,Yes,No
a6ad565e-e740-4d08-a162-2c6ddcca37df,Female,20.0,Suburban,Yes,Yes
5385cd32-14c7-49bb-a780-5ffb665ddb99,Male,75.0,Suburban,No,No
ac405552-54d3-42fb-b415-97bcd15d312c,Male,36.0,Suburban,No,No
a53c0874-84ca-4a86-8a6d-4b8741cba552,Female,61.0,,nan,No
2b3ddc07-5928-4c79-a7d0-47371c81ad9b,Female,77.0,Suburban,Yes,Yes
f907ef52-0912-4348-b921-798b27d0a93d,Male,36.0,Urban,Yes,Yes
99ee0871-7edd-43a7-8b8e-6b8d16bc8f0a,Female,47.0,Urban,nan,No
a147fdca-57ec-4b8a-bab3-e95fb812d717,Female,70.0,Urban,nan,No
3abc6419-cbb4-413b-aa6b-872a18adb5a3,Male,22.0,Suburban,No,No
42923169-587d-481a-8337-ffc0e4b56d49,Male,54.0,Urban,Yes,No
0d00d69f-e704-482d-b7c1-102e98ada257,Female,44.0,Urban,No,No
c521bdcf-6d2a-4488-bb78-858b7c45bfbc,Female,52.0,Urban,No,No
79e1bbdc-f706-48ef-82ec-ea20dc317470,Female,24.0,Urban,No,nan
a6265e6f-89b4-4f73-97f1-bc74a3e09c36,Female,82.0,Urban,Yes,No
43809a6f-c75b-48a7-bf04-9e6ecc2554f2,Male,71.0,Rural,No,No
4dc4133d-e2a4-4c96-a4e0-0209da44a087,Male,52.0,Rural,nan,Yes
0a4d678d-081a-4da1-97ca-0dd5e2ddcc90,Male,39.0,Urban,No,No
d8925cef-6c79-4d94-9450-8338d3d71c8e,Male,42.0,Suburban,No,No
bdc48b8b-76f9-484b-9228-6685dd64e8fa,Female,23.0,Urban,nan,No
42b0295e-ebec-43b1-93f5-c3b3ca6e08b8,Female,69.0,Suburban,No,N
841e6d74-cca2-4855-b99b-2398e90d330a,Male,52.0,Urban,No,Yes
cf87917b-0632-4bcd-9c2c-ec9fa708fc12,Prefer not to say,26.0,Urban,Yes,No
6040978c-a7d2-4644-b760-a7271f781c2a,Female,39.0,Rural,No,No
272a9113-9bac-4d02-aa7d-8019f3a823b3,Female,37.0,Urban,TRUE,nan
16267285-8075-4e0a-a229-af0faaf28f43,,55.0,Suburban,No,Yes
dbbbd36b-f76f-4aaf-af6f-8c7191f1e32b,Male,53.0,Rural,nan,No
a6b10d45-9be6-45cf-aaad-a2b8a23f06d0,Male,23.0,Urban,No,No
ea4cd769-d7d5-4ed8-bb45-a4800750f990,Female,64.0,Urban,No,No
3aa46d38-ba15-485f-bcbe-140ce13e1d3a,Male,41.0,City Center,Yes,No
6a5f6490-a4ae-48b9-821d-6820beec3703,,72.0,Urban,Yes,Yes
ba027bf8-8a70-4151-b3a9-eab55710d732,Female,29.0,Urban,Yes,No
208da1bb-42d9-4b06-ad89-234d1c13eb72,Male,26.0,Urban,Yes,No
22d5a83d-1c46-4075-bb73-2f84e715cd01,female,64.0,City Center,No,No
d7763894-75ed-46f1-9573-a2dab7bf2037,Male,66.0,Urban,No,No
1fd379df-de39-4288-ab36-defcf7c63c56,Male,23.0,Urban,No,No
68f601c9-d016-431c-a14e-14a07627b024,Prefer not to say,43.0,Urban,No,No
dc2849a4-532d-4e4a-987d-1fdd56e5767d,Female,65.0,suburban,No,Yes
ef74444d-fba2-4ee9-989b-842dcb9b99f1,Female,71.0,Rural,No,N
0f9de5bc-ae66-415d-a345-f778ce89fc33,,37.0,Suburban,No,nan
ad7b5db4-9b4a-4205-9986-c515f7f9262b,Female,43.0,Suburban,No,No
7b4d6c99-d3e9-4ecd-86d7-be4560877bdd,Female,18.0,Urban,Yes,no
be2c4a16-c4b8-4460-afc9-e66b46354796,Male,46.0,Suburban,No,No
c54fb841-50cc-4ade-ae3a-4933467a3d1b,Male,,Rural,No,No
7fe63f81-109d-4972-a94e-a0fcdf1dd90c,,55.0,Suburban,No,Yes
4f553bd5-c58f-4250-acd1-7c0ffd1a7150,Prefer not to say,57.0,Suburban,Yes,No
d8a2b808-944f-4204-becd-fad75a27bb72,Male,,Suburban,No,No
07a9b734-9e95-4eec-92c6-27a52e10ae21,Male,33.0,Suburban,No,No
b3fecc68-1604-4116-b502-e7089776ec0f,Non-Binary,67.0,Urban,No,No
103b43c3-a504-484e-907f-9a92a572d080,Male,68.0,Rural,Yes,No
97df951a-ae42-4915-9b86-5953ea900fca,,76.0,Urban,yes,Yes
34472109-79b2-4b2d-b9bb-dc2f31da7bfe,Male,67.0,Rural,No,No
d9521dfe-99c6-4929-898b-806bb62ba092,,47.0,Urban,Yes,No
f9c2a88e-9f18-4273-8a23-87b843c1bc57,Male,27.0,Suburban,Yes,Yes
8ead71f0-5372-4227-bfff-5c8fddaa545f,Female,75.0,,No,Yes
d4474301-1408-43d8-973d-6a0338987459,Male,29.0,Urban,No,No
23ad887d-9bfb-4bcb-9441-8ed8c8b27d00,Male,54.0,Urban,Yes,No
cdfe4358-8dc5-460c-9e9b-3dc40a6f6ae9,Female,70.0,Urban,No,No
538efbf0-6a21-49af-9301-be564e486122,Male,83.0,Suburban,Yes,Yes
59e525b5-8f85-4018-a930-60efaad45817,Male,53.0,Urban,Yes,No
7596d413-e2d8-407a-b9b4-fad32395bbaa,Female,76.0,Suburban,No,No
8a0f338d-387d-46d6-aeba-e87f3b5f3ef1,Female,68.0,Rural,Yes,No
82d21030-2557-4ea7-b175-6c3b89a48aa1,Female,28.0,Suburban,No,Yes
ba133f66-e015-46d8-8dc8-7b84fff523bf,Non-Binary,53.0,Suburban,No,No
67a43520-4b35-47c1-92f5-0779d1573ff3,Male,35.0,Suburban,Yes,No
33b90a96-3fe8-486f-a78a-aa754077d462,Female,30.0,Suburban,Yes,No
94861cc1-7cd0-412b-8f4c-f7f8bef3e1f1,Male,59.0,Rural,No,No
96371e93-7f76-4539-9a40-5d27e91c7418,Male,41.0,Rural,Yes,No
156e6b5c-75b9-4cb9-94b3-fdd0a1468358,Non-Binary,19.0,Suburban,No,No
8dba3f1b-a039-4234-aa0e-6a4923402a10,,52.0,Urban,Yes,Yes
198e39f0-30f1-4420-91c1-e705af181cac,Non-Binary,54.0,Rural,Yes,No
fc2425dc-67a6-4600-8728-6a88d4b70176,Male,26.0,Urban,FALSE,Yes
5dc46742-d52e-4d35-8022-c060d6689c7e,Male,23.0,Urban,Yes,No
e3a1f728-608c-4848-a326-704de4ba3346,Male,71.0,Rural,Yes,No
2b465127-d337-4f75-b7ba-87e9df951091,Male,55.0,Urban,No,No
4d5b6f73-0ace-4035-aec9-56de86d7aeee,Male,51.0,Urban,Yes,Yes
cbb8bfe1-1e80-49b6-8636-f2522c5fb3a5,Male,49.0,Urban,No,No
41e455b3-b0c2-4038-bef9-c3a61632d066,Male,28.0,Suburban,No,Yes
aad8bdb1-6dcc-4d69-9030-68532bef677c,Male,67.0,Urban,no,Yes
37f5676a-4ab8-49dc-b2d3-c35ef8c93d62,Female,50.0,Suburban,No,Yes
0f0666b3-c98c-4956-ae46-c98a8b0c0bba,Male,80.0,Urban,No,Yes
d7bf1749-f522-4ab0-9387-97ea9e337beb,male,40.0,Rural,No,Yes
aa80dec1-8143-42c4-ad5c-363408970f06,Female,65.0,Suburban,No,No
4ec08f19-f900-4778-8bbb-52a18d436607,Male,57.0,Suburban,Yes,No
ce683c57-0c87-4aad-9a88-9f4b56b3edc3,Female,53.0,Suburb,nan,No
4ac90e79-6bee-4f26-8e9d-6a43161d3ff7,Female,62.0,Suburban,No,Yes
6105f04c-213b-4bf5-beeb-b726630e15db,Male,,Suburban,Yes,Yes
87bb1677-d9c7-4a19-980f-a5e5e274e30d,Female,19.0,Urban,Yes,No
11cc1c8f-a102-4e6b-8083-cc861173ff05,Male,49.0,Suburban,No,No
58b7b361-8b2f-404f-9f75-10be41b31060,,66.0,Urban,Yes,No
37fb6655-1f8e-4959-9552-14c8ed1de9ff,Female,33.0,,No,No
6771c314-7ba5-4689-b24a-3f4f7e6ea977,Female,78.0,Urban,No,No
b63e5930-369d-4b5d-bab3-a5bbfd4e6110,Female,62.0,Suburban,Yes,Yes
71c49a04-8e12-489a-8798-7c22b79f778a,Female,,Urban,Yes,No
e3754b09-3285-42fb-802b-3a5a84e2a020,Non-Binary,70.0,Rural,Yes,No
ca8e8a60-2f7a-4c64-b076-9fe663d624c8,Male,29.0,Urban,Yes,No
7a92316f-8553-4dde-8265-860be88aa6e2,,66.0,Rural,Yes,No
0609edd3-7c9c-4ff6-be05-35665cdb20e7,Male,58.0,Urban,Yes,No
74008573-6254-4fdc-906f-9ec482d76bef,Male,73.0,Urban,Yes,Yes
26c5ea2e-5703-4a48-806b-b688605c9e67,Male,,Urban,No,No
5569da3f-0bce-4aff-9ee6-a2e0ba5c3abd,Male,61.0,Urban,No,No
7c935065-f511-4617-aba7-7d2ae31c6f72,Non-Binary,70.0,Urban,No,No
4d3c9e9e-d9bf-479b-8a3c-a2da495374b2,Male,46.0,Suburban,No,No
bc84976b-d4f8-4eb7-a57d-700940685a62,Male,70.0,Rural,No,Yes
1f7708cb-f1bf-4174-bce7-a8c8b2f9ffe0,Male,50.0,Rural,No,No
8b1f2e08-1e69-446d-a2e9-05acf58cc5e6,Prefer not to say,64.0,Urban,No,No
00fae10e-6147-4e55-a9bc-c649667ee98e,Female,53.0,Urban,No,No
b477ad66-bd2d-4078-84be-9149695b100e,Male,84.0,Urban,Yes,No
a3c2be30-65f3-450f-8e7b-332db787fde5,Female,22.0,Suburban,No,No
8a024fff-8ea8-4aa3-8f8f-9722734e782e,Male,32.0,Rural,FALSE,Yes
d824d953-cfa7-45fd-a065-85bdbbdcf1b4,Female,75.0,Urban,No,No
cd5d7cce-e811-4331-8690-d2ccff2fc1ac,Male,20.0,Rural,Yes,Yes
aa80c70d-0cbd-406c-814f-6d125e437ce0,Female,19.0,Rural,No,Yes
69dc538d-8ea2-4d99-9865-16918557c133,Male,55.0,Rural,No,No
25874edf-f71d-45b7-adb2-f73bb79b3928,Female,,suburban,nan,No
c5c1a503-15ac-428e-9209-3c27e6abc7ae,Female,54.0,Suburban,Yes,No
b7fed481-ca9a-42f2-ad0b-8c0ec0c64185,Male,67.0,Suburban,No,Yes
1d0478ca-7a38-4106-bc76-a16a53332609,Male,56.0,,Yes,No
1f43f84c-9cf4-4a01-94a3-f830b83d480c,Female,35.0,Urban,No,Yes
f0cc8330-acd9-4d94-965a-5dccb1f75104,Male,49.0,Urban,Yes,No
5a88d26f-f624-49da-8db9-b779d37af80b,Male,32.0,Rural,nan,No
4fa6c374-c291-4818-940a-f2cea8c13b9a,Female,54.0,Urban,Yes,No
00e7914d-dfc1-4520-8d75-f30aa05eb29f,Male,22.0,Urban,No,Yes
c18eb8db-8e87-4ee7-b8b9-203ecbb17c90,Female,48.0,Urban,Yes,No
098e7e16-d990-416b-9b77-c4013d3a1d28,Male,61.0,Urban,Yes,No
30aca133-a83f-47c2-9e5b-dded4eb448dc,Female,58.0,,No,No
e18ab26c-f8c5-4ee9-bc00-efdee7504c86,Male,81.0,Rural,Yes,No
d2fe6ab1-5aa1-44cd-9d68-b2e8932e0562,Female,47.0,Suburban,No,No
cb964d90-90ce-4f51-80ac-67d096134b0b,Male,39.0,Urban,Yes,No
85076b17-7272-4dd8-ac6b-15185a502087,Male,,Urban,No,Yes
43775876-6418-423e-9aa7-b749bc825180,Non-Binary,,Suburban,Yes,Yes
21ed3c2e-5065-4bd3-a239-5f775b686f4d,Prefer not to say,70.0,Urban,No,No
dda70358-a1c6-48af-b950-9b63156e00a9,Female,53.0,Urban,No,No
67e86a2e-aa2b-4e29-a35c-945eba79e5aa,Male,75.0,Urban,Yes,Yes
35d0a980-86e3-4976-980f-7c11dd46623b,Male,34.0,Urban,No,No
fa9f8f7d-0e8c-48c7-a224-9d61239520e1,Male,19.0,Urban,No,No
4d0c17f4-6770-49e7-a1c1-a4df5af2ebe8,Female,37.0,Urban,Yes,No
d8d146a6-05de-4fc0-ad10-84198dfd0f9a,Prefer not to say,52.0,Urban,Yes,No
8c1db215-022f-4fd3-a325-1054ac41f929,female,63.0,Rural,Yes,Yes
36dd9788-09f7-4794-91a8-258d09ae3b51,Male,65.0,Urban,No,No
70d629e9-cbd8-404f-93a1-f5a297c9c1fc,Male,51.0,Urban,Yes,TRUE
2f1462d8-5c85-4728-b128-ebef5573ff1a,Female,54.0,Urban,nan,No
b513d1d9-1394-4bf1-9f4c-3ecf96a18345,Female,25.0,Urban,Yes,No
985aeaa5-e483-44bf-8ce8-02f946915824,Female,26.0,Urban,Yes,No
7c637f08-381c-4dde-b960-85f821a7c2ed,Male,58.0,Urban,No,No
723e18f7-d5d8-4d83-93ae-d93bd45f3551,Male,78.0,Rural,No,No
d53e9b58-32ae-4bb3-a805-c5ffcccff6d6,Female,37.0,Suburban,No,No
14605140-124a-4b4c-83c6-695fe5659ee3,Male,64.0,,No,Yes
2cc3735c-22e6-4674-96a9-903ca0df2bce,,73.0,Suburban,Yes,No
1f4d9b8f-cc7c-4212-8109-2496852373ac,Male,39.0,Rural,No,No
0b0d2d93-b140-4450-a4e5-008314cacf2a,Female,,Urban,No,No
3aecd1e7-35b4-49b1-b4c0-4def1660a302,Non-Binary,54.0,Suburban,No,Yes
4f468068-8e06-4e2b-ac47-30dcf7e495d8,Male,76.0,Rural,Yes,No
b4868cae-cdef-45d5-aa43-13345937f1b5,Male,33.0,Urban,Yes,No
0bef3830-e997-4004-8ac1-9b41eeca48e7,Female,58.0,Urban,No,No
4a69a6d5-7a97-4a53-a0ce-db98ba47b51e,Male,59.0,Suburban,No,No
e8a0f2b2-ce6c-4e02-8df1-e9ff3c2fd991,Male,51.0,Urban,No,No
daf38d73-e1b0-4542-94e7-40489001b964,,34.0,Urban,No,No
60dc0d4d-1011-4b6e-9d9e-174057dca2ae,Male,,Urban,No,No
b77b8708-682c-4fcb-80c8-0d1fd3ffdc54,Female,,Suburban,No,No
0056b759-730a-465b-afb2-ad168c0a7b30,Female,66.0,Urban,nan,nan
ed8c9166-77c9-478b-b845-44d106ad3436,Female,40.0,Suburban,Yes,Yes
1c2c0b91-c16f-44f5-a10a-1d6dc2ba17f6,Male,48.0,Rural,Yes,Yes
aa1d2e64-a9c8-4423-8c71-a7cc11d3e613,Male,22.0,,No,Yes
b4f5ff14-dd8c-4eec-ad28-43631daa7e49,Female,32.0,Urban,No,Yes
2b6e19be-2599-4a78-9ff2-13ac44710b54,Female,68.0,Urban,No,No
7fdc71f9-ba37-4e47-8ebb-3e89041cbed6,Male,24.0,Suburban,No,No
82cf297d-c306-43f1-bc58-8667053cddbc,Male,28.0,Urban,Yes,No
99a50c20-ec2c-487a-ae2a-3d099b5eb712,M,51.0,Urban,No,No
51da2d1d-b128-47e1-9ab6-be540ddec38b,Male,54.0,Urban,Yes,Yes
abb366e8-a813-49d6-9c5c-2dc6e9ba5fa0,Female,33.0,Urban,No,No
606dd196-7a9e-4460-b6d6-68469c7b6033,Female,69.0,Urban,No,No
81795ac6-3520-463d-be43-1bdef7b85f7a,,26.0,Rural,Yes,No
0d5b7a77-e93d-43dc-a031-df6bc47852ca,Prefer not to say,58.0,Rural,Yes,No
91534748-a7a9-4ca7-b405-ea2310f44bd5,Female,65.0,Urban,Yes,No
406b7d8e-5520-4900-97e0-d300f5d462b6,Male,83.0,Urban,No,No
97ea85f1-88bd-4d2b-9a35-c039ed7cf83d,Female,55.0,Urban,Yes,No
f4b64eb6-9e3c-4074-8dfd-46b83c43457b,Male,63.0,Rural,No,Yes
9c1f70d1-3206-494d-b553-9d0de4235083,M,,Suburban,No,No
129a5737-7cc0-46d2-978f-7d1eb2fd9d0a,Male,63.0,Urban,Yes,No
33402ef8-90e5-4fc2-ae53-1691449e562d,Male,52.0,Suburban,No,No
bd8fa119-2d53-4ae8-8214-5a7a6877bed4,Female,83.0,Rural,No,No
89ecade9-9900-46f7-a418-22ef5d05267f,Female,71.0,Urban,No,Yes
73c97a61-06b2-4e1e-a6e6-6bc85e70437b,Male,67.0,Urban,Yes,No
10ae2c91-ada5-4e3c-a8fe-75b4a6d4ea77,Female,48.0,Urban,Yes,No
4ed6967d-9a58-45fe-ae2f-63b1ff2329cb,Male,,Urban,Yes,No
d0fe3d99-145d-4921-bb20-9f51f3e677ba,Female,34.0,Urban,Yes,Yes
11b8b868-9b54-4755-809d-a47668456e33,Male,21.0,Urban,Yes,No
7c171efe-569d-4504-a33c-c81dfc8e8d42,,25.0,,No,No
558d0826-73cb-4f11-ba58-cb609b1c24e6,Female,,Urban,Yes,No
d7e8b44f-36c8-4f3f-8fd8-5038c4343d32,,56.0,Rural,No,No
7b30da4e-0b91-40c6-997c-2c70f472e23d,Female,21.0,Rural,nan,No
cb592327-985f-4c9e-950b-a90b69836416,Female,73.0,Urban,Yes,No
f14a9eb8-b315-475b-aa05-63e77ea03c58,Male,58.0,Urban,Yes,No
3645fd35-4806-4afd-ab21-b6712d4295b6,Male,,Urban,No,No
de5a344b-bde7-45a3-9142-753b204f9a2b,Female,47.0,Urban,No,No
4512af86-5733-41de-a858-0b92dfcfd81d,Female,39.0,Rural,No,No
cf9eed64-2081-43f6-ba67-ef47cac64cf2,Female,47.0,Rural,Yes,No
abccc789-ce72-455f-b3c6-57ac9d2dd6ac,Female,,Suburban,Yes,No
abc0329e-92db-4e3c-a9eb-9294895ff5d0,Male,75.0,Urban,No,Yes
8610eb45-0486-4189-9b77-82bb6991c0fb,Male,27.0,Urban,Yes,Yes
e6a1955a-4608-49ab-bede-be1affacb0d6,Male,38.0,Rural,No,No
e25805be-2e7c-4ea3-8a82-76f3be0abe59,Male,40.0,Urban,No,nan
4d85ede6-6f7f-4224-90c3-c5d90e2496ee,Male,45.0,Rural,TRUE,Yes
18b56ffa-31dc-438c-acfc-db22dac065b2,Male,72.0,Rural,No,No
2b33c9b3-f535-4b53-8116-610e47579526,Female,36.0,City Center,No,No
a929c18f-87da-40f7-98c6-8d146dcf5ad8,Female,51.0,Suburban,No,N
550a0387-4460-415c-8740-9b0abd1fdc6c,Female,29.0,Rural,Yes,No
f4f062ac-be11-49bf-b1e1-8def39b2dace,Female,51.0,Suburban,Yes,No
363eee7a-21db-4ba3-aff2-0e125edbe919,Female,48.0,Urban,No,No
252710c2-735f-40c8-b541-ff17e4c73bae,,,Urban,Yes,Yes
f1aa5c79-8f0e-4746-9b52-938ecee8b227,Male,78.0,Suburb,No,Yes
01bc6b92-6ebf-4cc9-bbb2-74404c697866,Female,64.0,Urban,Yes,No
6809a646-d7ad-49cb-889d-298fed49b99d,male,61.0,Suburban,No,No
cceae763-9d0c-4982-a9b1-07f0afa4bf3a,Male,40.0,Urban,Yes,N
028e85a2-2eab-4ca1-a48f-553d24d0429a,,80.0,Rural,Yes,Yes
628f8256-4fc2-427f-8b2a-f55adfb14209,Prefer not to say,28.0,Rural,No,No
3d5890ff-dc86-4ba0-9191-777b867c9cc2,Male,61.0,Rural,nan,No
c459ffbb-63a7-4bbd-bf43-ddd2a3697f2a,Female,48.0,Urban,Yes,No
2c9c388a-0d9d-4d0a-a297-a8749b4c9671,Female,50.0,Urban,No,Yes
4f965379-bd85-4aa4-bcb9-f4bb0eb87086,Male,63.0,Rural,Yes,No
c95b0222-19d5-4263-9aec-62d72d2e0430,Female,79.0,Suburban,No,No
25ea8b08-9614-4523-b4ae-edeebf1eb450,Female,47.0,Rural,Yes,No
c3be4f44-f664-4c84-8af0-246ac6e6cd5b,Female,62.0,Suburban,No,No
ca97420d-a866-4371-8e29-b307c9849aa8,Male,70.0,Urban,No,No
92bf256a-9b6d-48b2-8959-82bdff601fa5,female,,Suburban,Yes,No
f63b44dd-9376-49ff-94d7-df4a7be25176,Male,61.0,Rural,No,No
4f433b88-0c61-4324-890e-8ccc642b4484,Male,,Urban,Yes,No
defe28cc-b812-48b6-9f8a-abf588a34ca7,Male,41.0,Suburban,No,No
58b9ae1c-59e4-4f70-aece-2fbdbeb471ee,Female,75.0,Rural,No,No
9428ae17-6e4a-4c6c-8b14-9eb93e1ecfc6,Male,78.0,Urban,No,No
7325b43b-12ce-44da-af04-5c51d4dcd1e0,Female,,Rural,Yes,No
fc3f7214-9b50-4688-8ad1-db59ebb56bf0,Male,33.0,Rural,No,No
8f672bc0-9252-48a2-b7a4-d39202a24330,Male,47.0,Urban,Yes,No
75aa5d63-22bd-4239-bd25-d582637c9dd0,Female,46.0,Suburban,No,Yes
6b67f340-1c83-4389-a55c-a7ba40d07cc9,Female,84.0,Rural,No,No
53dd8717-b9c8-4073-b7e5-2b81630ffbc6,Female,21.0,Urban,Yes,No
b5ce49c5-365f-490c-a389-146d728bbf50,F,38.0,Urban,nan,nan
10f34182-ae40-4f66-a4b1-c3815896a745,Female,69.0,Urban,No,No
090dd8f8-e5ca-4fbe-84b6-16ea4d94a574,Male,83.0,Suburban,No,Yes
4934b6eb-b0a3-4824-8d04-7860a693bf09,,47.0,Urban,Yes,Yes
226cbc86-e65e-4b63-8bd2-4cb62c31231f,Female,29.0,Rural,No,Yes
5626cad1-8b03-4e7a-b1f7-1f26d66cee90,Male,47.0,Urban,Yes,No
5c2b3238-c65c-4b0f-8c4e-7a2e493142fb,Female,120.0,Rural,nan,No
226622fe-2a01-4b9d-ae5c-edd806ee6341,Male,42.0,Rural,Yes,No
80f9f34d-38ad-42ad-9820-060d0cec2b23,Non-Binary,21.0,Suburban,Yes,No
6a2507e2-dd8d-4260-b84d-2df61ea17f92,Female,38.0,Urban,No,No
5e7bf1de-dec3-494b-be61-a0fa68205735,Female,21.0,Rural,No,No
9ef455e2-cc82-4122-ad08-fdfd0e7c7657,Female,79.0,Urban,No,No
3baebcd9-91a1-4a4c-aaa9-9b9afbf7617d,Female,24.0,Urban,Yes,No
b4f2c230-b6fa-4f62-a89b-b700d36e096a,Female,25.0,Urban,No,No
80d031c9-2c88-4fe2-8a8b-2b9c1f936eed,Male,31.0,Urban,No,nan
f9465749-c2b8-4018-9d10-65a43889016b,Male,75.0,Urban,No,Yes
cb2c361a-d0c1-41a6-804e-d8277cc60251,Female,81.0,Suburban,No,No
1478104b-90e3-49c7-b4da-a39940870abb,Male,74.0,Urban,Yes,No
0bdba92f-a9ba-49ff-ad5d-fb82c21f2a69,Female,75.0,,No,No
1bdbbfe7-4957-448d-a1a7-2af6d8776742,Female,59.0,Suburban,Yes,Yes
9e8ed4e9-e6ca-42c0-8431-9fdf2e28b780,Male,24.0,Suburban,nan,No
e3d1b100-2ebf-4d16-bdb4-725987fe0ccc,Male,67.0,Rural,No,No
824c2bb4-ac03-42b9-82eb-581ebe06e74b,Male,38.0,Rural,No,No
d40ef2ff-1091-4f8b-b106-b359ecc97764,Male,,Urban,Yes,No
b74feaef-7589-4559-8560-f7485515f39e,,21.0,Urban,Yes,Yes
82d529b2-d85d-4b32-97d9-52ca60aba50a,Female,46.0,Urban,Yes,No
ae8e060d-ff7e-4b26-b83e-24c4ffbc10f2,Female,54.0,Suburban,Yes,Yes
80a30648-5e6d-4fba-8384-b08cd2963ce1,M,77.0,,No,No
76b329dc-6126-4745-a54d-f652ae9a24fd,Male,46.0,Urban,Yes,Yes
5baaf5d1-1dde-4dce-bb9e-60901a4e3f1e,,42.0,Urban,No,No
fcca7590-6573-4995-814d-71584cc30e24,Male,31.0,,No,No
1c86aa8e-7ced-4cb6-91dc-c4b3bf6e1a3b,Female,40.0,Urban,No,Yes
f201a838-f93b-4922-aa47-885aabc31ca6,Male,58.0,Suburban,No,No
628997ea-ef47-4ace-b72e-0e2fe26d8932,Male,26.0,Suburban,No,No
9aa6baca-3722-40bd-bfd2-9a98ab32f89a,Female,27.0,Rural,yes,No
3254156e-cb42-439a-96c9-7bce3dbd1fb8,Male,83.0,rural,No,No
741706a5-1e1b-40ee-af57-165ec40e207b,Male,21.0,Suburban,Yes,No
484aae31-18ec-44b9-9db0-e3c320e17932,Male,81.0,Urban,Yes,No
00ac102f-1004-4a04-aa83-2aad8ca5ecb0,Male,57.0,Urban,No,Yes
1f302bec-c555-4443-ac3e-af8c0d0fd80e,Female,50.0,Urban,Yes,No
84ca866e-2ddd-4253-88b1-5c7fc344eceb,Male,59.0,Urban,No,No
07045866-8939-44d2-83fb-ff986018ca40,Male,75.0,Rural,Yes,No
8d430f45-5028-4360-abc2-9c4d7999c2e6,Male,70.0,Urban,Yes,No
62e58b34-5457-4936-bf03-ac2fadf3768e,Male,54.0,Suburban,Yes,No
4deb2ba3-5ea8-4a20-8dff-cbe2c51846c8,Female,60.0,Suburban,No,No
1e839d86-4487-4879-b5aa-be9b13a45145,Male,24.0,Urban,No,No
1250a093-4101-4aed-87d5-9f3daff82bae,Female,43.0,Suburban,No,No
124d315f-660d-4604-a127-8008b403bd22,Male,48.0,Rural,nan,Yes
6b8469eb-7211-47a6-88b2-95217697a65c,Male,64.0,Rural,No,No
40ef65a0-b504-4d71-8836-2e95c4925906,Female,72.0,City Center,Yes,No
d070272d-bb85-439f-880e-06d224aa8c60,Female,51.0,Rural,No,No
a39b9509-684b-4641-b94b-6eae1c2caf09,Female,73.0,Urban,Yes,No
fa9e8538-13e0-4fc4-bcfc-9b6d6c96edef,Female,70.0,Urban,Yes,No
551b28bd-26d5-4d15-89a0-9cb4020f5cc5,Female,51.0,Suburban,No,No
d0eb1117-308c-47f9-9ca5-b7e8a5fec5c8,,78.0,Urban,No,No
292648e0-51ce-42f1-8d2f-321ddfacf379,Female,83.0,,No,Yes
202ee62d-94a8-41a3-bb15-6e335d5b37f5,,84.0,Suburban,No,Yes
1d3afcc6-ff0f-48a3-9dde-b693765d0e8b,Male,46.0,Rural,Yes,No
935bf596-5fc4-4b47-8d61-93aef01b825f,Female,83.0,Urban,No,No
7bce6e06-be08-4f12-a19d-27675b3dd3a5,Female,72.0,Rural,No,Yes
f15cd7fc-5c92-49f9-8f0b-031ed3e71a08,Male,59.0,Urban,No,No
47462d65-ac2c-48f1-be55-420cbcee6fe8,Male,76.0,Urban,No,Yes
ac10c155-3562-470c-8d0f-81e8cfa2a218,Male,64.0,Rural,No,No
fc2e6a6f-1bf2-44ce-a5df-5fa694115a3c,Male,54.0,Suburban,No,Yes
c5537ed3-d015-4615-bb2c-5a07d459f93a,Female,25.0,Suburban,No,No
f3fca529-8ff9-4d12-9e3a-675aea1da253,Prefer not to say,39.0,Urban,No,No
9e7a0b70-2184-49f9-8cf4-727a25fdd22c,Female,24.0,Rural,Yes,No
f1ffa9ad-aace-4042-8052-6979661a039f,Female,74.0,Suburban,No,nan
13c39795-7ad9-4e2b-bdfe-fd997e438e95,,56.0,Rural,No,Yes
41a960c1-cc24-4e81-b2e2-37e064943b1a,Male,,Rural,Yes,No
39607fda-aa8e-4442-a8c6-3e4bada1ce04,Male,61.0,Suburban,No,No
247c224f-4234-424f-a5dd-48986aaf1b40,Male,46.0,Rural,No,Yes
96f9a8d4-51f5-48d8-8914-eff29ba154a6,M,70.0,Urban,Yes,No
63c6452c-aace-4b91-bd23-e5fd956332bc,Female,75.0,Rural,No,No
f685941a-1cad-45b7-8aac-f7ef2b121900,Female,37.0,,Yes,No
91104901-dadb-4020-aa12-c1c28d6ee2a6,Female,46.0,Rural,No,No
9d72bb6f-2586-4227-a168-bb25de5dcbd0,Female,25.0,urban,Yes,No
69a58288-88b0-429f-bafd-f4c661e68158,Male,69.0,,No,No
3bdaf0fd-4e5a-488c-8b8a-02fdefd272ee,Prefer not to say,36.0,Rural,Yes,No
20675889-f6d7-4976-a263-5ed85b328fd9,Female,61.0,Suburban,No,Yes
a8db7d84-5d66-4357-99ae-664341bcee44,Female,47.0,Rural,Yes,No
e7a8a8c9-42a3-446d-99a5-67e4df7b9929,Female,60.0,Rural,Yes,No
08d260a7-94b5-4246-bbcb-2c2dbd418019,Female,120.0,Rural,No,No
6174f221-83cb-40bf-b5be-acb5d41c6eb0,Female,27.0,Suburban,Yes,No
3c3951d2-6c98-4c33-ab59-7b6163776ba7,Female,67.0,Urban,No,No
99f35bd3-fac4-4897-bb87-818dde774121,Female,30.0,Suburban,No,No
82968b63-e672-4a54-9c8d-b6a70fa776e2,Female,18.0,,Yes,No
e6c9553f-63e2-40c0-93b6-1611b4453aff,Female,46.0,Suburban,No,No
7853712f-b2ff-4489-995e-e72f6740b993,Male,71.0,Rural,Yes,No
726c2700-4ee1-42f0-9f67-f1a0c6e04605,Non-Binary,23.0,Urban,No,No
71566129-9ffe-4ec3-be28-de17bd799783,Male,79.0,Urban,No,No
c680b60a-61bc-47d0-b4d9-80dc317a6799,Female,69.0,,Yes,No
1c75eccb-be9b-4481-9009-2164c43e1402,Male,34.0,Suburban,No,No
3aa1a30f-68fd-43bc-bb67-84d0816df470,Female,62.0,Suburban,Yes,No
3162ad49-0ea1-4e4b-9c90-506015226a13,Male,54.0,Rural,Yes,No
fab0d792-ff91-4a9f-851f-9a4db5675c51,Female,50.0,Suburban,nan,No
45b89883-bb1e-4087-b132-c3930485d684,,50.0,Urban,No,No
18e41e47-28b6-4c79-87f1-b5da0716fcf1,Female,81.0,Suburban,Yes,Yes
54eb2866-9410-49e7-b483-25ca8bfe251b,Male,47.0,Suburban,No,No
37a8bd4c-a7d3-4b50-a639-2397915ce2f8,Female,26.0,Urban,Yes,No
4aacfcb1-cb4d-4795-a97a-d6fe818da75d,Male,32.0,Urban,No,No
9924ca29-199a-426a-9a27-fc9af4e87060,Female,53.0,Urban,Yes,Yes
21a6cecd-cfa4-4c89-9895-a217fb0aa83f,,,Urban,No,No
6e3df61d-4ae2-4ef1-ba6d-2e26ada427d5,Female,18.0,,nan,No
b4afac90-91f6-459c-b5cc-1955b90c53b6,Prefer not to say,66.0,Rural,nan,No
769ffedf-c6cb-47bf-bb2f-e771d5dc4642,Male,33.0,Suburban,No,No
c9eb721a-ceb2-4d50-80f5-f94c694a8bf2,Female,62.0,Urban,No,No
1796e576-8085-4ceb-8dab-292c51a7ee57,,20.0,Urban,No,No
54ae0fde-576e-47d7-93f9-5cdf1d4a1df2,Female,38.0,Suburban,Yes,nan
9d16210e-b2d9-4dbf-8462-c6f755211f2e,Female,64.0,Suburban,No,nan
cede4ae7-d935-467e-9757-bd1f7d604a80,Female,64.0,Urban,No,No
13c5d66a-4fa5-476b-9883-a09651259a0d,Female,24.0,Rural,No,No
1d8ce535-888e-48ae-9a20-586f89770ff8,Female,64.0,Countryside,No,No
5bf6cb9d-cc5c-4f0d-952c-afa514547e6b,Male,23.0,Urban,No,No
4f743b8d-ba10-47f4-875f-6cd4ba259f10,Male,20.0,Urban,Yes,nan
2a9229a2-e48a-42e4-bb93-ec27b157c648,Female,66.0,Suburban,Yes,Yes
78d1f47d-a6a5-4d8f-800b-66ad49af7fe2,Female,71.0,Rural,nan,No
038a713b-c878-46cb-bbc6-9755321afc7e,Male,75.0,Urban,No,No
09fae688-3976-4cf8-9a21-33f4aab51bee,Female,18.0,Suburban,No,No
7468254a-4fd4-45c0-9640-c901546772ce,Male,41.0,Urban,Yes,No
40867a51-7ae7-49b5-8328-ef5c63b61294,Male,75.0,Suburban,Yes,No
956802e8-7d9a-4763-af11-9914381e7ff1,Male,31.0,Urban,No,No
583fc5ca-3b99-4d8d-bcc8-8c0698d4ca88,Male,27.0,Urban,No,No
b448011d-3daf-4993-bedc-da1342685fec,Female,51.0,Urban,No,No
5cea2872-4856-4811-8800-999b8cfd1a3b,Male,84.0,,No,Yes
41e2bcd0-d05a-43c5-b239-619aa4ede24f,Male,18.0,Suburban,Yes,No
d36383f6-43c9-4b08-8702-fd2928f8a560,Male,35.0,Suburban,Yes,Yes
3ee0dcc2-a8d7-44ca-a438-58d70589e31a,Female,61.0,Urban,Yes,Yes
8cb6d728-c4d9-41b7-8a71-3a683d9ef349,Male,38.0,Suburban,No,No
eb6c0f75-3b8a-4560-9600-0d8ee8493a8e,Male,999.0,Suburban,No,No
32712698-5385-40c4-adec-630d92056c40,Male,57.0,Urban,No,No
7dd3d24b-b3fd-434b-9d2c-31e981f887c1,Male,33.0,Urban,Yes,Yes
902ea1da-de81-4e23-88b6-39d32c486174,Prefer not to say,,Rural,No,No
27d76d8e-b82f-4336-84a0-d2a4bd204bad,Female,65.0,Suburban,No,nan
2cc96921-a590-4c6f-8170-ea93018d1630,Female,74.0,Urban,nan,Yes
a8364d58-c93d-4314-b274-9566ce65656d,Male,77.0,Suburban,Yes,No
f0c36a99-f7eb-4ca3-9c53-13738121e5c6,Male,79.0,Rural,Yes,No
d3a5c44c-4566-4200-9521-5a41d00c7515,Male,26.0,Urban,No,No
fa9197b8-c39e-478d-b3c2-409e74a65594,Male,55.0,Urban,No,Yes
099e6f34-1d02-43e8-8d45-e400a6c6c97e,Female,68.0,Rural,No,No
2aae77a1-ddfa-44fd-babb-955dfda655ad,Male,31.0,Suburban,FALSE,No
971eaaf6-2361-493b-ac72-2e8f4577da0c,Female,38.0,Urban,No,No
30598896-0261-4709-b80d-49de27cf012c,Female,34.0,Rural,No,No
2cefe86b-7c7d-40fe-8405-131d6bbd5ac5,Male,79.0,Urban,Yes,No
c346a555-7af3-4297-a8cc-6ad4166b615a,Male,43.0,Rural,No,Yes
596f149f-f484-44ea-a6db-8cde855f299a,Female,65.0,Urban,Yes,No
cbab170a-feba-44cf-8aaa-7dfd88ffd930,Male,53.0,Urban,yes,No
f60fc42b-01ab-4ba5-8ecf-ec2cf222f1b4,Male,75.0,Suburban,No,Yes
30e7f03d-58bc-40f7-a598-711f80fdffd9,Female,63.0,Suburban,No,Yes
49b9fb17-2f0f-45ea-834c-c3dc898b015e,Female,24.0,Urban,No,No
6a422e38-7474-4398-891d-fd8688657555,Male,52.0,Rural,Yes,No
4ced66d0-fbd4-4133-84e1-10369ebe2503,Female,53.0,Urban,Yes,No
14f82d41-9cc4-4d01-930c-716912ccaadd,Prefer not to say,68.0,Urban,Yes,Yes
fe20dd6c-fc0f-4578-88fc-d3134e09c245,Female,42.0,Urban,Yes,Yes
feb60ac6-2237-4dcc-8616-e0989adc837d,Male,36.0,Urban,No,No
ed483ca5-3173-4b85-b397-aa3fb93a98a8,Female,28.0,Urban,No,Yes
467e61e8-32c5-43a5-bab3-561487ca316a,Female,65.0,Suburban,No,No
9026be62-f205-4cf1-89be-96b839c5a047,Male,66.0,Urban,No,Yes
cf125974-0638-47f5-89d5-cd1d7eee98d4,Male,20.0,Suburban,FALSE,Yes
1712cf07-da19-4d71-b5ba-cec6d69190b2,Male,45.0,Suburban,Yes,Yes
252d31aa-c577-4f30-aa11-780a18a41422,Male,22.0,Urban,No,Yes
344a2e69-9821-4be7-9da5-9a3c2bbe3e43,Female,31.0,Urban,Yes,nan
eafa90b9-1108-4f10-8302-0f5b9a3e09a6,Female,42.0,Urban,Yes,Yes
abca2cb3-53f2-43d7-8214-a94b2db2ab06,Female,83.0,Suburban,Yes,No
3b6980ad-0736-4136-b050-5dda11671f83,Female,22.0,Urban,No,Yes
d8a53730-cab3-483f-b43d-305beacb15fd,Female,29.0,Urban,Yes,No
49c92ac6-8092-4287-bf6c-7925b3522d1d,Male,69.0,Suburban,Yes,No
fdd459db-a89c-495c-9669-96d6880056ae,Female,44.0,Urban,No,No
256526b3-e104-4577-b970-dcff6e49f960,Female,28.0,Rural,Yes,nan
3b79a515-e85b-4eff-914c-6bba2caad912,Female,49.0,Rural,Yes,No
960097a0-9a0e-4914-85d0-5d83d84b958b,,55.0,Rural,Yes,No
4a318cb5-9b4f-4065-a660-8babe1becf59,Male,40.0,Suburban,No,No
7dc0b074-b2b2-4c34-8c16-4e117291c167,F,27.0,Urban,Yes,No
3378fd7b-e723-443e-9a4d-be6a118b0d91,Male,26.0,Suburban,No,No
36b8b32d-24fc-4317-9a9c-32be9f06b4d5,Male,43.0,Urban,No,Yes
647699c7-61f1-4657-a331-501bd60bdd99,Male,24.0,Rural,No,No
9da6c106-f3ea-415b-8145-35b329b34d14,Male,61.0,Rural,No,No
ab624e92-8fd6-4a0c-b200-a911cc01c053,Male,63.0,Suburban,Yes,Yes
2064a595-16ee-4efe-aba8-d92b15d6b627,Female,33.0,Rural,Yes,No
f8b9f0cf-63f9-4faf-b047-6ea357c6c7c3,Male,74.0,Urban,No,Yes
95487ee2-583b-44f8-809d-fa0936c0ad75,Female,49.0,Urban,No,Yes
d170a87c-7eee-4e88-afaf-22bf2fdd106d,Male,54.0,Urban,No,Yes
65e15aa7-8293-4f30-886f-d9217da60045,Male,-5.0,Rural,No,No
7bbd8963-b1b9-4ca1-9de7-7891e57ff1d6,Male,52.0,Rural,Yes,nan
ad12069f-9222-4b5e-9cdb-7fda9f87e5fa,Male,35.0,Suburban,No,No
12d5aa88-10ac-4f72-a641-89f4f03af726,Female,34.0,Rural,No,Yes
e416cd50-56f3-4b7a-b7ab-9ce6dacf1a7b,Female,,Rural,Yes,No
3554e3a8-0f31-41bf-9fef-29f600487f89,Male,81.0,,Yes,Yes
db505e8e-4e77-4161-9cd5-3afbef6097be,Female,28.0,Suburban,No,Yes
9b069198-61b9-41d3-97f6-a97ecc6cd3c6,Male,67.0,Urban,No,No
1afd624c-da2a-4fa1-9303-a8deba4b11ba,Non-Binary,41.0,City Center,N,No
5d388d54-b011-4c2b-9a33-a7347aaad85c,Male,20.0,,No,No
52b69825-2651-4caf-a298-569796af2135,Female,,Urban,No,Yes
0cea08f3-c22e-4a79-801c-46e46cee2437,Female,74.0,Suburban,Yes,No
6b8286be-5c9b-4d51-a682-3d9bdde70e21,Female,64.0,Rural,No,No
2a08657b-84d7-4c88-a793-a31a98a64b0c,,49.0,Rural,No,Yes
a3e87f2f-d63e-4de1-8b5a-ab6e601d7a99,Male,26.0,Urban,nan,No
3b0a0e97-4c6f-48d7-8712-3d2be93a5a42,Female,47.0,Urban,No,Yes
6078ff71-c27f-4914-9d7c-53190e0cc922,Male,61.0,Urban,Yes,No
51620541-4db0-4671-b298-7a1daf869b55,Female,23.0,Urban,No,No
900993b2-01d3-4d8e-aac2-9f9f835dffd1,Male,33.0,Urban,No,Yes
5cd4a342-020b-470a-9f78-5a2dd142831c,Female,67.0,City Center,No,No
53ab1f02-f4fd-454b-8712-5928bad42e50,Male,80.0,Rural,No,FALSE
ce2f04ec-3dd6-4016-bccd-e8bfa29e9b7b,Male,50.0,Urban,Yes,No
3933752e-aa7c-4125-b731-b01ef2529904,Male,70.0,Urban,No,Yes
1bf9f1e9-4064-4861-98c3-034ea92cd538,,46.0,Urban,nan,TRUE
e51b2c9f-eb42-4f3b-a878-397595803157,Male,72.0,Suburban,Yes,No
f40bc96d-a719-4d77-a289-29b8f2e4cc88,Female,43.0,Rural,Yes,No
a2014eb1-7000-467b-b39b-75d2e5460f78,Female,84.0,Suburban,Yes,No
81c22fcd-822a-45d7-b59f-b9dc724e62f0,Female,37.0,Suburban,No,No
5395a639-3404-443b-a1bc-a82a2267a4dc,Male,52.0,Rural,No,No
438ef6c0-6637-48be-9778-48f03c5f2148,Male,52.0,Urban,No,Yes
c395b15a-af98-41be-babd-53bd5fbe907c,Female,38.0,Rural,Yes,No
495ac152-0f12-4e8d-a104-ef810385dd24,Female,,Rural,No,No
997a1e26-bc45-491a-84a7-4b47094fd102,Male,78.0,Rural,Yes,No
a1bf32e9-2a19-4a9f-8ca8-53be4f5c530a,Female,20.0,Rural,yes,Yes
ddef9e67-a869-495e-9413-c0c6762f4a1f,Male,26.0,Suburban,Yes,Yes
909269bb-c12b-47b2-b3af-2bb492a556f1,Male,71.0,Urban,Yes,No
669b96db-845e-411e-8346-096b982836bd,Male,42.0,Suburban,No,N
c434f2e4-7c6d-4b8b-be6c-e27f70383f6d,Male,79.0,Rural,Yes,Yes
05c4834b-7a4f-4517-ac66-9d2978201edc,Male,120.0,Suburban,No,Yes
3a0c12ff-8d9c-4c1e-80a1-58879315f4df,Female,39.0,Rural,No,No
d142a6ed-0ca2-4f98-a327-4cdd8d3ca293,Non-Binary,46.0,Rural,No,nan
d850c5b1-4d5c-471a-b116-4636b5641921,Male,57.0,Rural,No,No
2a5a38ac-c579-4f4b-b2ad-c70e2423ab71,,35.0,Rural,No,Yes
b1a4297f-94e2-467e-b658-a2d4a47ff7e1,Male,,Urban,Yes,No
c7defd10-3da6-41b0-8db9-1d745f908a26,Female,41.0,,No,No
4a108bcd-fdb0-4d17-905b-39af3f980eee,Female,31.0,Urban,nan,nan
c7cd3f05-3fe3-4f12-aa8a-7248064845ad,Female,44.0,Rural,Yes,No
7368f937-8528-4049-b09e-8da701ee6199,Female,32.0,Urban,No,No
9c013e63-ba6f-4908-ad7e-b5d7415365a8,Male,53.0,Urban,No,Yes
1658d96b-b648-46e4-baed-a6481924a425,Female,67.0,Rural,No,Yes
ec998b6a-aebb-408c-8cb2-646ee1c6974f,Female,25.0,Suburban,No,No
461d4aa5-e404-439c-9e52-639978f5386f,Male,48.0,Urban,No,No
4549ba38-aa96-4ac6-836d-8a7d3699aca7,Male,,Urban,No,no
1d69fe1a-d2b0-4e19-993a-bb97fb3a9bc4,Male,68.0,Urban,Yes,No
523e1932-08b2-406d-891e-aa0657669567,Female,69.0,Suburban,Yes,No
cf2f4690-c462-4ba9-97a0-b35bddf95382,Female,28.0,Suburban,Yes,Yes
518aee87-e29f-45a5-beb1-af92c98a7ea5,Female,23.0,Rural,No,No
32c8b63e-0ef1-4ca8-ac56-1086c5e8f1db,Male,30.0,Rural,Yes,No
7710c165-f5ca-40a0-b817-b5ede5b41b24,Female,73.0,Suburban,No,nan
9e914d87-eb2c-4226-806c-f4648dc0ded4,Male,76.0,Urban,Yes,Yes
ca4f411e-1b94-4c71-8fcb-f3b4d83d2fb6,Male,71.0,Suburban,nan,Yes
0a9412bf-560a-4861-89ca-2d788affba33,Male,,Rural,No,No
6660f70f-0637-4e80-a4a8-70e104269eb7,Female,52.0,Urban,No,No
88482aed-9ae7-4bdc-b2bd-ae7ee83609fa,Male,75.0,Urban,Yes,Yes
e25802cb-480b-49ae-9edb-57166ba074c9,Female,38.0,rural,No,No
4ded5b19-7ca4-46cb-98e0-9a8284cd17a1,Female,23.0,Urban,No,No
da3bb506-e01c-4465-9603-f38f84dd1ae4,Female,19.0,Rural,No,No
ee993487-bb82-4f31-b427-d2c26e7a3e1c,Female,27.0,Suburban,No,No
7bc88bd8-c9a6-441f-97fb-74be68576e54,Female,53.0,Rural,No,No
804756bd-c7d3-4a5a-8fe4-2212b59060ad,Male,34.0,Rural,Yes,No
5ec53ed0-e380-41cd-8270-c2503da342d0  ,Male,39.0,Suburban,No,No
b0121ffc-0b43-4919-8eca-41195658e38c,Male,32.0,Urban,No,No
6e303564-c456-42e5-8568-23f878155186,Male,25.0,Urban,No,nan
51478e2c-165e-4037-b51a-06755266179b,Female,39.0,Urban,Yes,Yes
7af165b1-f742-423c-93e6-306af02a4f8f,Male,82.0,Urban,Yes,Yes
87de268e-aa86-4976-9b19-7babde908f3d,Female,20.0,Urban,No,No
a24711b3-6b6f-456d-aca3-87e90997faff,Female,82.0,Suburban,No,No
ab0753e9-ddca-4a7d-b3ee-e5951c620ce0,Female,80.0,Rural,No,Yes
701b405c-e224-459b-b75f-7efdb57265fd,Male,,Rural,Yes,No
2628bf99-1c4c-4572-824e-83569f70634b,Male,37.0,Rural,No,nan
d6476ada-a7dc-4c65-ab7c-1f2e65b5bc47,Female,84.0,Urban,No,No
21681487-f61f-40ac-a3bd-1a30643c197a,Male,75.0,Suburban,Yes,No
b0d797c0-96ed-4849-9c10-1045a7bf9c2d,Female,80.0,Suburban,Yes,nan
5f0e3ba5-4196-4f89-8df4-f0297e287997,Male,55.0,Urban,Yes,No
8274bd23-6577-400a-9f3a-d5a5d562a00f,F,53.0,Suburban,Yes,Yes
614b4649-12f9-461b-a24d-3fb4ced810a8,Male,,Suburban,No,Yes
5de80474-9ffa-40c6-8024-f356cc53f7b0,Female,34.0,Urban,No,No
a208eb6c-b797-4ee7-88ac-5aeed05e5b72,Male,47.0,Rural,No,No
7eccb665-0cd9-4dc8-a22c-c729da0de3d9,Male,53.0,Urban,No,No
5998635b-da4c-4321-8f88-f596c7267ab2,Male,27.0,Rural,Yes,Yes
651cc31b-0aff-4d9e-b882-2aad8d83c658,Male,57.0,Rural,No,Yes
1c12fbd2-4d40-4a57-abad-173511130d39,Female,80.0,Urban,nan,No
89680115-7d1e-4f30-ba80-0c3017461557,Female,73.0,Rural,No,No
b5019079-f0ce-47bb-88fd-3bd51d3f6af4,Male,48.0,Urban,No,No
80b2e4ad-8660-4145-a7d9-cbb8007b0f45,Female,18.0,Urban,no,No
48287be6-57e4-446c-9f7a-f44f41d3c833,Male,68.0,Suburb,No,No
46777877-5ada-44a2-b190-6be77d37e63f,Male,26.0,Urban,Yes,No
e43c4b72-0a89-4e7a-8f09-504661943bc7,Male,50.0,Suburban,Yes,Yes
710a7cad-cd91-4836-bd46-5ad1374f810f,Male,,Rural,No,No
7bf5942d-8caf-4be1-a521-eab4ec73b441,Female,0.0,Urban,No,No
399ecc64-3c56-47ae-b120-45aad156cb68,Male,64.0,Urban,nan,Yes
7b780a51-94f7-48ce-94b0-df88f02bec68,Male,56.0,Rural,Yes,No
e46a3b18-5bac-46da-b011-bcb9738df713,Male,19.0,Urban,Yes,No
64f808e0-54ed-4994-bb92-e8c832368e09,Female,38.0,Urban,No,No
d111b17d-80b4-42ee-9121-8e878da295c9,Female,43.0,Urban,No,Yes
6ef586ac-7acb-4633-ac63-5c014577064c,Male,45.0,Suburban,No,nan
dd419473-0dbd-4164-b22c-2fb8e5235d88,Male,38.0,Urban,Yes,No
aa4fbbee-e375-42d1-a22a-e4ccc8af18cb,Female,48.0,Rural,No,Yes
75b83836-a8b3-471b-a4e6-29abcdb1b6c0,Female,79.0,Urban,Yes,Yes
07cc4a9e-b1a2-457b-8f7b-7e8b5fe5a360,Male,57.0,Rural,Yes,No
05723104-d011-419c-a415-c91e664f1a98,Male,18.0,Rural,No,No
8c8daa3a-ae85-4e18-8a3d-f4785e6156e2,Non-Binary,72.0,Urban,No,Yes
4ebba133-3d3e-452d-9134-b04e9ef7568b,Female,37.0,Urban,No,Yes
975f8199-974a-4f9a-9317-af7935c1d4a2,Male,23.0,Urban,Yes,No
dc120a88-239d-4795-8ebb-a03d7c001766,Female,64.0,Rural,Yes,No
0f4fdb46-8b72-47f0-8453-1a19f7c708c6,Male,62.0,Rural,Yes,No
b74760ca-680c-4ffa-b67a-ccb5a69e0e56,Female,23.0,Urban,No,No
59712cf9-01b8-4a5a-8f90-f5c0147902a6,,52.0,Urban,Yes,nan
27b2469d-6836-43cf-baaa-7e0b05bf7697,Female,77.0,Suburban,No,nan
e47ced92-f2e8-40dd-a154-0460a01c2402,Female,56.0,Urban,Yes,No
01d291ff-f7d6-41ff-88c3-80a0a0626c24,Male,48.0,Suburban,Yes,No
083da132-1312-4dbe-bd27-d012bd83e0a9,Male,59.0,Urban,yes,No
385f9b3d-c0bb-408e-b643-75e8f7afb4eb,,42.0,Suburban,Yes,Yes
b465b68f-9bbf-4802-925a-3c150e796147,Non-Binary,82.0,Urban,Yes,Yes
0fa79115-bd65-4835-b4de-1be7bda410ca,Female,69.0,,No,Yes
fb8567ee-284c-49b7-9f61-d70782c7d0a9,Male,52.0,Rural,No,Yes
3566a69f-2964-4149-918c-96b2d9a4d26a,Female,40.0,Urban,No,Yes
962aa66f-9f60-4e83-abed-7106d6e4517a,Female,80.0,Urban,Yes,No
4be6e997-7630-4301-85f5-28444d0124d6,Male,31.0,Urban,No,No
3add01ac-83d1-4a4b-8d9b-b60beebda337,Female,60.0,Suburban,Yes,Yes
f9a91baa-ba7a-44de-a87e-6a949aec86b1,Female,63.0,Urban,No,Yes
f41b29a6-be3f-499f-80f7-767f687d7e5b,Prefer not to say,84.0,Urban,Yes,No
4906cd1d-0cce-4475-a970-d46bb2782b41,Female,27.0,City Center,No,Yes
dff6d664-c055-46e2-8c07-866297f6ed6c,Female,56.0,Urban,No,No
4405b2e0-0d7b-4ccb-adb3-921491acae97,Female,71.0,Urban,No,nan
8d31c552-0d71-4f85-9b70-7fc425bfd739,Male,,Urban,No,No
ea5bdf6b-8130-4fc8-a791-01a24ff3f619,Male,58.0,Urban,No,Yes
60246218-21f6-4802-972d-6f7edc32e050,Male,79.0,Suburban,No,No
a5f0393e-1a12-4f92-a906-7376eace60cb,Male,,Rural,Yes,No
699b58b6-ec6b-4c16-a689-0afe4bdf9ce2,Female,44.0,Urban,No,No
88ec0c2d-172a-4d3d-bbef-a097a48a3437,Female,18.0,Urban,No,No
10a66807-8ccd-4e99-a966-447b8e8cfde5,Female,83.0,Urban,No,Yes
407f821a-ca19-47c8-af64-44aae94df464,Female,79.0,Suburban,nan,No
f8dc72c6-f11d-4005-ab22-5e132cb4e9e1,Male,43.0,Suburban,No,Yes
8d285964-c00c-4fb7-adb6-cacda02001db,Male,43.0,Urban,Yes,No
8bc5ac26-1317-494b-91ee-f2ccd427147d,Male,35.0,Urban,Yes,No
9f297d6a-36c5-4fde-8d32-bd24bd0c038d,Female,64.0,Urban,Yes,No
af71698c-7cb9-48cf-a1b0-cde2020b0bba,Female,78.0,Urban,No,Yes
117c6a6a-aa2e-45a8-972d-b2980de60b1c,Male,38.0,Rural,Yes,nan
090f6e92-cf6b-4da8-a126-815d7238d961,Female,68.0,suburban,FALSE,Yes
e7a70706-510c-442b-b2c0-f790672fa3c5,Female,31.0,Rural,Yes,No
cb6718bc-bc67-4c8e-8382-5176284bece8,Female,61.0,Urban,No,No
822192b3-1c57-4128-ba87-247b80567adb,Male,39.0,Urban,No,No
7afb01aa-be4f-48fe-a388-934ee819caad,Female,48.0,Urban,No,No
dc08a217-c4e3-474d-aaf2-8fbd657b0975,Male,29.0,Suburban,Yes,No
7031441d-fa75-4ba3-b51b-68d7fea64b28,Female,42.0,Urban,No,Y
93a7631d-1667-40e8-be64-20ee6046e347,Male,39.0,Suburban,No,nan
4e582859-8be6-4776-ac19-e76ff5206e94,Non-Binary,76.0,Suburban,Yes,No
2f6741d8-be72-499f-89fe-98e01431c0cd,Male,83.0,Suburban,Yes,Yes
9fccfedc-f839-49b5-880a-70d21f92d9dc,Male,40.0,Suburb,No,Yes
97e51831-686f-4afd-bc43-dd944f6574d3,Female,32.0,Urban,No,No
7b7ccd33-1648-472a-8563-5c88565c775c,Male,53.0,Urban,Yes,No
cd4a6b31-bf7f-4d94-a84f-fa91a4b7563c,Female,73.0,Rural,No,Yes
f0b96687-0448-4d1a-aaab-5a2189a075a1,Male,21.0,Urban,No,Yes
0187498c-9d6e-424d-84f7-cf69871f25d5,Female,28.0,Urban,No,No
8a6943a5-ee67-4c9b-a098-5bba55c470c4,Male,80.0,,No,No
e3ea127e-c9ec-4ee5-b9a7-067c0950f7ed,Non-Binary,74.0,Suburban,Yes,Yes
d62e15fa-a7e9-4302-954e-080917f4d9bd,Female,45.0,Urban,No,Yes
96d77704-82b7-4425-b906-5d46561e8ff8,Female,39.0,Urban,No,No
bcbfba94-7fe3-4744-9e16-8d5a856823db,Female,32.0,Suburban,No,Yes
c2fdc330-80e2-4e6c-935e-bc9280eea09d,Female,54.0,Urban,No,No
63bf102f-71f3-4cfa-99ea-eae312f32db5,Female,23.0,Urban,No,No
c4589e6e-8ef4-4b06-b665-e61cd5011dfb,Non-Binary,68.0,Urban,Yes,No
4efcdc3b-065e-40d8-a074-d74d6589e734,Non-Binary,40.0,Rural,Yes,No
a7fe18f2-e83a-4e92-be9e-d0676f574a73,Female,,,Yes,No
53684686-3231-4e9f-9b4a-f57630bebc4a,Male,79.0,Urban,Yes,Yes
5d43f9fb-2de2-43b0-908c-b8342fc27c67,Female,27.0,Suburban,Yes,Yes
a2f7e707-d51a-4617-887e-84991bf1c746,Male,39.0,Rural,Yes,No
74fe1979-63c3-414f-8b81-21e94f231825,Female,46.0,Suburban,No,Yes
6976833d-ea8c-48dc-b333-bc68863854f8,Male,37.0,Urban,Yes,Yes
d8a71cb8-cf1d-48e4-8ed2-a5a9fbc6c37c,Male,25.0,Suburban,No,No
fecd38d4-9280-4c07-81a9-14f825d443af,Male,24.0,Rural,No,No
36c693c0-260b-48d8-8408-100d3613e41d,Female,47.0,Urban,Yes,Yes
3284ac57-cd18-44e7-954b-32cf1d46d63e,Female,60.0,Urban,yes,Yes
54e477f6-c773-4acd-a8de-ad403c384f15,Male,,Rural,No,no
6a4efe2b-522c-4b7a-8b1e-1478878ac3de,Female,71.0,Rural,No,No
a64b419b-4a78-4ef3-b5b1-baa4c402575a,Male,34.0,Urban,No,No
b0966e73-7465-4fb8-9d58-a21fd6a2f408,Female,18.0,Suburban,No,No
b6dc4e00-68b3-4f58-bbce-184d9d1491ac,Male,53.0,Rural,No,No
2d217fa9-136c-4e10-978c-dc27a4a16c97,,77.0,Rural,No,No
01511000-6245-436c-9a3a-6c8dd03a3b32,Male,31.0,Urban,Yes,No
1334a570-2e0c-4dd3-89a8-3feabe82451c,Male,79.0,Rural,No,Yes
40116d61-027e-435a-a505-e510e76ac868,Male,67.0,Rural,Yes,Yes
d8eba78f-a773-4a0f-9e9c-1378f8fd1d16,Female,20.0,Urban,Yes,No
4c40643b-0403-4ae3-99c4-7d1d6ad54d8a,Male,53.0,Suburban,Yes,No
5d2b2ca0-4489-40f0-9e33-d9104fb7bab4,Female,22.0,Suburban,No,Yes
6b68c8b0-2ecd-4f1b-868a-a01dedde2d13,Male,51.0,Urban,No,Yes
971a8a20-036f-4bc3-afff-4e1626325c8c,Female,19.0,Urban,Yes,No
8dcda12d-0b57-403b-9b5c-b518face18a8,Male,31.0,Suburban,No,No
64f9c472-0774-46cc-a8af-f3e4ce7a9398,Male,30.0,Urban,Yes,No
f600d9b6-d082-44a5-ab21-4cc516f2373a,Prefer not to say,38.0,Urban,Yes,Yes
3585eede-d8d4-450d-ae05-4b5a447d70e0,female,71.0,Urban,nan,Yes
885c9e10-54c6-49f6-b571-291c5dab3c54,Male,48.0,Urban,Yes,No
53d67699-c701-4727-9b16-21f1830b90cc,Male,77.0,Rural,No,No
f9bef354-828d-4fe0-873b-398ed6b2c790,Female,46.0,Suburban,No,No
df0851e6-f81f-4730-bad8-276e9ebd46ee,Male,79.0,Rural,No,No
a3c4a5c8-f106-4830-943f-93f730722f28,Female,76.0,Rural,No,No
50a16507-d8b1-42d8-8016-33e1155fbe60,Non-Binary,65.0,Urban,Yes,No
58795583-5abf-40cb-83b3-d098bc67c6ac,Female,25.0,Urban,Yes,No
ce2dd555-79a7-46e8-a27f-b55eea3a20ac,Female,75.0,Suburban,No,No
a0e78e5e-578e-4b0b-8159-adc3f45eccdb,,60.0,Rural,No,No
05c14d24-3ae9-43c0-9a7c-1ef0ebff6105,Non-Binary,68.0,,No,No
c46aede5-86dc-44bd-8b3e-bcd174d182ca,Female,21.0,Urban,yes,nan
e0ef78ad-29e5-4585-b334-811d780345bc,Prefer not to say,26.0,Rural,No,No
5dbc4383-86b2-4cfa-9ccb-f7d02ea1b5a9,Female,64.0,Urban,No,No
73d787ca-cd03-4571-b269-434630fadafc,Female,19.0,Suburban,No,Yes
feebbb58-00b1-4842-9e62-82916c4cdbc5,Male,83.0,Urban,nan,No
1e38363d-b04d-428e-a856-64b7a0dc7bcb,Male,38.0,Suburban,Yes,nan
e4967000-d1a0-4677-aaac-fc02dc88ce79,Male,51.0,Rural,No,No
7278e2bf-3444-45b6-8174-26bcded9e322,Male,56.0,Suburban,No,No
3bd9d66b-22b9-4509-8275-0ae577555356,female,25.0,Urban,Yes,No
5a2be995-b7e8-4d76-bacc-02a4bc0d70af,Male,59.0,Urban,No,No
9f020dd7-af5f-4118-9020-aed051b85d60,Male,35.0,Suburban,No,No
e49d947f-1813-4be3-ad2b-c51dadd13c88,Female,79.0,Suburban,No,No
f58d652a-6408-45ca-abd9-16958069005d,Male,61.0,Urban,No,No
0b58477e-e4f8-4c77-bd53-073139483e08,Male,76.0,Suburban,Yes,Yes
cfd6a28a-be86-4dc2-b8ce-57c69b65def9,Male,30.0,,No,No
eb217693-75c0-4d48-aa30-1fabe85d78b8,Female,72.0,Rural,No,No
b289fa1d-1b1a-4363-88cb-f19aea99c00e,Non-Binary,61.0,Rural,Yes,No
341646c6-91c6-4538-9a95-7c8b8f934b98,Female,36.0,Urban,Yes,No
aa7ef6df-0e18-48f3-8bad-9fd602a79252,Female,58.0,Suburban,No,No
05cbd301-8571-4925-92b7-fdbff10a2514,Male,84.0,Urban,Yes,Yes
d9039a03-87a7-4312-a1d3-ad0c57dd3ea9,Male,58.0,Suburban,No,Yes
da27b7fe-1cbb-4961-a085-38cc523c9986,Female,53.0,Suburban,Y,No
a72dcfd3-e9f0-455f-87c1-6fd04b9607d3,Female,39.0,Urban,Yes,Yes
31875dba-dfb7-4f74-9ea2-9b79c35335ca,F,21.0,Urban,Yes,nan
b2b3c48f-8b8b-4993-8e13-0b6ac86594f0,Female,61.0,Suburban,No,Yes
89335e77-bd95-4a36-ac8b-562e8e5cabcd,Female,33.0,Suburban,No,No
5a76cca5-0a57-4b1a-a02d-a6b81f16299a,Male,26.0,Urban,No,No
882697f5-a391-41c2-aa9c-60b11e5df3a1,Male,47.0,Suburban,Yes,No
0d0d13bb-690d-4eef-95e9-1dac617f9c94,Male,80.0,Suburban,Yes,No
 a9fcb2b3-cdc0-4dc4-a1c7-3d2750cf11f0,Male,22.0,Urban,No,nan
54622581-e4f1-4d96-a9a3-ae6a8ce30726,,30.0,Suburban,Yes,No
cd80b46c-e014-4d9e-b009-7c6fc3c35f85,Male,81.0,Suburban,No,No
7d9e8d1f-831f-4442-a871-2a4bec328c1d,Female,18.0,Suburban,No,Yes
d288aa26-4ec8-47fc-9f6e-3961a906df53,Male,56.0,Rural,Yes,Yes
23ad63d5-b287-4385-b4cb-ea7685620e95,Female,,Suburban,Yes,No
b1802fc9-6295-46e9-a2e3-4ac874a1c110,Female,46.0,Suburban,No,No
56f3abd1-6fb3-465d-8f96-cf812bffa7b5,Male,28.0,Urban,Yes,Yes
83837b23-e217-43eb-b4ce-4fa4f2f31afc,Female,46.0,Suburban,No,No
50154de0-ca99-4cb7-93b1-010185022d62,Male,30.0,Rural,No,No
1dc9f5da-1991-4c8c-bdb9-cbaed459ffd7,Male,58.0,Urban,nan,No
f51bb09f-c3bd-41d3-b9d1-2892e4242749,,82.0,Urban,No,No
08348952-2655-4797-9b82-64c25cec3be8,Female,71.0,Suburban,Yes,No
2e9ff8ba-9f74-4c67-9ebf-4932b2893fb9,Prefer not to say,77.0,Urban,No,Yes
6d236cef-ea4d-49a3-95dc-320c92a678bb,Male,81.0,Urban,No,nan
85ed88a9-3974-49e3-ab32-3066b05d3c5b,Male,82.0,Rural,No,No
86436c60-dec3-4e83-8331-c7a958e25b18,Female,60.0,Urban,No,No
38a6fc65-b997-4c40-accc-44a7a4fb17a3,Prefer not to say,51.0,Suburban,Yes,Yes
218a11e6-6a30-424a-a61f-2924660942aa,Female,56.0,Urban,Yes,No
058ae918-01e4-48d9-aea2-e1549b7462f9,Female,78.0,,N,Yes
87c4f7c6-7289-41b4-bd7e-2ae75cbe1bd1,Male,82.0,Urban,No,No
d256f97d-d53b-4fb6-9092-1d694762fed6,Female,19.0,Urban,No,No
e3ff1f27-b819-486b-bbe6-0cab3ffdfb80,Male,65.0,Urban,No,Yes
03ba471e-6e4a-4f19-a326-93165489fd59,Female,42.0,Suburban,No,No
c480eaa5-571f-4608-96fe-9452db8d1050,Female,76.0,Urban,Yes,No
11d5202d-c451-4d65-8796-55058fcf62fb,Male,45.0,Rural,No,No
849387bc-0c2a-45ae-b4a1-942117407204,Male,62.0,Rural,No,Yes
d5e4eb86-cb9e-411a-8ce6-a96d5347af38,Male,79.0,Urban,Yes,No
4487873a-a649-4db3-bf0a-e17d91de9adc,Female,29.0,Suburban,Yes,No
7c91c13a-3750-4389-a126-bbc728a24997,Female,59.0,Urban,No,No
d815b6ed-17ec-49da-8acb-210881c25dfc,Male,25.0,Suburban,No,No
5dfe8cf3-da86-45fa-a835-2b8d77cf5a9d,Female,41.0,Urban,Yes,Yes
3cb1fd6d-48f8-436a-a9ad-53f4eceef963,Male,24.0,Rural,Yes,No
95d46bbd-58a4-401f-9345-2460db9473bc,Female,60.0,Urban,Yes,No
f55750ba-9356-48dd-be7b-d4e79f0d88b4,Female,19.0,Rural,No,No
da552b82-4c90-4d70-baf3-665e647368e5,Female,79.0,Urban,Yes,No
afbb0b0d-b974-42b1-a262-6c442255711f,Male,61.0,Urban,nan,nan
b0dced86-f170-4c63-b7ce-8f774b97582e,Male,,Rural,Yes,Yes
7e35bb6e-2af8-424a-85a1-9de33cc9136c,Male,50.0,Rural,Yes,No
04bf5a91-0619-4d17-9654-c99eef276b00,Male,80.0,,No,No
0c22ebf3-42cb-4c01-bd61-5153ba041a48,Female,73.0,Rural,No,Yes
d6fc149b-bc69-40fc-b09f-d8d408d886cb,Male,,Rural,Yes,nan
8791bee1-a0f6-4df3-92f3-8d20fff94480,Prefer not to say,43.0,Suburban,No,Yes
db370a36-c947-4f62-bb31-e97053c26f56,Female,999.0,Suburban,No,No
ad580c6b-16a9-4f22-8ef3-fdef98c559fd,Male,25.0,Suburban,Yes,No
f618ca89-6afe-46eb-92a4-459cb2b499f4,Male,38.0,,Yes,Yes
9b820879-835e-43dc-aa5a-b1bd98b1d58c,Female,61.0,Urban,No,No
3f07c717-5afb-4145-b43d-4d70e3af9c3b,Non-Binary,69.0,Rural,Yes,Yes
ee2a2812-4e70-4b10-b74e-1c0e88e1e7d2,Male,35.0,Urban,Yes,No
c0fcee80-eab8-4b9b-b6c4-34c30428e094,Female,28.0,Suburban,No,No
d48c4a3d-ef33-4d47-8574-b29bde1e544d,Male,83.0,Urban,Yes,nan
e3be71a2-c628-4c71-834d-603e0d296470,Male,24.0,,Y,nan
0816c887-fd7b-4ec1-8a65-630f59272ba6,Female,53.0,Urban,No,No
2fc4f3ef-2056-4198-bb4c-8a9fd4615606,Female,24.0,Urban,Yes,Yes
ac15cef9-71b6-435d-ae6f-3f82dec8c41d,Female,55.0,Urban,Yes,Yes
cfbff23f-dc55-4520-9a11-695224a190bb,Prefer not to say,62.0,Urban,Yes,Yes
c62f1aa8-1f4c-4c3c-aed4-5ac7ab52f6e1,Male,69.0,Urban,Yes,No
64d4a4aa-068a-4ade-84a5-8780b74eccf7,Male,27.0,Suburban,Yes,No
660cd937-a0ac-4fa3-9058-b55977cf30cc,Female,54.0,Suburban,No,Yes
3239a639-085d-4f2b-9207-5e0659cefd97,Male,47.0,Suburban,No,No
c0083f7c-3193-424c-b50a-10134bd3b95a,,48.0,Urban,No,No
b40586ff-39cf-4118-a9d0-e9abfa8ad7c6,Male,39.0,Suburban,Y,No
39bd0139-80e5-4223-8aab-f1e39cc88ffc,Female,79.0,Suburban,No,No
f68991d2-aef3-4de7-9376-2a28beebffc0,Prefer not to say,44.0,Urban,No,No
eb9630b8-7969-4424-9e86-be9a7dabb681,Female,73.0,Urban,No,No
bff22c97-ab1b-4ee3-9b9b-2ddeeee1d783,Male,-5.0,,No,No
d9b16bfe-1acd-4d6f-965e-fd6fb3b03083,Female,19.0,Suburban,Yes,No
40e64976-138f-4101-9f55-d8615d86009a,Male,38.0,Urban,No,No
9fc31ec6-c94c-4ab4-9949-20adb3a7d2af,Male,64.0,Urban,No,No
24f2bfb8-b25d-41dd-927d-6ee61e65f6c9,,,Suburban,No,No
ea4f3d00-793f-470e-b251-17a92506e4ef,Female,74.0,Urban,No,No
bda5f41e-73e2-47bd-bb12-ca3f30bf6a74,Male,35.0,,Yes,No
8cce80d7-0924-4d6a-b353-c93e88df5d62,Female,44.0,City Center,No,No
e2e3c14b-c2dd-4c4c-a938-df90fe9311b3,Female,67.0,Suburban,No,Yes
c37d1616-b8e6-448f-8630-7682ebcf1bd1,Female,37.0,Urban,Yes,No
639afe99-aa15-4a82-ad32-8caa8392fca4,Female,66.0,Urban,Yes,No
6d591110-7b7e-4144-8172-15f1925ca331,Male,23.0,Urban,No,No
1fea1bb7-ab2d-478b-bd32-6a66f0c949a9,Female,63.0,Urban,No,No
609ef0ec-54f0-4752-850d-2b3992978135,Male,45.0,Rural,No,No
fbf7497b-958c-492f-92aa-19e0e8a3d8a6,Male,,Suburban,Yes,No
6bd252e9-2e71-45da-84b8-44d876f54b17,Female,24.0,Suburban,No,No
e8425f4f-362a-4893-9d0b-1565a9796f31,Female,44.0,Urban,Yes,No
6cb28b17-e85e-4593-97d2-05050e8299ec,Male,19.0,Urban,No,Yes
de20dfba-c22b-41d7-88c1-0f7f82efd906,Male,76.0,Suburban,Yes,No
11849c46-b484-4f8c-9142-0357502096fa,Male,35.0,Rural,nan,No
22d73767-6a30-4c16-b5fe-fc7afbd29288,Female,71.0,Urban,No,No
114cdc3a-f67b-49c3-9b99-2f02fa87e30e,Male,54.0,Urban,Yes,Yes
b690d55f-7510-4f4e-b4b5-ecdd2299a02a,,25.0,Rural,Yes,No
7ec97650-50f3-4930-b769-5462618db5e1,Female,39.0,Suburban,nan,No
9a0a6fc5-800d-4350-899e-9e48fd33b39f,Male,27.0,Rural,No,Yes
5aea2a3d-da09-4605-a588-d4303d217c7f,Male,70.0,Rural,No,No
b54c1455-95fb-4094-88ad-7741c4c42df1,Male,42.0,Urban,No,No
12df5129-0818-402d-a8d6-93f77405b844,Female,18.0,Urban,No,Yes
94cc3f95-36bb-48bf-a63e-f6a56b69cdc8,,58.0,Rural,Yes,No
a954e21a-0f88-4fed-8b16-3a2e0ea244e4,Male,40.0,Suburban,No,Yes
5afdcfa8-18b7-41f5-bb7e-fca9ea45aa5a,Male,44.0,Urban,No,No
8f74698b-efe1-40be-8d3e-0e079bafa077,Female,79.0,Urban,No,Yes
1e5a216f-1b0f-4644-bc41-da0e15a225ce,Male,19.0,Rural,No,Yes
d77ec589-f1bb-4c6e-9277-762571bd5c4d,Female,68.0,Suburban,No,Yes
b29b7f76-84aa-4f92-8ec8-df0c3207f827,Female,79.0,Urban,Yes,No
7eaebc27-a0d5-4949-8c51-edb36db962c8,Non-Binary,28.0,Urban,No,No
f3a5e99f-90ab-47fc-8fa3-796aea341a1b,Male,45.0,Suburban,No,No
b8ce15d1-5558-4822-96f8-d2abd9362b70,Female,45.0,Suburban,Yes,No
6e8d5cc1-677f-494b-92cf-c523ba6d2607,Male,74.0,Urban,Yes,Yes
9d9e7e90-a495-42d2-aaee-e7976e49d6ed,Female,84.0,Suburban,Yes,No
6f713733-4591-4b2d-8311-78c7e98a7bea,Female,40.0,Urban,No,nan
445ab5b3-8943-44fd-8513-1e2f5bb6a5c6,Male,71.0,Urban,Yes,No
679ce64b-2a7b-448b-841c-8702adab1001,Female,40.0,Rural,Yes,No
2206588e-1de7-4c4b-be7c-999eba3ecb7f,Non-Binary,80.0,Urban,No,No
b74ca793-738d-48f2-9681-a4ebe87df5a0,Male,30.0,Urban,No,No
c3708552-aef5-46c0-a344-385101163c2e,Female,32.0,,Yes,No
91038a2f-7557-4d74-ae17-d78d3bf3123e,Female,70.0,Suburban,Yes,No
24731c76-4b8c-4eca-af7b-236b540ef9ad,Male,75.0,Rural,Yes,No
daaa0429-a6e3-40ff-b0c8-58b60eaca63a,Female,56.0,Suburban,No,No
b98ffa82-2b11-4b0a-9e25-7f1f00a2c5e8,Male,51.0,Urban,Yes,No
a6d691a6-555e-40e0-b8c6-7ed30e59e483,Male,40.0,Urban,nan,No
a1141d3d-4ae2-43be-83e6-dbb4549e5712,Male,,Rural,No,No
5bd03a10-9bf7-4e4b-b9d6-ede2d0b34563,Male,26.0,Rural,No,No
6685bc92-7f29-463a-8437-8f13094fa483,Male,,Urban,nan,No
1825dca7-09c3-429b-9f0a-4d5e51178662,Female,27.0,Suburban,No,No
8057cd01-b462-47fb-9527-8531b8268c6f,,76.0,,Yes,No
6a3aeeb4-6064-4201-9656-6aba276e3ff3,Male,36.0,Rural,No,nan
626f4fe2-1c18-40a1-ba3d-0f8c2afcdef0,Female,25.0,Rural,Yes,Yes
b299c477-6260-4d5d-b90b-812ccaeb1e9e,Male,53.0,Urban,Yes,Yes
fc0d5e02-8d33-4654-9478-6be85ab4a521,,62.0,Suburban,No,No
e52c483a-818a-4673-a4cb-e11181909038,Female,45.0,Urban,nan,No
ad147271-34a3-4b41-b2f2-340ffbceb654,Male,18.0,Suburban,No,No
603b3f63-aa3e-4d38-8bc7-970ba0c8f744,Female,28.0,Urban,No,No
6304e4a2-888e-4c13-9a83-1ac98b35d49d,Female,68.0,Urban,No,No
1a81e9fc-ab24-4316-b3f2-d1a0f242d219,Female,56.0,Suburban,Yes,No
3033a49a-d88a-4759-80a1-3e96db62588e,Female,51.0,Suburban,No,No
afab9fb6-eaae-4735-af86-3d9f12c9ec9e,Male,36.0,Urban,Yes,No
6c8e4d7d-2d4a-4a23-99f8-fedad52cd70f,,24.0,Urban,Yes,nan
843b2c70-1d1b-44d2-8649-0e3abf7ebff2,Female,37.0,Suburban,Yes,No
09ddec06-e2a9-475b-9551-766938086c2c,Male,22.0,Urban,No,No
0053b7fa-07f8-47eb-9e88-8fcc92fea849,Female,26.0,Urban,Yes,No
22e2f4e4-1e36-44b2-85c4-cf483d4122ff,Female,31.0,Suburban,No,No
3176e4bd-a509-4be7-a130-36a3b2167a28,Female,79.0,,FALSE,No
70943fd1-03de-4b9b-84a6-f5c302cd1193,Male,24.0,Urban,Yes,No
7891eff5-a097-45e1-baee-3894e8eae8e9,Male,68.0,Suburban,No,No
3c80af77-1e59-4cfa-b543-b0778e841b60,Female,84.0,Urban,Yes,No
232f15f1-84bb-44a9-9ec8-368f7c4cb308,Female,60.0,Suburban,No,No
29fec6a4-fe91-4323-b7f5-feb855a3ea57,Female,80.0,Suburban,Yes,Yes
26311885-3b3e-4099-80cd-52643663296b,Female,47.0,Urban,No,nan
bec08afc-2523-4650-9dba-19ebfcbf9368,Male,71.0,Suburban,Yes,No
01cd5e38-d761-49e5-be93-304e84cba21a,Female,58.0,rural,Yes,Yes
ae06876b-6c1f-45fd-9f76-8c987797ad51,Female,71.0,Urban,Yes,Yes
153f190e-9477-431b-9285-466fdc51c862,Female,57.0,Rural,No,No
dae522a2-38a0-4ce9-accc-b9e2e6fb7d48,Male,63.0,Urban,Yes,Yes
dee09711-853d-4d41-8a7d-31fde33c4305,Male,63.0,Urban,No,No
b7d5bd87-89d8-45bb-af6c-15e2bd4f6086,Male,77.0,City Center,No,No
a028e8ae-f2e1-416e-bb3b-27cf8540125e,Female,53.0,Urban,No,No
d9c081c3-3637-4b53-98a1-b2dac6303433,Prefer not to say,43.0,Urban,No,Yes
627ed262-125f-436d-8039-969985a2a014,Male,42.0,Urban,No,No
76dca5e0-eebe-4920-a8bf-f6f8a578a8a6,Female,-5.0,Urban,No,No
aa010e05-3232-4664-8fdc-7fa542a56a2a,Male,19.0,Rural,No,No
680ce690-8c3b-4e8f-8580-c780c4f1e357,,28.0,,No,Yes
e1768a0c-a538-4379-8c2b-773d0185fb91,Female,66.0,,No,No
81cff71f-dbfc-4a91-9d48-c65c24099159,Female,54.0,Suburban,Yes,No
67c8e0c6-94f1-4725-9ccc-ddf9f3d2d526,Female,,Urban,No,No
c4aead75-50c2-42ae-bc84-26b9f9a198d2,Male,68.0,Rural,No,No
f91725d1-e2be-4e39-8336-7586465c9d89,Male,,Suburban,Yes,No
c78ff1b2-179f-4761-8391-057e2bc9fd5d,Male,57.0,Urban,Yes,Yes
624dbc66-1d6a-47dc-a7a0-dcfb7874fe84,Female,34.0,Urban,Yes,Yes
30cdf4f0-feb7-4e2b-a032-167af05f6273,Female,57.0,Rural,Yes,Yes
4069b589-b163-41af-a279-c1dc70c5a914,Male,73.0,Urban,Yes,No
78f021e3-d703-48a3-ba04-caaa95d5c78e,Male,71.0,Urban,No,Yes
eec655f0-e92c-4445-960f-178c2e03f1d2,Female,48.0,Urban,No,no
18799813-1f5b-4b5e-91b6-4942d76ed43b,Female,35.0,Rural,No,No
e4750152-c7b8-4752-b67b-c4de649417bb,Male,42.0,Urban,No,No
fe177962-4fe5-46ff-955a-f1ad6cedaa1b,Male,67.0,Urban,Yes,No
205b01f3-d5b7-4216-bec8-256d1a0d1a1f,Male,69.0,Suburban,No,No
fdacfcfe-12cf-4ff6-9c0e-8b6779ab630d,Female,41.0,Rural,Yes,No
19a9653b-549d-4e48-8d17-4805fc92020d,Male,,Urban,No,No
273772b4-46b3-449e-bbf1-0de40859cd2e,Female,41.0,Urban,Yes,Yes
aee3b185-f1e5-4b57-a775-50ea2b11b116,Female,67.0,Urban,Yes,No
65e51d81-fd99-482c-a4e6-52c86f2e68ca,Male,58.0,Suburban,No,Yes
f20a8c74-8eaa-4bff-aee7-cf4e602bbcae,Female,81.0,urban,Yes,No
81a8e076-e8f1-4ca4-b8bd-eed6b3072d52,,44.0,Urban,No,No
0421caba-c33f-446e-9695-830191d7f5bc,,61.0,Urban,No,No
f0616a64-1abe-4ad8-a2fb-9f2d0006ba67,Male,53.0,Suburban,No,No
8210e502-f83a-40c3-ab9b-06a51627c7c0,Female,42.0,Urban,No,No
5fc8959b-f822-400d-9a72-a4cc0f8f8d27,Female,84.0,Urban,Yes,No
311a3f3b-3b14-4d37-a331-279d240e6473,Male,74.0,Urban,No,No
c668e89c-7686-4c66-92b9-a734c6bca692,Male,46.0,Rural,No,No
21d411a2-5f62-46d2-833f-0ad288ed6264,Male,999.0,Urban,No,No
e39f5181-103d-4eb2-97eb-3cedd9ee4880,Male,72.0,Rural,No,No
2d2c4295-ba3f-4283-9143-294b05e2195c,Female,79.0,Suburban,No,No
f83f79da-4e1a-4064-b242-1e043076f6cd,Male,72.0,Suburban,Yes,Yes
62330e82-6dc2-43d0-90df-1408c1b23244,Male,71.0,Urban,nan,Yes
fd8678dc-4d6c-492d-b3e0-15def7b1d696,Male,49.0,Urban,Yes,Yes
d274ff21-a11f-4607-a7e0-c6be50f30012,Male,73.0,Rural,Yes,No
acf74669-7782-4e22-9e5a-2606741ac8fb,Female,66.0,Suburban,Yes,No
58265f24-9a31-4cbc-b51b-83ff1cf14962,Male,78.0,Urban,No,No
c95a0bb2-5601-4868-87d7-87535d4c1e92,Female,49.0,Rural,Yes,No
ffb0479a-7ac6-47a4-9be7-7d7ec8d8086b,Female,83.0,Urban,Yes,No
fdf5f40a-f8c2-4738-a9b3-e421bac74aa8,Male,20.0,Rural,Yes,Yes
acf6084c-e89c-4a7a-b65a-fd8e300cda70,,25.0,Urban,Yes,nan
62cbf965-58c5-46f5-a0bb-3d092f541f3b,Male,79.0,Suburban,No,No
1b887887-1b47-4327-9b09-dcf59a090ae2,Male,84.0,Suburban,Yes,No
fcf9197c-5ea8-48d3-aee4-e213f80a47e4,Female,32.0,Urban,Yes,No
f37e37ee-8bd0-4a12-97a9-6e13ab55146b,Male,72.0,Rural,Yes,No
c7ba6d54-f169-4fa5-b856-5ad0ade82dc7,Female,84.0,Urban,nan,No
af219f21-8030-4edf-ba04-2798fb712373,Male,72.0,Urban,nan,No
ea9e60dc-00ae-468d-b4da-44b42c5a1b20,Male,71.0,Urban,No,Yes
6c2348b9-dbdc-457e-bef1-ff19e4594729,Female,82.0,Urban,Yes,Y
323044f1-6eb6-4f3b-8369-0e50430ff84b,Male,62.0,Suburban,Yes,Yes
6c183132-6afc-4c44-9ae3-f0d890c65e57,Female,19.0,Suburban,Yes,Yes
619fbbf5-01c2-48d8-b594-853f827baf0c,Male,24.0,Rural,No,Yes
6b443b37-2566-4191-99c4-a7904afaf866,Male,,Urban,Yes,Yes
f382d63e-6cc6-4fde-ae3f-ace2fca8ed04,Male,32.0,Urban,No,Yes
00ef4db8-e865-497e-9bb7-ebaaadfb2792,Female,70.0,Urban,Yes,nan
97c07f13-1d2c-42dc-ad88-71e7475bf67c,Female,30.0,Urban,Yes,Yes
c1975ca3-5591-462c-8313-803f56c0316c,Female,60.0,Urban,No,Yes
c2bab6a2-c54d-4fed-9ac5-0b750af8fdfd,Male,36.0,Suburban,No,Yes
f42ceb83-f6b5-4f17-8bda-977a5bd2b996,Male,64.0,Urban,Yes,No
29a451fc-ae1e-4b4e-8557-99018d83a54b,Female,39.0,Suburban,No,Yes
14b40635-f194-4030-a757-7b17c83cc957,Female,76.0,Suburban,No,No
74531538-e6bf-4a0b-855a-08de14ee8b33,Male,55.0,,No,Yes
7c16ec95-0cda-43e3-aa54-c86281a7c2a6,Male,81.0,Rural,No,No
a87336d3-006b-41f8-ad1d-f2293bd7c783,Female,66.0,Urban,Yes,No
d739f93c-6826-45d3-97dc-24fb5449d4af,Female,22.0,Urban,No,Yes
2c7aef85-428a-4418-87cb-51ddf61564be,Male,55.0,Suburban,Yes,No
a930acff-1fa4-4e8f-b66f-97ab611a591c,Female,79.0,Rural,Yes,nan
cc2fb144-2c97-4e9e-ad22-8da69d3a9f3a,Male,36.0,urban,No,No
8ab374dd-5c0d-4e46-8526-ca4d5623c559,Female,47.0,Urban,Yes,Yes
e1e6d7fd-137b-44ad-af83-4b490d86adfa,Female,,,No,Yes
a5384bc4-678c-4c7a-84d1-5bac6ab17896,Male,35.0,Urban,No,No
bcec6d3e-9fc6-45cc-acc9-a438bc254474,Female,60.0,Rural,Yes,nan
db5b5723-2ffd-44dc-be14-5d25db8e41fd,Female,18.0,Urban,nan,No
5cf3b692-9bbf-4cd8-a112-a5273280b37d,,82.0,Rural,Yes,No
d3bcefde-1463-4daa-afd5-c45550946c82,Prefer not to say,57.0,Urban,Yes,No
34418766-83e2-42b2-9ec5-9fc7cb2cb7b9,Male,51.0,Suburban,nan,nan
7b56f55d-03a7-4bf0-9949-3b024c93a716,Male,60.0,Urban,No,No
6822edc4-ec79-44e2-ab0a-737ca2f4f2cc,Female,58.0,Urban,No,No
4a44a965-2f42-4e77-8676-fcfb8b04cff9,Female,59.0,Urban,Yes,No
5ab03959-778d-46b2-8bd3-1251dc33c7ab,Male,43.0,Urban,Yes,Yes
3ad48130-ced4-4d81-a494-49afb1020d93,Female,23.0,Urban,No,No
54e2f753-01a0-4e79-b773-c14b8799f997,Female,45.0,Rural,No,Yes
06c4e59b-2dcc-4400-8cbf-c7345a637a6d,Male,38.0,Suburban,No,No
af821fab-9240-4757-a29a-8b82160b70cc,Female,74.0,Suburban,No,Yes
9d69f360-99fe-48f6-b7a6-cbe7bd3cb679,Male,84.0,Urban,No,nan
a5f33fc8-5d49-4472-b27b-2f07282f73c1,Female,65.0,Urban,No,N
cda11a62-a2c9-46c4-91a2-a6e996539512,Male,32.0,Urban,No,No
aae0655c-0b80-4984-8786-7677e482789c,Female,45.0,Urban,No,No
7a61038c-3954-4267-82b6-ba7ae2bbc2bd,Female,25.0,Suburban,No,No
981ef3e6-48a7-4388-8223-684ddea6f2c7,Male,33.0,Rural,No,No
90caba70-3ca5-4308-b2ee-33c68f4dc2ef,Female,28.0,Rural,Yes,No
edb017ef-e6c9-4a93-bcc4-0fa044308465,male,68.0,Urban,N,Yes
c0e1ef03-d3e3-40d1-b9c3-0a00df09d79c,Male,65.0,Rural,No,Yes
e2043193-c092-4c43-bf47-a8f66fe5c937,Female,35.0,Suburban,nan,Yes
22688ca9-4044-4680-be2c-95d6eea5b96e,male,46.0,Suburban,Yes,No
4909288c-dfc3-4e9b-b690-5174c6531199,Female,45.0,Suburban,No,No
4d1ae9d8-16dc-434f-b1c7-f076e0b5f3fb,,20.0,Urban,nan,No
815ec921-e7a0-422c-9ddb-2933a0e7023b,Male,28.0,Suburban,Yes,No
3ae6a11d-7b17-4113-bd6f-e270ce75f7a6,Male,22.0,Rural,Yes,Yes
219d2b76-3f06-4b77-a1da-a2a71f7d1183,Male,,Suburban,No,nan
49fcbc80-3980-4fd5-bd07-3015bcab6210,Male,29.0,Rural,Yes,No
a2e68747-c072-4a66-8bf5-29c83f1febfe,Female,33.0,Urban,Yes,No
338cbe0d-7abf-45b8-8741-58b6d7079f3c,Female,34.0,Suburban,No,Yes
b2a3ffcd-4bcd-44e9-bb8e-a27f0eccf085,Female,44.0,Suburban,Yes,No
38649044-42d2-42b1-8bd4-2bcbd57788ed,Female,78.0,,Yes,No
6d759899-90e6-43e2-aa80-4e9e1ed83c4e,Prefer not to say,,Urban,Yes,Yes
145358d2-33ad-431b-9f87-1f233bdc5d02,Female,75.0,Suburban,Yes,No
51f8447e-fbff-4115-954f-b07d5064bb2c,male,20.0,Urban,Yes,No
e0a4e26b-dd87-4f58-855c-72d0fe518a4e,Male,75.0,,Yes,No
a872a12d-3412-4d9c-a7fd-0aa3f3eb19cd,Male,19.0,Urban,No,No
e6b4f47e-d5cc-4233-b298-609520cba60d,,79.0,Urban,Yes,No
59dffb92-406d-48f3-a7e2-cd04e2d509ea,Male,30.0,Suburban,Yes,No
34bbdc5b-ed81-4eff-a3a2-0f8d8e35440e,Male,35.0,urban,Yes,Yes
469bb0b1-e2d6-4d5a-9215-2746900f4759,Male,50.0,Suburban,No,No
480d9d87-9bdd-44c4-8942-69e9e6255957,Female,54.0,Suburban,No,nan
3e445ee2-1997-4e99-8cef-93570a8af3e9,Male,18.0,Suburban,No,Yes
b09f93ce-acab-4f03-bc40-a3830edf3c06,Non-Binary,51.0,Urban,Yes,No
d6c4040d-7c0c-4be8-a33e-8e98a0cfa73e,Female,32.0,Suburban,No,Yes
79fb1187-dadb-408f-b05c-8fc4619c910f,Male,74.0,Urban,Yes,No
3725a905-5e3a-4118-8773-f6373767c76f,Female,74.0,Suburban,nan,No
865a2385-adff-42d0-87f1-e63c7d9e999d,Female,63.0,Urban,No,No
83e56f58-14b3-439a-ae5a-9d507b2958a9,Prefer not to say,27.0,Rural,Yes,No
b61f29e0-7ac3-4001-b430-947e79dc73c2,Female,46.0,Rural,No,nan
313c8f1a-1856-459f-8052-1a8b30b5875a,Male,64.0,Urban,No,No
85d21d7d-3e0b-4e79-a321-ee59534197bb,Female,51.0,Urban,Yes,No
18c54fc8-ee72-44eb-a8aa-5e30bbdf1d81,Male,81.0,Suburban,Yes,nan
d4e5e8a7-6601-4a8d-bf29-7082463ee49b,female,61.0,Urban,Yes,No
4779fb79-1002-4484-a80e-83ba8b9e3748,Male,79.0,Suburban,No,No
20cd31b1-8d0c-4d01-9ae0-5edb0ac40a89,Female,81.0,,No,No
4e14d562-b7d9-4590-bb4e-56e72a598ed3,Male,50.0,Suburban,No,No
9dc388de-fed6-43b3-8ac3-0b29d80b33d1,Male,68.0,Rural,Yes,Yes
e73ac108-aebf-44be-b446-bbf0e5cdcf91,Male,42.0,Rural,No,No
5ce80e67-8f9e-4d96-9407-7336f9faa909,Male,40.0,Suburban,nan,No
2f0e6332-63c4-4377-adef-bc4b649085f0,Female,25.0,Urban,No,No
276b45a5-b286-469a-929a-36b260c9eaa6,Female,84.0,Urban,No,Yes
c302311b-8697-4b46-aa63-6a58367e90f9,Male,43.0,Urban,No,Yes
ee9e7939-f2f3-4f33-bb32-6c78cd6675f5,Male,67.0,Suburban,Yes,Yes
789975ca-7dfe-406e-9406-37212334527f,Female,27.0,Suburban,Yes,No
4e41737f-aed9-44ed-9e87-5fcdad440140,Female,,Urban,Yes,nan
1ecc8239-4212-40ff-8efc-749af07f80d8,Female,84.0,Urban,Yes,No
4de8ef49-0436-476c-9250-933602e37d4a,Male,67.0,Urban,nan,Yes
38142037-78b8-4e86-97fb-23dcd696324c,Prefer not to say,83.0,Urban,No,Yes
da8b2f80-10f5-4e02-ab99-dd9481cabe8d,Male,41.0,Urban,Yes,No
8b005d87-371d-448e-8c2c-8391f9ae367c,Female,23.0,Urban,Yes,Yes
997e840b-3015-4d7b-86a8-813115a79e7d,,77.0,rural,Yes,No
539fbea0-1e39-45de-b4b9-544e03c9d672,M,76.0,Suburban,No,No
3afbe2ab-9c2d-46a3-99cd-39312e3cde80,Female,48.0,Rural,Yes,No
99367455-d06a-49ba-b077-c4b286924781,Male,81.0,Suburban,No,Yes
d416fd68-e131-4139-9565-cf0b2a8f35c1,Male,33.0,Urban,Yes,No
4bef6f6f-ba4b-4f97-8dc9-01571337010a,Prefer not to say,49.0,Urban,Yes,No
13cbbaea-330e-4d30-a43c-0e7f90c0f155,Non-Binary,32.0,Suburban,No,No
60fe0aa1-89c6-4e0a-a899-af30bbe8f75a,Female,81.0,Urban,No,Yes
91625276-ce4e-4875-82ca-4fddc9627b13,Female,35.0,Suburban,Yes,Yes
5fbb19ad-cb7f-4613-9072-ea1dc30ae2a3,Male,46.0,Urban,No,No
f9060fa0-b4f5-4c08-9f43-0914a33c8ecb,Male,54.0,,Yes,No
7c2607c5-d9bc-49b0-9341-f7d04f972dbd,Female,66.0,Rural,Yes,Yes
1d91a303-1da0-4670-b0f3-5590d3e3b51d,Male,65.0,Suburban,Yes,TRUE
2c344e20-82f2-441b-a3bb-781d74920a37,Female,80.0,Rural,No,No
0924a30e-53bf-47a6-9720-7ce7af05f609,Male,,Urban,No,Yes
4b688d6a-6e2e-40d6-9f5f-5c15c8292a20,Male,77.0,City Center,No,No
b1661d13-68c9-4288-921c-637683dd5088,Male,56.0,Suburban,No,Yes
8eb1bd0d-7c97-4ef9-ae79-5906a2573ba0,Female,51.0,Urban,No,Yes
ab430864-e175-4ef0-986a-e5791bf4d92f,Male,49.0,urban,No,No
14e81d3e-55ea-4567-b133-f0a0bf35915e,,44.0,,Yes,No
b5d398f2-9763-4e09-8d31-a84dd531f82b,Female,51.0,Urban,Yes,Yes
8da1e3f1-047e-486b-87a1-46a7f1bac62f,Male,53.0,Suburban,No,No
71f85beb-00be-4a7d-bec4-299529066441,Female,23.0,Suburban,No,No
54498484-b099-42fb-a32a-d1eee7d13ef6,Prefer not to say,67.0,Suburban,No,No
b108e85d-6f9a-4cc8-ba17-477c90b9177c,Female,84.0,Suburban,No,No
c5908cbe-833c-479f-bd1d-544717ce12ff,Male,50.0,Urban,FALSE,No
1669b4ba-2fdf-4caa-87d1-c6f966bb0c26,Female,,Urban,Yes,Yes
6a9bbc49-8f8c-4f3f-8027-686b82c25a58,male,57.0,Rural,No,No
3d8e40d0-58a6-4939-be4b-9a14ce18f9af,Female,75.0,Urban,No,No
28c31089-ae9c-49de-abb7-7c84d13d5d90,Female,63.0,Rural,No,No
3c3e6d00-97d9-46c0-af99-375d25ab9369,Female,20.0,City Center,Yes,nan
66600aab-3dfb-40cc-b8d3-f47409d042e8,Prefer not to say,19.0,Suburban,Yes,No
60cd7fdd-41e0-4000-8793-fc76d8d222a7,Male,22.0,Rural,No,No
dbfcbade-7e46-4d4d-aba1-5fb4d75337e8,Male,71.0,Urban,No,Yes
98b2b5e3-ca9c-4451-a5b7-143e7f5e5581,Male,999.0,Urban,Yes,Yes
1502be69-af76-4b87-a3a4-d64a47c43984,Female,54.0,Urban,Yes,TRUE
0ac906cf-7914-428f-9e92-1451f67925e2,Male,56.0,Suburban,No,No
ad149a0e-451f-43de-b0d5-241bb4bfb114,Female,40.0,Urban,No,No
6ddfce47-4603-4248-b880-faae5ba24e4e,Prefer not to say,25.0,Urban,Yes,No
612e74e3-a009-454b-812c-5451481ea5e3,Male,35.0,Rural,nan,No
180b1946-3252-4634-bafa-c915c04e00a2,Male,32.0,Suburban,Yes,Yes
732a8fff-771d-4b80-951f-7479354348d3,Male,73.0,,No,nan
4f977013-b84d-426a-b15f-7eebf35fc671,Male,47.0,Rural,No,No
465551ba-80f3-4ae7-bce4-a9cc542e263b,Female,,Rural,No,nan
2072ca40-68dc-43c4-9786-320a293f14da,Female,47.0,Urban,No,No
c7953ec4-7927-497d-a212-e68786709bf0,Female,,Suburban,No,Yes
c4d18a8a-c941-4c9b-9ddd-228444c4c54c,Female,55.0,Suburban,nan,Yes
7dcb96de-2349-4d4c-9adc-84ce1c981e53,Male,60.0,Urban,No,No
c8501277-1eb3-4296-9d77-a2b878656160,Male,80.0,Urban,No,Yes
ad815f4f-3bf1-4936-8cf2-540baf6d41ab,Male,33.0,Rural,Yes,N
6a275294-4939-4344-8da7-c051bde1a054,Female,41.0,Suburban,No,No
747f12cc-1b40-43d9-b569-4b29152e85dd,Male,43.0,,No,No
cb1423bc-7517-4ea4-bb20-d5376488ee40,Male,25.0,Urban,No,No
4f69a5d7-aa39-47c2-ad87-f761b49391fd,Male,40.0,Urban,No,No
dc6ae894-d7ab-4add-b55f-85813c8d8ef3,Male,52.0,Urban,No,No
0f384a99-dcd1-47aa-900e-9b8d0d476a38,Male,63.0,City Center,No,Yes
339e1c53-428f-467a-96c6-9dde8d5605c5,Female,26.0,Suburban,Yes,No
494651d8-bd41-4826-8a9c-e9bc23efe200,Male,23.0,Suburban,No,No
d3e70eea-184d-4467-a6eb-3a8b3d7c4536,Male,52.0,Urban,Yes,Yes
0469b8fa-7001-463e-bec5-4b000c31cacd,Female,61.0,Urban,No,Yes
459301b6-1556-44c0-88a4-7a1be882f1e1,Female,43.0,Rural,No,No
6d67c220-fa17-46f8-82dc-114bb9c91056,Female,77.0,Urban,Yes,No
6e24bf07-16f6-4f5f-bea6-c42dddf25d2d,Female,78.0,Suburban,No,No
6b87fff6-dfe8-4b36-8ce9-924b043b709d,Female,71.0,Rural,No,No
5cdf5213-0a71-4f8d-912e-4492fb52ea3f,Male,31.0,Urban,Yes,No
41d2d70b-86e0-4ab4-9669-90905f236caf,Male,25.0,Rural,No,No
c6c42686-e9dd-4101-8a82-3bb0f0010505,Male,82.0,Rural,No,Yes
54d3e4ca-0ebb-48b6-b5e6-fcea92a35d96,Female,34.0,Urban,No,No
 d134c571-af23-4a7c-b8a2-7ede652042ee,,39.0,Rural,No,No
51f4f584-1716-44c4-9437-97db5ebd72bd,Male,19.0,Urban,No,No
55e5ef83-0d3c-4ad2-8a5e-d534fc333411,Male,82.0,Rural,No,No
6a078241-0c4c-453b-bb65-1c3571af4a0c,Male,67.0,,No,Yes
cf59698d-bb3d-4860-9ddd-2055fd932718,Male,24.0,Suburban,Yes,Yes
ab9e19ee-611a-4caf-bb79-8a11cd00eeb5,Male,78.0,Urban,No,No
06c24bba-c835-4185-afa1-68da7df68b28,Male,35.0,Rural,Yes,No
c072e8ad-6f55-4218-8080-73be5b5b8124,Male,43.0,Urban,No,Yes
1efbca17-4788-4566-9af6-114515bc10ff,Male,18.0,Rural,Yes,No
dd27f51f-210b-4169-876f-bc047b2ba86a,,52.0,Urban,No,No
fc265b1e-df04-48c7-b8c3-1ebf5ee680ab,Male,64.0,Urban,Yes,No
648f466b-adb7-4c89-9529-d2ad87420e06,Female,39.0,Suburban,Yes,Yes
8cff2282-ce7b-41bd-ada5-2c6a1d80a0bf,Male,62.0,Suburban,No,nan
5de6475b-5614-4a3b-9b02-101ef4db1eea,Male,,Rural,Yes,No
6f511f55-9f58-4567-9442-5199e2d2ce6c,Male,60.0,Urban,Yes,Yes
052869af-c01f-4fb0-87ae-90224d328f26,Female,26.0,,Yes,Yes
1e040cdb-7e0a-4380-a5e3-945e4309a34e,Female,47.0,Suburban,FALSE,Yes
32203bcc-e297-4327-9f90-a44139a32ab6,,70.0,Suburban,No,Yes
c110161e-1f44-488d-b550-d54e73415d8d,Prefer not to say,54.0,Suburban,Yes,Yes
404fc243-8185-479b-b2af-74901777b439,Prefer not to say,25.0,Urban,No,No
1b6e0b65-552e-41d0-baf3-89b6c69705dc,Non-Binary,,Rural,Yes,No
f393b1c1-9a83-4e60-933e-b27e5fd2487e,Male,84.0,Urban,No,Yes
dee69a86-ee64-4e77-8e19-f8f9e1cca9b4,Female,72.0,Rural,Yes,Yes
8be42568-f245-4ad8-ae59-a10a2f761d81,Male,60.0,Urban,No,No
8a31fddf-fa4f-4c8e-8019-9dcd761a7926,Female,48.0,Suburban,nan,No
c0021f59-676f-4873-afc7-b4e2af4ae6f6,Male,53.0,Urban,No,No
0d3c4eb7-31fc-4fca-8dd7-827299b10dd4,Female,61.0,Urban,Yes,No
ce34d720-e148-419f-a078-99919aea8d26,Prefer not to say,31.0,Urban,No,Yes
da9ed2fe-cc0a-4137-8c54-00b3f5ffdb02,Male,41.0,,No,Yes
5e68e867-1ab3-471f-826e-def27f58c112,Male,120.0,Urban,FALSE,No
d1554c93-f0d5-4937-aec0-85337b2866b3,male,75.0,Suburban,Yes,No
84cab685-594b-4522-a833-04e02ebeca0c,Male,48.0,Urban,No,No
0205cec9-2000-4c44-8002-f8ca0eddafbb,Male,74.0,Suburban,No,No
bf7ff8f9-d79c-47ff-998b-b5d8228b3383,Female,29.0,Urban,No,No
f04a2473-a131-4f00-8a98-8095bf9f76b7,Female,71.0,Suburban,Yes,Yes
34d1dfa7-4ae4-47b4-8ff4-a6203b681f2f,Female,76.0,Urban,No,Yes
6e030891-f95c-47fa-932b-c72a6c490d50,Female,53.0,Urban,Yes,No
d26ff0cc-4f54-4ba3-a2cd-c593b1aa88f9,Male,50.0,Urban,Yes,No
279e68ff-726c-4d43-a7e1-c3e03aacc536,Female,52.0,Urban,No,Yes
85526006-5465-4caa-b290-b01e902c2616,Male,45.0,Urban,Yes,No
3d545afe-9f06-496e-a24a-79ae650f502b,Female,31.0,Urban,No,N
cec3fa88-5df2-47e4-b058-7bd44ebaaea1,Female,28.0,Rural,Yes,Yes
a7172d01-c243-40f7-a3b8-33a7b6fa9e67,Male,39.0,Suburban,Yes,No
c6c88cc6-9b25-42f8-9bb3-825ef947f944,Male,,Rural,FALSE,No
b17650dd-2da3-4a63-ad35-8e88df048899,,78.0,Urban,No,No
c63307f9-d476-4140-b455-794e8bc31daa,Male,41.0,Urban,No,Yes
346851bf-3f17-4437-86f8-858f3c608088,Male,27.0,Urban,Yes,nan
e1e6f8ef-6e0f-40b4-91df-cd246557ca10,Female,34.0,Rural,No,No
1587158d-4e54-4290-b75e-122515f51365,Male,34.0,Urban,No,No
4711df9e-9c43-4bbf-bd92-f54e4000f8d5,Male,67.0,Urban,No,Yes
4a851f18-e867-4b24-89f1-152fe3a9c48d,Male,25.0,Urban,Yes,No
923d73cc-9919-42b4-a123-f7c8afc713dc,Female,74.0,Urban,Yes,No
3dac74b6-4644-416d-bc35-c81205a3009c,Female,81.0,Urban,No,Yes
1b0f2fca-1036-43ce-bc77-60939fb249f9,Male,49.0,Urban,No,No
dadc806f-ea10-4cbe-8300-278ee5961771,Female,54.0,Urban,Yes,No
1d406b5b-da36-42d5-8835-f7ff45ff20af,Female,81.0,Urban,Yes,No
a22b48c7-9ad7-4eaf-bc2a-05e39f0cd2d5,Male,22.0,Rural,No,No
ea85ed09-58e2-4c92-97b9-3be589215389,Male,27.0,Suburban,No,No
54ded181-f805-4ffc-9cf4-168119b8be59,Male,63.0,Suburban,Yes,No
b1620e0b-6d36-444b-ac7b-a029283174cc,Male,41.0,Urban,Yes,No
91cb5c64-7cbc-43ff-bd9e-0ab2fc1d5a65,Male,77.0,Rural,Yes,No
6ea1a722-ee8a-45a0-b7ca-67cfa2834f82,,76.0,Urban,No,No
e475ac9b-c5b3-4e1f-9286-c900d6140dc0,,67.0,Urban,No,No
375d07f1-278b-4ed9-9043-b79e42d7244e,Male,25.0,Suburban,No,No
7f22e745-5d5a-4ce4-b3a7-eb35a5968c1c,Male,83.0,Urban,No,No
a88acdd9-9c08-43e9-b8fb-afcac0d6fa80,Male,32.0,Urban,No,No
b061060e-acc2-49d5-a0a5-0faa7966e9c2,Male,78.0,Urban,Yes,No
6d9ff2bc-8dd5-4844-926a-f0b3fd8dfaf0,,69.0,Urban,No,nan
d187c988-84ce-40a3-9f91-4f09672f242f,Female,63.0,Suburban,Yes,No
ae83e44e-0bb4-416a-a16d-b28458006ede,Male,19.0,Rural,No,No
7370faaa-c75b-4e43-abb7-b87636585c79,Female,62.0,,Yes,Yes
112a353b-fb78-4326-b88a-7aff306ec640,Female,20.0,Urban,Yes,No
270e65fb-9e86-47b7-af55-9a98639a7b80,,83.0,Urban,Yes,No
17698834-caca-4632-92e4-3e3cdb6d7aa4,Male,48.0,Rural,No,No
8ac77e28-342f-4cc0-8645-3fff7d8b16bb,Female,19.0,Urban,No,No
2548167a-9c7a-4247-9658-cec0c06992cf,Non-Binary,58.0,Suburban,nan,No
00bb599f-0be8-4002-9a6c-bc6c63075377,Female,82.0,Urban,Yes,No
9e0d811c-6408-45f5-a002-37f81d783c19,Male,83.0,Urban,No,N
649d1d18-1c4c-4802-a4cf-6492366b3d79,Female,80.0,Urban,No,No
57f0f403-6abb-402f-8f06-4e7602859e68,Female,44.0,Suburban,Yes,No
e453e05c-87f0-4c49-b24c-d5a2841bab10,Male,24.0,Suburban,Yes,N
9b765df5-3bc6-4b71-b233-d07098d9a516,Female,23.0,Urban,Yes,No
b71f5e2f-5e74-4965-9dc2-22a589729e68,Female,22.0,rural,No,No
d62df3fc-4f99-45e7-9a42-15c58d1dd075,Female,74.0,Urban,Yes,No
b1b681e1-7563-4875-82f1-6e1c191e8961,Female,37.0,Urban,Yes,No
a58ec4e0-db90-4a96-bc6e-3d3297d6bd64,F,66.0,Urban,Yes,No
10618870-3cd5-4472-924c-1a8aebe2848f,Male,29.0,Urban,No,No
497b6f8f-584a-4216-aea7-ce3ec7d98a0e,Female,44.0,Rural,Yes,No
a980cfa2-bc30-43d7-bf8d-dcfbc2339b82,Male,61.0,Suburban,Yes,No
a1db3f3b-3a63-4637-bfa7-0a3bc8f297b3,Female,37.0,,No,Yes
e867c8d3-5e64-4405-8e6f-d13bab1c6b3b,Female,40.0,Suburban,Yes,No
810b0411-89f5-457c-8680-c55364c82933,Male,18.0,City Center,No,No
63b89f9b-94b3-4f3a-8fce-c0d41aefad76,Male,70.0,Urban,No,nan
5ae8f14b-210d-4548-8bb0-4804ecc66327,Female,61.0,urban,No,No
40c29dc2-ff6d-4e73-99e1-a5e6aed62157,Male,69.0,Suburban,Yes,No
127176bd-b873-4915-8c42-7ba9c33bbfc0,Female,65.0,Suburban,No,nan
197ca88d-e709-4b1b-beb2-9f41feaeaf24,Male,34.0,Urban,No,No
e0106468-0199-4772-8a6f-699113418b12,Female,57.0,Rural,No,No
bd009d44-625b-42f0-98c5-cc47e397a9e0,Male,32.0,Rural,No,Yes
6050f677-bbba-47e4-ae7c-ed63dd2d7388,,79.0,Suburban,No,No
227856f5-5cd2-43da-96f2-d3abd214b23e,Male,48.0,Suburban,No,No
a09a491f-d831-4861-aef2-222f2dd65a37,Male,31.0,Urban,No,Yes
68521a98-c0cf-4765-be7a-dc524aacfd66,Male,33.0,Suburban,No,No
dd69dbdd-302c-4f85-bd2c-0fc784f6104a,Prefer not to say,64.0,Urban,No,No
fd81a729-8224-486d-afa5-2e1f92646e3f,Male,19.0,Suburban,Yes,No
cb51fea0-cb23-45ed-af62-579a0afd47bd,Male,41.0,Suburban,No,No
84658d9a-a79d-4ab9-80be-6779026de551,,51.0,Rural,Yes,No
a3e423ba-e731-4076-83a4-078a50fe4e34,Prefer not to say,60.0,Suburban,No,No
d83c6fc5-0c6f-4b1e-b92f-68f1fc30a921,Female,74.0,Urban,Yes,No
ee745a63-645b-4bc0-a594-14d5ddd84731,Male,28.0,Urban,No,No
65e1a32b-935c-4dfb-a00a-ce6c936c83fa,Female,80.0,Urban,No,nan
91a8f0bd-2bdf-43d6-a4b6-b8fc337a2e35,Female,41.0,Rural,No,No
948ec121-770b-4012-8551-03b6f16a730e,Male,59.0,Urban,Yes,N
97a3f909-176a-4284-ab44-2a144c081ff5,Female,37.0,,Yes,No
147d12b4-c751-4c77-ac08-77f3bbe8794f,Non-Binary,31.0,Urban,No,No
9ff8013f-1d4f-4824-a4de-e86ac2bfc5eb,Male,55.0,Urban,Yes,No
e7a1e684-a2f6-4c8a-bf16-0f212d749d40,Female,49.0,Urban,Yes,Y
816a3597-a6f3-4b52-ba06-e14b3e2cdf05,Female,36.0,Urban,No,No
4666e365-f290-4180-b157-6fd94a3edff7,Female,54.0,Urban,Yes,No
3d51b82e-a2a4-40aa-944e-949687e48123,Male,63.0,Urban,No,No
53b3a51a-abe2-4536-a7e7-889cbe658638,Female,44.0,Urban,No,No
4463a1b8-1a64-4614-932f-e7a8c41c0dce,Male,63.0,Suburban,Yes,Yes
e51eca6d-6a69-4b70-b088-96d0bf8d9691,Prefer not to say,37.0,Suburban,No,No
57a6ec2a-896f-4be7-9325-26fc41242d65,Female,22.0,Urban,Yes,Yes
07ea570e-b75f-49ad-887f-ddc3e72b921b,male,26.0,Rural,Yes,No
cd67c4ed-a216-41c7-b7ca-c622aeed5f79,Female,38.0,Urban,No,Y
cf9671aa-a5ec-4d95-be51-aaeeb249044b,Male,49.0,Suburban,no,Yes
549e8a89-da89-45d3-8d11-c6dc3f49cd86,Female,54.0,Urban,No,No
2a49ea36-7b71-44e5-8dbc-a338d38d7983,Male,83.0,Urban,Yes,No
9bfbadde-70b2-4ebb-9668-5f6daade8047,Female,61.0,Suburban,No,No
d1d479aa-4944-47e2-8c1d-000df5d1cf6e,Male,54.0,Suburban,Yes,nan
26814e6f-6fe2-4cdb-8d6b-dbc12b00a011,Male,62.0,Urban,nan,no
e1d7cf81-f518-43b7-b51e-21d6ee643c1f,Male,38.0,Suburban,Yes,No
166bfe67-7b23-4e65-acdb-2609d046e0f3,Male,52.0,Rural,Yes,No
ad6585fb-66eb-4af5-9a30-70a51db4ca88,,64.0,Suburban,Yes,No
63fca077-dffe-4b12-b0c6-c0097cb7317c,Male,31.0,Rural,No,No
1e0ebcf9-4362-46d7-a14f-a3b3c2f2748b,Male,56.0,Suburban,No,No
c87eabb8-ce71-4189-a2a2-cff20cbe2e59,Male,64.0,Rural,Yes,No
d668a30f-d414-430b-9b93-7cafa0d2d74c,Male,43.0,Urban,No,No
f1bbaad0-c872-4541-b6fc-b7c48e94d05d,,80.0,Urban,Yes,No
2fdfe9e4-4870-4215-bf33-932bc75e8c17,Female,58.0,Urban,Yes,No
764faef7-0f99-4576-a74d-d3ccaaf99451,Female,56.0,Suburban,Yes,Yes
027de5bb-8a6c-4d89-b4f9-417270cc088e,Female,42.0,Rural,No,Yes
fe3cdcc4-3111-4b1a-a2b2-d93b83ff45c7,Prefer not to say,120.0,Urban,No,No
63cf3424-5e37-456f-9beb-230c0db2bf5e,Male,79.0,Rural,Yes,No
dda9acd7-2ad0-4d84-8606-56b3a2a10845,Male,47.0,Urban,Yes,No
413786d1-cc00-4cef-a5f6-ea2c8f5385e5,Male,57.0,Urban,Yes,No
731bae4a-5dab-4b75-9944-7317fbc5d91b,Female,56.0,Urban,Yes,No
2ba8a774-bb2d-4793-b507-b752a78465f9,Non-Binary,26.0,Urban,No,Yes
9a435279-ebf2-419e-a139-add6300d181b,Female,66.0,Urban,Yes,Yes
93ab9d6a-16ea-4fd9-89b1-7f456e046a43,Female,52.0,Urban,Yes,No
7d86340c-b601-4ef5-a569-fed392a7fc43,Non-Binary,57.0,Urban,Yes,No
09369dc8-0c9b-4d37-acbb-ef88a5bc4d94,Non-Binary,38.0,Rural,No,No
7548a8bf-fae5-4a6c-ac74-b7f2b93e82cd,Female,37.0,Urban,No,No
a0b0a226-53e3-4008-b9ab-487e03c5554a,Male,36.0,Urban,No,Yes
4cdc6c1d-d1cf-4c68-af21-f0027ad5a23f,Female,40.0,Suburban,No,No
8227cbd8-4280-4b6d-b0e4-a1d8af62596d,Female,19.0,Suburban,No,No
d353cf33-8864-4406-b729-28a16f431239,Male,22.0,Urban,No,No
edce5ac7-fce6-4475-9e2a-a79edcd84473,Female,76.0,Urban,No,No
154d1d53-cc13-42b0-96c6-78f52f97dfcd,Male,79.0,Rural,No,No
d4dc566e-8cdd-4e22-b7b2-840f4e839426,Male,57.0,Urban,Yes,No
cad658c0-e721-4f4d-9e96-f8044d297bae,Female,45.0,Urban,No,Yes
75bdf190-2ae3-43b9-9406-e05491d99327,Female,41.0,Rural,Yes,Yes
edffa491-a878-4c0e-89bf-ef2dea7516d6,Male,61.0,Suburban,No,No
9f18553e-d3ac-458f-800f-18bd00dfb603,Female,34.0,Suburban,Yes,No
a5b934bd-5d6b-42dd-b1db-715c899eac40,Male,68.0,Urban,Yes,No
4efbdb48-02ed-40de-b5a0-3f37c3a3ccc7,,43.0,Suburban,No,No
dc9e819d-0055-49ca-b307-1abe7eb72d5b,Female,69.0,Rural,No,No
5723f465-c116-4b10-9116-e00b39851b35,Female,51.0,Urban,No,No
47eb3046-c5a1-475b-94b7-93eb1b81d5f5,Male,,Urban,No,No
8ba573ac-3405-4d4a-9b75-3841b0902ec5,Female,58.0,Urban,No,No
f7dec1df-efa4-45b1-8426-e54a45e0978d,Prefer not to say,74.0,Urban,Y,No
5433a27d-6ac0-4327-9734-7aa4961c769a,Male,49.0,Urban,Yes,Yes
33c16336-9dea-4a96-ab61-1d4ae10bfcc5,Female,56.0,Suburban,Yes,Y
5a5d8e49-cff5-4228-aa16-cc0f93b0a31b,Female,69.0,Urban,No,Yes
c3b1add2-dfd8-49ce-aa7d-dc90ecc7c70f,Male,39.0,Urban,Yes,No
44ef042a-00d8-4c1b-a33c-3dbe6460e9c2,Female,38.0,Urban,Yes,Yes
9294a0b6-819e-44ae-bfed-d4f5814a400e,Male,0.0,Urban,Yes,No
8d078c16-8c6b-4a2a-bebb-90c8282c145b,Female,72.0,,No,No
4e16ba4c-344e-4eb3-b63d-c7788279d04a,Female,44.0,Urban,Yes,No
21d26d74-26cd-4d0a-bfc4-dbadee26a9cd,Female,,Urban,No,No
2389f703-8907-4b20-aaff-94dcf1558797,Female,73.0,Suburban,No,No
4beb4e70-6849-40a6-acf5-b268a31984d9,Female,18.0,Suburban,Yes,Yes
af66a496-597b-45e9-9795-8705b279e9ee,Female,20.0,,Yes,no
2e4bca28-7577-4c03-99eb-4069ade9685b,Male,65.0,Urban,No,No
9bbfb8ba-d584-4d2c-85b9-f27cb5f355cc,Male,75.0,Urban,Yes,No
bd90ff4a-142e-411d-acae-0d6a02930915,Male,,Urban,Yes,No
ca16234a-0064-4820-ad29-5f517be0cef3,Female,50.0,,No,No
e571f79d-c915-480a-ab59-0d62a935c53b,Female,18.0,Rural,No,No
e172d5bd-e0db-4d62-8e02-f0b11961293c,Female,80.0,Urban,Yes,No
870c644b-5ee6-4db1-bc36-cb47125c1524,Female,,Urban,No,No
50742d22-3aa1-40b8-bf43-969479d9937a,Female,33.0,Urban,Yes,Yes
07048183-bc21-4e01-bb3c-703e2d0d7b91,Female,74.0,Urban,No,No
f4aaf9a1-3e32-4a44-bd8d-1e960ac034aa,Female,63.0,Urban,No,No
808b3baf-fce5-4abd-82d2-fdd0ebb9dead,Male,43.0,Urban,Yes,No
a088e8f7-9de0-4537-bfe6-adb7b157b07c,Male,60.0,Urban,Yes,Yes
d74eeb60-323d-4e01-9d3a-26f2a9013436,Female,28.0,Urban,No,No
5f34c72e-5cc3-4744-8748-2557910e5736,Male,73.0,Rural,No,Yes
f007108c-d8b2-41e6-be52-f6be6d2520d0,Female,54.0,Urban,Yes,Yes
e9b0ed28-3030-4898-8834-f6fe785810e0,Male,45.0,Suburban,No,No
1222e060-01cf-447a-b6ec-70607d01a528,Male,64.0,,No,nan
268cf0f4-92e3-4141-a87a-eb74352ab4ce,Male,40.0,Suburban,No,Yes
17eef2ed-b3d9-40bd-9107-94d556c80363,Female,71.0,Suburban,No,No
a1fc15d8-a59f-42d2-875f-37859b395de2,Female,49.0,Urban,Yes,No
38ab14db-c000-46d0-b491-87b53df6f5d5,female,53.0,Urban,No,No
22635401-9d7e-433c-8db7-4f5412920416,Female,61.0,Urban,No,Yes
a9b207bc-12ea-4d72-9ee3-d84fb362c113,Female,49.0,Suburban,No,No
90536bc9-a5bd-4559-bfe9-33ee936a532a,Female,44.0,Suburban,No,nan
ce4fa777-bbc6-410f-8616-df21b17ee196,Male,120.0,Suburban,Yes,No
9907dc38-6cb1-4821-b33d-8aa27baaead6,Female,59.0,Suburban,No,Yes
e666b96c-a2e6-4e38-b3c4-0070f8f4de91,Female,73.0,Urban,No,No
8a64395a-1087-46c9-8384-c6ea3c71467f,Female,24.0,Urban,No,No
64cfa54e-3fd0-48cd-bd71-8c75d5b68c21,Male,66.0,Urban,No,No
0272daee-887d-4413-8536-57b7ef91ef4b,Female,62.0,Urban,Yes,No
54fa8557-1de7-4cf3-b06c-e1af24f0a7c2,Female,72.0,Urban,Yes,Yes
5885f141-38d2-42aa-b494-cb55a2d721f1,Male,54.0,Rural,Yes,No
50975630-9c0a-4dcd-93a7-b01bf0a27603,Male,28.0,,No,no
8f69030c-41ec-40c9-801a-a4ba15357228,Female,35.0,Urban,No,No
be490d1c-b79f-42d6-81ba-92b344a1ddb1,Non-Binary,36.0,Rural,No,nan
19862cf7-2bed-48f1-a40d-38276785e0ae,Female,42.0,Urban,Yes,No
9011f7b3-c728-4c99-ad03-c30b19c21fd4,Male,71.0,Urban,No,No
4f00d6c6-d5f2-4486-ab40-39e76f6a10e5,Male,42.0,Urban,Yes,No
d17d5efe-5ec1-4d5f-b4de-23a37fbc9d07,Female,72.0,,No,No
ff5b28c8-545d-4ac1-b98a-85d774e5d434,Male,83.0,Suburban,Yes,Yes
c238d866-da6e-49b6-868e-ec49555ab7c3,Male,32.0,Suburban,Yes,No
9880c3e4-8b66-41fe-bc75-f6b953c1a9fc,Female,36.0,Rural,No,No
9e82cb00-b964-4a19-a661-2f8ff2c7b3d2,Male,58.0,Rural,No,No
8cc08ac4-5ac5-42ee-8bc0-16ecf9cb3ae8,,73.0,Urban,Yes,No
f0a744b0-1e42-4895-80fd-2a4b512d36aa,Female,55.0,Rural,Yes,No
1ed34d23-11e3-4091-be43-f107faa645a1,Female,34.0,Urban,No,Yes
9fdca4e5-147b-4622-9a38-62a6a5a2511b,Female,32.0,Suburban,Yes,Yes
2ceb3868-bcd6-43bd-9e87-06de5a3dfa7b,Male,19.0,Suburban,No,No
900f703e-a8a8-4e7d-8039-50ac16d957c1,Male,40.0,Suburban,No,No
3ab47ec3-d45f-40e0-8a72-91fab82faf38,Male,30.0,Suburban,no,No
8ae52635-ed2f-4900-a077-6b1163d70e10,Female,69.0,Suburban,No,Yes
ce4a3ef9-dbb0-4b78-a1e9-29ced59f33a6,Male,33.0,Urban,No,nan
36ab2479-909e-4433-8e5f-da17c43e7fe1,M,83.0,,Yes,Yes
0ad0838f-aa1f-414f-8438-7c0a52781984,Male,68.0,Urban,Yes,Yes
7471c154-34a5-4b18-b1ff-66ff53306969,Female,68.0,Suburban,No,Yes
e45e0dd3-c713-4973-b386-3e5ed7f7dffe,Male,84.0,Urban,Y,No
80c4856f-3917-4ed7-aa08-1022f48a17fe,Male,39.0,Suburban,No,Yes
a58573be-71c5-4e09-bbc9-04c1b720c63c,Female,29.0,suburban,Yes,Yes
89123f91-dc83-488d-8920-7834a858f5fc,Male,70.0,Rural,Yes,Yes
a8259f40-4cf8-4ae3-86ab-5c1ecb0ac4bc,Female,48.0,Rural,nan,Yes
0585ea05-e2dc-4fdc-b9f5-982bde71be42,Female,76.0,Urban,Yes,No
518ee76c-d943-4319-bc75-15ed8e060d8f,Male,42.0,Suburban,Yes,Yes
ec9e8d9f-bb66-4c90-953c-2d8d089b9698,female,18.0,Suburban,No,No
a0c8b61b-5879-45a4-903b-203eb7598892,Male,64.0,Rural,No,No
1a722a33-34fd-4f67-b772-934388fe9ae7,Female,64.0,Suburban,Yes,Yes
92e801c5-2cdc-4d91-a278-09ded69cfc90,Male,83.0,Urban,No,No
bb171ff6-3f50-4a5d-93e2-a8ff3528c27e,Female,81.0,Rural,No,Yes
1764bc7a-a2da-4a16-bc34-49d8b3c68fbf,Female,51.0,Urban,Yes,nan
1260b129-ab93-48d9-9928-f2cc2e6b7213,Male,73.0,Urban,No,No
3207e926-dc61-43d0-a28b-c0cceeb27a50,Male,,Urban,Yes,Yes
b3aea059-e4ec-479a-957d-dc600f3f9c49,Male,71.0,Urban,No,No
a0f2564e-805d-48c8-b5f9-a8eb3bb5f644,Female,70.0,Urban,No,Yes
7c9b9552-9800-4c3c-8548-39bb7cf0a1e5,Male,75.0,Rural,Yes,No
f1d18685-11ea-4f22-a5f3-747df5fcfbaa,Female,26.0,Urban,Yes,Yes
37fb8917-26f4-47f3-9e10-a41baf9b7c8a,Female,58.0,Rural,No,Yes
bad7b28e-5aaf-4f10-8446-ab42be37a7d6,Male,50.0,Suburban,Yes,Yes
a4698912-6c5f-44bb-bf9a-daacac63a4ae,Female,,Urban,Yes,No
14993810-04db-41e4-afa0-2348fdc4fe10,Male,,Suburban,No,No
86ec8350-2c67-4dd6-a988-e9aaf597e182,Female,53.0,Urban,No,No
023b64c5-8bc5-42b0-99c8-f03df3998b8e,,82.0,Urban,Yes,No
b09dc63a-dea8-4e66-9fc1-15422a55cd47,Male,78.0,Rural,nan,No
fbb5af79-41d8-4101-a053-5c24a8e72597,,52.0,Suburban,Yes,No
10b91b1e-51ed-458b-92e4-633fdc2e07f8,Female,38.0,Suburb,nan,No
ebe91af8-73c4-45c7-ab6b-ce78c59440c4,Male,30.0,Urban,No,No
97d16085-2fca-4075-a6ad-0ac60a0dd80d,Male,69.0,Urban,Yes,No
5371c861-e80b-4024-b697-f11bac3e9028,Male,72.0,Urban,Yes,Yes
3f6444e2-ab5c-40e1-939a-322b81f15568,Female,42.0,Urban,Yes,No
60eeadc3-3a9e-4dc7-9bc6-071add68a18a,Female,77.0,Suburban,Yes,Yes
0fd576c3-6a6e-419d-8cb3-4974b3d07ed1,Female,50.0,Urban,No,No
7aab2037-4506-4d28-b86f-79ca2c6ff514,Female,42.0,Rural,nan,No
b19d3eb0-f3c6-44b5-9c3a-c7040cd52310,Male,69.0,Rural,nan,No
4d3b3ba4-2e5e-4a3c-b7b6-d053e2dd649c,Male,,Urban,No,Yes
656d5ed8-3fe5-461d-8987-a647dfd69de1,Female,69.0,Urban,Yes,Yes
43d80642-b732-4c9b-8898-c5683bf96be2,Non-Binary,50.0,Urban,No,Yes
f14555f6-ca94-4d93-b76d-fe54f37d37a1,,56.0,Suburban,No,Yes
39f0ca1a-a134-407d-bc1d-4137c693696f,Male,,Urban,No,No
0db747e4-e184-4d78-9d3b-7d6d9cd2983f,Male,44.0,Urban,No,No
9ccad159-ef52-4267-98fa-2ce2fdfb5306,Male,71.0,Suburban,Yes,No
83b45a97-39a1-4aa0-9064-e8d0402b41f3,Male,75.0,Suburban,No,Yes
054b4e0c-3f38-4be7-b9f4-2835f22e0627,Male,55.0,Urban,Yes,Yes
69068f50-30c6-4306-8874-f45e782d5d75,Prefer not to say,72.0,Suburban,Yes,Yes
42eb6f95-193a-46d8-af8d-52f581cb1a63,Prefer not to say,54.0,Urban,No,No
82335903-5997-424b-87fa-282319b865a1,Male,22.0,Urban,No,No
46a8c454-b116-4e30-b61f-55e0876462ad,Male,68.0,Urban,No,No
323ef0d5-fc20-4ff4-b092-ec6616fc8b2e,Female,84.0,Rural,No,No
f435b7a3-d4c9-4f0d-88a5-33bd99122b5b,Male,39.0,Urban,yes,Yes
9f68978f-9246-42a2-bf0b-e8be3025d851,Male,59.0,Urban,Yes,No
671761be-d47d-41f2-9e09-8bc6aec692a6,Female,67.0,Urban,No,No
a2a67ba6-f3d4-4e69-be2c-ca51bec8698e,Female,61.0,Urban,No,No
7894a0ca-05de-49d3-bc96-94c672a263d6,Female,43.0,Suburban,Yes,Yes
06bd9fa3-7885-4f8f-aa9c-2469832f854d,,24.0,Rural,Yes,Yes
a4dcafeb-bc4f-4ef7-9e04-dbb4de79750b,Male,62.0,Urban,No,No
d00c1d7e-0993-4c0b-b731-a06e2cd19be3,,24.0,Rural,No,No
93183bbd-8eb9-4f4a-bce5-ed070cb26eda,Female,46.0,Suburban,Yes,No
2f520040-7acf-42a1-b883-11984ab3499f,,64.0,Suburban,Yes,No
94643e77-c7f8-4664-b4fa-2544f8ee9ec3,Male,37.0,Suburban,No,nan
5ed6313e-9238-448e-aaf4-e101706eebaf,Male,75.0,Urban,No,No
aae8c68d-45de-4ccd-99e9-2861068bfd88,Female,50.0,Urban,Yes,No
cd7dfe23-d3f7-4936-845e-9ccb8f2603d6,Male,27.0,Urban,No,No
fa5e3588-88ac-419a-b3e1-94d9d2367cea,Male,,Rural,Yes,No
dc930c7f-5657-4b2b-b66f-6d499e154b5a,Male,71.0,Urban,No,No
2d4f90fd-32f5-418e-bd4c-7078c1c60217,Male,74.0,Suburban,No,Yes
16f817f5-e123-4b98-bda9-bebd42f47f21,Male,70.0,Urban,Yes,No
8a7be67b-932c-4329-95ed-63d63a1130fe,Non-Binary,63.0,Urban,Yes,No
14dce089-d582-46da-be0c-c040363852c2,Female,63.0,Rural,No,nan
365b722f-34ef-49ff-b22d-42c55714f194,Female,59.0,Rural,Yes,No
17f77cec-9c09-4956-b71d-ac861c1e6002,F,67.0,Urban,Yes,Yes
1a6b98f5-003d-4ca0-9695-d2ac7ebed5c5,Female,43.0,Rural,Yes,No
f39a2ee9-fd74-4b6f-bf2e-5ff38293237c,Male,53.0,Urban,Yes,No
c9a7b0db-4c96-40d4-9327-3bc8c19ec5c8,F,69.0,Urban,nan,No
80532db9-9dc5-4a7c-bb8a-2088e220e6fe,Male,76.0,Urban,No,No
5400bb85-2ac0-4782-b2ce-0fd49529cfa2,Male,62.0,Urban,No,No
7c690dbc-53c6-4cca-8147-7802f769613e,Female,82.0,Urban,No,Yes
514f98a7-f441-4ff1-bfd0-16c948e98c39,Male,36.0,Urban,Yes,No
4c36e92c-e79b-4ea1-afaa-4f8eba620512,Male,53.0,Suburban,Yes,yes
3cabf68e-7fc2-4cfd-afb1-fe0994e4f4e7,Female,45.0,Urban,Yes,No
9c301d32-78e9-450d-8511-bfd61db20fb5,Female,21.0,Suburban,Y,No
e438b467-d29d-45f1-a8f5-a83bcbe04aad,Male,67.0,Urban,No,Yes
409f76d6-3c16-4a2f-aaf0-541c0745580f,Male,76.0,Suburban,No,No
7c6f752d-d1ee-4147-8216-94f3494b99ab,Male,18.0,Rural,No,No
740a328d-adc3-4a8e-a4b8-72c1d94eb2ba,,54.0,Urban,Yes,No
de8b9a18-62ef-42fb-ac40-c7860cbceb4d,Male,65.0,Urban,No,Yes
e4f3a3c8-1360-4f89-9eb4-1605f8ef6c6a,Non-Binary,57.0,Urban,No,No
41eaedd2-163f-4755-9916-059f50844166,Prefer not to say,21.0,Rural,Yes,No
6551fb69-4c4c-42f9-991e-802ed24aa4cf,Male,28.0,Rural,Yes,No
b868f208-cf7a-466c-b309-49fdedc96c21,Male,50.0,,No,No
5ccc3f54-9c1a-4df5-8016-7b25953cbf10,,38.0,Suburban,Yes,No
bdbb1d1b-dc56-47c9-802e-9eb1a12294e3,,23.0,Rural,No,No
323f781e-8c79-4397-b46d-9753feda9d16,Female,34.0,Urban,No,No
3f204fa0-bec9-446f-a2f8-adc57b1b1b59,Female,43.0,Urban,No,No
02ab957e-f1ba-4b4b-9292-3bfe3aef8e0a,Female,66.0,Urban,No,Yes
d4c4ee0c-84e1-401f-986d-15b594eadd73,Female,41.0,,Yes,No
9cabe629-5c4c-47c9-b7ba-caaedc1adc3b,M,20.0,,Yes,Yes
6fb01f9a-c36f-44e3-b374-721c775abfb3,Female,,Suburban,Yes,No
7999b1ce-2fb3-466a-9093-481fff7c75d5,Non-Binary,70.0,Suburban,no,No
76d1be04-d546-4ef6-8321-ba082c91f5e2,Female,59.0,Suburban,Yes,No
d5908620-9435-462b-878c-7112fcca0dbb,Male,72.0,Urban,Yes,No
55b890cf-5c2c-450c-be98-083d86757110,Male,,,Yes,No
55627a16-d96e-4073-9f05-2fffe400f6ec,,31.0,Urban,No,Yes
817ec745-91f0-46e2-8771-47a1db3b674a,Female,50.0,Suburban,Yes,Yes
020e1605-3841-4fce-8d21-13a77e8d524b,Male,30.0,Urban,Yes,No
f8df09e6-80a5-45db-951a-c2cbd0d5020c,Female,18.0,Urban,Yes,No
37ad8474-3b1a-48cd-92f8-dd5ca6b332d3,Male,70.0,Suburban,No,No
75b4d6cf-064c-472a-831c-f73dee36c263,Male,47.0,Urban,No,No
2a0bf1c1-4d0d-40a8-a214-ea404080ea85,Male,35.0,Urban,No,No
4fa2f56d-28e3-479d-a697-e590e0227980,Prefer not to say,68.0,Urban,Yes,No
68065b79-363d-4d47-ab30-07633b115ef9,Female,22.0,Urban,No,Yes
5d752d5c-41d6-403e-b615-a6ce215bd745,Female,61.0,Urban,Yes,No
30d9c9ac-fd11-4ec5-a946-478ad0cb7904,Male,33.0,Urban,nan,No
8c054d99-9999-4a0e-9428-959df416b5b7,Male,80.0,,No,No
65be2590-cffb-4056-b895-93c46520c9fb,Female,72.0,Rural,Yes,Yes
15cc8048-6164-42a5-9236-b9f0b55c9803,Female,77.0,Suburban,No,No
bdff2096-e1ac-4f25-98b0-9ae8459847cd,,65.0,Urban,Yes,Yes
88b1f28d-1bd1-46b4-aee9-d24451ba9013,Male,57.0,Rural,No,No
67f49191-1124-4227-bb92-d860e6f98e3b,Male,23.0,Urban,Yes,No
e63c7865-6e9d-469c-b051-5dc702823444,Female,83.0,Suburban,No,No
c1d36b71-6085-42f8-9427-ca9d5b368945,Male,63.0,Urban,No,No
b264c90e-ceee-40f3-a8cc-4bee64f053e6,Female,26.0,Rural,nan,Yes
07d86f72-c0c0-4c65-a801-ce73b3361638,Male,73.0,,Yes,No
f8bae10a-ef26-4e5f-897c-a6c89f835e10,Male,22.0,Rural,Yes,Yes
0c13f74e-b662-4ac2-8cd5-2065c058aacc,Female,35.0,Suburban,Yes,No
305761d2-f158-455b-ba43-05786d8ae77b,Prefer not to say,65.0,Suburban,No,No
ec821ede-9738-4c01-b8c0-103601894baf,Male,27.0,,No,No
13859561-dc64-4b57-84b1-45f6acfd4176,M,62.0,Urban,No,No
3b413d2c-ca80-468b-ab18-399cf3bfb8df,Male,72.0,Urban,Yes,No
df42f1a5-8099-44b0-af7b-2b7c3efa5798,Female,65.0,Suburban,No,No
1dd21713-357d-4667-976a-ffecb6636d2e,Female,52.0,Urban,No,Yes
33e3b8c0-16c7-4bce-84ea-d123efde4ccd,Female,53.0,Rural,No,Yes
cf357359-931f-4030-8fad-6b4c0477946c,Male,53.0,Urban,Yes,No
3c5ecfbc-07f5-4eec-b650-9fc3a2f1a4cc,Male,81.0,City Center,No,No
53f08176-7b46-4ff3-8988-654db60cbea8,Male,47.0,Rural,Yes,nan
e917bf87-9bab-4879-8bcd-c720e48e7da0,,68.0,Urban,Yes,No
e6e65201-71c5-4feb-9f7c-b73483040dca,Prefer not to say,29.0,Urban,Yes,No
e7b1b5e9-428a-41f5-b4a5-1a987f3849f9,Female,67.0,Urban,No,Yes
2075c7bf-0fd8-4a95-9d86-9f537bdcf42a,Male,47.0,Suburban,No,No
7ed45dda-bb2c-4a62-aca2-9ddc001b39b6,Female,68.0,Suburban,No,Yes
be3a3da7-6654-4f17-9e1a-6aa7fddfe1c4,Female,38.0,Suburban,Yes,No
3a8b98a0-8cf4-45b6-9f1a-d9fdc6234f11,Male,19.0,Suburban,No,No
10b27301-5240-4719-871d-d2b34c38169b,Male,46.0,Urban,Yes,Yes
352614c4-6eea-4fb6-b9a2-e0ccc994ef6c,Male,72.0,Suburban,No,No
f54db2ca-d691-4682-9795-50f188a98ee4,,52.0,Urban,No,No
5ae0a713-8537-4338-9696-9b4b4f989070,Non-Binary,47.0,Rural,Yes,No
91778bfa-a426-44fc-a828-05f1c6f8dbd9,Female,74.0,Suburban,FALSE,No
ba4d3fcf-650d-486d-8a11-cd8dc4d2d781,Male,26.0,Urban,No,No
74362970-a51d-42a6-ba8e-6204148c55cf,,33.0,Urban,Yes,Yes
083313cd-d9ad-4146-af8a-02f58e84581f,Male,18.0,Rural,Yes,No
33a7a6fa-46dd-411d-85b8-33e1f570f4c5,Male,61.0,Suburban,Yes,nan
6678707c-ea42-489c-a0d5-374feb1e79f8,Female,71.0,Urban,Yes,Yes
816f0dae-ce4b-48ad-a022-981ed38651ef,Non-Binary,55.0,Urban,No,Yes
10a9092e-730b-4127-af6b-ac814350c524,Female,52.0,Urban,No,No
c1ada3cc-88da-45ce-b5cf-56c9e528bfd5,Male,19.0,Rural,Yes,No
d7b924d0-cc0f-4a01-a179-b81725dcf505,Prefer not to say,40.0,,No,no
3b455b68-9c03-4a48-8be0-2ad367c5af00,Male,,Rural,Yes,Yes
726f0861-5907-4ab0-8d50-0744d8f7d42d,Female,47.0,Urban,No,Yes
f653bfa4-70bb-4ac9-8831-95197232a4da,Male,50.0,Urban,No,Yes
25af0194-803a-49ca-aa4f-2c61ea03f6d3,Male,52.0,Urban,No,No
bab20e36-2a0d-4674-897b-c12f5412a988,Male,32.0,Urban,No,No
391da9f3-379f-410c-9e2d-f2c2bef26332,Male,77.0,Urban,No,No
3bb2b1d4-b59c-4839-9726-cccf88bc5a26,Female,39.0,Suburban,Yes,No
144af8c8-beef-4589-a1b1-689552c64267,Male,77.0,Urban,Yes,Yes
f01f1b56-3e6c-419c-bb16-4aa1bccf0162,Non-Binary,83.0,Urban,Yes,No
4b06ae21-7ac4-4cb0-b62f-76d915a4d832,Non-Binary,45.0,Urban,No,Yes
bc93c2fa-11b3-4e3e-90e5-fc27423ec4d4,Male,69.0,Suburban,No,No
cd1f2a61-4b44-428a-8d3b-e5a84b0d5a52,Female,76.0,Urban,Yes,Yes
940520c1-0fac-4345-8dbd-2bd556eb643f,,41.0,Urban,No,No
e2c231b2-fa72-4c9c-9cbc-24edc0370514,Female,71.0,Urban,No,Yes
a894aa71-96a5-417e-8ec9-053c9555c600,Female,46.0,Urban,No,No
926ad970-cc45-41af-94b2-69a1ce934514,Female,76.0,,No,No
2695aa65-dffe-4765-9131-83b85faa20b8,Male,66.0,Rural,Yes,No
b4ffa393-ce2b-46ba-b382-78d773048c91,Female,69.0,Urban,No,No
0cc998f5-6380-43a9-a8cb-46b0f39d8359,Female,45.0,Urban,No,No
3f11c7b8-0f57-4569-aad8-83d541eb09fc,Male,32.0,Urban,No,No
2a93405c-d01e-4754-81b3-eaa96c57eb7c,Female,70.0,Suburban,No,Yes
e13e5078-6d8d-4777-90c9-ad76d567e795,Male,30.0,Suburban,Yes,Yes
16ab7769-4607-4630-a81e-ba3c363e6ed2,Female,82.0,Suburban,No,No
4fff4abe-d0e3-4914-998f-996879dc1ac8,Male,39.0,Rural,nan,No
14aacb0d-631b-4853-ae30-063e988ae05b,Male,74.0,Suburban,no,No
cc6cecf0-5c12-4389-8a1f-377b349f1662,Non-Binary,73.0,Suburban,Yes,No
36d35b8a-79bb-4ad0-bd37-6684f4090553,Female,23.0,Urban,No,Yes
618eaa6c-32b0-40ec-b731-f4ab43db2275,Male,65.0,Urban,No,Yes
0b5d503f-bf40-41cf-bea8-e7f97f3a5c73,Male,39.0,Suburban,nan,No
45341880-a627-4436-a1d6-339c0d8d5d63,Male,80.0,Suburban,Yes,No
63f82c60-4fc7-4b10-b48a-350d4420f7db,Female,53.0,Urban,No,Yes
e46c6461-31a7-4348-815e-45dd9b8bd835,Female,20.0,Suburban,No,No
e13dcee3-71ff-4449-ada7-84fc45da93b9,Male,55.0,Urban,No,No
6d1b2099-c672-4047-baf2-ffa4490e49f6,Male,18.0,Urban,No,No
17dce9d6-3edc-46ef-956a-7b2a8aa6348e,Male,-5.0,Suburban,No,nan
23781a5e-2ce5-4e34-9ebc-cfafed3ef5e9,,36.0,Rural,No,TRUE
66657931-c0f6-4729-a758-a7b136005b56,Female,44.0,Urban,No,No
e3f9e94d-da57-46f8-8029-972959e661dc,Male,41.0,Rural,No,No
d0e9b879-7398-4a4f-b949-e5e4b781708c,Male,82.0,Urban,No,Yes
1b12c7d6-d4e1-4964-9f8f-52b7e11353c3,Female,78.0,Suburban,Yes,No
d87ea464-bba7-46de-abc6-245381baa4c0,Female,28.0,Suburban,Yes,Yes
9db05c8e-a996-4bc0-8a38-39906ab207f2,Female,82.0,Urban,No,Yes
15942e37-76df-4689-92ca-8512e4e57f99,Male,55.0,Urban,Yes,Yes
df19da4b-6fa6-4147-947b-289951a58f84,Male,50.0,Suburban,Yes,No
0b32dcbc-6869-4c07-a40b-277634e9ec19,Male,64.0,Suburban,No,No
4827921d-5f98-44c9-90e0-ccf0b615c63d,Female,75.0,Suburban,Yes,No
aaf22caa-254a-4743-805d-92051b6b44d2,Male,56.0,Suburban,No,Yes
85a5f5e9-746b-49fe-b8c4-bff2577370d3,Female,46.0,Urban,No,Yes
93634e89-464b-4308-b8ab-9e4b59b1fe55,Female,57.0,Urban,No,No
9211318f-c088-463f-bf76-5da96c06b58d,,63.0,Urban,Yes,No
50e3c352-26fb-4af5-a935-dbd899da0df1,Male,19.0,Rural,No,No
1bf2c619-40cc-4e40-a3cd-c773e7b91cbb,Male,19.0,City Center,No,No
b0f2cc8b-e722-47ca-81e0-387286226464,Female,69.0,Rural,Yes,No
3788a653-01a2-457e-857d-305315e98538,Female,82.0,Urban,Yes,No
29875b04-ec47-44f5-b873-6163933abd1d,Male,58.0,Urban,No,No
595658ff-bb54-4e59-833a-5143998e5a2e,Female,38.0,Urban,No,Yes
fd2c86bf-abcf-4c84-9e57-dd935e1f6ed8,Prefer not to say,74.0,,No,No
c139f929-8cfe-4220-9d0e-579f2454d8ba,Male,64.0,,No,No
f95aeadb-8474-4e66-899b-7a3fb2f7a89c,Male,66.0,Urban,Yes,No
0285903e-2a9f-457a-93f5-7363c843ec6d,Male,83.0,Suburban,nan,Yes
40ffc6c5-6141-4654-b00a-6b6c13c34755,Male,56.0,Urban,No,No
adbaa9e5-4b71-4c7c-9368-04e5915141e1,Male,61.0,Rural,Yes,No
dda90372-7dab-4c4b-ae64-4f9666928c1e,Male,48.0,,Yes,No
486a4364-a1de-4e83-a5d3-e44e9eff0241,,49.0,Rural,No,Yes
472580f1-e1a3-419e-9df8-4e0bd305abfe,Female,24.0,Suburban,Yes,No
daf98e94-e584-463f-91a9-22fdd5d862ec,Female,72.0,Suburban,No,Yes
3deb72cc-0eb8-46ea-ae72-9c8d2dda7804,Male,28.0,Urban,Yes,No
f0193e76-a9e9-4db5-8dd8-7cdb65c947b8,Female,76.0,,No,No
65b23563-d1bb-42f8-b890-dabe2d46ade1,Male,78.0,Rural,Yes,nan
5d4f9795-2b59-431b-9dbf-dee73b7a825f,Male,59.0,Urban,Yes,No
fd688b7d-ec31-4ddd-b604-e067159cbe5e,Male,47.0,Urban,No,No
98559a50-8551-4677-b0bf-6fa01eb3ef5f,Female,50.0,Urban,No,Yes
0178a6a2-18a7-4ed1-a8d4-442544ad1687,Female,,Rural,nan,No
0153ea66-ad47-4fd7-b5ed-3215cb519c7a,Female,57.0,Urban,Yes,No
c1daac1b-d393-4d8a-8910-36b310866187,Male,74.0,Suburban,No,nan
9b96cbdf-7db2-466e-9b05-61579bb84f77,Male,61.0,Urban,No,Yes
e4ede6e6-e3a3-4b95-91cd-6d55367466fa,Female,27.0,Suburban,No,N
95a53b9a-d116-4370-b157-fea8c758a13c,Male,61.0,Urban,No,No
ffe45633-d8c5-49b3-9e0d-18a2db49c96d,Male,47.0,Suburban,No,No
f1504335-cfa7-4554-98ad-b22780853608,Male,73.0,Urban,No,No
e40244ae-8314-4e7f-9173-25263a53c603,Male,66.0,Rural,Yes,No
cfea58b9-7360-426c-86b7-f1358d7139e5,Female,32.0,Urban,Yes,No
ef668acf-7e22-444b-925c-ad175f159b06,Female,21.0,Suburban,nan,nan
b74743b3-074b-49d4-bef5-9efd47055cee,Male,,Urban,No,No
aa46e8a4-1668-4739-8971-bdecd439ca94,Female,,Rural,No,No
fcc56478-19a2-4b4e-bb58-091bde451dae,Male,49.0,Urban,No,No
d3c003e2-c734-4012-b44e-1de9176edb6e,Male,77.0,Suburban,No,No
f376feac-18e0-4849-82be-0d55803b2fd1,Female,65.0,Urban,No,No
54c65acf-1aff-418f-9f66-ede62d7d7895,Female,55.0,Suburban,No,No
bee2c093-909d-4549-a109-4bcf98110c07,Female,72.0,Suburban,nan,Yes
b97291d0-75bf-4af6-bb5b-5063b521528c,Male,51.0,Suburban,No,nan
4d5dd8f4-69d1-410f-8e85-a734800bfe90,Male,76.0,Urban,No,No
20ae767f-f6fa-403a-ad20-1f5a3b31a0a4,Female,43.0,Urban,No,Yes
304d5d55-2a57-49bc-bb41-f01bb74256f8,Female,20.0,Suburban,Yes,FALSE
e735489c-6581-412c-a5cf-0cab998d3bda,Female,18.0,Urban,Yes,No
863f2dd4-2a17-4634-b5ff-0824247301bf,Male,60.0,Suburban,TRUE,No
0888b0bc-f41f-4d35-a939-4b31fc9506bb,Female,71.0,Urban,Yes,No
a4260f40-af65-435c-9363-72f6b309866d,,47.0,Rural,No,No
70b36ea3-8ea1-4c34-ba13-aa2e1f9497fe,Female,30.0,Urban,Yes,No
c8360aa6-c251-4ac6-bc71-3f66c292ce19,Male,36.0,Rural,No,No
f9f27949-6c97-4392-9619-c31af2e234fa,Male,23.0,Suburban,Yes,No
bdd070af-66f9-4916-b7c4-eed9a4027eb0,Female,51.0,Urban,Yes,Yes
a199ac44-2dc6-4a26-b1b7-64c59a5d7ab5,Prefer not to say,65.0,Urban,no,No
9ff3080e-5b4d-429f-bc93-e559ec08a27f,Non-Binary,29.0,Urban,nan,Yes
8ef9993a-c773-4731-9f68-332ac97597d0,Prefer not to say,42.0,Suburban,No,Yes
0c8daf05-4297-4c80-84e1-0b5bcbf31e95,Male,60.0,Rural,No,No
88fcab09-4366-483c-8aae-10c5ae9815af,Male,47.0,Urban,No,No
c359e46e-ecb7-4031-b887-297caefd76cd,Female,45.0,Urban,Yes,No
0cafce26-28ae-4e59-b22a-cd4ae133ac4e,Male,26.0,Urban,No,No
3c28d6e7-f9f4-49e6-8129-f259f9594c28,Female,23.0,Urban,Yes,No
567b9927-2dd6-4c25-98bf-4bf9f0a0e305,Female,26.0,Rural,No,No
fc1d29e4-8a18-4312-b312-ddfd8fef6318,Female,47.0,Urban,No,nan
7d291505-8bdd-4885-b0e9-43cfca16ae9d,Female,41.0,Urban,Yes,No
98787753-deef-4039-9a05-ece3d7cb3e0c,Male,28.0,Suburban,No,No
a40de5e4-3c30-4d7f-bff7-21972ab312d1,Female,51.0,Urban,No,Yes
8feba2c4-6b25-4db5-a26a-5d545b9376b7,Female,52.0,Urban,No,No
7254bb42-64dd-4361-92a0-160ea07f03d0,Female,20.0,Urban,No,Yes
49638d5d-f4ab-4704-9927-4c0d1339337d,Male,69.0,Suburban,No,No
551f361d-562e-4185-a212-d37dcb68618c,Female,47.0,Rural,nan,Yes
6342d009-4194-4bab-9e24-73d130f77925,Female,59.0,Urban,No,No
b716da15-efa2-4fad-ade1-46dff9bcff69,Female,,Suburban,No,No
303cc8a2-5721-4c42-a2db-39afe6ba571d,Male,32.0,Urban,No,No
95051152-bb10-4df5-a6db-fa900dcc8ef3,Female,49.0,Suburban,No,Yes
d99e5f44-807e-4238-a377-3f1c05aa76fe,Male,21.0,,No,No
595bfa28-f417-4af8-bd2f-99ed464195f1,Female,64.0,Urban,No,No
b81f54ff-5ff8-4be8-bd03-acce38804711,Male,80.0,Urban,No,Yes
8d931f3e-93ac-47dc-a4ed-7e9363a435ce,Female,77.0,Suburban,No,No
cb48e84d-cd59-4c75-bf93-8d30a22068bc,Female,39.0,,yes,No
3a4772af-9cba-425f-8bc6-e2aff51e17fb,Male,60.0,Urban,No,Yes
ab4eed1d-9ba0-4a6a-beb7-d830bde31e6f,Male,30.0,Urban,No,No
ff7e918e-e635-4f4b-8b88-434ab1ce641b,Male,23.0,Suburban,Yes,nan
b807dff1-0fd4-4260-baee-0a574f51eb31,Prefer not to say,,Urban,Yes,No
d810dda4-a8d7-4d7c-9144-e712e65d30ad,Non-Binary,81.0,Suburban,No,No
f38068b2-6e1a-4b74-b551-aa4c25525df0,Male,25.0,Urban,No,Yes
5c571189-cd4c-4feb-b662-312947dcc5b5,Male,74.0,City Center,nan,No
a6538331-6b01-4161-bb5c-473c180881b4,Male,62.0,Urban,No,Yes
21293996-c48b-4fd8-afd5-68808e62aebd,Female,77.0,,Yes,Yes
c4214fa6-cd0d-452c-8217-b03826dcd570,Female,28.0,Rural,Yes,No
46ad8987-fb0c-4d3b-a0bf-f22e3eba455c,Female,73.0,Urban,No,No
5eb2499e-038e-4b75-9640-896b620d934f,Male,55.0,Suburban,No,No
7d5a6108-fe42-4cee-94d6-15e76b899f02,Male,39.0,Rural,Yes,No
fd30cd4d-c1b4-4cc0-b691-60a41f1c9d0c,Male,72.0,Urban,Yes,No
4c3807bd-f6f1-40a2-ab30-293880aeec00,Female,53.0,Urban,nan,No
3f1908f8-1350-48f8-87ba-af7b1160110c,Prefer not to say,50.0,Urban,No,No
345781b3-c85f-4e31-a7e0-413ea18889c2,Female,42.0,Urban,Yes,Yes
d9f84877-7d2b-43cc-92d3-68a597a062ab,Female,65.0,Suburban,No,Yes
d9f7a909-8ede-451d-8698-01bf649b5c49,Male,46.0,Suburban,Yes,Yes
ec0f7813-9705-4cef-a548-c0caf98e519c,Male,39.0,Urban,No,No
673bcef5-f20c-4006-b394-26b18915b635,Female,21.0,,Yes,No
7a18462f-a758-4674-8d40-778423314c4c,Female,77.0,Urban,Yes,nan
15d3fc56-a308-412e-b0d2-74c5c5871651,Male,73.0,Urban,Yes,No
48cfc9f3-aae2-4a69-869f-af6c4b1c0c2f,Female,51.0,Urban,Yes,Yes
8258c210-7379-46a0-8c86-581f6bf1fdf4,Female,52.0,Urban,Yes,Yes
3261d3d4-f35f-4616-ad00-d6ecc12406da,Female,80.0,Rural,No,Yes
569cb45c-a82a-4435-ae3b-619719e7748e,Female,48.0,Rural,No,No
fa2a6b4c-cb83-45d9-95ba-073e4c54ef37,Female,24.0,Rural,No,No
59c9cdbb-4a74-4ecf-8520-9139285a2ee8,Female,50.0,Urban,No,Yes
643d3c99-af4a-4907-9695-ec7a4aa3e763,Female,47.0,Suburban,Yes,No
3985f3da-747d-48e9-be22-9edcd3e6d0aa,Male,26.0,Rural,No,nan
8a521f62-1f63-4ba4-9b82-22bf9cd1d5ee,Female,40.0,Urban,nan,No
7aef8d41-3396-4e66-8737-a3cfa959850b,Male,28.0,Rural,Y,Yes
1685b8e7-63a9-4305-b806-e760ab579b7c,Male,120.0,Urban,No,No
9ea2655f-72ab-42e8-8753-9ea2d62c2b11,Prefer not to say,39.0,Urban,Yes,No
5f34349c-6fa1-4a24-91c0-63f181c94a81,F,29.0,Rural,No,Yes
36e3c7e7-20ff-4dcc-a451-ae042ff04499,Female,53.0,Rural,No,No
e26981af-9e72-42f9-a2be-2364ecc8734c,Male,49.0,Urban,Yes,No
f68334ef-eb95-4468-acae-db5784972130,Male,78.0,Suburban,Yes,No
7df0defd-8309-4e8a-9931-99cd96b977cc,Female,76.0,Suburban,Yes,No
9a423100-6c30-4d1b-913a-11f8f0deb60f,Female,24.0,Urban,No,Yes
30baef47-48f3-487a-bbd9-a3bf26f0ecc3,Female,82.0,Suburban,Yes,No
4c83be38-633d-40bb-8b42-98db923d0c33,Male,49.0,Rural,Yes,No
f0fc9f0b-6c23-495f-b3eb-758cc63b8caa,Male,31.0,Rural,No,No
3cc5b7fa-78b5-4313-8a00-902a09dea0d3,Male,69.0,,No,Yes
b1c2a7fd-b618-4eea-920b-609c01107e93,Male,45.0,Rural,No,Yes
9401b92b-7735-4c20-8411-897b7a1de820,Female,20.0,Rural,Yes,Yes
8ebd572f-1875-4333-ba77-391ddf2316e6,Female,75.0,Rural,Yes,no
8cdce080-5b8a-433e-82d9-f6273c976250,,21.0,Urban,No,Yes
924c6210-4635-4a66-9b68-d0932bf607f9,,78.0,Urban,No,No
033ed08c-ce08-401f-ac2e-56cef5b432f3,Male,53.0,Urban,No,Yes
e726744b-1e74-4f0d-a48c-9ef810559d7f,F,67.0,Urban,No,No
a8186aac-1ae9-4cb3-beaf-65ca09f1c3c7,Female,56.0,Suburban,No,nan
08874a26-40fe-4bda-87a9-e788ab4fef0a,Male,36.0,Urban,Yes,No
163b0fc4-eb3f-4404-8ad5-808e41f9807f,Male,49.0,Urban,nan,Yes
671179e6-33da-4c84-8215-18a333ba458e,Female,67.0,Rural,No,No
633fdaae-191b-4872-857c-876d28ee0111,Female,63.0,suburban,No,No
a0bf8778-d7a3-4d8f-b50d-c90ccb0bfae2,Male,52.0,Urban,nan,nan
e5ef778a-db6a-4061-b8fe-8d3ad350edad,Male,24.0,,No,Yes
5773e0e9-67dc-47cc-9412-9ea257fad48c,,60.0,Suburban,No,No
f7b24e2a-a84b-49e6-a65c-3869dec4a983,Male,29.0,Suburban,Yes,nan
cf4e07ec-8e9b-4c35-ae9f-79f4f99f1b41,Prefer not to say,21.0,Urban,Yes,No
796d9283-ecfd-4925-82d9-fcb8082ce528,Female,54.0,Rural,No,Yes
be28963c-670a-4ad7-8715-29fa53963f1e,Female,,,No,No
958a0316-d40e-4ca6-9e7f-2b8229f5cad3,Female,68.0,Urban,nan,nan
794e4cf0-1109-4a30-9803-dbe873c6b1d2,Male,55.0,Urban,No,No
b79d5cd2-e5ed-4c80-8343-392fd4209396,,43.0,Urban,Yes,No
7a1073a8-ecae-4c91-94ef-dd7b01bc09d1,Female,41.0,Urban,No,No
a81d7270-9814-4b02-aebb-144a9440f76b,,22.0,Rural,Yes,No
1aa6759b-68c9-418b-aab5-6dc852339ff7,Prefer not to say,59.0,Rural,No,Yes
e6a366a1-d7f2-4bc3-b581-ecf3e337be64,Male,24.0,Rural,nan,Yes
ebc6dd08-2e10-41cf-84fb-feea4cb2a445,Non-Binary,83.0,Urban,Yes,No
f33a85be-af56-4028-8941-46c586d094f8,Female,,Rural,Yes,Yes
63bb3966-030c-4f5a-b1f3-c792eba6d07e,Male,52.0,Suburban,No,No
fe7e6580-57b2-47d5-842c-754a222abe29,Male,40.0,Urban,Yes,No
e578b38a-0ef3-4955-a4a6-a6c737392522,Female,47.0,Suburban,No,No
7dad546f-8bd0-4015-85b9-e0342e28ff5c,Male,58.0,Rural,Yes,No
8dac417d-217d-48ab-9641-93509fd9edec,Female,29.0,Rural,Yes,Yes
276e588c-a0c3-44cf-864d-78be4cf90a56,Non-Binary,74.0,Suburban,No,No
86fa0ca3-4af0-4701-97a3-5c196c62a763,Male,,Suburban,No,No
c4fd9f27-9004-43ec-86c2-e44d1b29ac52,Female,43.0,Urban,Yes,No
56656b62-b89c-442e-a43e-e6e432b3e460,Female,33.0,Urban,Yes,No
330ef533-1fbc-44f1-b35c-8fefdcb8cefc,Male,80.0,Urban,No,No
4d1054e6-8050-48da-adef-2eae1329563a,Female,38.0,Urban,Yes,No
0427911a-7f9f-4fac-b990-bd91b52d3266,Non-Binary,74.0,Rural,nan,No
e90ab6db-4585-4185-bf3b-d4891657a991,Male,60.0,Suburban,No,Yes
a3de71bc-459d-47cd-bd75-90c18bea0bda,Female,79.0,Urban,No,No
cb2aba51-cf62-4e82-80d5-31bcae53f9e1,Female,30.0,Urban,Yes,No
44e2ba0b-31fb-4a32-8a1a-0175e9dafcbb,Non-Binary,53.0,Urban,Yes,No
1d2cf0d8-aa22-457d-ad7f-8a0d1d43f230,Male,68.0,Suburban,Yes,No
e3c3915f-135e-40a1-afa7-2a345d66bd0b,Prefer not to say,56.0,Rural,No,No
d695b9a9-da8c-48b1-b41e-622de33dbe27,Female,67.0,Urban,Yes,Yes
7fc24185-72ea-48d1-95e0-eee817b3addc,Male,26.0,Rural,Yes,No
7a33415d-4a51-44e2-a220-741ca9a764cb,Female,35.0,Rural,Yes,Yes
41b8a436-a863-4b29-a769-99c012ddceef,Male,57.0,Urban,No,No
d8990a43-278e-4e96-996d-b73c6cf2dcd1,Female,78.0,Urban,No,No
5284ba6a-9177-4193-a396-d9558f775efd,Female,46.0,Urban,Yes,No
5813f1c5-31e4-48b2-8815-e4da183cb5ed,Female,24.0,Rural,No,No
b27b250e-110e-459c-84ad-91d6f62ded67,Male,52.0,Urban,Yes,No
2726de91-f68e-4f61-a5ce-ff957fd476f4,Prefer not to say,36.0,Urban,Yes,No
6c8e5cf2-1173-47eb-9ab1-68a438a2db09,Male,37.0,Suburban,No,No
01bac4a6-21de-49fb-8faf-db93d2addb84,Female,39.0,Suburban,No,No
2cc4c9c7-8c4f-47df-8c2b-f9fd22a45012,Female,81.0,Rural,Yes,No
dcc71ccd-54e9-481e-81a7-38fedab46066,Male,28.0,Suburban,Yes,No
ad8c080a-3694-4458-8708-efda77a84034,Male,75.0,Urban,No,Yes
6dd6584c-7660-463d-bac3-b2a62574d6d5,Female,,Suburban,No,No
fed51b24-d1f1-487d-880d-4b520a086614,Male,-5.0,Suburban,No,No
4a0ee7f4-8698-4c34-8815-7cad75d08c47,Female,56.0,Rural,nan,Yes
746380f8-40a9-492d-bf1f-4e62e68523ed,Female,74.0,Urban,nan,No
84baeb60-36c7-4aa4-b7e5-1671975e152b,Female,18.0,Suburban,Yes,No
3f32ef21-3e94-4c60-87b4-34ed711c8dce,Female,48.0,Urban,No,Yes
3a01dce4-8e7c-4c9c-bee6-6e446ad21e7f,Female,69.0,Rural,No,No
72112130-d7d3-4ac0-be34-714baac4f444,Female,31.0,Suburban,No,No
53aa2360-e7a3-4632-9822-47733dac4bd8,Female,43.0,Urban,Yes,No
5da51956-39e5-4ced-94a3-9c6b0fe6f267,Female,56.0,Urban,No,Yes
f7872a5b-1b42-4354-9a91-7fa45ebf19b7,Male,46.0,Urban,Yes,No
23350d93-2c59-4a14-88c7-9e90fa91d940,Male,26.0,Urban,No,No
6b476c0e-eed4-4fc6-8c6d-3117e0263403,Female,54.0,Rural,Yes,no
dfbe8d4a-152a-496d-8388-9c00448c1142,Male,79.0,Suburban,Yes,No
88611bab-1427-4660-9796-9867c5dc93d8,Male,41.0,Urban,Yes,No
c5fb6cff-ae3d-40af-a6a9-1964a84cc25b,,40.0,Urban,No,No
f2b7de4a-be49-4c7c-a969-ab54e00f821d,Male,37.0,Urban,Yes,No
102b14e0-8c4d-42b4-8347-505efd31a7a2,Female,77.0,Rural,No,No
a7ac5e47-1983-42fb-b497-586e564e8f66,Female,27.0,Rural,Yes,No
6aa67d8e-fc8f-4737-a5ae-ffa5faf203a3,Female,79.0,Urban,TRUE,Yes
d6ca588a-bf9a-4cc0-b9b7-fcb3c2e2ab94,Male,69.0,Urban,No,No
97228320-91a9-4e98-ac01-561d228b5613,Male,71.0,Urban,Yes,No
995476d6-ecf1-4de0-a088-e0716d8bcc04,Prefer not to say,84.0,Urban,Yes,No
f4dc1a6c-6d71-4840-a6c2-0aefd269d9f3,Male,52.0,Urban,No,No
37408e3c-afc8-48a0-b27e-222436489b14,Female,52.0,Suburban,No,yes
ffd2eb6d-3dfe-46a2-a7fd-742e264da446,Male,84.0,Urban,Yes,No
1518d156-a8b9-48a5-8a73-ed51d578e544,Non-Binary,67.0,Suburban,No,Yes
f9283d07-f462-4112-a702-d1e32130c827,Female,,Suburban,No,Yes
41d9844b-cd57-4a54-bf45-fbd93c0ba866,Male,65.0,Urban,Yes,No
52dcf6a6-e2a3-4f19-ba3d-ca73df3d79f6,Female,69.0,Rural,No,Yes
a60efcbe-34c4-4303-95a9-71133f61cae2,Male,18.0,Rural,Yes,No
563f3aa7-e027-4110-aa36-3bae6bd4f03b,Female,,Rural,No,No
aa49a418-f4d7-4e3a-92d6-03fab3e82071,Female,23.0,Suburban,No,No
eaa09d3d-fd27-4138-97ff-f671d4a5de78,Female,78.0,Rural,No,Yes
7dc2e839-26d4-437a-8ca7-350529767dd2,Male,76.0,Suburban,No,Yes
449a6914-f970-4e89-b800-72b1285f686c,Female,70.0,Urban,Yes,nan
ce1f6b2b-f1ee-4dff-8d5b-86f0312470b1,Female,79.0,Urban,Yes,No
e2931491-4deb-4a84-937d-64da6c50f948,Female,73.0,Urban,Yes,No
16e97c9e-3ef5-4de3-bb26-a17d5ba3e1a7,Male,54.0,,No,No
0d33a089-065e-4908-b204-b2d30572b0a4,Male,65.0,Rural,No,No
99ae3eaa-5f17-4ef6-9020-01485aebc333,Female,31.0,Urban,No,Yes
8b5834df-16a5-41bc-919a-af9a36809761,Male,76.0,Suburban,No,No
6c0540c6-2507-493f-b21c-972a2f2118c7,Male,40.0,Rural,No,No
6f5bcfbc-129e-4eda-96e6-a5e96c7f2301,Female,60.0,Urban,No,No
169a0b8f-e930-4f1f-b5d8-d1979b06d620,Male,,Suburban,No,Yes
74f172a8-5abb-436f-9c7b-9b46a97f7a98,Male,68.0,Urban,Yes,No
07cbdf61-d50c-46fb-b818-c6f7398551c4,Male,69.0,Rural,No,No
c5ab75ee-a84a-4964-b2b6-f108cafa853f,Prefer not to say,,Urban,No,No
9c4e6e4d-0166-4b8e-a58d-ba9c854a771b,Female,49.0,Suburban,No,No
217c6f31-2f9a-49a4-9070-8130ffe6b93b,,64.0,Rural,No,No
a67a10f0-54ea-48a7-9bc3-0c80d4db1dc7,Female,47.0,Rural,Yes,nan
34f95f3d-1add-4ec2-b686-35b4fae2e772,Male,73.0,Urban,No,Yes
7b5722cb-5bf0-4708-a3fa-af3add5cf21c,Female,51.0,Suburban,No,No
380c0734-1bde-4c7d-b28a-d15ad09d36c6,Female,59.0,Suburban,Yes,Yes
497c00a0-991b-4929-8f23-7e13789622ad,Male,52.0,Suburban,No,No
31f5a71b-e945-4f4c-8700-ad68c1d5e294,Female,35.0,,No,No
2ca53cc1-8970-4589-b404-ddd14fa01dc5,Female,18.0,Suburban,No,nan
7150f1d7-e3d4-4e51-9b63-8a29901d2f2a,Male,27.0,Rural,No,No
99e3392b-a63c-40a1-a738-0025b8bd1419,Female,50.0,Urban,No,No
2acff3ad-0784-45f3-8f24-a2a33a5bea0a,,68.0,Rural,nan,Yes
51b7420f-9e57-4016-a389-402f11e4840e,Male,,Rural,Yes,No
d06978ce-5782-499c-aace-5e29ccff2cca,Female,31.0,Suburban,nan,Yes
e0d4b5e6-657d-4fcb-a32e-ebc8b2537e12,Prefer not to say,50.0,Urban,No,Yes
c1dfc947-8bd2-431b-97f5-6a16bdcf3968,Male,42.0,Rural,nan,No
c019384b-e44e-4254-9c2b-5a26b8f3cc88,Female,60.0,Urban,Yes,No
96d76743-40c4-4566-9463-1de0a4c4b271,Female,74.0,Rural,Yes,Yes
7459f02e-2395-443e-8bc9-45114f6e249b,Female,47.0,Suburban,No,No
1d7d4877-519b-47f3-8b5b-360b37397ba2,Male,60.0,Urban,Yes,No
46626f7c-e037-4267-9ecd-36e0af01fa13,Male,84.0,Rural,Yes,No
f63f503a-d5f7-45b4-896d-03b88e180455,Female,83.0,Suburban,No,No
40d3e5b5-d62c-4c06-81d1-7384ff36a4e8,Female,73.0,Urban,No,Yes
c27db65a-a6a1-4d0f-a666-ccbd66c60917,M,34.0,Urban,No,nan
2b204783-21c4-4f0b-8f11-72d934a2023e,Male,60.0,Suburban,No,nan
2be16316-a8a5-4183-bf9d-79cf3597934e,Male,26.0,Urban,Yes,Yes
48274ac8-8f2a-473a-be9b-4c9abd2d5e3a,Male,40.0,Rural,No,Yes
fee21cdc-380e-44a4-be68-95fdedbe71d7,Female,76.0,Urban,No,No
f3123259-2cd8-4a5a-a4d5-48c5be36d735,Male,21.0,Urban,No,No
84ca0a88-a5b1-4b3f-b9a8-ccfbdfa51468,Female,50.0,Suburban,No,No
399ce046-4d5a-497a-b74e-a0133611f6f5,Male,71.0,Suburban,Yes,Yes
4a755959-25b2-45b0-a678-524aa301cf3f,Female,26.0,Suburban,No,Yes
6bb49a15-0445-4c84-b2ca-bdef48144dd1,male,71.0,Suburban,Yes,Yes
9e089e1c-4ddf-469a-8e89-0cb2c66c8b00,male,35.0,Urban,No,No
f167beb6-aeff-4764-af0c-fce471a27b09,Female,19.0,Urban,Yes,No
40e2c5f9-4232-4789-bc27-94faf3a5a81d,Female,57.0,Urban,No,No
cf870fa1-729b-48e0-91bd-33aa169222a7,Male,28.0,Urban,FALSE,No
4e7e156d-7bcc-4c09-a8d3-b1a85f4c9a84,Female,66.0,Urban,Yes,No
2464757a-f1ed-415d-8e6d-af34bb12054b,Male,30.0,Urban,Yes,No
9f7f1c78-8204-4d02-8edc-943fa75cc903,Female,72.0,Suburban,Yes,No
5a063203-e366-4baf-84e3-b9e9b3d18921,Male,76.0,Urban,No,N
625ff25a-cbe0-4cf2-9afd-56cbd5497e02,Male,59.0,Rural,nan,No
27b4dcb6-51d8-4d29-af31-a194d8445696,Female,18.0,,Yes,No
316e7779-5541-47d8-b6c5-66d593d30bac,Male,35.0,Suburban,Yes,No
9c4ab274-92dc-42d1-8a17-dfd43f0db07e,Male,79.0,,Yes,Yes
d314e69c-cf31-4f63-84d4-a1fb6160f1e6,Male,26.0,Urban,TRUE,No
5f29a572-4c98-4349-a887-b4f8971671cd,Female,21.0,Urban,Yes,No
f650e9c4-f6b6-485d-ac60-d7ad61215ad0,Female,78.0,Urban,Yes,No
f593b819-2d9a-4115-bb23-4846cdacd73a,male,80.0,Suburban,Yes,No
3226863a-0767-46c6-a2f3-cd2e20525e09,Male,74.0,Urban,Yes,No
13783478-3bd1-42bc-bf7e-d61fa5a3db38,Female,28.0,Suburban,No,Yes
6b14999d-507d-4e72-92ba-48dd6ae112ec,Male,34.0,Rural,No,No
663699a4-9bfd-4cb3-add4-cbe1eaa49348,Male,18.0,Suburban,Yes,Yes
ece9617c-0059-4a07-bf72-ddc48511d35f,Female,79.0,Rural,No,No
c44fb002-ef87-49e2-86e7-cf3f58e1c993,Female,79.0,,No,Yes
2f3e53a7-5f4c-41d4-81a9-e442b721cf79,Male,,Urban,Yes,nan
fa0f18e9-9da7-4084-9641-75dae99e622b,Male,68.0,Suburban,No,No
b1e692a5-f730-4f6d-9a3d-7f90b85e9eed,Male,30.0,Urban,No,Yes
880c1a1f-2104-4d93-afce-25a618c0c309,,83.0,Rural,Yes,nan
491577d0-1216-429e-bbd6-8b3e8e499632,Female,36.0,Suburban,No,No
08041bbc-5aa7-4c6a-87d8-96795141a5e8,Male,22.0,Urban,No,No
97d21e18-fdbb-44c4-a3ce-6dca733587ad,Female,,Rural,Yes,No
be0d06b8-c582-449b-a274-b82ee16f85dd,Female,75.0,Suburban,Yes,No
ada75471-e673-4e5e-9562-a420a95b158c,Male,33.0,Rural,Yes,Yes
ba40906a-ec66-45a4-9430-bdce3476f7b0,Female,51.0,Urban,Yes,Yes
4650918a-9bf1-4cf0-ad91-1a1f22ca791f,Prefer not to say,66.0,Urban,Yes,No
0947d57a-8dfa-4332-89d4-ebde97d34fc0,Female,54.0,,Yes,No
4a5b7858-f4ef-4faf-92b0-ac45a78d0e8c,,39.0,,No,Yes
e4b84e61-f0dc-46a2-bd2b-1bdf85b9d809,Male,50.0,Suburban,No,No
de52a383-d368-4928-9908-02a50826eed0,Male,68.0,Suburban,Yes,Yes
0aab1743-e81f-4e9a-8e55-5e5588f24153,Male,27.0,Suburban,No,Yes
80275555-b844-4d8d-9b3a-0a3364c1a7f0,Female,71.0,Urban,Yes,Yes
44381ed6-f627-4bba-9d6e-13e61b0ca259,Female,26.0,Suburban,Yes,No
5c8d595e-bbe1-4e6f-a7ca-4898c4ab25fa,Male,22.0,Urban,No,No
109267d8-afe0-4b40-8e90-6344900e5334,Prefer not to say,33.0,Rural,No,No
e5d3bcd2-4051-45de-ae86-9633112966f9,Non-Binary,81.0,Rural,Yes,No
a9599f5b-89b1-44b5-939d-f316b4a709ee,Female,26.0,Urban,nan,Yes
11830a51-e69d-48eb-ae1c-06d74c19cb91,Male,32.0,Urban,Yes,FALSE
3d84c4b7-c3ef-4e21-84e4-c31c96371e31,Male,64.0,Suburban,No,Yes
e482f01b-7c57-4157-8e56-013ff54257ab,Male,49.0,Urban,N,No
d71c1943-e512-4af0-9211-5741b892c752,Male,36.0,Urban,Yes,No
ebfc57c0-5809-4944-be8a-792a9b2579e0,,20.0,Suburban,No,No
3158f1c0-8560-449f-8296-1f3b8425b9d7,Female,70.0,Urban,nan,yes
eca4e838-4d4a-476d-8708-1de7e02418b7,Male,52.0,Urban,Yes,No
9c29840e-86f3-41bd-b24d-d07194828cb2,Male,28.0,Urban,No,No
ac0045e7-9083-4a44-98ec-ad04216b72a4,Female,43.0,Urban,No,No
78a61b88-00cf-4a2e-9d13-6a5ba6fe29fb,Female,39.0,Rural,No,No
bef041b0-5330-468c-a8b3-a79a5fe31d0c,Male,26.0,Rural,No,No
0226c798-05d0-420a-b1f5-21954fc5ac8f,Male,57.0,Urban,No,No
8256a687-173e-4f34-9459-8aff104390b6,Male,56.0,Urban,No,No
f8bbcfa0-6eff-47b8-911c-47a2ed550ea6,Female,48.0,Urban,Yes,No
8a26ae1a-0b39-4980-b5e5-34bf1b52785e,Female,71.0,Rural,No,Yes
00a241e7-11d9-4cb5-8604-59992b9f5831,Female,54.0,Urban,No,No
b621ce6c-4575-4284-80e5-396f2f92cf21,Male,64.0,Urban,No,No
bcf211ac-9b2c-443c-8123-9609db1e9b98,Male,21.0,Urban,No,No
284c596f-6b46-4da2-8e1f-65bc12f1287e,Male,28.0,Suburban,No,Yes
157970c8-506d-4ca2-9dfe-cde4ab7ffabb,Male,77.0,Urban,No,No
72d0aa59-eb3a-4dfb-9410-43939d82db49,Female,74.0,Urban,No,No
67cb5279-4ed8-400d-a9f4-8c7681c9a80e,Male,36.0,Urban,Yes,No
848a16bb-ead7-486e-bbde-1240b2530fdc,Male,39.0,Urban,No,No
34408fb3-2bc5-423b-9c58-e8f4ea7db3c5,Male,60.0,Urban,Yes,No
4e3e7237-4f91-486b-93c9-0336b8fe30bf,,32.0,Suburban,No,Yes
b4e51f5c-8fcb-46d6-b710-e9c62c41b839,Male,51.0,Rural,No,No
bb3e5409-7e4a-40ed-85f0-24a94fcde08e,Female,81.0,Urban,Yes,No
35ea36cc-6040-49c1-b598-55175da8a8cd,Male,40.0,Suburban,No,No
231c1a40-3dc7-4452-b5c2-93ef5e862cba,Female,32.0,Rural,Yes,Yes
5fe66f50-fb15-4959-b479-4803ca783853,Male,23.0,Urban,No,No
04ca5bbc-2e59-41e3-8e6f-e7b290ba0a20,Female,70.0,Urban,Yes,Yes
121ea4dd-8d0f-48e2-b1e7-03ec1e272979,Female,51.0,Urban,No,nan
c3a22e1c-8252-4d3a-84eb-ff487eb8a799,Female,72.0,Urban,No,No
5c4aa064-b71a-47c5-bf36-273456323d38,Female,67.0,Urban,Yes,No
f686de91-15e4-44a0-9aa8-569232f59d4f,Male,55.0,Rural,No,Yes
e7866a33-ef8c-44ad-bd1c-b244378f22f9,Female,50.0,Rural,nan,No
4ed2fe18-94aa-4a10-a76b-0c9e9cbe7bb4,Female,21.0,Rural,No,No
345eb57a-4f9d-4aa4-994d-9c5a446135e9,Female,47.0,Rural,No,N
d64c2a12-d7de-465d-b4f3-978a09aa0bb2,Female,21.0,Urban,No,Yes
35e818a9-616e-4a79-a408-f075c4203b24,Female,72.0,Urban,Yes,No
d4a9a52b-a463-40c0-8a14-cbadf1e3ba25,Male,76.0,Urban,No,No
d6ed96a0-68e8-47dc-bd2e-2f5f911e5f92,Male,28.0,Suburban,Yes,No
a0f007b0-611d-41f0-a283-9863fbe9bd24,Female,69.0,Rural,No,Yes
214df868-e6a0-4e49-8d92-eef7c53983ca,Female,79.0,Rural,Yes,No
f6f2b334-84ea-4ec9-a16d-7f18e5deda4a,Male,,Rural,No,Yes
679add7a-2455-493d-897b-bdc5cad6d3aa,Male,47.0,Suburban,No,No
23a4a5df-d939-4b20-99cd-cb089f49b4a2,Male,68.0,Urban,No,No
1c472fe5-2129-4014-95ff-81878978ddcd,,79.0,Urban,No,No
f9df8bda-d0d5-4550-a387-31f2bf8e0bfe,Female,61.0,Suburban,No,No
e639c20a-44ef-4d60-9e61-ba05160d16a5,Male,28.0,Urban,No,No
acc16b18-b979-4b1f-aee2-b370cf7b8240,Non-Binary,84.0,Urban,Yes,nan
d46a8764-4ac4-4cba-b97d-6fc3f30af23e,Male,41.0,,No,Yes
f84f4df7-e09a-4f85-87a7-adc5d13c102c,,32.0,Suburban,Yes,No
cf62411a-a53c-40f3-b98c-be3092f52e65,Female,78.0,Urban,No,No
74cc6285-d516-43e3-98ed-efd5048553b8,Prefer not to say,35.0,Urban,No,No
554e150f-f9c6-4735-b1d3-e43503f48a84,Male,21.0,Suburban,Yes,Yes
86ea39bc-509e-4ec2-81b4-0bc0d53c8008,Male,63.0,Urban,Yes,No
bfe297f5-b615-4044-aee9-45d79a8a01cb,Male,59.0,Urban,No,No
86099b63-1664-4be8-8c5e-a239ae3c56c9,,69.0,Suburban,No,Yes
967a4d7a-583c-4a8c-abed-97d48a759ccf,Male,19.0,Rural,No,Yes
84e9eb9e-5125-4513-a8e9-a904e472eed0,Female,18.0,Urban,Yes,No
c55761d7-8615-4a33-b855-ea7c4408cbfd,Female,18.0,Suburban,No,No
7d69dacb-5486-492a-818e-760ffe350e2f,,37.0,Suburban,No,Yes
b850d5bd-31d0-43e3-92e0-73b51108312d,Male,23.0,Urban,Yes,No
eb7c8980-e20c-4aec-acf4-8d4d20e037a1,Female,30.0,Urban,No,No
d4daf924-3fc8-4660-8b16-5e2898f072ec,Male,54.0,Urban,No,no
27b9700a-5a04-48d8-be4a-a5577efc594f,Male,31.0,Urban,No,No
1ec94003-2dcf-418d-8dcd-8ff266d968bd,Female,20.0,Urban,No,No
dc7883f4-0ea6-4abd-a46b-d8a8a063a0bf,Female,73.0,Rural,Yes,No
12560c6a-c7d3-430e-8823-ff79d8ea97d3,Male,32.0,Suburban,No,No
7e009281-3b8e-45bf-9ef9-8396fd8c5d46,Female,63.0,Urban,No,No
7d8d1e4d-d9fa-404b-b47c-50feee930948,Male,30.0,Urban,No,No
c8c9c288-2eed-4777-ab40-a8f2282a4fdb,Male,72.0,Suburban,No,Yes
312d27fc-4148-4bac-94f2-e7730fd5afb2,Male,62.0,Urban,No,No
893c7251-38c8-402d-8c08-283cc2abe0c4,Male,37.0,Urban,No,No
3dd938c3-e440-4328-bff9-add10345e2e9,Male,22.0,Rural,No,No
839f4a3a-22e6-4775-8cc7-6a5ab17f2580,Male,79.0,Urban,Yes,No
3c4612b7-e1ed-415f-bcf6-1ccad5afc3cc,Female,73.0,Suburban,No,No
b22f2fa8-c052-44c8-983e-84364db5a29e,Female,84.0,Urban,No,Yes
b986f161-04c0-4be5-a879-82d2bebe6ced,Male,,Urban,No,No
4631f807-4b21-40cf-bc64-1eb10bc15b41,Female,84.0,Urban,No,nan
58100718-75c3-4afd-804b-92ab1ac139b8,Male,62.0,Suburban,nan,Yes
c42ba3d7-3d26-413a-aaf4-31a783300e21,Female,80.0,,No,No
c5184bfa-33a9-4ccc-9a01-e91b96c9c40f,Female,75.0,Suburban,Yes,No
fbffed9c-7981-4d39-9d56-7dfb62666d77,Male,63.0,Suburban,No,No
ff132c0b-597b-4e8e-b04a-44c980eb10d0,Female,32.0,Suburban,Yes,Yes
d5e1aec0-f6cb-46f6-b956-1d9016cb64da,Female,81.0,Rural,No,No
b3de3b73-89d6-4705-8cee-fe1919163ebd,Female,34.0,Suburban,No,No
df47b404-de00-4935-99fc-26d8f259ffb1,Male,72.0,Rural,No,No
37258041-2ca4-4298-9357-d5eb1b1c0793,Prefer not to say,75.0,Urban,Yes,Yes
253e601d-8050-49ae-a2f8-1ab6e404dc8e,,21.0,Rural,Yes,Yes
8d314f90-26f7-42ae-813c-d66c813d7784,Male,50.0,Rural,No,No
b3582016-9730-4e75-8a52-0d3f1a57a2bb,Male,54.0,Rural,No,Yes
6adaddfd-7d21-45cc-a8e2-5591620a932b,Male,19.0,Rural,No,No
34137a8b-b4a7-4f5b-a0e3-85abcf582baf,Male,23.0,Suburban,nan,Yes
2f224e59-744e-4f5b-83c0-ad6e7bd2ef89,Female,41.0,Urban,No,No
5cd9e96d-e2b9-4c3c-8512-a4463fc9a5e9,Male,80.0,,Yes,No
0c783654-355d-42b1-ae34-d29a37065884,Female,29.0,Urban,Yes,No
8f6c8bcc-011c-4663-a7ea-31c3ef854967,Prefer not to say,73.0,Suburban,No,Yes
6b7c06db-ea89-4a16-b204-97b321d7532d,Male,22.0,Suburban,No,Yes
bb39aa8c-dbb5-4efe-8121-6274cc76fc2f,Prefer not to say,58.0,Rural,No,Yes
0a915ded-9a61-486a-a91c-1e5a98e067be,Female,60.0,Urban,Yes,No
7681b5ec-ca98-40b9-9932-793f72feaf36,Male,74.0,Urban,Yes,No
ac34d1d7-2b23-4cbd-b2f1-a38a762f686d,Male,81.0,Rural,No,No
0466e448-0eef-4dfe-a6c9-70f09a36df68,Male,,Suburban,Yes,Yes
1a703eaf-4f64-4312-bc7a-986205fb0805,Female,27.0,Rural,No,No
3a52fbc8-fa45-4d07-b406-18edf2c0e0d8,Male,54.0,Suburban,No,No
dd0c0328-031e-425f-b2f6-a532ecf4e1f3,Female,,Urban,Yes,No
dc57e1ea-9e4d-4a24-8a5b-b2fe315e17da,Male,41.0,Suburban,Yes,No
29af1350-e70a-4dff-a9df-71a93da666b8,Female,42.0,Urban,Yes,Yes
d0f1af05-2c98-47c0-9764-6676f61ac619,Female,70.0,Urban,No,No
9c4156b9-cdcf-4455-9b64-e8b17d78bffa,Female,61.0,Urban,No,No
6864b52f-1c65-4b6e-b33c-59a4650482a8,Male,42.0,Suburban,No,No
55ae5e20-00e7-4db7-8e67-1f525911ae8e,Female,62.0,Suburban,No,No
2ca5370d-1771-4888-b485-9663f3e294c9,Male,68.0,Urban,Yes,Yes
61c964a8-4342-4857-afb0-56f51a37f0cb,Male,47.0,Rural,No,No
03c8eb0a-fdce-472c-ac14-2e9074f7cb30,Male,83.0,Urban,No,No
944037aa-f93f-4229-bb6e-3acee1e474e6,Male,80.0,Suburban,No,No
8e4a9912-156c-4c71-9819-a46e144093fc,Male,21.0,Suburban,Yes,No
2a224a6a-f11c-4f6d-bfe9-154a1a7fe0d3,Female,,Suburban,Yes,Yes
92c6f8c7-a83f-49b9-bed7-064bda277651,Female,81.0,Urban,nan,No
6235f970-1459-4a4c-bcd7-e5bb006c4652,Female,69.0,Suburban,Yes,No
aa309114-aef6-45ba-8242-2f1685221e15,Male,57.0,Urban,Yes,Yes
6483550b-ceed-4b08-9343-2dfe1696dd1b,Female,56.0,Suburban,Yes,Y
99af6e77-9552-45d7-8cd0-cf0f6df69fb0,Male,41.0,Rural,No,Yes
dac1c4b2-db46-4c7a-a4dc-a76453216fe5,,26.0,Urban,Yes,No
55cf0037-fdf7-460c-9aa5-5817efb83ba6,Female,67.0,Suburban,No,Yes
56edc964-482d-45e4-917e-33148ea98af9,Female,43.0,Suburban,No,No
35f10b7c-7226-4b0e-b01c-cb22d9e0133d,M,35.0,Suburban,Yes,Yes
33a2d037-7030-4782-a9db-972dbb94aa7f,Non-Binary,61.0,Rural,No,Yes
1ae8f6ea-53a7-416e-b1f1-d222be0b48f2,Male,73.0,,No,Yes
39681d3a-b97a-4fb2-afee-c80de68f5aa5,Female,24.0,Suburban,Yes,No
08d5ae1b-b543-4450-be31-d05aef388d32,Male,48.0,Urban,No,No
5712fc70-0914-48da-8fc7-4f78d4c0eabf,Female,53.0,Urban,No,No
dd8d6010-119e-4d97-871e-faed310a6882,Male,33.0,Suburban,No,No
8828c4f9-c20e-47b0-979c-9b69a586958d,Female,38.0,Rural,Yes,No
dde92a4f-93e2-425c-a94c-de3d44961115,Female,39.0,Rural,No,No
7cefb6da-80a0-4917-a38c-fa546f042b8e,Male,26.0,Urban,No,No
1564aa71-4177-4125-b9f6-ae1da827dc4e,Female,18.0,Rural,No,No
44a1d6f7-518e-42ab-9041-bfff4c266f35,Male,999.0,Suburban,No,No
fbfa03ea-cfcb-4d09-ad17-8b56c64f849c,Prefer not to say,,Urban,Yes,Yes
00451650-b176-434d-b878-7cb77e90902e,,84.0,Suburban,No,Yes
5570452e-e077-4e0d-bd24-59a196e07100,Female,46.0,Suburban,No,No
5d8507a0-d0bf-4ba5-ac47-9309fdce5c9d,Male,34.0,Suburban,No,Yes
773ca29b-b594-4cf2-95ca-94558ff7f455,Female,50.0,Rural,No,Yes
dd9cf866-ce27-4b88-8d14-fa5a6f92a3d9,Male,26.0,,No,nan
4dd4e21c-db42-48b5-bdaa-2f0235350485,Female,32.0,Urban,No,Yes
f1a1241d-3f5d-4565-a373-68ae890d4864,Female,54.0,Countryside,No,No
d68c0a6b-62c5-4794-9671-8930dca1fe3d,Female,62.0,Rural,No,Yes
307117a2-920e-4f2e-9ed8-b13fceb4a440,Male,,Rural,Yes,Yes
1e4f9218-183e-4781-b522-f2c29bd9ef69,Male,24.0,Rural,No,Yes
52939c4c-9bb2-4189-ae21-348d3e3a1057,Male,31.0,Urban,No,No
a393c06c-6503-41e0-b07f-7d07825fa9ee,Prefer not to say,46.0,Rural,No,No
87d91f37-64eb-46e8-9772-5765ffb1f1dc,,28.0,Suburban,Yes,Yes
f5cb450e-cd6e-46e6-b1ff-ef2ed73168ff,Female,68.0,Suburban,Yes,No
7c4815ee-cc4b-41cd-816a-cc0d46bf85bc,Female,44.0,Urban,nan,No
f9308ce4-5eb9-4db9-91e6-04358b8d927a,Male,22.0,Rural,No,Yes
2721ab50-8cdd-4b74-b022-07775bf35bce,Male,,Suburban,Yes,No
e3719de9-0ab1-40c4-a232-f1ec59e29901,Male,36.0,Rural,No,No
03c2e5aa-9d8f-4696-8e8e-4acde7bf1a34,Female,,Suburban,No,No
2983ef3f-8804-47be-910c-49a3a834c0c5,Male,33.0,Urban,No,No
9434acd8-4710-40ec-bd09-78f663a73e74,Female,,Urban,No,No
1dec6432-95a6-4a0e-b98d-ec52c3bf080d,Female,81.0,Rural,No,No
a2daaa8e-2aa2-4900-936a-7e307317c619,Female,62.0,Urban,No,No
761a1bc8-0600-4735-ba0b-53d7a4db5b53,Male,51.0,,Yes,No
5e3f7336-d1fb-4f0c-af28-0c8d8c8c30ca,Male,58.0,Suburban,TRUE,No
8e008abd-e138-43ff-b4a7-54b91b5c4799,Non-Binary,55.0,Rural,Yes,No
d9f6a5ef-e00c-4f88-b82c-811a7948102b,,79.0,Urban,No,No
c499e64d-0034-4f6e-9d52-dc47d60f600b,,21.0,Urban,No,No
991a331f-6223-44ab-8cb3-cab1f151f946,Male,29.0,Urban,No,Yes
6d7673e6-71bb-4de2-865e-6713cf52b836,Female,22.0,Suburban,Yes,Yes
f49c76a3-5b21-4f65-85f2-1c81a848d8f7,Female,53.0,Suburban,No,No
a8b0c770-4dce-4523-af55-711db65441a6,Male,68.0,Suburban,No,No
e6e216bc-7147-466b-9c71-8b8e8a53305a,Female,75.0,Suburban,No,Yes
d3aa3e5f-1cc1-45ff-aec8-6900ddd44a23,Male,43.0,Rural,No,No
96b15909-8ff9-4f27-b571-c8a6bbae2da8,Female,32.0,,No,No
c6d0fafd-f7c2-4db8-b15f-c8458d021ca2,Female,,Rural,No,No
0a1fe63f-4bee-4295-aeeb-6763f6932f4b,Male,,Rural,Yes,No
dc1ee9d3-a067-4bcd-9b47-0fbf53afbafc,Female,67.0,Suburban,No,No
3db7e6d0-aa87-47b8-b852-0ad5df41f9b6,Male,23.0,Suburban,nan,Yes
a4a0d6d5-0d4b-48d1-a36e-93571c7002a9,Female,44.0,Urban,No,Yes
9c3939ef-204e-4a94-995e-28a1b7ed2b1b,Male,62.0,Urban,Yes,No
f637e46d-9dce-4730-8da7-23feb0fa4ce7,Female,60.0,Urban,Yes,No
7e7d901d-9f49-4398-a3b5-093deddc907c,Non-Binary,57.0,Urban,No,Yes
5f0187df-eb54-4d26-bd39-13915750bbfb,Prefer not to say,72.0,Rural,No,Yes
d3e849f3-98b4-4e66-aa6d-33a70b125e46,Male,67.0,Urban,No,No
52d282d0-6b31-4cd3-a7cf-d57d5c9f83aa,Male,,Urban,Yes,No
241f7090-a659-4219-bc63-4c806ba4ec27,Female,66.0,Urban,Yes,Yes
3022c58f-957f-4bff-b797-a4a72cd58549,Female,42.0,Suburban,Yes,No
0b64e9c3-a6cf-4093-b989-aa2d7610e20f,Female,25.0,Suburban,Yes,Yes
0d9d5a6b-d08f-4651-93e4-03e02bd90e6c,Female,31.0,Suburban,Yes,No
8c96601b-57d9-4973-97f5-8199d60b556e,Male,81.0,Urban,Yes,No
0da58e22-c538-491d-a5b6-f58fc94fa43b,Male,58.0,Urban,Yes,Yes
0f87ffaa-5e8e-4662-9907-97e9975ec551,Male,29.0,Urban,No,No
ae19c325-a469-4bfe-9a2f-da7e6261a2c3,Female,48.0,Urban,No,No
d8801d05-cfa3-42a9-806f-c5cde3ce5c4b,Female,57.0,Suburban,No,No
d21174e1-1ff8-427e-9317-a7deb4c00795,,56.0,Suburban,No,Yes
2196db3c-56be-4b91-95e7-aa81737ab4d6,Male,67.0,Urban,No,Yes
334ce042-2237-455b-b4fe-d10430f5fcad,Female,72.0,Urban,Yes,Yes
4caba354-408a-4b89-94b0-3c2ee69b1a52,Male,27.0,Urban,No,No
 69227b90-ba0d-4831-81ad-a89f0f793382,Male,24.0,Rural,Yes,No
71346f26-ec4d-421b-88ba-7f13dbec4d04,Non-Binary,38.0,Urban,Yes,No
edf6c21e-60a8-4fe2-a71e-344137a5a90f,Female,53.0,Rural,Yes,No
10b6ee47-c9c5-4a7c-aee7-4ccff31b09b3,,53.0,,No,No
a6550287-4e15-414f-9b99-7d59ef7d27ca,Female,72.0,Rural,No,No
53d85a01-7abc-42b5-921b-50fd734aaaf0,Female,55.0,Suburban,No,No
c1c837c1-b749-4820-92dc-8da305db14bb,Female,45.0,Urban,No,Yes
106a7199-1594-49f7-8646-182e752fa633,Female,31.0,Rural,No,No
7a6d0415-d7c1-4e15-8a70-ad8a7527bcc6,Female,57.0,Urban,Yes,No
940cf6aa-362b-480f-8208-9c2908ed9d75,Male,68.0,suburban,nan,Yes
e23fa083-c609-4aaf-940f-6d3bd928d67e,Male,-5.0,Rural,No,No
bc479799-cb31-4bd6-b32a-a78e1f7f333d,Female,57.0,Rural,Yes,No
612cb432-686c-4b03-b28e-59bcc5be91a9,Male,70.0,Urban,Yes,No
91824bbc-4869-42c6-afe7-0013def35269,Male,59.0,Suburban,No,Yes
7d8c0ac1-acab-4c8a-a5ad-c61ba3c8b116,Female,27.0,Urban,Yes,No
a93a3567-ff7c-4072-8e71-1060b250bf9c,,61.0,Rural,No,No
d7cd1872-d3fc-4838-bb4b-925c54c25043,male,64.0,Suburban,No,nan
8b5e5753-cb9f-4dc9-ade9-5a567ba7807d,Female,23.0,Suburban,Yes,Yes
4ed1ee84-3489-48ff-af1e-c79dfb8a124e,Male,60.0,Urban,Yes,No
41da730d-47d5-4194-bed1-31a712c3b464,Male,83.0,Rural,Yes,Yes
0929186e-f011-4f2d-87a9-6eb2506a2974,Male,33.0,Rural,Yes,No
346673ed-5be9-44ac-babc-c2a3083c5880,Female,23.0,Urban,No,No
5ff36a69-d3b4-4cf0-b6c8-ce568ae56d2a,Male,63.0,Suburban,No,No
74abd033-a7ac-4524-a345-64ecbd39ab89,Male,53.0,Rural,No,No
91d7465c-c239-40b1-8b4e-71830dc026a5,Female,,Urban,No,Yes
ce4d2e01-a33e-42f1-87f2-28e673305e60,Female,65.0,Suburban,No,No
055e5e24-52f6-49d9-b93e-4a55fd76082c,Male,19.0,Suburban,Yes,No
24b991fd-95e9-4e1b-8457-a9091207fbf2,Male,83.0,Rural,No,No
618f929b-fa4c-4bc8-82ea-71c55778c7bc,Male,43.0,Rural,No,No
bbacb4b1-badc-4b37-bd22-a596e348cb2d,Female,83.0,,No,Yes
 0e48105f-e4fd-47a5-ba3c-b5fb3647a8d5,Female,23.0,Urban,No,No
62026928-7b9c-4ae9-ba0d-00b2ff90641f,,30.0,Suburban,No,No
e2220628-942a-4812-ae50-726f9fd6a936,Male,37.0,Suburban,Yes,No
3a1e4aa6-2dd1-4947-9dc7-da18ca1db1c8,Female,67.0,Urban,No,Yes
deab45ea-b6e7-4673-9f06-603a6d3bbe52,Female,45.0,Urban,Yes,No
a6d463c8-173c-4c47-a7d9-0e625d5b1c01,Female,34.0,Rural,Yes,No
61f78431-a1f6-4f19-861f-d13d6f6410a7,Female,59.0,Rural,No,No
620a81c8-8cd7-41bb-ab24-9d010e026ad2,Female,77.0,Urban,No,Yes
1a78616d-ec17-4206-9463-54fff9757253,Male,47.0,Rural,No,Yes
f84360c0-1004-4321-b940-9156bebba1fb,,51.0,Suburban,Yes,Yes
773d035e-d3b1-4f25-ae26-09d72c9454c0,Male,18.0,Rural,Yes,Yes
a7ab5073-f16e-4ee4-b41f-460caeec44a6,Male,20.0,Suburban,No,nan
d0c19e3d-4098-4bd0-b4ea-188d46b56c93,Male,40.0,,No,No
0212e090-10d6-4784-b0d1-a7b0f22b303c,Female,75.0,Rural,Yes,Yes
9cbf57ea-e0c7-4f61-987e-1c32509efe4c,Female,19.0,Rural,No,No
fad4ce35-2c8d-4c94-b7a3-c7a1acbb653e,Male,18.0,Urban,No,Yes
cdf333b4-c510-46c9-b388-4d97e667d939,Male,,Urban,nan,No
1121af29-d78c-4d05-baf5-085c7f34fc63,Male,76.0,Suburban,No,No
9be539fd-e7ee-48b9-80c1-b52d2ae0d572,Male,81.0,Rural,Yes,No
6a8f96a7-c335-4ca5-b436-332eafe83ae7,Female,,Rural,Yes,No
9d1b5106-cdf9-4353-9487-022864073b12,Male,27.0,Rural,Yes,No
81d0b876-84c1-4882-8a94-e160571c5e52,Female,51.0,Suburban,No,No
61e1bbfe-1aef-4b46-9e6b-636644facc99,Male,41.0,Urban,Yes,No
e20e7216-6861-472d-a466-9281f2732660,Male,24.0,Rural,No,Yes
e31e1404-408c-4ff5-91a4-71032340c46c,Female,42.0,Urban,No,No
5bd2b55c-0cc3-42cb-b216-d6fb40549446,Female,35.0,Urban,No,No
 614673cb-a866-416f-9b81-8c68c5ca470e,,,Urban,Yes,No
25591200-274c-4df9-97a5-f9319953bd72,Male,74.0,Suburban,No,No
b736157e-be44-4cfd-baa8-335580355bc6,Female,78.0,Urban,No,No
aaeff4dc-c5ed-43d4-b71e-d3e70ae832e2,Female,84.0,,Yes,No
bb725a8d-1506-4330-88ac-73a8c4bf4a51,,63.0,Suburban,Yes,Yes
a4265e6e-1fa5-472c-b16d-a95092a6132b,Male,81.0,,nan,Yes
73bccf46-d1ab-41be-b2f3-9628895ef817,Female,84.0,Rural,No,No
c023e279-ded0-4320-b24f-475c3bc4b149,Female,58.0,Urban,No,No
77dd97cc-9266-4e66-b13e-dfa8410ffc7d,Female,40.0,Suburban,No,Yes
b9c979be-6567-45a6-b88a-772d8b15c82e,Female,46.0,Suburban,Yes,No
469d409b-ae6f-48a1-a821-e32a34d26216,Non-Binary,63.0,Urban,No,Yes
6cfc970a-e848-4d52-8f2d-bae820d2f588,Female,68.0,Rural,No,Yes
15ec16fd-d31d-43ea-9b6f-ba6ee651b62b,Female,28.0,Rural,Yes,No
71aa91f2-9cde-4f15-983a-70c1d663f962,Female,62.0,Urban,nan,No
68acf6b6-1bdf-48b9-b081-d1a4ce263bf8,Female,45.0,Rural,No,Yes
72486df4-1910-4970-bbf5-43672e9174e2,Female,49.0,Suburban,No,No
68d4440c-7332-4f86-9876-ccefbbf1994f,Female,58.0,Suburban,Yes,No
d84e189f-d249-459c-859a-cf9e8507f92e,M,74.0,Rural,No,No
e10c10a8-2f39-4300-a310-c809f3e07314,Male,31.0,Urban,No,No
422993a5-0802-4fbe-af0d-11d1b3588526,Female,51.0,Suburban,nan,nan
88aec493-4f6a-49f8-8710-393e76540741,Male,47.0,Suburban,Yes,Yes
3fcd43f9-361d-4dfc-a1e4-3c545b051c95,Male,49.0,Urban,No,nan
4e330397-67ad-42ec-8541-b65b4e48010c,Female,31.0,Suburban,No,No
5c61afaf-b757-43b7-a4ed-e3a0ed0abcc9,Female,50.0,Urban,No,No
253b8ae3-91b3-4f01-9acd-bfa62bd9a633,Female,32.0,Suburban,No,No
3c58e5bb-8f14-4c98-a511-ef53bb0135dc,Female,81.0,Rural,No,No
7c5efd0d-a562-453f-8d9b-2a82165689a8,Male,43.0,Suburban,No,No
9fb946d0-54f9-4df5-8f31-2c91a6565f24,Female,27.0,Urban,No,Yes
f587e746-a53d-49c2-80d5-0c6745bd1da3,Female,47.0,Urban,Yes,No
67dc2236-5fa2-4178-ad19-32a60ce7d6c6,Male,58.0,Suburban,No,Yes
e7c98017-bcb8-4d46-83b7-b582eb8dcf60,Male,81.0,Urban,Yes,No
255863c1-1f73-4cf2-a43f-bec23aad19c9,Male,63.0,Urban,No,Yes
c8d8b7bb-392a-4495-9073-5aa98b07cc3a,Female,18.0,Suburban,Yes,No
bfee7618-f17b-460c-a493-94dcd4eee95c,Female,62.0,Suburban,Yes,Yes
a9e76c69-286b-48d4-af70-21815263e4e0,Female,34.0,Suburban,No,No
a25ea5c2-737f-46aa-aa38-5c28fd671948,Male,30.0,Urban,No,No
dd2ea639-2eb9-4778-a664-45d73a98e977,Male,19.0,Urban,No,TRUE
c43a3777-d03c-4b8e-88cc-951eee5d41ee,Female,38.0,Suburban,No,No
5fd28f04-f6aa-4edc-a257-114608bb6ae0,Male,24.0,Urban,No,Yes
817d44fe-1d8a-4f69-ba29-174cd2e93edd,Female,41.0,Rural,No,No
1cae336b-3bc3-4d02-86ed-3616737f9494,Female,18.0,Urban,No,No
6e68d0d7-cfb9-4e65-bce0-564de2d3752b,Male,61.0,Suburban,Yes,No
56f96175-4666-40da-b124-01548b737a9e,Female,28.0,Urban,No,Yes
2ddc90c3-51ea-4a94-8979-8bc2bd838515,Male,56.0,Suburb,Yes,No
9d31e62c-244d-4c90-9bfd-6c3d1943dd43,Male,73.0,,Yes,Yes
682e81a8-0ad2-4252-ba1a-4230042b4925,Female,26.0,Urban,Yes,No
668190f6-9f13-4b35-a239-f7fb25ed7ffe,Female,62.0,Urban,No,No
9b08c070-a51b-401e-bcb3-b6cd49672c06,Male,75.0,Urban,No,No
2179420e-1864-42e2-9483-394ac4a74e48,Male,53.0,Rural,No,No
08d743b1-6554-439a-9e40-24503d86216a,Male,65.0,Rural,Yes,Yes
f8bff590-bec1-4c45-b09c-c5ba3621e0e4,Male,80.0,Urban,Yes,No
3123efc4-cd52-4582-a257-c83ff840c2ef,Female,48.0,Rural,No,Yes
845e2ea1-ec13-42e9-8168-0fa89929f7b4,Male,35.0,Urban,Yes,No
88b1dda6-bdfd-4834-a6d2-cf9b44158bef,Male,39.0,,Yes,nan
3217aab5-afb5-429a-a88b-deb685c284d9,Male,84.0,Suburban,nan,No
eab35a37-076d-497f-ba16-cdc6297b0c9e,Female,40.0,Urban,No,Yes
655c9879-2cf7-4de4-9a70-2614e6312869,Female,65.0,Urban,No,No
7df5a454-73fe-4459-8215-4c34ef22df73,Female,30.0,Suburban,Yes,Yes
bf9954a8-8141-46de-a11d-a16e51409d64,Non-Binary,60.0,Suburban,Yes,No
44ae0521-f3b6-4ec4-b901-9e5cbbdcc48f,Male,40.0,Urban,no,Yes
ec1cbbe6-b9fa-488b-bfda-6d6c34058164,Female,47.0,Urban,Yes,No
fe38edf8-2d64-44dd-8c0c-c30cdc3036b0,Female,40.0,Suburban,No,No
ac6f750b-31af-4b9c-8c07-4c82b1994e46,Female,40.0,Urban,No,Yes
d9a229bc-bc16-4464-bacc-3e45eacef8c3,Female,77.0,Urban,No,nan
c9317244-1810-4fac-8ba7-35114de68b4a,Male,70.0,Rural,No,No
9737756c-dba4-4fdd-a16d-fd68b74d612f,Male,72.0,Suburban,No,No
00d10ab4-8fba-4d75-8c5b-b8e5a9ac6719,Female,24.0,Urban,Yes,nan
b8efd8bc-3f1e-46b6-9bb5-295aa4d51d1c,Female,69.0,Suburban,Yes,No
740c2aea-40ab-4553-be91-899d78659453,Female,34.0,Urban,No,No
34c85df4-a758-4ef7-b88b-bebd9e8a9be7,Male,19.0,Rural,Yes,Yes
ddb2c2da-9bca-4bc1-b2e6-99f9d019425d,Male,39.0,Urban,Yes,No
5e9d226b-d514-4f0b-84c9-04133c983d8f,Male,64.0,,No,No
7bcaa2c7-1861-453e-a3df-63b842429365,Male,49.0,City Center,No,No
01857298-be8e-4065-a794-885f70eb8a48,Female,50.0,Urban,nan,Yes
2beb3873-6627-4e76-96f1-71caf9833d01,male,24.0,,Yes,No
ced99fad-779d-4c97-9c8a-b70a7243c14d,Female,66.0,Urban,No,No
e7d5fd0f-becd-4fac-ad5f-089da114b01d,,54.0,Rural,No,No
054701d6-7f6b-4b83-bdbd-485ce4b420be,Female,72.0,Urban,Yes,No
773580c6-eea5-4e8a-8f3f-0d70d4672e9e,Female,70.0,Rural,nan,No
8f54b36b-1c2d-411c-ad35-869418f696eb,Female,72.0,,Yes,No
f5aebdd2-3051-49fe-94b5-04156e15ef50,Male,82.0,Urban,Yes,No
1f17f592-0b57-454d-8fbc-18ed9060b246,Male,71.0,Suburban,No,No
65904af3-6223-4ee3-923d-562b1fedf3c7,Female,84.0,Urban,Yes,No
3b592ea7-d2d1-44e1-ac2b-16a37aea985c,Female,44.0,Urban,Yes,No
e471aa0b-ef4c-445f-a25c-43249c7d74c3,Male,41.0,Suburban,Yes,No
c6006742-0f39-4317-ae59-67a8055f86fd,Male,75.0,Urban,Yes,Yes
b5f24932-73cf-40da-b8f6-f58d4934ee82,Male,77.0,Rural,No,No
68de0eb8-1e58-4101-98a4-4d47b5744933,Female,42.0,Suburban,No,No
5b1025eb-e018-4222-aed5-694f45555d4d,Male,46.0,Urban,No,FALSE
b9121577-8b1c-4fe3-8550-05585fe36148,Female,53.0,Urban,No,No
35d614ce-d68f-4bae-8d77-f5bddfc6c324,Female,41.0,Urban,No,No
19e03820-da84-43b5-87c6-01d4101963a7,Male,27.0,Urban,nan,No
75518583-a869-4784-a0c4-ddcab3cf0cbe,Male,78.0,Suburban,Yes,No
815c3740-5ad6-49a7-b4bb-5a1521752405,Female,56.0,Urban,No,No
f25344bd-641b-4078-8f89-e4fc086097b9,Male,71.0,Rural,Yes,nan
f9ef0e0f-f38f-4b0f-8fec-18d5a1e92a40,Female,21.0,Suburban,No,No
53500d60-9f01-4fe3-ac03-e4314d111c7f,Male,20.0,Rural,No,No
4a06a91b-efdc-4f87-870d-67a9a4b3e2ca,Female,45.0,Suburban,No,No
5c79eb9d-ce61-4c0e-a5ac-97fc879451eb,Male,66.0,Rural,no,No
b2bb870f-2a0e-4ef0-86ad-c1836ad726ed,Non-Binary,81.0,Rural,FALSE,No
7265e114-278c-4e25-ba6e-075cd268c98d,Male,63.0,Urban,Yes,No
cf81b385-0a74-4c3a-9d05-c33f6872c68c,Male,38.0,Urban,Yes,nan
fc4b0311-0577-4848-8d87-08ad5c42a4f6,Female,68.0,Urban,No,No
2922b585-3814-4816-afc5-bb79cf671aa2,Female,,Urban,Yes,Yes
563ca5f4-6fdd-4821-af9a-1cec4ce05024,Male,19.0,Urban,No,No
c3e9d83f-50e6-44ba-9fa8-6d354cf5248c,Male,27.0,Suburban,No,No
2f03e80f-e881-4708-829e-a34136280573,Male,67.0,Urban,Yes,Yes
003b381c-8f8d-424d-b1fe-8e68527674f7,Male,43.0,,Yes,No
ccbd355f-4998-4c1a-bb6e-34cd6bd824ad,Female,54.0,Urban,No,No
48ca7d12-5e3f-4b0e-857f-80c2d27fa21e,Female,39.0,Suburban,No,No
ddc69779-8135-4e2a-8142-bfcc06340e5f,Female,74.0,Rural,Yes,No
1acee671-5061-4569-8f99-28e12183e6b2,Male,32.0,Urban,Yes,No
94d104c0-f7e3-4ed6-86bc-901d8fed760b,Female,22.0,Urban,No,No
6abc82ae-e13c-4820-870d-a379d572b284,Prefer not to say,48.0,Suburban,nan,Yes
2302811f-44af-4898-9440-b3308c9cef85,Female,0.0,Urban,Yes,No
b4a7ff1b-63c4-4963-b154-b7a655bdda78,Male,27.0,Urban,No,No
c863aa10-6475-483c-9f19-cd53ba0f4a9f,Female,50.0,,Yes,Yes
6affca49-2258-44e2-8ac6-d600e526d4dc,Female,65.0,Urban,No,No
801c48b6-ad5d-49d9-9a25-8cd111b5f2a3,Female,41.0,Suburban,No,No
3caf1212-ca8b-49d4-a59a-991fd8f15f5d,Male,,Urban,No,Yes
ba583399-030b-4ae6-94f7-44f2a12ac8b4,Female,38.0,Urban,No,Yes
e6ea9823-6dc1-4cb9-9233-304d9de6786d,Female,38.0,,No,Yes
cca7876d-dfd4-43e2-94c7-bbded76b4d20,Female,29.0,Urban,No,No
65470d8c-a212-4387-b2fd-f4863c12c8e0,Male,78.0,Urban,No,nan
88e2c9c9-a20c-4643-b930-1c75f5b6eb92,Female,69.0,Rural,No,Yes
f4c7700c-ac2c-406e-a5d2-a1f532ac9863,Female,83.0,Urban,No,No
fe512f1e-0d50-45c5-adeb-32b7f26c695f,Female,51.0,Urban,No,No
72e7a8b4-a3d0-4aca-ba70-62f3db284755,Male,75.0,Suburban,No,No
908f2fea-3f8e-42e8-894c-02268e4c2308,Female,32.0,Suburban,No,No
da38efe4-3cda-4ada-afa2-cd3a16e5b52a,Male,26.0,Suburban,No,No
19467cbf-5608-440f-8ff1-95d2a9d1d704,Male,,Rural,Yes,No
95dda421-185b-400a-be14-1b53efd9faf7,Female,36.0,Suburban,No,No
ea6ad91e-3e0d-4d63-9154-91b0dbed3118,Male,32.0,Urban,Yes,No
f9511e4c-f715-40bb-aacd-5bf2b0181757,Female,73.0,Urban,Yes,Yes
688960e2-f777-4123-bd87-f551044e57df,Female,20.0,Suburban,Yes,No
cce00972-83df-4047-bacb-c482cb44f25a,Male,38.0,Suburban,No,No
7d4495a6-c327-4ddf-91a7-77e140b01af9,Female,20.0,Rural,No,No
6865f19f-ed80-4206-b29b-8072aac7e8d3,Female,61.0,Urban,No,No
e29e8071-366b-437c-8583-b60e4d83168a,Male,80.0,Suburban,No,Yes
e6875d36-366d-4c9a-8253-6083b4df4c9c,Female,30.0,Suburban,No,Yes
cf387294-bb85-4431-bc7e-00ddfd5dcb43,Male,65.0,Suburban,Yes,No
67892cb7-d270-41df-8dc7-be739c542ba0,Male,41.0,Urban,No,Yes
a6c058a7-7ed5-4cdf-a47e-5ed54a798fbe,Female,59.0,Rural,nan,Yes
bf3ac0db-142f-444b-8b2d-e96fc24c091e,Male,,Urban,No,No
3af28c03-a0ce-475b-88ce-57d3386e39b8,,76.0,Rural,No,No
9d133f9d-909c-44ab-ad3c-9a4a7e127cc2,Female,30.0,Urban,Yes,nan
ccf4d44b-50e9-4df7-9248-df9f1a615a8b,Male,39.0,Urban,No,Yes
4c2d05f1-6b9f-4f98-842b-e04ef10602f1,Male,56.0,Urban,nan,No
e4a3f2fc-86f1-4006-8930-5531d4d37dab,Male,44.0,Urban,nan,No
a4607d50-f858-4646-99ca-75013e9ea106,Female,45.0,Urban,No,No
30901c07-c0b5-4c2b-bbc3-914c7d18811e,Non-Binary,76.0,Urban,Yes,nan
10b6ae6b-3533-4d7b-aeed-179867fc2684,Male,,Rural,Yes,No
de272b7f-0a43-48e9-afe0-6923d5f46f17,Female,24.0,,No,No
adebd659-a6ee-49c0-b00f-0dc561949485,Female,63.0,,No,nan
ca0ff088-e4f5-4b57-9fb9-b6cd8fdbdad7,,18.0,Urban,No,nan
13638deb-4faf-47f6-ad71-8af4696ac2c1,Female,74.0,Suburban,No,No
84730184-a583-4ea5-9007-7b7a867e8059,Male,25.0,Suburban,Yes,nan
fd93b0bc-8ce3-405b-8a53-4df7c4dbbe5b,Prefer not to say,77.0,Urban,nan,No
ca985da1-9d9a-4487-a989-13fd93e0808d,Male,,Suburban,No,No
f6e08018-1783-4824-a5f7-38640c422369,Male,70.0,Suburban,No,No
26b3c033-f417-4257-a8b7-42b6531c3a56,Female,77.0,Suburban,Yes,Yes
c8ee61aa-1b2a-44b1-b5f3-42cabb52568a,Male,82.0,Suburban,Yes,Yes
e5d4f019-abee-4b13-bf2e-383ba57e2ef2,Male,61.0,Suburban,No,No
5f01da60-fdac-4b89-81b4-874eea4eebf1,Female,42.0,,No,No
66b7f237-2c14-4778-b710-6c76ae1c7394,Male,42.0,Suburban,No,Yes
301c7a43-6486-49c5-b6a2-4b6acaa0d2b9,Prefer not to say,36.0,Urban,No,No
3ca4a59b-6548-4e9b-b926-74ab61189e8d,Male,66.0,Suburban,Yes,Yes
d1a35328-b814-4258-a971-bd422201e137,Female,19.0,Suburban,No,No
7df9fba5-313e-4a28-a3c6-959688a9c0a8,Female,66.0,Urban,No,Yes
bc98fa88-f1dd-45fe-8d0f-5a4429296dac,Female,49.0,Urban,nan,No
92c850cd-9a52-4b4a-bef1-9b32f6680e5f,Female,46.0,Urban,Yes,Yes
294ed5a2-eb59-4210-abc1-993eca72eacd,Male,49.0,Suburban,No,No
f8e05999-4841-41f3-8a45-71115f6e4a65,Male,72.0,Urban,No,nan
23e1bd92-8f71-441b-a914-2c6201fdb8d3,Non-Binary,18.0,Urban,Yes,No
85b838ca-ce7c-4ab3-8633-4b26450aaf43,Female,21.0,Rural,No,No
bc2274a7-0512-4eb3-b6f4-e3f263bd29eb,Female,71.0,,No,Yes
d5e32895-b3eb-48ef-921f-4e441d998e0f,Female,34.0,Rural,No,No
e0bdb2bd-e725-4a1d-8241-a80774964cc2,Male,21.0,Urban,Yes,No
fed5e658-f3fb-493d-9710-b6d13cd746e8,Male,43.0,Urban,nan,No
01bb055a-78c5-42bb-a8f4-ca46236136f0,Female,61.0,Rural,No,Yes
eb3ff63b-2219-47ab-9a6b-9fb599fc7bd5,Male,81.0,Urban,No,No
0e2f68e5-cd5e-4339-8084-53b07ef59924,Male,73.0,Urban,Yes,No
528fedb5-d652-4971-a25d-846cae87362b,Male,32.0,Suburban,Yes,No
c97d6604-1019-46bb-b8c9-25978c4c8cbd,,,Urban,No,No
f675dc0f-de1b-42ea-817d-95c9ee47436a,Male,65.0,Rural,No,nan
10e7e9d3-40e6-499b-99c1-9cf2c3c5d882,Male,,Urban,No,No
bf4dd0ae-038e-41f3-a77a-f077beca47d8,F,80.0,Rural,No,Yes
86f46a96-1b0f-41b6-9fa0-33038eb08c33,Female,33.0,Suburban,Yes,No
59639e89-cd6a-401c-857c-f7c408ca99b7,Male,120.0,Urban,Yes,No
1d69f99b-833b-430d-bf38-298eb943c11b,Male,,Urban,Yes,No
be58344f-0549-4dcc-b396-1012f14a2006,Prefer not to say,55.0,Suburban,Yes,No
54097f9c-a550-4e39-93af-55b4883dcb05,Female,62.0,Urban,No,No
27c64f9a-5fc1-4780-93a9-bef33be03858,Female,66.0,Rural,No,No
d467bffa-b0e3-4a3f-95a0-64c690d00b6d,Male,68.0,Suburban,No,No
3ea0d8d9-74e1-49f2-8986-8ed679b8d00a,Male,,Rural,Yes,No
5f30e200-31de-4ce5-8c69-93a249752d1e,Male,74.0,Urban,No,nan
88733273-6fc4-4921-ba22-cfe4428163bf,Male,71.0,Suburban,Yes,No
5927ce60-fd94-4692-8583-12d85e6ddac9,male,,Suburban,Yes,No
95a54b08-c2d5-4d44-bb0a-a9470e35a202,Female,66.0,Urban,Yes,No
c9135ddc-c750-4e45-9623-565e46badc65,,18.0,Rural,Yes,Yes
827f3456-4ae2-4eee-89a8-7d138820961d,Female,,Suburban,No,No
e281ed13-bdf8-48ce-866c-69807ee33d96,Female,76.0,Urban,Yes,No
8450716d-067e-4fa6-93b6-de9f2f97bbbb,Non-Binary,83.0,Suburban,Yes,No
71c1a037-0c4b-4503-a6a9-08ecae62f538,Male,22.0,Urban,nan,nan
b0191e80-e4be-4e74-9af2-d408a2309ed5,Male,31.0,Urban,Yes,No
6b77a9fe-9042-4328-b3b8-515146f01389,Female,37.0,urban,No,No
c950177d-d5d4-480e-98ca-2ccddae6bb70,Female,43.0,Urban,No,Yes
4f759740-2d33-4b9c-9ea2-ac6e9f066fd4,Female,46.0,Rural,Yes,No
e0728bd5-e96f-4d54-a64a-076b35a40439,Male,60.0,Rural,Yes,No
5bf6e0ab-a496-4667-930d-f2688c6c9024,Male,43.0,Suburban,Yes,No
1e70f81e-2bcd-4fa6-a51d-215f1d041107,Male,52.0,Urban,No,Yes
63dcdc26-8f70-42c2-9adc-d853c0b48b33,Female,20.0,Suburban,No,No
31626075-da8f-4df2-b126-924b3b5743f3,Non-Binary,61.0,Rural,Yes,Yes
011c2ffa-bf84-4cef-b8c2-5f3febd9decb,Male,84.0,Urban,No,No
8a3322bb-6862-4150-98e7-1b1a9ff64d44,Female,53.0,Suburban,Yes,No
9522b1d7-76e8-4d83-a03f-4a5bb71aab5c,,55.0,Rural,Yes,Yes
01698166-9edc-4362-a759-b6e6148a3fa3,Female,58.0,Suburban,No,No
364e5bed-7feb-44ae-87c9-3ed0cf4e64a1,Male,35.0,Suburban,No,Y
6f6bb343-77bc-4b76-add0-0bfe7eff39c7,,64.0,Suburban,FALSE,Yes
85a3ed41-b2fd-47b6-a278-1d43c4de3651,Male,30.0,Urban,nan,No
b52c68da-cedd-40f3-95f9-e3bd1804de15,Male,,City Center,No,No
7cf01e6f-bd13-40b3-9019-996776110b62,Male,24.0,Urban,Yes,No
fa637264-9b51-4829-9dfa-6431cda5068a,F,44.0,Suburban,No,Yes
a7080e92-3471-4fd0-a621-dd3fd852922b,Male,28.0,Rural,No,Yes
886cbf7b-a7de-42e2-b690-5507cbb425b3,Female,40.0,Urban,TRUE,No
f065f234-fc9d-4dfc-b495-9aa042b728e9,Female,45.0,,No,Yes
d3df8c06-5311-4390-b149-51e0c1239fa3,Male,71.0,Rural,no,No
68271f49-278a-4582-ac0d-6054d20d9b0f,Male,31.0,Urban,FALSE,Yes
35269923-4a98-47df-b9ee-32a505532caa,Female,71.0,,no,No
8e79c137-8b09-4855-8878-b2c72ebb284b,Female,,Urban,nan,Yes
2437e86d-192a-4115-953c-96f15d1a17b9,Male,24.0,Urban,No,nan
7ec169a7-42f1-4257-a8b0-7c6db27d17d2,Male,63.0,Suburban,No,No
b9cfad2d-8d81-4257-a98b-341c89add5de,,38.0,Urban,No,No
ac54c5d6-4062-4e17-8806-84e071928e61,Male,59.0,Urban,No,No
17feceef-47bb-49d6-927d-a0ea8f5a9b8b,Male,80.0,Urban,No,Yes
c8fd64ee-ce8c-4b03-ba30-febc401dccdb,Male,83.0,,No,No
113f7cbb-1d83-4533-a302-f249e7a7ed6d,Female,51.0,Rural,Yes,Yes
a8f1ecc2-8ff4-4ca4-9cbb-0a9890899ded,Female,53.0,Urban,Yes,No
d293ffc6-999f-4aba-a8a3-855d6ba3599e,Male,20.0,Suburban,No,Yes
b918236d-4039-4c48-bae5-c45649a583a1,Female,65.0,Urban,No,No
b45e8321-576d-48df-8fb6-b69f1e807af4,Female,84.0,Urban,No,Yes
4cd8c8af-0757-471d-827f-d9bf98bec353,Female,55.0,Suburban,No,No
42dbd598-2cd6-4385-9543-c48e7055926c,,56.0,Urban,No,No
ee5bba6a-1b7c-4fe6-83a9-8af58c19edc3,Female,69.0,Suburban,No,No
4a9970ec-1949-4488-b851-6adfeb76888f,Male,42.0,Urban,No,Yes
15eb82af-3eff-49ef-bcbc-ed077240d8e7,Male,81.0,Urban,nan,Yes
2283a29c-91ab-4c23-9040-b27512c0e592,Female,73.0,Urban,No,Yes
734018c1-121c-459f-8949-86fd0dfe7623,Female,56.0,Suburban,Yes,No
6174bc25-2360-475a-aa6c-b7e21e9fc241,Male,47.0,Urban,No,No
b16069d4-8268-4f42-98a3-84a047581583,Prefer not to say,64.0,Urban,Yes,No
dbd71cc8-f81c-4ecc-bbc5-5f38245d61db,Male,61.0,Suburban,Yes,No
95d3fcf3-02a7-4155-9da1-acfda0b12966,Female,50.0,Suburban,Yes,No
6d7c050c-5cd5-4252-930d-83bf94abdcf9,Male,66.0,Suburban,No,No
403b26f4-db48-4fae-acc3-e19508b02c75,Male,55.0,Urban,Yes,No
558e524c-ccb1-4974-b2a3-bd583c428862,Male,30.0,Urban,No,Yes
dc888aae-f704-4512-971e-708c8a01102b,Female,51.0,Urban,Yes,No
1f9fc910-14d7-41b4-9c6a-34f27cfbeb6e,,53.0,Urban,Yes,No
a861f3b0-c40e-40f0-9c7c-e1d68891156e,Male,,Urban,Yes,No
489a28ee-807e-4483-934e-0c4c34cdc45a,Female,40.0,Suburban,Yes,Yes
f4c28615-2df1-478e-b680-d23385ad7811,Male,38.0,Suburban,No,No
9d2c5c14-aee3-4b70-a066-9949f302160f,Non-Binary,65.0,Rural,No,Yes
39a521fc-e3fb-4fc4-b3fb-2af9784eb26d,Male,63.0,Suburban,Yes,No
0c5f665c-3d27-4cd8-8ab7-4d331c4b3069,Male,41.0,Suburban,No,No
685d6ce0-e852-49bd-a5d7-9058951a2ba1,Male,49.0,Rural,No,No
98753ce8-2a16-4a27-b7a0-135553218dde,Female,73.0,Urban,Yes,Yes
b3db14b9-9009-4373-a53b-9d80cfb9e4ae,Male,47.0,,No,nan
38a86db8-351b-4dfd-abca-7c4b55d81723,Male,40.0,Suburban,Yes,No
788a9360-d825-41e9-9ae5-234e3a4c3e14,Male,29.0,Urban,No,No
6ad698a3-3a64-4bb2-b0ee-27bc990678b2,Male,81.0,Rural,No,Yes
3a17312c-f5eb-46ba-a565-5a2743255156,Female,44.0,Urban,No,No
341a89c6-e18b-49cb-bc6c-8f9bbd18f556,Male,79.0,Suburban,No,Yes
4a74a558-9ed9-451a-9a95-c7a703f04ff7,Female,80.0,Suburban,Yes,nan
d112d5fc-d9e9-4abb-988e-030579457a22,Male,120.0,Rural,No,Yes
3ec000c7-943c-41a7-bb8c-ebdabcce0946,Male,48.0,Suburban,No,Yes
81180876-340c-4886-9d97-77ea4acbbf48,Prefer not to say,55.0,Urban,No,No
f1e008d0-e9fc-4b44-8ae5-bdca9bf928e1,Male,35.0,Urban,Yes,Yes
63a52f4a-c13b-4dc2-8bff-18436529885e,Male,,Suburban,No,No
abbc70c2-1334-4641-8da8-ef2795ff45a4,Female,67.0,Urban,No,No
4c40105d-1f9b-48ca-8286-3957cf2762ec,Male,48.0,Urban,Yes,Yes
788852fb-dbc2-454c-a1f0-939baf5c5d26,Male,79.0,Suburban,Yes,No
e8085869-3228-4312-9632-0834fb1aa177,Male,44.0,Urban,No,No
d42e96cc-d58c-4a71-a719-6317ca600c5a,Female,36.0,Urban,Yes,No
49df05da-8dcf-4f0c-8d31-81f6129f143b,Female,31.0,Urban,Yes,No
686b8cb6-aa5f-4725-8e91-8706fd5ef4e1,Male,55.0,Suburban,Yes,No
36bac9a3-660f-4920-bca2-7f8ea93cd284,Female,24.0,,No,Yes
dc973274-ecc0-40d4-9c5d-061114189186,Male,22.0,,No,No
6dc901c0-7cb5-43ea-888a-f4320fec860c,Prefer not to say,51.0,Rural,No,No
fd764fd3-a3fc-4d7f-8c55-3ce590ab4644,,70.0,Urban,No,No
d5905477-5536-426d-b6b3-14cfe54aec72,,37.0,Suburban,Yes,No
2feeac45-a072-4439-bfa9-3582b1fe9812,Female,76.0,Suburban,Yes,Yes
8df3414b-0804-45fb-918c-9a9c688d3b63,Female,,Urban,No,No
5976814b-2d73-49b9-8ec1-599a81159fb1,Female,49.0,Urban,Yes,No
41067e21-8633-483c-ba81-adf5fabc5d79,Female,62.0,Urban,No,Yes
8fd361d8-f37c-4a7e-abdd-dcb735ce713a,Female,36.0,Rural,No,No
5714f7ad-d41b-4ad8-963a-72b8c3d124f5,Male,74.0,Urban,nan,No
d85809b9-69c2-4aa3-b9aa-474ab70b1bb3,Male,19.0,Rural,Yes,Yes
03dabb0b-b0d9-419e-964f-be2dcc8b0807,Female,53.0,Suburban,Yes,Y
3a49ad96-e4f8-422a-9d56-1a0aedc057d6,Male,56.0,,No,Yes
2d7909b9-10d7-4bc4-8126-8d309c48c8e5,Female,22.0,Urban,No,No
8b85edf9-4232-4273-a40d-82b0fd8b7ac6,Non-Binary,69.0,Suburban,No,nan
9ab46010-1a7b-40ee-949f-4c8476dbb9e1,Male,37.0,Urban,No,Yes
3a4c4c23-6487-4f6d-a918-04963f8a1185,Female,46.0,Urban,No,No
adbc4ce5-2b96-4390-a996-59f377550110,Female,77.0,Rural,No,No
1d879e0e-899f-4de7-8a43-56fd8b9db19d,Male,67.0,Suburban,Yes,No
41e3987d-55af-46da-b698-82482085b25c,Female,36.0,Suburban,No,No
4a1ff00f-132e-4071-8234-7fc5bfcf5767,Male,28.0,Urban,No,No
8b390876-5060-4852-80a8-e43d98d3d4fb,Female,21.0,Suburban,Yes,No
b21b9f3a-c489-4164-a798-5f930cee983e,Female,76.0,Urban,yes,No
a4cc46bd-970b-4ae5-be65-185abc683eab,Female,25.0,,No,Yes
50fe298a-97de-4396-b9a6-e140ea453dbe,Male,29.0,Urban,Yes,No
1648035f-c8c7-41cf-8a57-c120c4653ea7,Male,0.0,Suburban,No,No
a0e2b920-8cff-4de0-8ad1-0417a3f42b51,Male,69.0,Rural,No,No
b2317377-f49e-425c-b427-bd40be511806,Male,19.0,Suburban,Yes,nan
09a8f005-7927-4e30-9db9-312ea76f582e,,70.0,Urban,No,No
7f8eb1a0-5e22-4d20-90f8-046fe8b8d5bb,,78.0,Rural,No,No
8c7f335a-f764-4dd2-91ed-1ad436a75e5f,Female,58.0,Suburban,Yes,No
bdcd65ee-cd6b-4132-9900-60375b7f3f85,Female,56.0,Urban,Yes,No
6101adaa-6769-4e36-b618-d1976b896676,Female,80.0,Urban,No,No
bdd29f88-0153-47a2-ac20-bf45f1d38e02,Male,34.0,Suburban,Yes,Yes
30092ac4-0ae4-4fe6-80d5-ac3113b07a56,Female,52.0,Rural,nan,Yes
4410e8b0-9432-4c80-8cda-a35426deb8d5,Male,0.0,Urban,No,No
f8f43f11-cf59-4ff7-9ff8-7b9f514a66ca,Female,21.0,Suburban,No,Yes
82db7945-9bc1-4fc9-9faf-121252eb0716,Male,19.0,Rural,Yes,No
2ba3d9cb-b00d-4f00-91c6-af9d39c03fa3,Female,24.0,Urban,No,No
9ddcecd9-d3f7-4941-adc8-ffd90396c41a,Male,55.0,Urban,Yes,No
f1f83cea-c581-4ee8-b38f-6a9501e553e9,Male,77.0,Rural,Yes,No
8ac008d5-9c74-4948-b1f5-451a513123c4,Female,,Suburban,No,Yes
0c945e87-4442-4bdf-9d3d-d58d8aa030cd,Female,43.0,Urban,No,No
dc49f5b5-1f0e-4358-8551-0699f2a09605,Female,32.0,Suburb,No,No
16fdfece-af4c-426e-80aa-377e6da258a3,Female,60.0,Urban,nan,No
184818eb-3df3-4d55-837a-8e5f68676572,Female,50.0,Urban,No,yes
9e21d3fe-c6a6-4581-94c8-571719fe1c8d,Female,33.0,Suburban,Yes,Yes
41d7a776-ba17-4a29-b208-ccec247d7df2,Male,73.0,Urban,Yes,No
da26ef2c-316f-4a1a-aa83-c0068a612b03,Female,80.0,Suburban,TRUE,No
04f37452-eaf1-4d5e-8cef-9bb2e389d2f0,Prefer not to say,55.0,Suburban,No,No
42c0d387-c101-459a-a92b-c39ce5caa342,Female,61.0,Urban,No,No
1b3181d7-4e01-4f51-9f46-70b1df3d4358,Male,34.0,Urban,Yes,No
e1054082-dc5c-463b-8b04-f7ed808da94c,Female,53.0,Urban,No,Yes
61929a48-f741-4654-82cb-231baea576c5,Female,,Urban,No,No
05411912-3d0a-4c9f-b1d4-9466ccbf7348,Male,25.0,Urban,No,Yes
77bd6c08-ffea-490e-b634-b3da2ed73059,Female,54.0,Urban,No,No
24d40e22-c84e-4d1e-8e97-2195df0d99f3,Female,56.0,Suburban,No,No
a1c7c31b-8c11-4030-82ee-dd16633b4fa6,Male,72.0,Urban,No,No
5aedaa95-204e-4c2d-aacc-23c5de9c83e6,Female,38.0,Urban,No,No
ac57e278-068b-4956-acd6-67ee9a84cb14,Female,,Rural,Yes,nan
ed92d355-a7a5-4f4e-9b4b-453503369c80,,27.0,Urban,No,No
d2082b6c-ea25-4ae2-a50a-e236f41ad933,Male,58.0,Rural,Yes,Yes
032dab96-a14c-47a3-a0f9-71ac24043453,Male,45.0,Urban,No,Yes
4812d8ca-521f-4bc7-bba7-a3af0fa84422,Female,70.0,Urban,Yes,No
811c0a4c-f89b-4ec6-bc4c-148f8c0d2472,Prefer not to say,19.0,Urban,Yes,No
49d7346f-5b8c-4fa8-ba8d-eb1c3480cf61,Prefer not to say,19.0,Urban,No,No
707a134b-813e-46f3-b4bd-813b4b1e7bfb,female,41.0,Urban,No,No
a3a4e80f-a215-4a7e-842a-78e9db9758e2,Male,60.0,Urban,No,Yes
39771af7-cca6-4e9a-93cb-a4e4dc62a261,Male,63.0,Urban,No,No
8f580704-4473-4403-bcf6-5d8b99e64eca,Male,75.0,Urban,No,Yes
85fa6492-8f0b-4dab-adb0-cdc51fdfb722,Female,70.0,Suburban,No,Yes
a3cdf28b-3cb6-484e-b8a5-d806d9d1fe78,Male,61.0,Urban,No,Yes
72addedc-2189-4064-a156-d1a75a01e8b1,Male,,Suburban,No,No
3141dfce-7a31-4fa4-a2d7-50a224bd6f38,Male,35.0,Suburban,Yes,nan
c8379803-28d9-413c-b4b5-152593081a22,Male,35.0,Suburban,No,No
cdb0f11f-3dfb-4b71-a957-71f8e555b64e,Female,73.0,Urban,Yes,No
 0bd088e3-6612-43fa-848d-e26d47f82e6a ,Female,27.0,Urban,No,Yes
e799fc60-16bd-4da3-9527-ab9c50e7b793,Female,46.0,Urban,Yes,No
90de416d-1e38-4b58-9dc3-e47651c6ec6a,Female,120.0,Suburban,No,No
9b75fb48-bc50-4bcb-92ba-9251ef1e94f5,Female,45.0,Urban,Yes,No
fbae6344-1147-4857-8505-081b4e2447cb,Male,56.0,Rural,Yes,Yes
1399bef4-8138-42e8-be37-b92eeffc0377,Male,29.0,,No,Yes
073c719f-2e0d-4d90-94ea-89085fe2365c,Female,28.0,Suburban,No,No
b46c7d83-a647-4f9f-a73b-b2a909fd47ed,Female,75.0,Urban,No,No
7d796b4d-d301-4cf5-bf4c-301c23405be4,Male,60.0,Urban,No,No
b0856e3c-baed-4068-972b-9a2af219d0bf,Male,76.0,Rural,No,No
7d37de78-2b9b-446d-91e0-d95533cbeca2,Male,71.0,Suburban,Yes,No
7029692a-3148-465e-a9e6-ee701a605007,Male,65.0,Rural,No,No
0373c18b-ac8a-4c06-beac-c3755c2d73c4,Female,52.0,Rural,No,No
ac411b93-c2f3-46b6-aa73-da116b67a1bb,Female,48.0,Suburban,No,No
b52675c5-b450-4ac2-bfcf-6930d041ee37,Male,53.0,Rural,Yes,Yes
d91fa368-44a2-43c7-bafe-a82cc03a4a87,Female,59.0,Urban,No,Yes
7edbba9e-88ac-44a8-b904-8d7608b29f32,Female,42.0,Suburban,No,No
51aff595-0257-48ff-b1ca-8c4d4b147fc4,Male,73.0,Urban,Yes,No
7289c5f4-a723-4fa1-81b1-d6cf4fb0a6b5,,67.0,Urban,No,No
b90ef10c-2525-4134-98b5-f07cf6212a23,Male,55.0,Urban,nan,No
fdfacbdc-d00e-478b-8fac-8fde7a5717ce,Male,37.0,Suburban,No,No
d06c069b-4415-4468-880b-b351c8233545,Male,18.0,Urban,No,No
6f3c3b27-6614-4257-99a3-2d183f9d77ee,Male,73.0,Rural,No,No
285c0ea0-ac02-47f0-a168-3127ede3dd81,Male,81.0,Urban,Yes,Yes
de4afcd6-1943-42a3-bbd2-bb936421adbf,,73.0,Urban,Yes,No
8f6e1290-c9a1-4046-8657-8532a38f811b,Male,73.0,Urban,No,No
63acedb4-a902-4c99-92e0-8f39c47dd1e7  ,Male,62.0,Suburban,Yes,Yes
868ec3c9-a2f1-425d-8327-89e45ad43392,Female,43.0,Urban,No,Yes
9f1e56b9-39be-4705-8cf4-8881034dc853,Female,78.0,Suburban,Yes,No
eb1b898c-356b-4f5d-b7b9-57d91d83f882,Male,67.0,Rural,No,Yes
efa591fd-9a8f-47e8-9ed9-ebcbf5a6fef4,Female,41.0,Urban,No,No
1881803d-ac88-4a49-acc4-5cfa83f1f243,Male,68.0,Urban,Yes,No
707b802a-e5e5-479e-a5a2-2f70b4c62bcc,M,48.0,Rural,Yes,No
498121b1-24cb-4011-bf70-023be0cafa0f,Male,64.0,Urban,No,No
7338ad2b-fb75-43d7-888f-f122cb081dbf,Male,48.0,Rural,nan,Yes
81d4307c-f46a-4cfd-8924-f377194e9995,,68.0,Rural,No,No
b2be4a13-6c07-43c5-9330-833476b73418,Female,,Urban,Yes,Yes
4787c736-3568-4dd0-a5dc-3909490a8adc,Male,26.0,Urban,No,No
507fc8e9-014e-425b-940a-ebaae624966f,Male,72.0,Suburban,No,Yes
43c90b8b-4830-4fd8-ad33-1765910e5cc6,Female,37.0,Urban,No,No
1828df2d-67bc-4253-9c18-956571ac99f4,Female,45.0,Urban,No,No
2e4fc747-d52d-4149-b42f-2db8d6f5a13c,Male,77.0,Rural,Yes,Yes
447ff049-3a2f-4d97-99ff-82d95f87f5d0,Male,28.0,Suburban,No,No
3b1bcb6c-c82b-486a-99cc-6ba61958148d,Female,42.0,Urban,Yes,Yes
a09b0857-47b2-4f95-ba0d-420abed041b0,Female,30.0,Suburban,No,No
fafb3b26-ec12-46ec-bff1-589d273addf9,Male,52.0,Urban,nan,Y
852abdd0-e27f-43eb-bc53-80d5e4f65f7c,Female,77.0,Urban,Yes,No
74eaf036-ea9e-45cb-a128-c7a3018f825b,Male,26.0,Rural,Yes,No
b4c2f820-4e32-4459-afcd-b98616e14828,Female,50.0,Urban,No,Yes
56a0abdd-b351-4def-87f6-1a5132112ecf,Male,45.0,Urban,No,No
d99f7991-cb88-44c5-8fb2-6c8c3ad43e62,Female,21.0,Suburban,Yes,Yes
3767299b-b27e-4c5c-bee2-2b4f24908146,Male,84.0,Urban,No,No
b7031942-f277-497a-b98f-79d77343d430,Male,47.0,Suburban,No,Yes
4a58ea09-619b-4f20-b71e-3ce52fff343e,Male,31.0,,No,Yes
60833f43-db54-4e8c-bc5b-5d78d26a3d1e,Female,29.0,Suburban,Yes,No
e9a2a11b-c563-43f2-9a03-3122f5db493d,Male,64.0,Urban,No,Yes
7580f9d0-702d-4943-986a-b96182ad87c1,Male,999.0,Urban,Yes,No
25ad1c2c-4a23-4922-bdef-6b5b2aa53b35,Male,28.0,Urban,No,Yes
c7018210-b04d-40ae-b2aa-af0a9972ba03,Female,65.0,Suburban,Yes,Yes
86fff6e2-9be5-43e1-8d26-8e4574f7b1d0,Female,68.0,Urban,No,No
76e5eaa4-e434-49fe-a7b6-4fd5e35eb382,Male,19.0,,No,Yes
084e7e7f-a384-4085-8e3d-a35a41f8b92e,Male,53.0,Urban,Yes,No
0574d7e9-5d61-41f7-9b92-f4e2f0354631,Female,78.0,City Center,No,Yes
78dc69fe-3c46-43b1-afa1-015ac16e03b7,Male,59.0,Suburban,No,nan
ee70d911-480c-43dc-ba70-adcd69be0c33,Female,59.0,Urban,No,No
49b18a31-4875-47aa-8738-22b3921c4fdc,Female,73.0,Suburban,No,Yes
52c5b4b1-990e-405c-bf34-f4608bd5865a,Female,64.0,Rural,No,FALSE
35512842-74de-482a-8eb3-4c10287c88ca,Female,82.0,Suburban,yes,nan
b65725a0-37cc-49cb-9156-b365c48460cf,Female,83.0,Suburban,Yes,No
fae0e339-ae9a-4996-bd19-236eff3f0de8,Female,18.0,Urban,nan,No
0df0bfa6-6713-4700-a523-25c93b21e3b3,Female,64.0,Suburban,nan,No
9c3fd6f2-202d-4671-beb0-d7a4da0e2a1e,Female,60.0,Rural,Yes,No
cdfd55a8-ac0c-407e-93a1-a3ca088bf183,Male,82.0,Suburban,Yes,Yes
a50ef5de-5ddd-4f3b-a734-5e73f9d722c0,Male,36.0,Rural,Yes,No
a3a345bc-4c73-4cd5-bcf1-b8fc6e646597,Male,32.0,Urban,No,Yes
20821a74-44e6-499e-baf4-4843a6cf16d1,Female,29.0,Suburban,No,Yes
3139391f-7fed-4179-9661-8fc9ff6e4081,Male,24.0,Suburban,Yes,No
e66c995a-fd89-45de-bbf6-cf15209a6027,Female,40.0,Suburban,No,Yes
cde5ac04-ee52-4f39-833c-6e2a069816d5,Non-Binary,23.0,Urban,No,Yes
 04806473-b5fe-41fc-b2d4-27535009391d ,Female,43.0,Suburban,No,Yes
9d6d96d4-f6c1-46a6-8e16-b5c03a4a690d,male,77.0,Urban,Yes,No
8a5cca2f-75e5-44f9-961f-78d43c21b042,Female,25.0,Rural,Yes,No
1d9eb93f-737d-46ed-af4a-deeeac980d44,Male,81.0,Suburban,Yes,No
414aa474-8164-4f62-a8fe-0c68cf0089b6,Male,57.0,Rural,Yes,Yes
350df272-5d7e-49af-95de-a45102e26d98,Male,25.0,Suburban,Yes,No
ab5b4ee1-53c7-4e3b-9c09-5bc4c8b419b3,Male,65.0,Suburban,Yes,No
21eaa786-4283-4faf-8159-d91abb558ba8,Male,62.0,Urban,Yes,Yes
c2e7b3bb-ddad-40a1-8ee9-3022bb84bdad,Female,-5.0,Urban,No,No
579517d8-0171-4a06-9003-59edd53528d6,Female,39.0,Suburban,No,No
917bed22-9656-49f9-bc16-23d6a99276e8,Male,28.0,Suburban,Yes,No
6fd565b2-28d0-4b40-8a77-f7da1e486b7c,Female,49.0,Rural,No,Yes
fce5a0b1-1a60-460a-bd0f-ded0f9dcf9c6,Male,21.0,Rural,TRUE,No
abb25780-35d8-4210-abdf-51a9d791d121,Female,84.0,Urban,No,Yes
c367b633-9970-464c-9e52-d978ee6a3a23,Male,68.0,Rural,No,No
3a286ad4-86b2-4d63-99aa-6c3d9e886430,Female,22.0,Urban,No,No
ad30820d-a90b-4a56-8557-5a3fdc067383,Male,55.0,Urban,nan,nan
733fd4f1-58bf-4c2e-a981-d8d99331c55c,Female,20.0,Urban,Yes,No
ce92cd2f-b0cb-4ba6-81bd-d7c63a16ada0,Male,33.0,Urban,No,No
385a7199-4f82-40d0-8f60-488cf39c0755,,54.0,Suburban,No,Yes
4294c068-52e6-4444-9161-e35da7e96a61,Female,49.0,Rural,Yes,No
c7cc0d95-687d-4f49-a460-28c36123a29d,Male,54.0,Urban,No,No
40c06936-05a3-4023-b28c-ba975a3e04d5,Female,62.0,Suburban,No,No
9969a209-d79b-4d6f-99c8-1364a8f22364,Male,53.0,,No,Yes
a0b93d45-f586-40db-b840-3f634cc7da40,Female,,Urban,No,No
99c78f0e-9e9f-4486-ad8c-47dd2e4dc90d,Male,34.0,Urban,Yes,No
bdc97ced-bd12-4b91-af37-e27acc08ccde,Female,50.0,Suburban,Yes,Yes
e402c824-c703-4434-9c45-3b996b7e7a1f,Non-Binary,60.0,Suburban,Yes,No
7c63d0b2-4a6f-4353-9525-6f1d3e7f1f70,Male,26.0,Rural,No,Yes
3e216cc0-5acb-43da-9db3-36401d377af4,Female,82.0,Suburban,No,Yes
3f79a642-473a-46b8-aa8e-127a3a1d81ec,Female,50.0,Urban,No,Y
98920032-fbdc-4e00-9dfb-788de2e148b8,Male,57.0,Urban,No,No
de12f702-0c92-4756-8313-d070611ff761,Female,32.0,Urban,No,No
ca70f334-de85-41f7-aba7-a31e39797307,Male,41.0,Suburban,Yes,nan
acf6e542-581e-402e-9263-8e5ca528c525,Prefer not to say,21.0,Suburban,No,nan
ac887f70-098b-4ac7-b939-4270f7482630,,48.0,Urban,Yes,No
44dc3e95-2ee0-4321-89cd-dfa28b6dc3b3,Prefer not to say,46.0,Urban,No,Yes
9aa8f547-571f-4071-a8e6-6056d241cdb8,Female,46.0,Urban,No,No
55d59ba9-8b8e-4786-a297-8dd50099c281,Male,76.0,Suburban,Yes,No
5d634c02-ffa3-458c-8fe3-7c830ca26d65,Female,26.0,Urban,Yes,Yes
63128a1c-3a5f-46b2-9e12-2a6f212fa829,Male,32.0,Urban,Yes,Yes
d020db61-434e-479d-b236-785e2c49c1d0,Male,34.0,Urban,No,Yes
7848c3ac-9daa-47ad-9cfb-6928272cd438,Male,78.0,Suburban,No,Yes
b61a6877-d1fc-42ef-8406-375118e99d28,Female,30.0,Suburb,Yes,No
d7bb59ad-010b-4879-b964-e6e2de57dc0c,Male,28.0,Urban,Yes,nan
65ee470e-37d0-405c-8225-999150469d52,Male,20.0,Suburban,No,Yes
33afe230-4da0-47ed-9f06-7d703a76e100,Female,83.0,Rural,No,No
79d60041-14ab-4050-9d5b-c7bc3a63ae79,Male,30.0,Suburban,No,No
3db354e6-2f27-448c-bb57-01e991596b48,Male,53.0,Urban,No,Yes
47b42087-b567-4ca4-811a-2061da3ab253,Prefer not to say,81.0,Suburban,No,No
3904034b-d005-4604-870b-70889dcac0c4,Male,69.0,Urban,No,No
5995a4d6-7435-429d-930b-273a9bae99a2,Female,44.0,Urban,No,No
1b20aaa6-c5a7-4910-82a1-9b2401c67254,Male,51.0,Urban,No,FALSE
4ade7065-ba46-4504-b414-da3ed00dec3d,Female,21.0,Rural,No,Yes
db3d669f-4485-4b6c-8fc1-f76b4575b92e,Male,51.0,Urban,No,No
39c3d77c-db6f-46aa-a3c8-289d69af7fc4,Female,,,Yes,No
96182aea-4b15-4565-abe3-4080aa3afba0,Male,59.0,Suburban,No,No
9f4d69d7-337d-4a55-a336-658a325f9b17,,24.0,Urban,No,No
89a10d80-5e90-4322-8a07-7bfe5cb27de9,Male,36.0,Suburban,Yes,No
f8d17043-8445-4e08-9ae2-bf3ab9c0b93b,Male,53.0,Urban,nan,No
a5188522-af86-4694-8c7a-a1ead3f5c65b,Female,43.0,Urban,N,Yes
14c9b495-9586-4627-ba6f-3a981b28df56,Female,39.0,,Yes,Yes
f16e1af5-69e5-4da3-831e-8541600beb0e,Female,46.0,Rural,Yes,Yes
4e45853d-7b54-44d5-8362-64f1c2f462d2,Male,27.0,Suburban,Yes,No
a701c90f-9e85-489a-bb87-49801ec2f972,Female,70.0,Urban,No,No
0ec43768-66c9-41a0-857a-5e02093698ba,Female,46.0,Urban,Yes,nan
4e34fe84-b125-4573-a577-4104ce826e14,Female,,,No,Yes
99dd6b26-9e7c-4282-87a3-3f88881528b6,Non-Binary,,Urban,No,No
6d641d83-0000-40f7-8bd0-92b13644f83b,Female,56.0,Rural,Yes,No
52d4df0d-4399-4268-9754-f6a1a38a4c50,Female,35.0,Urban,Yes,No
4f25c204-3fd9-45c1-86b9-e318773ad126,Male,37.0,Rural,No,Yes
eb544f31-88ea-4c2d-8d59-743d4218e58f,Non-Binary,35.0,Urban,No,No
1053fea0-fac4-47fa-be16-be4e886f577c,Female,62.0,Suburban,nan,No
c70ea02f-ec1f-4a8f-a987-586aa82bc188,,51.0,Suburban,Yes,No
dc8a2380-716e-470f-ac40-2f9a35a895b5,Female,56.0,Urban,No,Yes
523b7211-a4fb-4311-a1a1-f1a61aac5c58,Female,77.0,Suburban,No,No
e0ff929c-f0a9-45ab-b0a6-15399cd6d057,Male,40.0,Urban,Yes,Yes
aa8da02c-c90e-4caf-b736-ff14671e6521,Female,59.0,Suburban,Yes,No
fe25490f-417d-4421-9fca-0d96573773ef,Non-Binary,69.0,Suburban,No,No
62bdf774-0a02-4898-87dd-41eb1f283022,Female,78.0,Suburban,No,FALSE
1b6c2f83-344a-4b4f-8be3-9773b548898f,Male,83.0,Rural,No,Yes
de2ddc3d-475d-4cdc-927f-1577fb2542e6,Male,66.0,Urban,No,No
ce04a52c-55c5-4543-a8c2-5c5c200aab5c,Male,,Suburban,Yes,No
e8e66b10-ae00-4aee-90c1-aa050597843b,,32.0,Suburban,Yes,No
f23bc5e8-e024-4b1a-83ea-a9afc7741871,Female,19.0,Urban,No,No
a8d48503-1e57-45e9-936d-ee9a87dc674f,Female,26.0,Urban,Yes,No
16ae3325-49a6-4f0f-9fa3-cea66a9cb6ed,Male,80.0,Urban,No,No
c4bcedc3-0c10-4422-a64c-df6518f3c14a,Female,54.0,Urban,Yes,No
77b25b9e-b94d-4047-a473-290518bb3bf9,Male,80.0,Urban,No,Yes
1205f478-9657-45fe-8cd0-52947657a739,Female,84.0,,No,Yes
b3942163-c378-47d9-bb9e-01ec3fcca50c,Male,35.0,Rural,No,No
f4b63a1d-6646-435c-a13d-f9dfba7531db,Prefer not to say,69.0,Urban,No,No
15be5a10-3c80-4e46-997d-76e34edb8e98,Female,53.0,Suburban,Yes,No
56517c21-c969-477c-9ea3-42cbb64a5e2a,Prefer not to say,51.0,Suburban,Yes,No
bcca959e-ea2f-480c-8023-c40009a77a8b,Male,,Rural,Yes,No
d04a92ea-a359-448d-8b6a-a116635759b0,Female,42.0,Urban,Yes,No
5d541f51-ef8d-4bdd-9bcc-9c8d11733820,Female,57.0,Rural,Yes,No
991e562d-00d4-4480-a4f2-b7cc01188b9f,Female,39.0,Rural,No,Y
12961e0c-5ccb-480e-803d-391dbc0209a1,Male,67.0,,No,No
b948d01c-6441-4bf1-becc-77261e1e2581,Female,40.0,,No,No
058de74d-448a-49ca-bf26-1b5d08084f7d,Male,25.0,Rural,Yes,No
461fd4c8-32ce-4e81-aed1-159c384e4fdb,Prefer not to say,28.0,Rural,No,No
166b815c-81d0-42dd-9280-5e87a960f2be,Female,56.0,Urban,Yes,Yes
f554d7f5-5900-409f-bd73-e06bde916306,Female,29.0,Rural,N,Yes
98193889-7447-47b2-b060-8f406317cde5,Male,69.0,Urban,Yes,No
9cb73f92-0d29-419d-a7f7-0b0c8e8b81cc,Male,19.0,Urban,Yes,No
49d17f84-607a-436b-be90-739ad9eeac87,Female,44.0,Urban,Yes,Yes
1a2186ab-7180-4c6a-bf99-f5d0fb8ffe54,Female,26.0,Urban,No,No
69db8c68-e66a-4e8e-8b0c-b5b59a83bd22,Male,79.0,Urban,No,No
674a9671-f528-4016-9472-5bbdec8b4232,Male,47.0,,FALSE,Yes
ee3fce8f-b790-4fd9-b197-6a2d438a71d4,Female,29.0,Urban,Yes,Yes
bd194b22-7f38-4887-a3a2-a5782e7c5425,Non-Binary,52.0,Urban,No,No
5129fe94-e75b-460a-b8f1-9d5001c24a98,Female,59.0,Rural,Yes,No
ae99c2b1-a40e-41ea-aabb-8f757e538cc9,Male,74.0,Urban,No,No
b46ed755-6893-40bb-a0cd-f91343e8ecbf,Female,45.0,Urban,No,no
30ed532f-fc7f-426e-a468-be9e25a8b670,Male,,Urban,Yes,No
17b963cd-8fa6-4e84-bd45-b7888a42d413,Female,44.0,Urban,Yes,No
afd06453-d3a3-4c29-b457-473b3b159507,Male,31.0,Urban,No,No
c8cddd17-d165-46e2-9ca6-65cb716283b5,Female,40.0,Rural,Yes,No
eb9fd36f-c0c6-4183-9d9e-fe9f66e64a01,Female,47.0,Suburban,No,Yes
eb81556b-eed2-48a0-a44b-feda3c15f509,Male,64.0,Urban,No,No
baeb4092-ec4f-41fc-9589-e07f6f8c0fd6,Female,24.0,Rural,No,Yes
3ea29e33-588e-47a4-8b13-3f379862ec10,Female,47.0,Urban,No,No
