CustomerID,TenureMonths,NumSupportTickets,AvgMonthlyGBData,Churn
f94d09e7-ac03-48cc-8f96-e31241566d98,64,3,126,0
e21aa3cc-8c63-4c62-9eed-718e4a3eb4d3,56,3,45,1
5cf3b692-9bbf-4cd8-a112-a5273280b37d,42,,67,0
cc3ab067-3520-46d4-85b0-ae271b1177f5,60,3,89,0
4b7eff47-4bd1-4a1e-8474-fb764827cbad,66,1,135,0
314392c9-099c-41ca-9317-7234a0372d4c,55,3,,0
86ea39bc-509e-4ec2-81b4-0bc0d53c8008,46,0,100,0
e3754b09-3285-42fb-802b-3a5a84e2a020,41,2,54,0
a36c8976-4968-4a28-a45f-dc1a24876a76,44,1,104,0
c4bcedc3-0c10-4422-a64c-df6518f3c14a,61,0,122,0
da9ed2fe-cc0a-4137-8c54-00b3f5ffdb02,35,3,48,0
7125decd-633d-4f83-b06a-9e06bbb9c74c,44,1,99,0
1ccd6607-641d-43ef-8acf-12d9c196991b,54,2,72,0
b7626b03-d241-4fbb-9ce8-d6e7fcd25b4c,49,0,49,0
ee9bdfdf-70ca-48cc-acb6-7c9d774b80ca,57,1,22,0
d7282e0e-93fe-4266-8a28-681b5e4cf712,41,0,45,0
1dcb7ff0-0514-48a2-a3ec-db4c33aea71c,35,1,44,0
f1c0ee0d-3269-444d-ae21-279efd9adf8d,48,2,81,0
f0b96687-0448-4d1a-aaab-5a2189a075a1,55,2,46,0
83b8cf64-007b-46c5-873b-4e57cfa733a3,63,0,78,0
74ba8184-d389-4866-b5e8-4ed6b8bacfb1,50,2,,0
6ad698a3-3a64-4bb2-b0ee-27bc990678b2,52,1,123,0
2d45c4f6-535d-4e97-9cba-f6ad4e7bbef2,68,1,52,0
1f63afb8-9155-4ded-878e-ee6501538ce6,40,0,,0
3db7e6d0-aa87-47b8-b852-0ad5df41f9b6,48,2,48,0
ec9e8d9f-bb66-4c90-953c-2d8d089b9698,43,3,81,1
85526006-5465-4caa-b290-b01e902c2616,41,,45,0
098e7e16-d990-416b-9b77-c4013d3a1d28,58,0,79,0
d8631189-d2a5-48d0-b990-c93aa22cf44e,55,0,65,0
f1e23db2-98e1-414e-83c4-8de02d57d051,45,5,156,1
6e030891-f95c-47fa-932b-c72a6c490d50,62,1,99,0
612e74e3-a009-454b-812c-5451481ea5e3,52,2,103,0
91c75179-fabb-42ae-9146-4ad85c576411,47,0,,0
d4c4ee0c-84e1-401f-986d-15b594eadd73,38,1,,0
528fedb5-d652-4971-a25d-846cae87362b,59,3,52,1
3a17312c-f5eb-46ba-a565-5a2743255156,38,2,79,0
4101916c-e54a-4c6f-8a2e-95ac2d14baa5,41,0,85,0
b1f6e3c2-d1ab-4cfd-901d-d796a401e7a3,40,2,64,0
42dbd598-2cd6-4385-9543-c48e7055926c,55,1,134,0
2aba72ef-5f95-4d84-9f96-05f39befe269,37,2,95,0
a8f8388d-025e-497a-b41c-f2cc5aa52287,40,1,39,0
cd4a6b31-bf7f-4d94-a84f-fa91a4b7563c,49,1,31,1
a73d5a5d-bf87-4c33-8a6e-a82668f6bc6a,62,4,117,0
bdcd65ee-cd6b-4132-9900-60375b7f3f85,50,3,55,1
4c684126-d512-400c-80c1-fe169b53afcc,50,1,122,0
cc5da622-2225-4ed0-aa58-9acb90d30a99,63,1,102,0
a872a12d-3412-4d9c-a7fd-0aa3f3eb19cd,34,2,63,0
3f6444e2-ab5c-40e1-939a-322b81f15568,36,1,127,0
4deaa9cc-087b-446f-bd91-1c1421bfb1e9,50,1,24,0
8e008abd-e138-43ff-b4a7-54b91b5c4799,46,2,66,0
5400bb85-2ac0-4782-b2ce-0fd49529cfa2,42,1,99,0
f4ff98d1-1adf-4d06-9eb5-6784dc1dd4c0,54,1,127,0
3261d3d4-f35f-4616-ad00-d6ecc12406da,55,2,98,0
e954a465-4545-499e-a597-d48af9a9cc5a,47,3,28,1
63be2d43-1970-4e30-85dc-30bba4b8e9c2,56,3,59,0
ee70d911-480c-43dc-ba70-adcd69be0c33,69,3,75,0
35f10b7c-7226-4b0e-b01c-cb22d9e0133d,44,2,38,0
d55a922a-82b2-4ae3-bf36-90f1359db08c,57,2,36,0
f8e05999-4841-41f3-8a45-71115f6e4a65,53,1,,0
9ae22505-6493-459a-add4-3a1886e903ff,58,0,32,0
fc0d5e02-8d33-4654-9478-6be85ab4a521,47,1,44,0
d919c95e-d144-407a-af6c-ea5daf16da73,51,2,119,0
56f96175-4666-40da-b124-01548b737a9e,64,3,57,0
4a108bcd-fdb0-4d17-905b-39af3f980eee,36,1,41,0
6fb01f9a-c36f-44e3-b374-721c775abfb3,54,2,28,0
f95aeadb-8474-4e66-899b-7a3fb2f7a89c,56,3,42,0
a47c3c0d-7aa5-4728-b4d7-fcfb9fbfaa81,44,4,62,1
a95e7b15-77b7-4304-9361-e86849be8207,55,,,0
c9317244-1810-4fac-8ba7-35114de68b4a,63,2,27,0
3cabf68e-7fc2-4cfd-afb1-fe0994e4f4e7,35,3,,0
c99cb4f4-9a9a-4a32-831e-e40b658eb93c,68,3,71,0
7f468999-33cb-482a-847d-550e1ad2dc05,38,1,59,0
070eb18a-8b16-4832-8d96-8e06d01dd708,69,1,59,0
6b277bfd-2af0-47cd-b634-0e0c1d29f2dc,37,4,,0
dbd86559-f2b4-4bb8-8daa-0ba124791776,52,1,50,0
7c91c13a-3750-4389-a126-bbc728a24997,68,2,74,0
fc964060-526b-4ec7-b19e-4a207622dac4,53,0,67,0
fbc0ebb3-ffae-443e-a165-31de6911c1e0,58,0,91,0
951c4cd0-4ae9-468f-a27f-99efb7ae5dd1,61,4,68,0
0605c071-6d87-4b70-8986-a24bec365840,56,2,34,0
7580f9d0-702d-4943-986a-b96182ad87c1,58,23,560.7777523,0
a6538331-6b01-4161-bb5c-473c180881b4,66,3,119,0
cd455c35-86b0-40cf-9d38-1865e0d50802,57,3,45,0
5a68740e-df78-4dd0-9fd5-18068a66b9ca,68,1,66,0
d62df3fc-4f99-45e7-9a42-15c58d1dd075,34,1,93,1
773580c6-eea5-4e8a-8f3f-0d70d4672e9e,46,,80,1
89123f91-dc83-488d-8920-7834a858f5fc,48,0,,0
9401b92b-7735-4c20-8411-897b7a1de820,35,4,146,0
1d43b3a6-12bc-45a6-87a9-54660705029b,38,0,139,1
74dc5574-be70-432f-865e-0db228d578ca,41,0,32,0
d467bffa-b0e3-4a3f-95a0-64c690d00b6d,36,0,,0
c7defd10-3da6-41b0-8db9-1d745f908a26,56,0,,1
4e41737f-aed9-44ed-9e87-5fcdad440140,60,,70,1
53d85a01-7abc-42b5-921b-50fd734aaaf0,45,2,41,1
7c171efe-569d-4504-a33c-c81dfc8e8d42,39,2,71,0
bc98fa88-f1dd-45fe-8d0f-5a4429296dac,37,2,108,0
1c75eccb-be9b-4481-9009-2164c43e1402,61,2,127,0
5cc26a9e-9212-4cc0-9882-2ff1f2a16284,59,2,47,0
f6d3c3c0-8d02-42df-a640-0bc8bfc78746,52,0,52,1
242c0aaa-2d6d-4400-be82-e81fdc66b206,68,3,69,1
811c0a4c-f89b-4ec6-bc4c-148f8c0d2472,64,1,53,1
e4c10f5d-325d-4ecb-8f6e-ededcf1a174d,52,0,22,0
30d9c9ac-fd11-4ec5-a946-478ad0cb7904,43,3,32,0
d9521dfe-99c6-4929-898b-806bb62ba092,35,2,99,0
0b32dcbc-6869-4c07-a40b-277634e9ec19,56,1,55,0
b9121577-8b1c-4fe3-8550-05585fe36148,56,0,57,0
0205cec9-2000-4c44-8002-f8ca0eddafbb,67,3,36,0
669b96db-845e-411e-8346-096b982836bd,41,4,118,0
f167beb6-aeff-4764-af0c-fce471a27b09,45,2,83,1
d8eb389f-254a-4af8-ac54-93e1b3414df7,62,0,45,0
7596d413-e2d8-407a-b9b4-fad32395bbaa,39,3,68,1
7b4fba21-7b93-46b9-9a74-baa0fafa9031,63,,44,1
9fc31ec6-c94c-4ab4-9949-20adb3a7d2af,34,2,99,0
cdfe4358-8dc5-460c-9e9b-3dc40a6f6ae9,45,2,26,0
14b40635-f194-4030-a757-7b17c83cc957,55,1,107,0
e79deaaa-78b8-4e4b-9db5-94f9db347230,64,1,68,0
57a6ec2a-896f-4be7-9325-26fc41242d65,39,,89,0
bd8fa119-2d53-4ae8-8214-5a7a6877bed4,64,2,91,0
9a421081-e240-431b-a5f0-ee51b20c4fbe,44,1,49,1
5e9d226b-d514-4f0b-84c9-04133c983d8f,49,,42,0
32c8b63e-0ef1-4ca8-ac56-1086c5e8f1db,65,2,96,0
bbacb4b1-badc-4b37-bd22-a596e348cb2d,54,2,100,0
b7cdbcc5-4375-4f4a-95b7-a829657a801b,44,0,120,0
18c54fc8-ee72-44eb-a8aa-5e30bbdf1d81,45,1,31,1
7a578411-9702-4d88-b384-9e2dc9874f82,60,4,47,1
416bfe51-1b56-41bb-8394-13872737201b,52,1,31,0
487f384f-6fbb-49a3-9bc5-667082b958ac,36,1,51,0
ecc232b6-3c60-48c9-b38b-e6fb59e99cc2,63,3,56,0
6d641d83-0000-40f7-8bd0-92b13644f83b,69,2,,0
5c51d5c0-180f-4e09-a77f-d09d3f78f890,66,2,34,1
668190f6-9f13-4b35-a239-f7fb25ed7ffe,69,0,99,0
9bbfb8ba-d584-4d2c-85b9-f27cb5f355cc,68,0,154,0
09b6dd46-0e6e-4a32-83b3-5c1f66c223fd,50,3,73,0
68d4440c-7332-4f86-9876-ccefbbf1994f,50,2,,0
84e9eb9e-5125-4513-a8e9-a904e472eed0,39,0,59,0
7368f937-8528-4049-b09e-8da701ee6199,66,1,31,0
18799813-1f5b-4b5e-91b6-4942d76ed43b,49,1,26,0
b108e85d-6f9a-4cc8-ba17-477c90b9177c,62,1,61,1
89ecade9-9900-46f7-a418-22ef5d05267f,67,2,55,0
559399c2-4f72-4af2-8819-ef2777d178b3,57,0,,0
4787c736-3568-4dd0-a5dc-3909490a8adc,60,1,58,0
656d5ed8-3fe5-461d-8987-a647dfd69de1,55,2,24,0
6250b221-391f-4f95-85f9-2270f9763ef1,43,0,121,0
09369dc8-0c9b-4d37-acbb-ef88a5bc4d94,34,2,90,0
1553b5d1-1070-4e4f-b74b-12813599b500,38,2,52,0
4c40105d-1f9b-48ca-8286-3957cf2762ec,44,2,82,0
ee2a2812-4e70-4b10-b74e-1c0e88e1e7d2,45,0,20,0
c46aede5-86dc-44bd-8b3e-bcd174d182ca,64,1,152,1
ea766984-b2f3-4bd0-a45f-df9fb6a29e68,57,2,44,0
600d74fa-102b-416d-864b-fd113255c41a,36,0,33,1
e481b5d1-c63b-42f4-bc2a-0cfc03c3dc2c,54,1,42,0
2d3ed6f5-7cc6-4029-be80-bdd526d3a247,53,2,53,1
eafa90b9-1108-4f10-8302-0f5b9a3e09a6,63,0,32,0
330e9ae8-56f0-4a92-8c53-f9a219e5fc4a,66,1,76,0
c4083a28-0d0f-4d85-8ce4-5057609fad6c,41,1,46,1
971eaaf6-2361-493b-ac72-2e8f4577da0c,58,3,33,0
f8adbf9c-e634-4ba6-bce4-2d3c7d3b1ca8,38,2,47,0
432110b2-566e-4b9c-815e-296e773b11a6,50,2,100,0
76a796e9-5b7b-485a-a106-a176babeacbf,39,2,54,0
a88acdd9-9c08-43e9-b8fb-afcac0d6fa80,66,1,21,0
5be5777a-3e12-4dce-acb8-bc269b613b8e,66,3,40,0
dd41416e-aaa5-4ffe-a493-a2fa20d5a403,66,1,119,1
404fc243-8185-479b-b2af-74901777b439,61,0,,0
73c8d530-1341-49f4-b93e-78dce96562ea,57,1,79,0
cf87917b-0632-4bcd-9c2c-ec9fa708fc12,46,0,,0
a6d691a6-555e-40e0-b8c6-7ed30e59e483,66,0,69,0
9b08c070-a51b-401e-bcb3-b6cd49672c06,56,4,76,0
0dea7062-5a39-46c3-ba65-5719c6e658fb,38,2,152,1
a02b0737-62e6-4ebb-a560-9467379abff8,60,3,67,0
2fc49bcc-56e2-4133-a241-ec6a8769f9a3,65,1,,0
4de8ef49-0436-476c-9250-933602e37d4a,53,5,59,0
3ca8fdd8-6aca-46d8-87bd-2eabdcbb4010,45,5,106,1
a8f1ecc2-8ff4-4ca4-9cbb-0a9890899ded,48,2,57,0
753705fd-bcc8-4e21-8a5b-19a2119330bd,46,0,37,0
611e6853-7e5e-4cbc-bb9e-fedca6bb21d2,57,4,50,0
08041bbc-5aa7-4c6a-87d8-96795141a5e8,50,1,94,1
c1fd2a8c-1900-4d86-bd7a-de24b54c2a6f,40,1,149,0
217c6f31-2f9a-49a4-9070-8130ffe6b93b,47,2,68,0
8d078c16-8c6b-4a2a-bebb-90c8282c145b,64,,107,1
61057630-cf05-4e4c-a65c-e24e041c52af,52,3,90,0
5395a639-3404-443b-a1bc-a82a2267a4dc,35,3,70,1
e416cdfd-2acd-47db-b2a7-88f8ec459e70,55,6,93,0
3bfb20de-5857-4764-9286-9be7e83b5c9d,52,0,37,0
2ca53cc1-8970-4589-b404-ddd14fa01dc5,37,1,32,0
d4712fe5-a2ec-486a-ac37-0639575d1231,52,0,135,1
3187d76f-ba3a-43bf-b5d2-24e99dfea4f6,59,1,98,0
0c945e87-4442-4bdf-9d3d-d58d8aa030cd,48,2,,0
6c07f003-e760-4323-b465-a355b0b7c6a4,50,2,102,0
d154d9d7-8282-443f-9e8b-ded4f420e174,43,1,115,0
9c41d5d3-50e1-45c5-975e-35c6486598f8,36,1,60,0
0da58e22-c538-491d-a5b6-f58fc94fa43b,48,1,41,0
7b780a51-94f7-48ce-94b0-df88f02bec68,50,,66,1
32d4e7bf-1c12-4f7b-9f5f-92df9180f427,55,4,78,0
660cd937-a0ac-4fa3-9058-b55977cf30cc,36,2,75,0
7a33415d-4a51-44e2-a220-741ca9a764cb,41,1,86,0
d9c62c39-5569-4a46-9fa7-12bf0de02bd4,37,2,19,0
202877cc-f861-4248-bcea-d89394a3c637,46,1,143,0
8cb6d728-c4d9-41b7-8a71-3a683d9ef349,40,0,122,0
647f0d7b-31e8-414b-a2c8-6a888b69149c,41,2,38,0
feb60ac6-2237-4dcc-8616-e0989adc837d,46,3,50,0
41eaedd2-163f-4755-9916-059f50844166,34,4,104,0
30cdf4f0-feb7-4e2b-a032-167af05f6273,43,1,113,0
a8b0c770-4dce-4523-af55-711db65441a6,42,,104,1
0272daee-887d-4413-8536-57b7ef91ef4b,56,2,68,0
945d1ff6-86df-4912-b164-1fee107c9e6a,38,1,71,0
c9b90f04-d187-48a2-b6db-23f0a94a178f,41,0,93,0
ae19c07d-2cd1-4cf9-97b3-b2bbe50ed571,37,1,,0
6f5bcfbc-129e-4eda-96e6-a5e96c7f2301,45,0,78,0
a902fc8c-2897-480c-9c9c-5a9fa1dd63e2,55,1,76,0
09fae688-3976-4cf8-9a21-33f4aab51bee,66,0,79,0
cc6225f8-6294-48ed-a734-8e6fa569d1aa,38,0,50,0
7ec97650-50f3-4930-b769-5462618db5e1,68,1,114,0
15d5ad25-ac6c-48ad-a8cd-6e5f1a7f3cd6,35,1,102,0
fe7e6580-57b2-47d5-842c-754a222abe29,64,1,112,1
68ff7cc5-b4ec-48fe-a337-186c393d8024,59,0,20,0
8ade8b25-510f-40ad-a031-d114a9880730,45,1,60,0
66657931-c0f6-4729-a758-a7b136005b56,44,2,68,0
54c65acf-1aff-418f-9f66-ede62d7d7895,37,1,109,0
d0c74792-ab2e-467b-bd08-84c94aaf754f,67,3,38,0
92c82f98-f5cb-470c-a0fa-fccf1ccb2bb7,53,2,118,1
1df7a116-d6d4-4fb3-a5d9-d7ea397bd2c3,60,3,,0
4ababcbb-f613-4fc3-bc4f-98c820a4ead6,35,1,82,0
84730184-a583-4ea5-9007-7b7a867e8059,67,1,42,0
4a754fa9-d487-42d8-b6fc-41dce34f405c,53,2,83,0
c6006742-0f39-4317-ae59-67a8055f86fd,38,1,,0
aceda641-0023-40fd-b56d-b7c984172083,69,0,135,0
d815b6ed-17ec-49da-8acb-210881c25dfc,53,3,105,1
e0d4b5e6-657d-4fcb-a32e-ebc8b2537e12,53,,77,0
7e7d901d-9f49-4398-a3b5-093deddc907c,44,0,81,0
323f781e-8c79-4397-b46d-9753feda9d16,44,2,109,0
a9b207bc-12ea-4d72-9ee3-d84fb362c113,62,2,71,0
418d844c-8dc0-4d20-ac45-bf2447f1de7e,58,15,554.7567748,0
26acacbd-0832-4f0f-a84f-d4ae47324993,47,23,1067.022568,0
1f2fa2e7-a1cb-4d31-9a5e-a80cf1dc50c5,61,1,88,0
0212e090-10d6-4784-b0d1-a7b0f22b303c,53,3,59,0
de5a344b-bde7-45a3-9142-753b204f9a2b,44,3,,0
43c90b8b-4830-4fd8-ad33-1765910e5cc6,56,3,82,0
d64d5061-50a4-4ae7-99b7-d2050dd0e7e7,39,2,47,0
d8cf9eeb-15c9-427b-af66-ff57bc9dc9d5,60,1,51,0
47fed296-9ca1-4fc6-92fc-c5cef01be9a9,40,3,89,0
1502be69-af76-4b87-a3a4-d64a47c43984,52,2,98,0
3c28d6e7-f9f4-49e6-8129-f259f9594c28,60,2,56,1
c37d1616-b8e6-448f-8630-7682ebcf1bd1,62,2,83,0
9335cb87-381c-40bf-b3e2-a1dba7d44010,46,2,,1
ae9e0c1d-651f-4c54-ae06-0b815fe98420,56,1,70,1
4d1054e6-8050-48da-adef-2eae1329563a,50,1,117,0
867a9bad-4456-4fbd-afdd-6f24022ebcfd,49,3,35,0
d274ff21-a11f-4607-a7e0-c6be50f30012,51,2,114,0
7c5efd0d-a562-453f-8d9b-2a82165689a8,51,0,18,0
691ad115-11f0-41ac-aeee-9b7ec9c49da9,52,2,61,1
8424ac51-823b-421c-a5c3-5acaac68f3af,38,0,74,0
d997d8db-92b8-4236-85fc-f17a3306155f,49,2,,1
7370faaa-c75b-4e43-abb7-b87636585c79,56,1,58,0
4a835a0b-253f-45ff-9be0-2f50aa081e53,56,0,99,0
fb7d9027-af72-4069-a6c1-9294aa53251e,69,0,38,0
30aec203-99e5-4435-b31d-faa811714a83,52,1,102,1
e0ff929c-f0a9-45ab-b0a6-15399cd6d057,65,,125,0
c75e5e9c-2056-4330-bfd2-d584e4077dec,34,1,98,0
87903ca3-f973-43ff-925c-c3429be762e8,60,1,56,0
ea5bdf6b-8130-4fc8-a791-01a24ff3f619,56,3,65,0
316e7779-5541-47d8-b6c5-66d593d30bac,67,1,108,0
24731c76-4b8c-4eca-af7b-236b540ef9ad,44,,95,0
3a49ad96-e4f8-422a-9d56-1a0aedc057d6,63,1,16,1
f6efe621-ba7f-4f73-9810-af1a3283961c,38,2,38,0
f41b29a6-be3f-499f-80f7-767f687d7e5b,69,5,19,0
25874edf-f71d-45b7-adb2-f73bb79b3928,69,1,34,0
52b04c03-1032-4907-848a-579b332227a8,45,1,73,0
236ccfdb-6704-4a99-ba9c-c6f85a7dc6b4,60,0,,0
a8cf8642-f271-4acb-9a58-5ca57053c08f,48,1,73,0
55cf0037-fdf7-460c-9aa5-5817efb83ba6,34,2,69,1
25bfbb7b-f278-4902-af65-35a299e21c77,49,3,27,0
1c2c0b91-c16f-44f5-a10a-1d6dc2ba17f6,41,0,40,0
f0590834-c75a-464a-a4dd-cae8bd221d32,67,0,91,0
f944244c-bada-425c-8191-aaf99fde9104,66,,49,0
166b815c-81d0-42dd-9280-5e87a960f2be,48,3,81,0
b5ce49c5-365f-490c-a389-146d728bbf50,37,2,53,0
100211b0-3c55-49b7-a012-a60033f0417d,39,0,67,0
b594c8aa-2a6d-44b6-a60d-7c3aad44eb1a,68,0,74,0
3f5c1c33-a56c-4d01-aa13-abec6c0e14ec,58,,43,0
e236d88c-d644-4a56-bb20-30bca08a7397,47,1,18,1
50dfbf90-36dc-40c9-b657-a23ad1561dab,59,1,46,0
f9ef0e0f-f38f-4b0f-8fec-18d5a1e92a40,69,0,56,1
95a54b08-c2d5-4d44-bb0a-a9470e35a202,39,2,54,0
4c982386-3409-42b1-8e93-0274576cf5a8,50,3,79,1
9fcb17e7-b51c-4bc7-b9f2-812cdb02b49d,60,1,90,0
08d260a7-94b5-4246-bbcb-2c2dbd418019,41,28,1578.543707,0
00fae10e-6147-4e55-a9bc-c649667ee98e,62,1,59,1
438ef6c0-6637-48be-9778-48f03c5f2148,68,3,69,1
33dd3049-ad42-4e77-915a-417faed48b9c,62,1,112,1
3e0f6a08-c298-4863-9f1f-be7dfe12b1b1,43,1,44,0
75b4d6cf-064c-472a-831c-f73dee36c263,64,1,84,1
a3946347-5221-4150-b7db-7a53a82d9d22,39,2,51,0
d3c003e2-c734-4012-b44e-1de9176edb6e,44,0,28,0
95237f06-ff32-449e-a476-b3ef5649e14c,54,0,76,0
197ca88d-e709-4b1b-beb2-9f41feaeaf24,41,1,38,0
ffb0479a-7ac6-47a4-9be7-7d7ec8d8086b,47,3,44,0
612d400f-de07-4ee8-951e-8bc9831c1bb2,62,3,30,0
7278e2bf-3444-45b6-8174-26bcded9e322,44,,101,0
3deb72cc-0eb8-46ea-ae72-9c8d2dda7804,66,0,43,0
c5fb6cff-ae3d-40af-a6a9-1964a84cc25b,52,0,,1
e1054082-dc5c-463b-8b04-f7ed808da94c,37,,56,0
b46ed755-6893-40bb-a0cd-f91343e8ecbf,50,1,119,0
1bf9f1e9-4064-4861-98c3-034ea92cd538,60,1,147,0
5c79eb9d-ce61-4c0e-a5ac-97fc879451eb,37,2,50,1
e0a4e26b-dd87-4f58-855c-72d0fe518a4e,47,4,99,0
1c04f629-1791-4abe-aa66-10439a25213c,56,1,91,0
d111b17d-80b4-42ee-9121-8e878da295c9,41,2,33,1
49c92ac6-8092-4287-bf6c-7925b3522d1d,69,1,79,0
7254bb42-64dd-4361-92a0-160ea07f03d0,69,2,51,0
f715362b-3c60-4591-95fa-4c35587877f7,60,0,59,0
89335e77-bd95-4a36-ac8b-562e8e5cabcd,51,1,33,1
51478e2c-165e-4037-b51a-06755266179b,36,1,136,0
f54910cf-433a-481e-ac99-8a5f7f83b946,34,1,52,0
1222e060-01cf-447a-b6ec-70607d01a528,50,3,49,0
1d2a5c75-4ca6-430f-85f4-d9be6481d771,60,4,73,0
20bfff79-ed50-4ee6-85c4-52eb755127e7,68,0,93,1
5e740eee-1c38-4547-8c70-ad9a8e29f448,60,1,71,0
ad30820d-a90b-4a56-8557-5a3fdc067383,41,1,32,1
53dd8717-b9c8-4073-b7e5-2b81630ffbc6,68,3,45,0
0732617b-5250-4840-a409-104c57d3bfdd,41,0,66,1
2a0bf1c1-4d0d-40a8-a214-ea404080ea85,62,0,98,0
f6b51b2b-70a5-4e11-9737-8ee8a5cd7eee,50,1,87,0
3eccbb95-87f0-470c-9626-618c3b788434,58,3,77,0
c947a8f5-9aaa-4a7e-8c64-37985311c420,54,2,49,0
2a49ea36-7b71-44e5-8dbc-a338d38d7983,59,2,73,0
eb217693-75c0-4d48-aa30-1fabe85d78b8,65,,32,0
e07d6b8e-0329-4b58-9e51-9be2a4250698,41,0,67,0
b9a2462e-56ac-48ab-9b82-9d3a39396844,69,3,68,1
dc3536de-d3a8-412f-a355-48e501230275,58,2,71,0
9a0a6fc5-800d-4350-899e-9e48fd33b39f,51,,41,0
b0121ffc-0b43-4919-8eca-41195658e38c,34,2,120,0
bf97ef35-d098-46be-9d96-4347b58d7976,64,1,96,1
723e18f7-d5d8-4d83-93ae-d93bd45f3551,42,,64,0
6a3eee8b-c07d-4502-8c74-7ffe2e260725,53,1,66,1
f32dbc01-fc39-4732-94cc-565159491b0b,64,0,52,0
64027ed6-f33b-4b57-a368-5b118aacc6b3,52,1,61,0
1a6b98f5-003d-4ca0-9695-d2ac7ebed5c5,55,2,90,0
3ab47ec3-d45f-40e0-8a72-91fab82faf38,49,2,,0
ea3e3683-3ed5-4e76-aa47-ff08bb2e2734,60,0,155,0
59a8002e-0256-4e16-b475-a6c257051ea5,62,2,124,0
7df0defd-8309-4e8a-9931-99cd96b977cc,39,1,157,0
acf74669-7782-4e22-9e5a-2606741ac8fb,45,3,34,1
f7a619b6-276b-438a-a880-1b2cb4f5230b,43,,34,0
c5e34d22-99f5-40ca-821d-9f1fb6f7d037,47,,83,0
e58c9138-80e6-42fe-b556-52ec699e5fd0,51,1,60,0
7bcaa2c7-1861-453e-a3df-63b842429365,67,2,124,0
5371c861-e80b-4024-b697-f11bac3e9028,58,3,66,0
2072ca40-68dc-43c4-9786-320a293f14da,43,2,86,0
2f03e80f-e881-4708-829e-a34136280573,51,0,38,1
0701ac20-5a05-49c7-8f3c-9b295e8568e0,57,0,66,0
8c85ded6-9219-4f16-a6e8-e805b03b851c,36,1,70,0
f1504335-cfa7-4554-98ad-b22780853608,68,1,,0
d2fb34d4-009f-44a2-8e1b-4fdb38393ad0,63,2,108,0
aa055042-b3c1-49dc-b39c-59570bb5ca90,36,0,46,0
a9dd35db-e056-41b0-8d27-414de0d8adeb,66,0,136,0
19a76b35-dc52-4517-9cd9-436368369549,36,1,73,0
bbd6551a-9b42-49dc-896a-9d2942c94a4a,40,0,26,0
6cfc970a-e848-4d52-8f2d-bae820d2f588,37,0,74,0
c2d4b8b2-b77f-4890-baa9-225be9cd82ed,42,3,65,0
60d77d26-4252-4e53-8038-cf24447fc687,40,1,69,1
d53e9b58-32ae-4bb3-a805-c5ffcccff6d6,52,1,189,0
7b66a5a6-f5da-4438-82cc-d88a8ca79ebc,52,0,66,0
89d18ef0-60e4-4954-856e-001496718079,64,2,90,0
f58c6ca4-c147-412f-9233-23f3464dcc7a,55,0,72,0
5f01da60-fdac-4b89-81b4-874eea4eebf1,60,,,0
fa122a80-6e5e-4f6c-9f12-2bd51bc1eecc,57,1,85,0
00e7914d-dfc1-4520-8d75-f30aa05eb29f,49,0,,0
3c5b30fa-c133-4d84-98dc-57d3c6413219,62,2,52,0
3c3951d2-6c98-4c33-ab59-7b6163776ba7,68,3,72,0
3ea29e33-588e-47a4-8b13-3f379862ec10,47,3,58,0
81d0b876-84c1-4882-8a94-e160571c5e52,66,1,,0
fafb3b26-ec12-46ec-bff1-589d273addf9,39,2,121,0
fc1d29e4-8a18-4312-b312-ddfd8fef6318,68,2,49,0
d8a53730-cab3-483f-b43d-305beacb15fd,61,1,94,1
7cc82c1c-1b1e-4823-87ae-283d1d8d8b17,41,3,53,0
a1224d4c-92a9-438c-b1c3-b9c8ff40cf4e,58,1,57,0
21d26d74-26cd-4d0a-bfc4-dbadee26a9cd,51,1,95,0
5de6475b-5614-4a3b-9b02-101ef4db1eea,63,0,37,0
2548167a-9c7a-4247-9658-cec0c06992cf,38,1,88,0
dd419473-0dbd-4164-b22c-2fb8e5235d88,53,2,37,0
e9b0ed28-3030-4898-8834-f6fe785810e0,58,1,53,0
9f998f2c-1f32-48a2-8adf-b3d19d6b738f,66,1,47,0
b51898e2-6347-45bc-be87-acef5081c374,67,,52,1
3c8fe2d3-06d9-4a13-8961-0e50bfb2d3be,56,3,46,0
dda90372-7dab-4c4b-ae64-4f9666928c1e,56,1,40,0
6d591110-7b7e-4144-8172-15f1925ca331,42,1,37,0
af4c3063-8207-46d7-ae99-de2e5b527674,61,0,52,0
f5f94662-87f6-4c93-bcb8-8f3c9e6b56f7,40,0,76,0
e7a8a8c9-42a3-446d-99a5-67e4df7b9929,54,1,66,0
058ae918-01e4-48d9-aea2-e1549b7462f9,64,,,0
63a52f4a-c13b-4dc2-8bff-18436529885e,63,3,,0
fcc56478-19a2-4b4e-bb58-091bde451dae,44,1,28,0
e3c3915f-135e-40a1-afa7-2a345d66bd0b,64,4,57,0
f7daa22d-2cfd-430d-ae99-7f938a0388ee,45,2,79,0
e4ce2b46-05a1-4c32-a7c4-2a97cf91a1cc,47,2,56,0
67519557-a6a0-4f96-8718-83cc28ef260d,58,4,138,1
f86817db-90bb-4848-8471-bd928b3c8ac4,58,0,69,0
af66a496-597b-45e9-9795-8705b279e9ee,49,2,20,1
99734aa9-4497-415d-a71b-e3e9e36bc2e6,41,0,23,0
b54c1455-95fb-4094-88ad-7741c4c42df1,56,3,108,0
7ea8d4f8-7d75-4423-94db-8f9526a218a3,64,2,92,0
dc8a2380-716e-470f-ac40-2f9a35a895b5,44,2,41,1
7cf01e6f-bd13-40b3-9019-996776110b62,53,0,51,0
406b7d8e-5520-4900-97e0-d300f5d462b6,66,1,62,0
d293ffc6-999f-4aba-a8a3-855d6ba3599e,53,2,,0
8cdce080-5b8a-433e-82d9-f6273c976250,56,3,150,0
4512af86-5733-41de-a858-0b92dfcfd81d,64,2,40,0
8e3eefd4-7039-4ee5-9ec9-7563580d16e3,43,0,51,0
ece9617c-0059-4a07-bf72-ddc48511d35f,45,,133,1
6f2eee46-2814-4ade-a3de-d39b8e77389b,61,0,176,0
5ec05cbf-abc3-44bf-b04c-1f234997a7a2,60,0,76,0
e31e1404-408c-4ff5-91a4-71032340c46c,65,1,118,1
04f37452-eaf1-4d5e-8cef-9bb2e389d2f0,66,2,36,0
8274bd23-6577-400a-9f3a-d5a5d562a00f,69,2,167,0
30baef47-48f3-487a-bbd9-a3bf26f0ecc3,47,2,45,0
9c1f70d1-3206-494d-b553-9d0de4235083,55,1,81,0
51dcc78b-daf7-4750-abcd-78c547d3ddee,41,1,66,0
acffbc3b-c144-4c14-9868-97e42ee7b25f,65,1,37,0
9e1a3799-690a-4ce6-8b81-2ef821119bab,59,0,75,0
89f2eff3-513b-4957-8a37-fcfbf55facef,34,1,,0
a8955b69-3c27-43d1-a7aa-3ea694afe13d,56,1,47,0
bb67f9a5-b536-43fd-b6e5-726ccdf8528e,45,0,136,0
44a4576b-5790-4838-ba01-7e77cf729c7f,41,1,116,0
23265a64-0a5f-4f0b-b697-6d97cab4dda6,48,18,333.0356212,0
48da45a5-e4ad-4dfb-93d3-7fc60a5add43,40,,129,0
b27b250e-110e-459c-84ad-91d6f62ded67,44,,62,0
686b8cb6-aa5f-4725-8e91-8706fd5ef4e1,38,3,45,0
fb75dd3b-e1d7-4705-be8a-960d66e8f49b,39,1,52,0
9a8cb8b9-0622-4021-988c-bb0ba3979a9c,44,4,53,0
891b9061-307c-40fd-8a30-55036d674fc4,54,2,18,0
467e61e8-32c5-43a5-bab3-561487ca316a,59,2,117,1
2cefe86b-7c7d-40fe-8405-131d6bbd5ac5,47,2,26,0
7e7fdc2b-dfe8-4eda-875e-168fe65dddba,54,1,124,1
094a5c2d-d5a1-424e-8db9-059cddb6cd59,34,1,91,0
21872f06-4ef0-4802-ab7a-285d46f01693,42,0,143,0
747f12cc-1b40-43d9-b569-4b29152e85dd,61,1,138,0
2d2c4295-ba3f-4283-9143-294b05e2195c,66,2,153,0
c4804c1e-88a5-47d3-a690-6afe29da7caa,43,2,68,0
45c2c5c3-23cf-471a-930e-ebf1fd61fdd0,67,1,15,0
fbf0c25b-9c50-41e9-9866-5182f7fa86ed,57,1,112,0
bdff2096-e1ac-4f25-98b0-9ae8459847cd,34,1,160,0
b81f54ff-5ff8-4be8-bd03-acce38804711,64,0,92,0
114cdc3a-f67b-49c3-9b99-2f02fa87e30e,58,2,100,0
848a16bb-ead7-486e-bbde-1240b2530fdc,54,1,37,0
e0bdb2bd-e725-4a1d-8241-a80774964cc2,55,1,100,0
074aa27d-fdbc-45e3-bb70-be01756fc8c7,40,0,66,0
ef74444d-fba2-4ee9-989b-842dcb9b99f1,40,2,45,0
0a9ec48c-bae5-4cec-a8da-9f81dd82396e,46,2,75,1
153b45d7-cac3-4a69-9f7e-64f48f4d7b11,53,1,29,0
30a1a401-529f-4af1-9a67-cb82fc9ee983,64,0,68,0
5f1d4ed0-2634-48c5-916e-7a194704c0f7,68,1,43,0
633fdaae-191b-4872-857c-876d28ee0111,64,0,50,0
a319ebf7-b9c1-48bc-a18d-6e1bf1ae3a8f,40,,95,0
c224a5ae-f988-4164-a6ce-713600312316,62,4,82,0
41b8a436-a863-4b29-a769-99c012ddceef,36,1,67,0
fe512f1e-0d50-45c5-adeb-32b7f26c695f,64,,59,0
5e7bf1de-dec3-494b-be61-a0fa68205735,38,,,1
973ebbc1-d418-43e1-8af5-3a4fb98244c0,66,1,187,1
ec821ede-9738-4c01-b8c0-103601894baf,35,1,57,1
38649044-42d2-42b1-8bd4-2bcbd57788ed,35,4,28,0
8d5ef5e7-82ed-4b4e-8314-4e309de029d0,37,0,58,0
16267285-8075-4e0a-a229-af0faaf28f43,47,3,48,0
d7e8b44f-36c8-4f3f-8fd8-5038c4343d32,58,2,28,0
71566129-9ffe-4ec3-be28-de17bd799783,57,3,40,0
59bb5d3b-d0e8-4064-9d90-2070f9f3a633,49,0,124,0
bee2c093-909d-4549-a109-4bcf98110c07,65,0,23,0
c459ffbb-63a7-4bbd-bf43-ddd2a3697f2a,50,,98,0
f8d17043-8445-4e08-9ae2-bf3ab9c0b93b,65,1,30,0
15942e37-76df-4689-92ca-8512e4e57f99,50,3,96,0
81a8e076-e8f1-4ca4-b8bd-eed6b3072d52,52,1,61,1
924626c8-970a-4086-bc12-e38810751caa,57,0,143,0
135bf9f3-3e8a-4daf-b27c-eb176d70a522,53,3,48,0
ba501376-9a44-433e-8c9b-06468bc23203,34,3,90,0
3470c9a9-1c7b-496b-94d5-95290785bc3d,34,2,130,0
ce2dd555-79a7-46e8-a27f-b55eea3a20ac,66,3,54,0
62a9abdd-ebdd-48fa-9c99-7d47786047fd,58,0,126,0
5d7f5b12-ef63-451a-aa37-419e1c2c5069,46,2,35,0
64f808e0-54ed-4994-bb92-e8c832368e09,61,1,98,0
78bc04a0-daed-42f5-8183-85074c0e9f82,58,1,,0
b2c0e523-6b15-42a8-a8ba-5751efae0c54,34,0,20,0
b9db934b-4e3f-4af4-88b6-1acb0ac67ec4,66,,,0
ffd9ab58-0bea-4f89-902d-f1f305f64927,39,3,18,0
4d38a454-fd53-445f-9c38-32978929462a,66,0,106,0
77936bb2-4ffe-46b5-be74-fc0ee31ed41f,67,0,,0
523b068a-0c36-413d-9cd6-09db1ecc0506,43,0,80,0
897485ec-3971-4e3d-8751-144391bf4f64,58,1,,0
13ebd706-c8d0-4ec2-9644-62e5e8fbe287,62,2,,1
e71431ec-c819-4102-b4f9-5bd4257b44c9,56,1,125,0
94cc3f95-36bb-48bf-a63e-f6a56b69cdc8,59,1,115,0
76d1be04-d546-4ef6-8321-ba082c91f5e2,62,1,110,0
78b98c34-650c-48d3-a705-45fa59cee083,56,1,96,0
b1b681e1-7563-4875-82f1-6e1c191e8961,60,,100,0
4f1c9a31-4e18-462e-b8cf-b48c4dab0185,65,1,65,0
eda91fb6-a5cc-43f8-968e-93254c44deac,55,1,99,1
d104a4a4-0c97-4941-b7e9-bd2f13fea0d3,35,1,24,0
46a44c1a-f6b7-4b4d-b998-c6c182f586ce,38,3,27,0
6e8701df-1c39-4575-a890-9f6db17e4bce,56,3,30,1
86fff6e2-9be5-43e1-8d26-8e4574f7b1d0,68,1,,0
1002c846-0b84-4dc4-92d6-7c6332d2c6b1,66,3,42,0
511cd960-82bc-49c5-bedd-19506972826e,50,3,52,0
dc5f5cb5-608a-4caf-8f53-47bf0b100213,44,0,25,0
88aec493-4f6a-49f8-8710-393e76540741,61,4,,0
625d5b55-5fb9-4d3b-ad01-f812be1880e1,37,2,33,1
a2934b4e-6598-45e4-b407-da751712aa6e,63,1,36,0
241f7090-a659-4219-bc63-4c806ba4ec27,44,1,144,0
f4899637-3a4f-4e56-a80d-8a625e116c33,36,0,27,0
710fa3c8-6552-4524-b691-d53b08592d9d,62,2,163,0
0929186e-f011-4f2d-87a9-6eb2506a2974,64,1,49,0
0b5d503f-bf40-41cf-bea8-e7f97f3a5c73,59,2,99,0
896596a4-cadf-480a-858e-5516ee8708bc,56,1,95,0
68565ce1-e4f9-45a6-85d4-6288efcedb88,61,2,67,1
865a2385-adff-42d0-87f1-e63c7d9e999d,44,0,42,0
92c6f8c7-a83f-49b9-bed7-064bda277651,40,2,,0
4ebba133-3d3e-452d-9134-b04e9ef7568b,49,1,92,0
9d1b5106-cdf9-4353-9487-022864073b12,41,1,,0
4d3c9e9e-d9bf-479b-8a3c-a2da495374b2,61,2,41,0
d8ad128d-c41f-4857-99b3-326f2187a8bc,62,1,40,0
9808cb5a-8f2f-4bd1-a649-3a84e3da077e,48,2,82,0
5594c7b6-f9bf-4c49-bbf4-dc8d32506781,36,3,64,0
37a8bd4c-a7d3-4b50-a639-2397915ce2f8,61,0,52,0
247f201d-8fe8-4297-ad81-60439127589a,34,5,68,0
a80aea3d-e317-429e-a022-1d59131c6778,58,2,79,0
b6a857d2-4725-41bf-bb6f-73c1d6f9973f,48,0,66,0
a13fd3c9-e19d-4f35-a014-7c2854496dae,52,1,59,0
6ea1a722-ee8a-45a0-b7ca-67cfa2834f82,37,0,,1
3f1e3bd1-facb-4eb6-b2d7-2e00026af867,37,0,54,0
f5f25329-0af9-45cf-ae7b-7dae52e3ef1f,51,4,42,0
bab20e36-2a0d-4674-897b-c12f5412a988,53,4,68,1
cd67c4ed-a216-41c7-b7ca-c622aeed5f79,41,4,79,1
552eb00c-cec7-4968-afb6-8ef71b9465ea,39,3,40,0
64d4a4aa-068a-4ade-84a5-8780b74eccf7,51,1,22,0
a64c2dd3-bf4b-4f27-8834-6756f82db5c1,64,0,24,0
b5cf81e7-4a3c-4f19-b3d8-d35fb2462eff,36,2,51,1
50975630-9c0a-4dcd-93a7-b01bf0a27603,45,1,68,0
63bf102f-71f3-4cfa-99ea-eae312f32db5,61,2,20,0
49b9fb17-2f0f-45ea-834c-c3dc898b015e,39,,121,0
2ceb3868-bcd6-43bd-9e87-06de5a3dfa7b,44,5,173,0
070f27e7-df4d-4b68-bb59-79db926867b9,55,0,114,0
d0c53bf3-df06-476d-8920-8f473abffd9e,52,0,28,0
344a2e69-9821-4be7-9da5-9a3c2bbe3e43,59,0,43,0
9d2c5c14-aee3-4b70-a066-9949f302160f,34,2,48,0
64fa7ea5-4b8d-460c-b017-3278c3225687,45,2,66,0
a208eb6c-b797-4ee7-88ac-5aeed05e5b72,39,0,144,0
b5e5dd77-96a2-49ce-a40c-decceacd15ab,54,1,124,0
a793b961-7a52-43ff-82ca-2437dded2d7f,49,2,57,0
52939c4c-9bb2-4189-ae21-348d3e3a1057,50,2,104,0
1796e576-8085-4ceb-8dab-292c51a7ee57,46,1,82,0
a7ab5073-f16e-4ee4-b41f-460caeec44a6,41,1,97,0
58e9bd0b-02e0-4575-a32e-fd6b522c7864,40,0,24,0
893d3e5a-25b9-4396-aeb4-9aa948d3c184,68,5,97,1
db0e9870-f581-4cc6-9783-b7e7ad1fbd59,55,1,52,1
d6205869-5e19-4d50-84db-d86fc89a3a0a,47,2,64,1
caa20ac7-e2cc-433a-bed0-9299da497f3b,45,1,31,0
a3de71bc-459d-47cd-bd75-90c18bea0bda,64,1,16,0
6f7aef9e-2d6b-4f75-8f7b-e4fe0b377e84,54,2,201,0
1764bc7a-a2da-4a16-bc34-49d8b3c68fbf,43,1,92,0
1a81e9fc-ab24-4316-b3f2-d1a0f242d219,59,3,55,0
f8248d7e-fc63-478b-bad0-5fcd1029d94b,57,2,30,0
649ee56a-306d-4d90-9b61-d4b8398e2211,35,2,70,0
e4557d9e-3605-45e5-bc7d-a3562bcedb02,65,1,125,1
2499bfa8-16dd-4d6a-aada-5be985312dc4,61,4,130,1
72112130-d7d3-4ac0-be34-714baac4f444,36,3,29,0
e40a7b93-6fe3-4a34-90b3-37585cbe6caa,49,3,51,0
71050c76-9f90-4364-9613-c03589c34880,55,3,67,0
71c1a037-0c4b-4503-a6a9-08ecae62f538,61,4,67,0
05723104-d011-419c-a415-c91e664f1a98,66,2,43,0
f42ceb83-f6b5-4f17-8bda-977a5bd2b996,46,2,,0
cb1423bc-7517-4ea4-bb20-d5376488ee40,45,,63,0
5b68d057-d666-4922-9e4f-1c4694e8a59d,60,1,73,0
3a0c12ff-8d9c-4c1e-80a1-58879315f4df,37,2,,0
9d363e17-db13-4d9c-9f32-e370511479b6,54,2,,0
bf8ff74e-ddd4-4ae8-99bd-8900cdec0e4e,69,0,59,0
dc23bb69-7d0c-42ce-b993-511949a18192,46,2,,1
8aec3cff-9283-4a0c-9e2d-4ff9811dad2a,42,2,26,0
c8d8b7bb-392a-4495-9073-5aa98b07cc3a,69,1,103,0
253b8ae3-91b3-4f01-9acd-bfa62bd9a633,64,2,47,0
5fbb19ad-cb7f-4613-9072-ea1dc30ae2a3,49,1,24,0
41da730d-47d5-4194-bed1-31a712c3b464,60,3,57,1
ec20591a-e5ea-41f9-98ff-398051a23900,42,4,46,1
fd764fd3-a3fc-4d7f-8c55-3ce590ab4644,64,1,44,0
7b6cd569-9524-4469-83cc-074cd09a3e5f,41,,33,0
e2d62849-5e4c-42a6-9629-75f6e39ff865,65,1,101,0
80b36fe2-1deb-4dbc-8c10-0e8fb857acb3,68,1,60,1
e6a366a1-d7f2-4bc3-b581-ecf3e337be64,67,1,116,1
df19da4b-6fa6-4147-947b-289951a58f84,50,4,62,0
b3942163-c378-47d9-bb9e-01ec3fcca50c,39,0,,0
3a52fbc8-fa45-4d07-b406-18edf2c0e0d8,60,0,149,0
6b7c06db-ea89-4a16-b204-97b321d7532d,34,2,127,0
c1daac1b-d393-4d8a-8910-36b310866187,50,2,22,1
94d5ce90-d05c-4813-96b7-caf92e6b5ed6,61,0,51,0
b753acba-5de8-4c87-93a3-9bda99dd3f7f,67,1,96,0
2d22008e-3fce-43b1-924c-daefe04d8037,40,1,159,0
3f80af73-9fca-42bf-b72d-d7d7c6bd4315,61,2,59,0
78deead8-d925-47ad-8e47-cdec8a86135e,47,0,53,0
f382d63e-6cc6-4fde-ae3f-ace2fca8ed04,45,6,96,0
9400ff6a-a2d3-4724-814a-6924ab000bb3,41,1,40,0
3378fd7b-e723-443e-9a4d-be6a118b0d91,66,4,114,0
d00c1d7e-0993-4c0b-b731-a06e2cd19be3,60,2,28,0
fe20dd6c-fc0f-4578-88fc-d3134e09c245,52,3,38,0
c8c9c288-2eed-4777-ab40-a8f2282a4fdb,60,0,88,0
61e1bbfe-1aef-4b46-9e6b-636644facc99,65,4,,0
5abf8c0c-c95e-4ad0-a1ff-c39bd4d4a291,67,1,39,0
27c9abca-fe38-4a17-9a2a-6a928c9a0d8a,64,0,,0
9dab7b74-b134-445f-be0a-857a7158f96f,42,0,29,1
8954a692-2971-4d55-b20e-9c28b1f88168,59,,34,0
cc7d644c-aebe-400e-8227-b03d616b112d,35,1,72,1
8cce80d7-0924-4d6a-b353-c93e88df5d62,57,2,54,1
fc7a5beb-4bf3-4954-adb6-88a75934d2d0,39,3,65,1
c1dfc947-8bd2-431b-97f5-6a16bdcf3968,38,1,99,0
3788a653-01a2-457e-857d-305315e98538,46,0,75,0
5d4f9795-2b59-431b-9dbf-dee73b7a825f,46,2,64,0
8dcda12d-0b57-403b-9b5c-b518face18a8,52,2,22,0
07d86f72-c0c0-4c65-a801-ce73b3361638,58,1,62,0
e7a1e684-a2f6-4c8a-bf16-0f212d749d40,69,1,106,0
7d8c0ac1-acab-4c8a-a5ad-c61ba3c8b116,68,3,100,0
20ff6cef-a80a-40ff-a919-1346db71ced3,41,1,71,0
1e437dcf-8c43-4c78-87de-7e797e4536b4,57,2,87,0
a0b93d45-f586-40db-b840-3f634cc7da40,45,1,37,0
e2c231b2-fa72-4c9c-9cbc-24edc0370514,64,4,159,1
e482f01b-7c57-4157-8e56-013ff54257ab,50,,61,1
fce1d804-f000-4ef0-bab1-a8fee7f3e1a7,38,1,40,0
a40de5e4-3c30-4d7f-bff7-21972ab312d1,55,0,44,1
bcec6d3e-9fc6-45cc-acc9-a438bc254474,62,0,90,0
514e5030-1767-4eb5-8ac2-ef687d01ee22,68,1,28,0
65be2590-cffb-4056-b895-93c46520c9fb,69,1,,0
082a7cff-088e-44f0-be7c-8f391b37bb95,44,0,74,1
efd3d0d5-801f-435a-a31d-ed203de7ad36,59,3,85,0
b4afac90-91f6-459c-b5cc-1955b90c53b6,55,0,97,0
53684686-3231-4e9f-9b4a-f57630bebc4a,50,2,25,0
d0c19e3d-4098-4bd0-b4ea-188d46b56c93,64,2,68,0
827334cb-dcaf-4889-a7df-df66012635dd,63,1,,0
a12fab1e-8d8e-4301-9ed5-9807abad42d4,39,1,109,0
34803811-ce30-44dd-877e-2f0b8f7705ac,41,0,52,0
bd90ff4a-142e-411d-acae-0d6a02930915,55,1,29,0
bdd070af-66f9-4916-b7c4-eed9a4027eb0,46,0,72,0
e97cbf42-dc24-4f09-ab0c-f913ec1fac9d,39,,,0
3c922b6b-5ee9-43e5-9114-590a9a05f025,65,0,17,0
b3c0ff88-ba3c-4532-a884-e1c56e9d9e10,55,1,84,0
e52c483a-818a-4673-a4cb-e11181909038,35,3,,0
5d388d54-b011-4c2b-9a33-a7347aaad85c,66,1,47,0
d68c0a6b-62c5-4794-9671-8930dca1fe3d,58,2,67,0
b4ffa393-ce2b-46ba-b382-78d773048c91,46,0,43,0
fa0f18e9-9da7-4084-9641-75dae99e622b,42,2,79,0
c54d6b3b-f51f-4298-a485-971228ed25f9,58,3,62,0
6d610c3e-c6c4-43be-9983-aff35cf367ab,67,3,,0
4812d8ca-521f-4bc7-bba7-a3af0fa84422,53,2,58,1
abbe76c5-4f49-4524-8153-6725f1d0dbbe,50,,46,0
81e325b3-aa61-4ffa-a58e-73fbc7f4e326,52,16,1493.196342,0
252710c2-735f-40c8-b541-ff17e4c73bae,48,2,81,0
f01f1b56-3e6c-419c-bb16-4aa1bccf0162,49,1,58,0
7a891e12-d897-44c2-bcdf-3d72b366f72d,63,3,170,0
922b2e7d-f54f-4e34-8fb6-c6256c34c431,48,2,70,0
abccc789-ce72-455f-b3c6-57ac9d2dd6ac,35,2,122,0
4e45853d-7b54-44d5-8362-64f1c2f462d2,50,0,63,0
ea4f3d00-793f-470e-b251-17a92506e4ef,37,0,81,0
88fcab09-4366-483c-8aae-10c5ae9815af,41,1,69,0
6c1ec93e-e4c7-4aa6-bdac-c5d0a4a7ade1,39,3,62,1
8349b9c5-ba43-4a22-a20a-08d2c1b276f3,60,1,114,0
032476a8-2844-4734-b6f2-3b77967762d0,55,2,163,0
f9e506e4-7a47-4875-9e69-88e3f8202bf5,57,0,86,0
87d91f37-64eb-46e8-9772-5765ffb1f1dc,40,3,49,0
f675dc0f-de1b-42ea-817d-95c9ee47436a,34,0,,0
4325224d-59e4-4d74-a828-97719f4fc198,54,0,,0
270e65fb-9e86-47b7-af55-9a98639a7b80,48,,64,1
c84cfd2c-7d6c-4daf-92c4-fbc0e0548b63,50,0,125,0
aa61992a-e378-4675-a8f0-6166a58c53a1,53,26,292.1882794,1
6eaa1713-316f-4476-abfb-365b7e46d878,42,2,91,0
70d629e9-cbd8-404f-93a1-f5a297c9c1fc,57,2,105,1
c84d4e26-34cb-42b1-9ade-00045a12e543,42,1,,0
06325be2-36d8-4083-b7b7-f88f91d07cd1,37,3,62,0
b8efd8bc-3f1e-46b6-9bb5-295aa4d51d1c,34,1,147,1
be4a336b-974b-4f72-b94a-b44c095376f5,63,0,46,0
adf49456-b234-48be-a398-cfaafdf83d38,53,3,32,1
87e67c7d-6917-4b40-84f4-95e4594afd94,45,3,96,0
92e801c5-2cdc-4d91-a278-09ded69cfc90,36,1,45,0
5dbc4383-86b2-4cfa-9ccb-f7d02ea1b5a9,54,2,114,0
44dc3e95-2ee0-4321-89cd-dfa28b6dc3b3,46,0,41,0
99af6e77-9552-45d7-8cd0-cf0f6df69fb0,35,2,,1
bea3c115-6174-418c-889c-29ac9ba90f81,63,1,107,0
30598896-0261-4709-b80d-49de27cf012c,57,2,43,0
519ed9ba-a909-44e7-b143-01026acc113d,48,2,80,0
e0fecadd-d4e0-4829-bbe4-1d67bc15a360,58,0,125,0
80f9f34d-38ad-42ad-9820-060d0cec2b23,37,1,58,0
3c80af77-1e59-4cfa-b543-b0778e841b60,62,2,40,0
4a06a91b-efdc-4f87-870d-67a9a4b3e2ca,67,1,43,0
ff7d3055-fda2-43b8-a3f0-8e47f661e909,60,0,77,1
7031441d-fa75-4ba3-b51b-68d7fea64b28,44,0,122,0
df42f1a5-8099-44b0-af7b-2b7c3efa5798,47,1,124,0
a8db7d84-5d66-4357-99ae-664341bcee44,53,1,42,0
61372656-1293-4a41-9985-72967e683ac8,54,2,40,0
6f2fc8c8-ae07-4c02-87b5-6180fdab5e03,52,1,53,0
b63e5930-369d-4b5d-bab3-a5bbfd4e6110,57,2,,0
4cd8c8af-0757-471d-827f-d9bf98bec353,69,1,81,0
083da132-1312-4dbe-bd27-d012bd83e0a9,46,2,70,0
87e3b1a9-a030-4fa0-bc9b-9e0f8169baa3,51,0,155,0
dca12dff-bd7f-47e0-b75f-e2747c6fcd48,52,2,,0
1685b8e7-63a9-4305-b806-e760ab579b7c,68,29,2502.720859,0
eca0bca9-6855-4860-b358-b124dcc775d9,67,2,57,0
dc930c7f-5657-4b2b-b66f-6d499e154b5a,55,1,16,0
fa5215d5-dfd9-4733-8fa4-a19c3a4007df,55,,63,1
85388f95-61c9-475e-9988-43546b5be39b,65,1,,0
c2d56766-2a4e-4f6b-9ba8-a587bafdcc82,49,,24,0
a4dcafeb-bc4f-4ef7-9e04-dbb4de79750b,68,3,120,0
b1e889aa-2f9c-4fba-8f46-f7e8f453a48c,41,2,,1
b5d398f2-9763-4e09-8d31-a84dd531f82b,54,,123,0
2e9ff8ba-9f74-4c67-9ebf-4932b2893fb9,42,0,114,0
11cc1c8f-a102-4e6b-8083-cc861173ff05,35,1,92,0
e4ede6e6-e3a3-4b95-91cd-6d55367466fa,43,3,46,0
40116d61-027e-435a-a505-e510e76ac868,42,1,29,1
b9dadfd7-f762-4042-bbe2-18c7c3f4b58b,42,3,86,0
23ad887d-9bfb-4bcb-9441-8ed8c8b27d00,55,2,59,0
76488c4e-f494-48bf-a1d9-43fc1cf59a25,55,1,58,0
27b4dcb6-51d8-4d29-af31-a194d8445696,45,1,,0
9aa6baca-3722-40bd-bfd2-9a98ab32f89a,57,2,20,0
bd009d44-625b-42f0-98c5-cc47e397a9e0,56,0,126,0
0b58477e-e4f8-4c77-bd53-073139483e08,44,1,52,0
97da2544-f1c9-4748-8e65-71b2a8a2d5e9,50,1,46,0
9bf2036b-f1cb-402f-a52e-cde951994162,60,2,67,0
a60efcbe-34c4-4303-95a9-71133f61cae2,43,1,75,0
a0c8b61b-5879-45a4-903b-203eb7598892,44,2,46,1
ab5b4ee1-53c7-4e3b-9c09-5bc4c8b419b3,59,0,18,0
809beb94-5488-46ea-966b-98f8c3b67503,61,2,42,0
7568ff67-d202-447c-9d6e-d980e6786b89,43,,137,0
8256a687-173e-4f34-9459-8aff104390b6,41,2,56,0
878f1a04-5859-49bb-a923-add2dcf2807c,62,2,71,0
d5f3db67-7572-4712-b076-83ed8b09576f,40,1,127,0
050204a0-6df0-411b-84ae-c8660350e93c,45,1,39,0
6483550b-ceed-4b08-9343-2dfe1696dd1b,40,0,75,1
7d78a9b9-2d9b-4ee5-88c5-01a2495f211e,60,1,159,1
3507f209-81e0-4def-8de3-1e2ed7fcad5c,44,,1140.084541,0
46cb21d8-9feb-4948-ac9f-e9e04a5c3ddc,39,0,37,0
08d27163-64a2-4c1e-9657-5c0fd2e8443e,69,1,94,0
ea99793b-d24e-411d-8e9b-02602a0fd678,44,2,21,0
aa8244e5-bcd7-4834-b77f-d2a35f48df0f,64,0,103,0
f2b4e977-4d64-42e8-808b-1c6767348feb,62,,126,0
a3c2be30-65f3-450f-8e7b-332db787fde5,61,1,33,1
fa3155ac-c47c-4477-b042-4d99d285fa92,36,2,101,1
35512ccb-6a41-4149-927a-869ac6f913b8,36,1,,0
7d922a6b-f14c-4fae-abb8-60fc0216a098,69,3,44,0
 a9fcb2b3-cdc0-4dc4-a1c7-3d2750cf11f0,49,0,51,0
948ec121-770b-4012-8551-03b6f16a730e,43,1,69,1
307117a2-920e-4f2e-9ed8-b13fceb4a440,62,2,100,0
99ae3eaa-5f17-4ef6-9020-01485aebc333,61,4,51,0
88df48bc-a789-4418-9376-0da5e8d730ed,53,0,35,0
da3bb506-e01c-4465-9603-f38f84dd1ae4,54,,49,0
e6e216bc-7147-466b-9c71-8b8e8a53305a,38,0,,1
38866b97-0bb7-4bdf-9e30-9cefecd94ab7,34,1,98,0
9d16210e-b2d9-4dbf-8462-c6f755211f2e,52,1,88,1
df3f20d6-9e56-477d-9eaf-5880e1dc5386,54,1,63,0
cdfd55a8-ac0c-407e-93a1-a3ca088bf183,49,0,,0
3b2ca88f-7672-4af1-b78b-519ad7b94647,39,2,140,1
1e7f500c-3cab-4883-a6c1-5d39a832d183,48,,67,0
a5b55461-248f-46f7-ac8a-25b67f46a565,49,2,60,1
bda6ea02-0b4c-424c-8275-bf450777b865,57,0,28,0
53d67699-c701-4727-9b16-21f1830b90cc,62,1,40,0
f14555f6-ca94-4d93-b76d-fe54f37d37a1,62,5,46,0
7f446c03-3938-4cd6-b06a-d1a19f64a6bd,38,,130,0
5c4aa064-b71a-47c5-bf36-273456323d38,52,3,,0
82e263d7-d7b9-451c-b2a2-e6b2f7e600ee,53,1,123,1
7173fede-890f-4022-bb6a-a2fcf3251b56,48,3,20,1
5fa43be3-4aa2-496e-9994-3c4adcdcac7b,61,1,70,0
77fe3434-cb47-4d96-ae54-2517798c7030,35,1,39,0
295ccf39-7942-42cc-87ba-d811b8c64b70,45,2,88,1
459301b6-1556-44c0-88a4-7a1be882f1e1,36,1,74,1
7e009281-3b8e-45bf-9ef9-8396fd8c5d46,69,1,29,0
bdc97ced-bd12-4b91-af37-e27acc08ccde,36,2,26,0
56a0abdd-b351-4def-87f6-1a5132112ecf,39,1,,0
f6e08018-1783-4824-a5f7-38640c422369,56,2,76,0
4266fe17-f184-4424-88b2-6f4166616ab8,57,2,73,0
7b2c261e-26c5-467c-9053-5b8a0ed52e10,48,2,,1
e578b38a-0ef3-4955-a4a6-a6c737392522,36,1,54,0
dde92a4f-93e2-425c-a94c-de3d44961115,63,,49,0
c521bdcf-6d2a-4488-bb78-858b7c45bfbc,43,0,49,0
9fccfedc-f839-49b5-880a-70d21f92d9dc,53,0,63,0
fa6fd55f-6058-4218-93f4-a9301626c4c8,53,1,28,0
1712cf07-da19-4d71-b5ba-cec6d69190b2,41,1,65,0
ffef1ad1-2c53-4a10-b5f5-c38057779645,52,1,90,0
4f00d6c6-d5f2-4486-ab40-39e76f6a10e5,41,1,76,0
898af469-3a34-4ca4-bed7-821f7bbc16c9,65,0,40,0
1d91a303-1da0-4670-b0f3-5590d3e3b51d,66,2,23,0
a72c56cc-e0cd-4226-8fac-3dce0237a379,35,2,49,0
d0c343d8-ad50-4f31-b835-0e545fe57edd,38,0,54,1
f9308ce4-5eb9-4db9-91e6-04358b8d927a,49,1,95,1
9204fef6-0f22-4da5-b439-c0149658e8e1,50,,90,0
00a241e7-11d9-4cb5-8604-59992b9f5831,40,0,136,0
3aa46d38-ba15-485f-bcbe-140ce13e1d3a,54,2,87,0
0fbb0d05-fc82-4e3e-8e65-f801ff984279,53,1,,1
3aecd1e7-35b4-49b1-b4c0-4def1660a302,60,1,64,0
2cc3735c-22e6-4674-96a9-903ca0df2bce,35,1,44,0
2b3ddc07-5928-4c79-a7d0-47371c81ad9b,40,0,43,0
54bded3b-b5a3-4f33-b447-2bf0f7a464ce,56,5,106,1
500a5bfd-7bf9-4afa-95e8-87158443f052,51,1,22,0
21c05e92-9e40-44b8-a81d-504603e7e8f4,35,,121,0
50a088f1-1691-4189-8fd7-4a7e9aee10a4,53,1,62,1
a5384bc4-678c-4c7a-84d1-5bac6ab17896,57,2,23,0
b4e633fe-ab7c-4b3d-98af-01b632e61210,68,5,29,0
6078ff71-c27f-4914-9d7c-53190e0cc922,35,0,48,1
679ce64b-2a7b-448b-841c-8702adab1001,58,0,91,0
2b465127-d337-4f75-b7ba-87e9df951091,38,0,76,0
36c693c0-260b-48d8-8408-100d3613e41d,48,0,61,0
fa2a6b4c-cb83-45d9-95ba-073e4c54ef37,57,2,28,0
3ca4a59b-6548-4e9b-b926-74ab61189e8d,69,1,15,0
7e35bb6e-2af8-424a-85a1-9de33cc9136c,36,1,96,0
6b87fff6-dfe8-4b36-8ce9-924b043b709d,42,,33,0
48a29de2-026b-43f7-9a35-b2debceb7309,37,1,41,0
625ff25a-cbe0-4cf2-9afd-56cbd5497e02,67,1,62,1
09097b80-31a9-4fcf-a023-552ae548f60d,34,0,,0
507fc8e9-014e-425b-940a-ebaae624966f,62,1,29,0
3a2fc1da-0ac7-4c84-8499-eee5eda64647,34,0,99,0
1dd21713-357d-4667-976a-ffecb6636d2e,34,1,76,1
5e858f10-d821-4c61-8af4-149f4e3891a6,35,2,87,0
5c31cf32-7c24-4a79-809b-901107d51c0e,40,0,23,0
8c054d99-9999-4a0e-9428-959df416b5b7,50,2,66,1
51ffbd99-7c15-4a8a-b9a2-fb66db0b62de,67,2,79,0
d52bb4ec-b25f-47d5-8328-4d12bbbdec12,51,4,40,0
fee98808-2ddc-4376-bdd8-9d77a99834ed,56,2,73,1
92c850cd-9a52-4b4a-bef1-9b32f6680e5f,39,2,82,0
448e8abd-6f0e-4280-9e91-f760249f96b1,42,1,98,0
d8d146a6-05de-4fc0-ad10-84198dfd0f9a,51,0,39,1
0a915ded-9a61-486a-a91c-1e5a98e067be,65,0,52,0
ec84804b-e87f-4801-bb69-24e7052126e9,55,1,82,0
d8a71cb8-cf1d-48e4-8ed2-a5a9fbc6c37c,48,2,96,1
ac3e61aa-f543-4578-9fdd-616d19d5fd52,61,2,59,0
3b57bc7b-180b-4b9f-bceb-64f5c28d5358,34,0,66,0
962aa66f-9f60-4e83-abed-7106d6e4517a,49,,92,0
0f9de5bc-ae66-415d-a345-f778ce89fc33,54,2,,0
5ccc3f54-9c1a-4df5-8016-7b25953cbf10,54,0,71,0
a861f3b0-c40e-40f0-9c7c-e1d68891156e,63,0,,1
77b25b9e-b94d-4047-a473-290518bb3bf9,65,,25,0
a58573be-71c5-4e09-bbc9-04c1b720c63c,56,5,33,0
5443a540-beb5-4c36-88c8-9235510ce7d1,44,1,70,0
91625276-ce4e-4875-82ca-4fddc9627b13,48,3,104,0
2f772ce1-d9cb-4da8-bbd4-27c7ce3b09cc,50,2,81,0
c76b71db-dc12-4c22-9f4d-47a1ed79a410,36,,,0
363eee7a-21db-4ba3-aff2-0e125edbe919,56,1,42,0
2de2f943-a4de-4cae-8192-6c977dc16a66,46,2,67,0
a1a6f03d-6f86-47d9-83e4-126870d71ede,46,3,111,1
4e11d8a7-9d4d-42bb-a467-e16aeaa3c3f6,54,0,,0
23e1bd92-8f71-441b-a914-2c6201fdb8d3,66,2,41,0
b513d1d9-1394-4bf1-9f4c-3ecf96a18345,38,1,,0
4294c068-52e6-4444-9161-e35da7e96a61,58,1,107,1
d18db31e-a369-405f-88bb-70793009781e,44,1,82,0
dbbbd36b-f76f-4aaf-af6f-8c7191f1e32b,61,1,53,0
1a4ccbe2-03d1-46c9-b7cc-ede9676afc0e,42,1,112,1
e47ced92-f2e8-40dd-a154-0460a01c2402,50,1,30,0
ea86663a-0cef-42ed-8ff7-07f4944ebefc,51,2,34,1
908f2fea-3f8e-42e8-894c-02268e4c2308,60,1,91,0
91af307f-58be-4889-a186-cba982eb5873,35,,,1
be0d06b8-c582-449b-a274-b82ee16f85dd,39,1,73,0
1f59e6d1-d797-46af-8b7b-94010a7565ae,39,1,81,0
22fdeb25-230e-45fb-8576-01d481311691,39,2,44,0
edce5ac7-fce6-4475-9e2a-a79edcd84473,65,1,,0
b2b3c48f-8b8b-4993-8e13-0b6ac86594f0,45,3,52,0
29a451fc-ae1e-4b4e-8557-99018d83a54b,67,0,35,0
93c7f4ba-1490-4686-bd0e-91d0823b3389,58,0,32,0
e2e3c14b-c2dd-4c4c-a938-df90fe9311b3,34,0,48,0
36e3c7e7-20ff-4dcc-a451-ae042ff04499,43,1,73,0
a1c7c31b-8c11-4030-82ee-dd16633b4fa6,42,1,86,0
ed41e223-9fad-47d3-885d-826520d6c7f6,67,2,,0
0d00d69f-e704-482d-b7c1-102e98ada257,67,1,52,0
3bdaf0fd-4e5a-488c-8b8a-02fdefd272ee,63,0,,0
414aa474-8164-4f62-a8fe-0c68cf0089b6,49,3,,0
b6eb9066-6482-462c-ac72-6481a97d2753,44,0,31,0
5a5d8e49-cff5-4228-aa16-cc0f93b0a31b,53,0,37,0
880c1a1f-2104-4d93-afce-25a618c0c309,35,4,63,0
7de689a0-eb6a-42a9-b546-76866718d50f,55,1,47,0
adf39b6e-9448-4027-bd7b-05a8b07f4e49,54,1,64,0
447ff049-3a2f-4d97-99ff-82d95f87f5d0,54,0,79,1
f907ef52-0912-4348-b921-798b27d0a93d,68,2,84,0
c4589e6e-8ef4-4b06-b665-e61cd5011dfb,37,1,28,0
b7db6126-0fe9-413c-90e4-0ae257871312,64,0,24,0
b690d55f-7510-4f4e-b4b5-ecdd2299a02a,61,2,46,0
9ccad159-ef52-4267-98fa-2ce2fdfb5306,58,2,93,0
80532db9-9dc5-4a7c-bb8a-2088e220e6fe,57,0,75,0
01376591-3bad-48b3-a787-874a9a86d552,60,,65,0
9fb946d0-54f9-4df5-8f31-2c91a6565f24,46,2,67,0
781d168c-da7d-4883-8a17-166200e2edfb,34,1,96,0
2c779920-352e-4e2b-b182-72e8ff7d0ee6,44,5,105,0
57b3d3d5-2fbb-4fd0-a03c-3a4de3cbcc70,51,2,142,0
4b598659-7bb8-4460-bcae-c355488e650d,59,2,107,0
b3de3b73-89d6-4705-8cee-fe1919163ebd,57,1,37,1
b494a98c-cf56-4036-9b29-ee90d7334b2f,42,1,37,0
0f0e7330-4975-4e80-884a-39d357d38716,47,3,40,0
ff22517b-d004-443e-b66d-1bf848d4b931,34,2,55,0
3bb2b1d4-b59c-4839-9726-cccf88bc5a26,53,2,34,0
7780ac15-0eee-448b-a622-8a7aeffdbca4,53,3,73,0
ca68208b-8e41-41a6-986a-ae40dd640def,53,0,114,0
ff4b557a-dbe0-46a2-87d9-c5bf23d9446f,57,1,63,0
5d99e011-1059-44bc-be06-bbe3554239b1,52,,37,0
8c1db215-022f-4fd3-a325-1054ac41f929,39,1,55,0
4d3b3ba4-2e5e-4a3c-b7b6-d053e2dd649c,35,1,56,0
b1620e0b-6d36-444b-ac7b-a029283174cc,45,2,127,0
a929aaef-91ba-4e2f-bf33-afa7bc49aa3a,44,0,66,0
a5169b77-1346-4d54-a6b6-9ae5ac0626fb,68,3,61,0
aecf51df-6e93-4788-9eb2-f744554c3d06,69,0,71,0
4a74a558-9ed9-451a-9a95-c7a703f04ff7,50,3,39,0
e28383aa-6419-492a-a9bc-22689b46213c,35,1,,1
294ed5a2-eb59-4210-abc1-993eca72eacd,65,3,36,0
ec645fea-5dfe-4ac7-950a-0029e462e9d8,59,1,,1
da8b2f80-10f5-4e02-ab99-dd9481cabe8d,57,3,77,1
7eccb665-0cd9-4dc8-a22c-c729da0de3d9,55,1,,1
78a61b88-00cf-4a2e-9d13-6a5ba6fe29fb,63,3,64,0
a4260f40-af65-435c-9363-72f6b309866d,57,3,45,1
a7080e92-3471-4fd0-a621-dd3fd852922b,59,2,55,0
bef041b0-5330-468c-a8b3-a79a5fe31d0c,57,0,58,0
4ddf732a-48b0-4102-aeba-ba744a028cbf,48,3,,0
c6683481-6272-402d-af70-9b41cf3cad41,52,3,59,0
daf98e94-e584-463f-91a9-22fdd5d862ec,46,4,101,1
391da9f3-379f-410c-9e2d-f2c2bef26332,36,1,95,0
98787753-deef-4039-9a05-ece3d7cb3e0c,61,2,62,0
99d5816d-efb6-403a-a9a7-4212ce19d4dd,46,1,87,0
8d314f90-26f7-42ae-813c-d66c813d7784,56,0,77,0
9ab0d453-0207-4b6b-8c55-45aead8c4229,42,0,52,1
bb5e4644-0e7b-41ff-abf8-e00d4fdc1d64,56,2,59,0
aa8da02c-c90e-4caf-b736-ff14671e6521,51,0,67,0
1648035f-c8c7-41cf-8a57-c120c4653ea7,41,32,786.9277995,1
5cd4a342-020b-470a-9f78-5a2dd142831c,52,3,77,0
75518583-a869-4784-a0c4-ddcab3cf0cbe,34,0,132,0
f9060fa0-b4f5-4c08-9f43-0914a33c8ecb,40,,101,0
ddef9e67-a869-495e-9413-c0c6762f4a1f,44,1,60,0
00aba2f0-b75f-4a32-86be-2188472fdc61,56,0,112,1
d1554c93-f0d5-4937-aec0-85337b2866b3,55,0,,0
fd93b0bc-8ce3-405b-8a53-4df7c4dbbe5b,48,0,30,0
b299c477-6260-4d5d-b90b-812ccaeb1e9e,56,2,128,0
3d9b1f3e-e587-4df6-99f2-fb879ffa4a4d,47,0,26,0
83de2f05-9b88-4927-9877-e70804bf5365,42,2,51,0
4b94373a-5f5a-4733-8072-1671bc4cc292,50,1,,0
6534346a-489b-4f36-85e3-5c45ee5ad5d0,44,0,23,0
eaef7e1d-19e1-49a7-bd2a-d77bb06a69c4,66,0,28,0
44396c80-a2d9-482a-a9ba-d3ffc3f8baae,52,3,36,0
e475ac9b-c5b3-4e1f-9286-c900d6140dc0,42,3,130,0
bc479799-cb31-4bd6-b32a-a78e1f7f333d,49,4,,1
53aa2360-e7a3-4632-9822-47733dac4bd8,34,2,,0
c837540d-da19-493c-99b9-7fe1347e5f35,64,2,55,1
b9c979be-6567-45a6-b88a-772d8b15c82e,58,2,66,0
9e66cc2e-c137-465c-9c79-8de05d15d81f,60,0,74,0
d8a2b808-944f-4204-becd-fad75a27bb72,36,1,41,1
2e125ae6-9471-4b63-b1b4-9ee849762bec,66,1,90,0
733fd4f1-58bf-4c2e-a981-d8d99331c55c,60,3,159,0
dff6d664-c055-46e2-8c07-866297f6ed6c,34,1,75,0
c2aeff74-8978-482f-bc4f-bc4d2cac1a85,41,1,29,0
9d133f9d-909c-44ab-ad3c-9a4a7e127cc2,44,0,63,1
f4d99207-0007-45d1-ac8e-6fb80bb4f124,45,0,39,0
4fa6c374-c291-4818-940a-f2cea8c13b9a,56,1,80,1
c20c5680-60c2-42cb-9edb-968967475c19,35,1,80,0
099e6f34-1d02-43e8-8d45-e400a6c6c97e,68,3,118,0
b35ce2b2-dfcc-44a2-89ed-801c9e9d11ad,63,1,64,0
d3a5c44c-4566-4200-9521-5a41d00c7515,57,,164,1
7dbd23f0-4ccc-40aa-990d-cd96f76ee191,34,2,26,0
ca8e8a60-2f7a-4c64-b076-9fe663d624c8,55,1,95,0
5f9b6e13-1257-455e-a800-3a7c4f912a27,43,1,32,1
a6550287-4e15-414f-9b99-7d59ef7d27ca,34,0,20,0
f8a19db1-8391-4260-8516-e4bf148e376c,65,0,96,0
3645fd35-4806-4afd-ab21-b6712d4295b6,39,3,31,0
72e7a8b4-a3d0-4aca-ba70-62f3db284755,43,2,102,1
54e477f6-c773-4acd-a8de-ad403c384f15,42,,50,0
dac1c4b2-db46-4c7a-a4dc-a76453216fe5,63,3,83,0
e8e6a002-bd4c-4c90-bb46-9299fd3c49d2,44,0,,0
ac887f70-098b-4ac7-b939-4270f7482630,61,1,,0
707a134b-813e-46f3-b4bd-813b4b1e7bfb,35,0,32,0
2b3fea49-aaa6-4608-8840-a6e7c06f183b,42,1,32,0
08d5ae1b-b543-4450-be31-d05aef388d32,50,2,41,0
fdacfcfe-12cf-4ff6-9c0e-8b6779ab630d,39,1,,0
917f9767-14ba-4af6-88a8-6112f695151d,58,1,,0
ad412277-dcbd-47be-997f-1f1d9b1a64a7,42,1,,0
05cbd301-8571-4925-92b7-fdbff10a2514,52,3,56,0
e74c84fa-99bf-4f7a-ba4e-b2b1efe6e3ee,34,1,123,0
a0f2564e-805d-48c8-b5f9-a8eb3bb5f644,45,0,82,0
a9599f5b-89b1-44b5-939d-f316b4a709ee,51,2,37,1
dc63ccfe-00d7-426d-9131-3e2bb320a05e,37,1,27,0
58b7b361-8b2f-404f-9f75-10be41b31060,43,1,18,0
49638d5d-f4ab-4704-9927-4c0d1339337d,49,0,53,1
50a16507-d8b1-42d8-8016-33e1155fbe60,45,1,175,0
d9481024-1b98-4d30-a5a4-2814ae8e533e,52,2,36,0
25ea8b08-9614-4523-b4ae-edeebf1eb450,61,0,57,0
2c84d9d5-8f6a-4137-8e95-c5a5e5d0b6be,64,0,81,0
4133eed8-cf16-48c8-bd8a-34ba224b3089,40,1,39,0
ce744d6b-3b21-4656-9c13-146235c4d086,52,1,138,0
fdfacbdc-d00e-478b-8fac-8fde7a5717ce,43,3,63,0
6685bc92-7f29-463a-8437-8f13094fa483,37,1,51,1
bebecc31-f6dd-4d43-a022-67a8580d91f4,42,0,59,0
edffa491-a878-4c0e-89bf-ef2dea7516d6,60,2,22,1
0118ca78-5000-4d2d-8c06-f0cfdf772ecb,62,28,459.9035748,0
dc120a88-239d-4795-8ebb-a03d7c001766,44,1,57,1
bb171ff6-3f50-4a5d-93e2-a8ff3528c27e,41,,55,0
d0f1af05-2c98-47c0-9764-6676f61ac619,61,,34,0
6df8225b-29ba-4d87-9b9d-d6a742f305f0,56,0,68,0
31f5a71b-e945-4f4c-8700-ad68c1d5e294,57,3,84,0
8dd55a4d-e9a1-4184-bc59-3de4bfc6cfe3,41,0,25,0
18ad66be-4ec2-4ab1-b044-8f2a7ba02a47,52,1,38,0
edaa0fb3-7d21-48dc-87a0-35b4a2b28e7f,38,1,43,0
603b3f63-aa3e-4d38-8bc7-970ba0c8f744,47,1,116,0
9c4ab274-92dc-42d1-8a17-dfd43f0db07e,65,2,72,0
80de2370-608e-414f-840a-2ef487b9fbd8,62,1,,1
8f8ded10-cd1b-4343-bdbd-36e1a6ca1106,57,1,67,0
cfea58b9-7360-426c-86b7-f1358d7139e5,61,1,97,0
c6c88cc6-9b25-42f8-9bb3-825ef947f944,69,1,56,0
893c7251-38c8-402d-8c08-283cc2abe0c4,68,2,,0
6e24bf07-16f6-4f5f-bea6-c42dddf25d2d,69,,88,0
8cc983b9-b603-4b0b-b4a1-1bce1cb8bd37,58,4,67,0
346851bf-3f17-4437-86f8-858f3c608088,56,0,108,1
0bea3085-a153-4f13-9512-ee421d51edba,44,3,80,0
b16069d4-8268-4f42-98a3-84a047581583,63,0,24,0
0a8eb3b4-d0fc-4638-8340-db4a4d761ec7,62,0,57,0
d39a860e-1044-41cf-af56-21d0c5e434c5,56,1,,0
aaf7cc92-2a11-4513-ba89-3f2075de43c2,69,2,91,0
06ab5c97-d103-4031-82ed-ae99c27c4e92,56,0,90,0
ee280bab-47a0-4d14-819c-acb21e9d9af6,48,3,,1
1dec6432-95a6-4a0e-b98d-ec52c3bf080d,57,4,39,1
07ea570e-b75f-49ad-887f-ddc3e72b921b,45,3,106,0
35d0a980-86e3-4976-980f-7c11dd46623b,37,3,105,0
221f008a-7c35-4e26-990e-826ff323d00f,60,2,60,0
5a32ce0c-bd1a-4e13-8030-f1e5e70601bd,58,2,27,0
f600d9b6-d082-44a5-ab21-4cc516f2373a,54,0,136,0
3e18f4b4-e58e-46ec-a5d6-358ed4b52de4,51,0,99,0
7dad546f-8bd0-4015-85b9-e0342e28ff5c,63,3,,0
619fbbf5-01c2-48d8-b594-853f827baf0c,34,4,34,0
8ac008d5-9c74-4948-b1f5-451a513123c4,55,0,82,0
3a286ad4-86b2-4d63-99aa-6c3d9e886430,34,3,26,1
47462d65-ac2c-48f1-be55-420cbcee6fe8,35,,88,1
e99b94b6-0d80-486c-af60-08c438b77053,69,0,44,1
058de74d-448a-49ca-bf26-1b5d08084f7d,47,0,59,1
b1466ec3-a6e0-464d-89fc-1c052e6dabd5,52,1,39,0
6c1a30f3-6822-4cda-9784-d20664b98f8e,49,2,,0
cd32535a-ab9a-4633-a538-d98700606682,62,3,63,0
54fa8557-1de7-4cf3-b06c-e1af24f0a7c2,34,,,0
32a097d6-8dba-424f-ac35-47674987be93,45,1,64,1
7db3b4df-fce2-4f70-8ed0-132f35824ac3,57,0,121,1
87de268e-aa86-4976-9b19-7babde908f3d,68,3,45,0
eb6c0f75-3b8a-4560-9600-0d8ee8493a8e,55,23,392.2185651,0
49fcbc80-3980-4fd5-bd07-3015bcab6210,55,2,31,0
e9a2a11b-c563-43f2-9a03-3122f5db493d,51,,,0
c3566388-23c2-4b19-9bae-e4647b863141,46,1,55,0
c480eaa5-571f-4608-96fe-9452db8d1050,36,1,71,0
 d134c571-af23-4a7c-b8a2-7ede652042ee,37,1,75,0
6a52ed0e-f5e3-4db1-8a9f-19a1ce64c1d5,36,2,75,0
cea3ea3c-e956-48c5-9373-b17ada98bfbb,36,3,,1
1f22cb3f-3d8f-4698-a897-71ef322f00ad,49,0,84,0
31f736d6-af0b-4402-ab8f-d9fb8f7d8cf8,38,1,153,1
399ce046-4d5a-497a-b74e-a0133611f6f5,51,0,51,0
3158f1c0-8560-449f-8296-1f3b8425b9d7,58,1,42,0
68943278-c9c1-4c08-81af-fc034bb0205f,48,2,,0
aa010e05-3232-4664-8fdc-7fa542a56a2a,39,1,60,0
7c63d0b2-4a6f-4353-9525-6f1d3e7f1f70,38,1,53,0
3f79a642-473a-46b8-aa8e-127a3a1d81ec,69,1,97,1
d7a9abd5-b957-4486-9230-f784293e2bd7,55,0,27,0
1828df2d-67bc-4253-9c18-956571ac99f4,66,3,53,0
467e03aa-f5ed-4607-aeb5-9634d0de8e30,67,2,,1
6d726b6d-50cd-4fac-b358-11d45ca0d9ef,36,1,113,0
cf387294-bb85-4431-bc7e-00ddfd5dcb43,40,4,45,0
7894a0ca-05de-49d3-bc96-94c672a263d6,53,2,,0
352f387f-7620-40f6-9c4f-9e9557039e42,35,1,46,0
c13d5f20-ec82-4074-848c-6f696b81afee,48,2,148,0
c6277019-f444-4f3d-9767-e0a6254c23c9,61,1,73,0
53ac70ec-af53-4bed-b593-d81940204766,65,1,76,0
d1eb46de-5aff-4791-b322-fddfa5396f42,35,1,22,0
0a794b2e-b955-4587-8e32-f1a32df7f727,64,0,31,1
5c2b3238-c65c-4b0f-8c4e-7a2e493142fb,55,23,853.3863142,0
4a869b0f-1142-4686-aee3-f93593406d85,48,2,25,0
551f361d-562e-4185-a212-d37dcb68618c,41,0,57,0
9c29840e-86f3-41bd-b24d-d07194828cb2,44,0,111,0
4aca273a-8c04-4edc-834d-73c19ac10b31,44,0,104,0
19a9653b-549d-4e48-8d17-4805fc92020d,55,2,64,0
3c58e5bb-8f14-4c98-a511-ef53bb0135dc,41,,,0
c3e9d83f-50e6-44ba-9fa8-6d354cf5248c,55,0,85,1
a7172d01-c243-40f7-a3b8-33a7b6fa9e67,56,1,64,0
1acd4914-b939-4e48-9a93-34937cfa6c93,51,0,40,0
096e0406-6298-40d4-b552-cdbd6b1ceca4,43,0,86,0
0f384a99-dcd1-47aa-900e-9b8d0d476a38,41,,42,0
6e68d0d7-cfb9-4e65-bce0-564de2d3752b,65,0,127,0
9a435279-ebf2-419e-a139-add6300d181b,63,2,67,1
e7866a33-ef8c-44ad-bd1c-b244378f22f9,34,2,129,1
7d291505-8bdd-4885-b0e9-43cfca16ae9d,48,2,17,0
4406fd94-3436-4087-a892-cfc83483f587,45,0,63,0
55cc1470-346a-459f-a6d6-eeff4fb014c0,47,2,91,0
d8108134-947d-46e1-9d70-0d7a4bffdc2a,54,2,,0
cf4e07ec-8e9b-4c35-ae9f-79f4f99f1b41,35,2,,0
46ad8987-fb0c-4d3b-a0bf-f22e3eba455c,53,5,44,0
40853466-ab18-4ba0-8bdb-e5ec663dc0ea,66,,53,0
746380f8-40a9-492d-bf1f-4e62e68523ed,61,1,30,0
87bb1677-d9c7-4a19-980f-a5e5e274e30d,46,0,93,0
0c13f74e-b662-4ac2-8cd5-2065c058aacc,49,0,118,0
bdf89c43-cbdc-4f9f-8652-314a941b8341,69,1,124,0
f5c560ef-977d-42e9-be92-b2dac9994d26,41,3,66,0
598b9955-dc14-4af5-ae28-6f785d2654d6,50,2,58,0
2c885248-75b9-4eae-9787-b90814f8d139,67,2,45,0
94bf5adc-efd7-41f9-9df4-5b262e10e8e8,61,2,,0
a2014eb1-7000-467b-b39b-75d2e5460f78,39,3,,0
345eb57a-4f9d-4aa4-994d-9c5a446135e9,41,2,45,1
98eba9ad-e1d1-474f-8821-9bd6e893ca30,69,4,105,0
e8a0f2b2-ce6c-4e02-8df1-e9ff3c2fd991,52,,,0
21ed3c2e-5065-4bd3-a239-5f775b686f4d,54,3,48,1
55c6418a-b892-42f0-9bc2-e99128a987a3,42,,55,0
3d51b82e-a2a4-40aa-944e-949687e48123,63,,67,0
6a2507e2-dd8d-4260-b84d-2df61ea17f92,55,1,85,0
140fd1c7-cc57-4af4-ac55-e815c6b566b9,58,5,54,0
bdd29f88-0153-47a2-ac20-bf45f1d38e02,38,0,31,0
af219f21-8030-4edf-ba04-2798fb712373,69,1,159,0
4779fb79-1002-4484-a80e-83ba8b9e3748,35,1,98,0
4cb8b5e3-8e14-433a-849f-385a7d8952ed,69,2,55,1
a39b9509-684b-4641-b94b-6eae1c2caf09,34,2,97,0
c8c9aa51-4726-4117-b1a4-7ab70b4048db,36,2,64,0
229e5a60-f63c-4212-8612-49d988b98bcf,42,3,126,0
dc57e1ea-9e4d-4a24-8a5b-b2fe315e17da,61,0,115,0
bb716c96-e60a-430e-84ed-ce2f9cbefd9d,41,2,53,0
7150f1d7-e3d4-4e51-9b63-8a29901d2f2a,63,2,36,0
2cb04895-0ee6-48ad-a3a4-c6432058da26,52,2,28,0
72f24537-10ab-4525-8585-a6368c3ce399,46,,96,0
f20a8c74-8eaa-4bff-aee7-cf4e602bbcae,66,2,36,1
c9a30539-2f75-4a49-9cd1-7d5ca8e3f3a1,62,4,70,0
077afc1e-416e-482b-a9b0-3ad97068363b,39,1,66,0
b7031942-f277-497a-b98f-79d77343d430,55,2,58,1
c320da9a-2aa1-45f1-b061-6ef7c7ef1a8a,63,1,107,0
b7d5bd87-89d8-45bb-af6c-15e2bd4f6086,36,0,46,1
e735489c-6581-412c-a5cf-0cab998d3bda,53,1,46,1
daaf1b0b-b56a-4a5c-9ee0-65b9f1e59037,65,2,87,0
ddddd060-a64d-4fd3-bbff-f8637d55d544,65,2,33,1
36c4f2b3-6236-4643-97ab-125494fd1ecd,52,3,93,0
fc2e6a6f-1bf2-44ce-a5df-5fa694115a3c,58,1,63,0
8f69030c-41ec-40c9-801a-a4ba15357228,64,2,65,1
1b0f2fca-1036-43ce-bc77-60939fb249f9,54,4,71,1
88ec0c2d-172a-4d3d-bbef-a097a48a3437,40,1,100,1
4adb28c4-391d-40da-870e-4d32bbfde6e8,62,1,57,1
cb48e84d-cd59-4c75-bf93-8d30a22068bc,43,2,75,1
6d6f61dd-5a67-4453-bd77-bd7b54e6d158,50,3,63,0
3284ac57-cd18-44e7-954b-32cf1d46d63e,51,1,22,0
aa70e427-1c5b-4e51-af90-d3ccbfb44534,63,1,69,0
13c5d66a-4fa5-476b-9883-a09651259a0d,40,2,103,0
bc1083c9-b0f1-4b70-86e9-742e07333851,62,2,64,0
2951a449-9a11-472c-b070-434d23ce6ff7,63,1,,0
917bed22-9656-49f9-bc16-23d6a99276e8,36,3,138,0
34418766-83e2-42b2-9ec5-9fc7cb2cb7b9,37,1,91,1
6bd252e9-2e71-45da-84b8-44d876f54b17,61,0,45,0
d314e69c-cf31-4f63-84d4-a1fb6160f1e6,48,3,34,0
feebbb58-00b1-4842-9e62-82916c4cdbc5,50,5,66,0
0153ea66-ad47-4fd7-b5ed-3215cb519c7a,41,1,132,0
208da1bb-42d9-4b06-ad89-234d1c13eb72,48,3,48,0
c0021f59-676f-4873-afc7-b4e2af4ae6f6,37,3,34,0
2824e358-58a0-4968-9a88-a82735dfa30d,64,,87,0
824c2bb4-ac03-42b9-82eb-581ebe06e74b,48,1,71,0
74abd033-a7ac-4524-a345-64ecbd39ab89,41,2,49,0
4b9ab2f3-5805-46f4-8933-3cf907d4bd49,50,1,117,0
cb9910e9-6b37-42bf-8ec2-cb87c0d89252,62,1,,0
22db48c5-73ac-4903-903b-b914a7cc1338,35,2,67,0
f23bc5e8-e024-4b1a-83ea-a9afc7741871,59,1,21,0
33e3b8c0-16c7-4bce-84ea-d123efde4ccd,57,,60,0
741706a5-1e1b-40ee-af57-165ec40e207b,56,3,90,0
61c90ec3-2a46-4695-b906-50c1b69b2955,69,1,24,0
4ced66d0-fbd4-4133-84e1-10369ebe2503,60,0,57,1
8f74698b-efe1-40be-8d3e-0e079bafa077,49,2,112,0
07406e1e-7c23-4b26-93a6-a1358ecf464f,38,2,87,0
98163857-dc12-4360-977d-315448c1c879,43,3,,0
1b6e0b65-552e-41d0-baf3-89b6c69705dc,48,1,,0
8ebd572f-1875-4333-ba77-391ddf2316e6,60,2,35,0
7fdc71f9-ba37-4e47-8ebb-3e89041cbed6,40,2,58,0
7470414f-7622-4335-9906-db19c48e8f64,50,0,,0
647699c7-61f1-4657-a331-501bd60bdd99,51,1,94,0
14d088c2-6652-4930-ba07-9b6dfab839b8,51,1,78,0
5d541f51-ef8d-4bdd-9bcc-9c8d11733820,57,0,76,0
a9ab00df-0d8e-4c73-8ddd-e817e5be3d40,36,0,83,0
1488415e-5c2b-46b0-a6fa-faf7c3ba9bdb,57,3,56,0
bcf211ac-9b2c-443c-8123-9609db1e9b98,63,1,59,1
91dd94ee-ee20-4a8e-a00d-87ea34ff3a62,57,2,24,0
13c39795-7ad9-4e2b-bdfe-fd997e438e95,57,2,80,0
8b82bc53-cbbe-4d6c-b98e-320404fbeb22,35,,67,1
ea9e60dc-00ae-468d-b4da-44b42c5a1b20,60,1,26,0
f4c28615-2df1-478e-b680-d23385ad7811,65,0,37,0
5b9ac751-6247-49f4-9996-f2e22bede965,46,2,86,0
88733273-6fc4-4921-ba22-cfe4428163bf,66,1,43,0
9f68978f-9246-42a2-bf0b-e8be3025d851,64,3,69,0
52d4df0d-4399-4268-9754-f6a1a38a4c50,61,3,137,0
33a2d037-7030-4782-a9db-972dbb94aa7f,52,3,53,0
 d96223e2-967b-4697-9655-00121c39128b ,66,0,38,0
48bda24e-f9d5-47cd-8607-08aa21a249de,52,3,70,0
f5cb450e-cd6e-46e6-b1ff-ef2ed73168ff,62,2,80,0
70f801b3-6f59-4d54-8ed3-9af29a0482b2,51,3,110,0
2cd34834-e77b-4137-9f41-e21d04cd8535,56,1,68,0
07048183-bc21-4e01-bb3c-703e2d0d7b91,67,0,86,1
97d16085-2fca-4075-a6ad-0ac60a0dd80d,38,2,34,0
9ce8d86d-9745-4289-8c49-f9b987df9de7,64,2,35,0
dda9acd7-2ad0-4d84-8606-56b3a2a10845,35,3,35,1
fdd459db-a89c-495c-9669-96d6880056ae,67,3,51,0
35512842-74de-482a-8eb3-4c10287c88ca,62,2,25,0
ce683c57-0c87-4aad-9a88-9f4b56b3edc3,64,1,105,0
aa46e8a4-1668-4739-8971-bdecd439ca94,53,2,47,0
d850c5b1-4d5c-471a-b116-4636b5641921,35,0,32,0
f3123259-2cd8-4a5a-a4d5-48c5be36d735,52,2,96,0
ab6ebcc7-a6d6-4707-b837-374505255db6,58,0,146,0
57c9cd0e-8809-4ad7-9f05-1382bf24aec5,34,2,85,0
5284ba6a-9177-4193-a396-d9558f775efd,58,0,108,0
457b797f-f793-4589-b173-9a4f7e668ec3,53,1,54,0
74008573-6254-4fdc-906f-9ec482d76bef,43,2,39,1
055e5e24-52f6-49d9-b93e-4a55fd76082c,69,2,78,0
c6d8f131-dc95-4446-b37b-632193e79386,43,1,59,0
47ef86f3-d08a-411b-a685-32347a2872fc,54,2,72,1
03f8c9fd-ea47-4501-863a-810e4398b85c,35,5,51,1
6e3df61d-4ae2-4ef1-ba6d-2e26ada427d5,56,2,27,1
54498484-b099-42fb-a32a-d1eee7d13ef6,50,3,76,0
03c8eb0a-fdce-472c-ac14-2e9074f7cb30,41,1,81,0
5616a62d-d58e-40df-ad10-aef173bc1ecd,63,0,66,1
e6a1955a-4608-49ab-bede-be1affacb0d6,54,3,32,0
aaa50923-3779-462d-a2d7-6f669980565d,54,3,80,0
7965a8b2-5414-4b46-b584-a8be435683a6,66,1,18,0
c302311b-8697-4b46-aa63-6a58367e90f9,62,4,26,0
e98b7f75-799f-4c38-a257-69f65c8f54a0,55,2,58,0
6fe84513-5c9b-4c6c-9bbe-81395ba4953e,62,1,62,0
815ec921-e7a0-422c-9ddb-2933a0e7023b,34,2,78,0
2988129a-3cb0-45f5-a7d2-10db0574b100,55,1,57,0
74fe1979-63c3-414f-8b81-21e94f231825,46,2,68,0
f537fba4-1da4-4f23-9b9b-4c7d9e140713,49,0,41,0
3add01ac-83d1-4a4b-8d9b-b60beebda337,55,2,130,0
bd12d7a1-a361-4657-bbaf-62bd86062c92,49,3,103,0
d23bddc7-f69d-475f-ab12-6102e5689452,40,2,72,0
f9d45751-b071-499b-b95e-1ced94991f23,53,3,39,0
620a81c8-8cd7-41bb-ab24-9d010e026ad2,35,1,67,1
f1a1241d-3f5d-4565-a373-68ae890d4864,35,1,53,1
7b30da4e-0b91-40c6-997c-2c70f472e23d,57,0,62,0
6c2348b9-dbdc-457e-bef1-ff19e4594729,48,0,47,0
ca1eff93-f294-42b9-b3f3-f7562a360da8,57,1,56,0
dc08a217-c4e3-474d-aaf2-8fbd657b0975,52,,60,0
628997ea-ef47-4ace-b72e-0e2fe26d8932,46,2,59,0
71ae5fa1-7e25-404f-a35d-e21f32c99f27,38,,41,0
4b688d6a-6e2e-40d6-9f5f-5c15c8292a20,34,1,35,0
1b6c2f83-344a-4b4f-8be3-9773b548898f,49,,49,1
85fa6492-8f0b-4dab-adb0-cdc51fdfb722,44,,31,0
825c3c75-9437-4251-90ba-52a67bbd36f4,34,1,108,1
e30ebb72-24c7-4d56-8134-1aed4e9e8b29,52,0,55,0
9026be62-f205-4cf1-89be-96b839c5a047,41,2,34,0
ffa2800d-98a1-4409-acb1-f467e466b879,61,1,46,0
e45e0dd3-c713-4973-b386-3e5ed7f7dffe,38,0,80,0
174bb1e5-b284-4dd1-ac41-56561ecc4fed,57,1,117,0
5a063203-e366-4baf-84e3-b9e9b3d18921,62,0,23,0
8c700b09-e144-434b-b3a8-ce582b56a312,42,2,23,1
50992428-a5c3-4e08-b47e-1e3fe59aa57a,39,2,27,0
39a521fc-e3fb-4fc4-b3fb-2af9784eb26d,36,0,106,0
0fd576c3-6a6e-419d-8cb3-4974b3d07ed1,64,1,89,0
34f95f3d-1add-4ec2-b686-35b4fae2e772,54,2,61,0
4470b2d6-94ef-4026-8f67-5cc25283d4c1,66,1,30,0
648f466b-adb7-4c89-9529-d2ad87420e06,55,,66,0
4a11b374-eccf-4b9e-a488-362525a2e450,54,1,61,0
65904af3-6223-4ee3-923d-562b1fedf3c7,36,,66,0
b754c506-7166-4c04-b06b-4959fa6c8865,60,1,95,1
0c8f7baa-e9db-4502-85ce-becf0138f43a,38,0,30,1
b9f94820-a753-4e91-b19c-7e25cdd904bf,41,,117,1
731bae4a-5dab-4b75-9944-7317fbc5d91b,50,1,58,0
e8425f4f-362a-4893-9d0b-1565a9796f31,58,2,102,1
6cab0d0a-8db3-46db-aa5a-ee12d0bdb82d,48,2,36,0
42639856-c7b7-4b0e-b5ca-f381e3401f30,66,1,122,0
383d1c00-b887-4f3e-b635-9ac3ee725bf4,34,4,68,0
36d35b8a-79bb-4ad0-bd37-6684f4090553,43,2,87,0
86fa0ca3-4af0-4701-97a3-5c196c62a763,69,1,24,0
8905918b-2171-421d-817e-1cbb00f98684,64,2,21,0
1d8ce535-888e-48ae-9a20-586f89770ff8,43,5,136,0
c44fb002-ef87-49e2-86e7-cf3f58e1c993,34,1,42,0
4fdfd74d-0f54-44eb-8a23-ca9fe13a080c,38,0,,0
fa1be32f-58be-4136-ae68-884f52d4d634,39,2,68,0
ef668acf-7e22-444b-925c-ad175f159b06,69,0,53,0
d256f97d-d53b-4fb6-9092-1d694762fed6,56,1,,0
08e6bc1b-251a-45a7-a847-09486a7b7ca5,45,0,39,0
b0d782d8-ee67-4e9d-8c20-4f9d52c721da,34,3,45,1
0d9d5a6b-d08f-4651-93e4-03e02bd90e6c,46,3,47,0
083c9f58-297f-4901-85ca-d3bc34649cdd,66,0,99,1
74f172a8-5abb-436f-9c7b-9b46a97f7a98,64,2,37,0
4c36e92c-e79b-4ea1-afaa-4f8eba620512,52,0,37,0
97228320-91a9-4e98-ac01-561d228b5613,36,2,78,0
b3dc3cee-7ad0-4cc5-94f7-082e15ae988f,54,2,65,0
28d7f00a-679d-4e68-af91-5d0e19c2f359,40,0,162,0
8b4588d0-db60-4237-80d9-6c6b32eca77f,59,4,48,0
91cb5c64-7cbc-43ff-bd9e-0ab2fc1d5a65,58,2,26,0
e4750152-c7b8-4752-b67b-c4de649417bb,49,1,47,0
7ca177ac-a249-4bd4-92fa-f1116093e2d6,69,1,51,0
3e7416a3-d270-4a76-ab4e-0a84eee11f1a,65,2,165,0
2d9d8368-a452-436c-affa-4687f0a68fe6,45,1,115,0
f9c2a88e-9f18-4273-8a23-87b843c1bc57,46,1,44,0
c8fd64ee-ce8c-4b03-ba30-febc401dccdb,42,0,105,1
a5f0393e-1a12-4f92-a906-7376eace60cb,69,2,49,0
72c091ac-c8ff-4991-8237-ed6a7c227f54,56,2,115,0
09a8f005-7927-4e30-9db9-312ea76f582e,42,1,,0
1afd624c-da2a-4fa1-9303-a8deba4b11ba,69,,58,0
fe1d9030-916e-4162-86b0-32a8adc9bc61,39,3,70,0
ac34d1d7-2b23-4cbd-b2f1-a38a762f686d,38,,89,0
35ea36cc-6040-49c1-b598-55175da8a8cd,69,0,76,0
57a58d91-fa09-4ce0-9b97-f0d2d995d78f,45,,137,0
6b6f55a2-00b8-487f-ab40-9ee03510d328,56,0,57,0
345781b3-c85f-4e31-a7e0-413ea18889c2,41,,36,0
e4b84e61-f0dc-46a2-bd2b-1bdf85b9d809,68,1,46,0
6fdf73b2-b073-418a-a2b6-3940e9df5640,51,0,90,1
e867c8d3-5e64-4405-8e6f-d13bab1c6b3b,38,1,169,0
98b2b5e3-ca9c-4451-a5b7-143e7f5e5581,39,23,1169.085863,0
38a8200f-7920-40a8-a35f-6b77473b72a4,67,0,,0
3f1908f8-1350-48f8-87ba-af7b1160110c,34,2,45,0
6174f221-83cb-40bf-b5be-acb5d41c6eb0,34,1,49,0
0c7e6100-c078-4188-89bd-b187cbeee0df,57,1,89,0
db370a36-c947-4f62-bb31-e97053c26f56,37,28,842.2954434,0
c8080e86-cb34-4e36-80ff-e0c00bee0104,41,2,60,0
ee5f36f5-acb8-4f0e-ac01-f2d9cd6608c1,42,1,62,0
8f2d8907-1825-45b7-b36a-a253a22e8a27,57,2,38,0
741824fa-75fb-48b2-a267-46e366dab41d,47,1,67,0
7c935065-f511-4617-aba7-7d2ae31c6f72,56,2,55,0
a5a34197-d971-469d-a3df-f74a16cd1b69,44,1,51,1
ba0645af-b84e-48bc-801b-8354fadf0fad,64,1,66,0
8000025c-e030-4761-afa8-f18ec50f4c7f,64,,61,0
ba51a619-0233-463f-8a6f-c4107d87fd87,43,2,,0
39201af9-7edf-4802-98c4-c44ef1fb9cb6,36,3,74,1
ed92d355-a7a5-4f4e-9b4b-453503369c80,61,1,98,0
aa7ef6df-0e18-48f3-8bad-9fd602a79252,37,1,99,0
57f0f403-6abb-402f-8f06-4e7602859e68,53,1,64,1
ddc69779-8135-4e2a-8142-bfcc06340e5f,47,3,92,1
019872a9-2fba-49bd-9fc6-6ac61b6010eb,43,1,84,1
60706e82-9578-46b7-95b0-a249717f927e,60,2,45,0
ef5ff1b9-471c-42c2-a86c-4893a13490e6,51,2,47,1
40c29dc2-ff6d-4e73-99e1-a5e6aed62157,36,4,71,1
05411912-3d0a-4c9f-b1d4-9466ccbf7348,38,4,24,0
75e6d5b0-cdc9-4d53-956c-54fe5907405e,56,3,95,0
94a31810-f4a2-41d1-9644-7fedc1c0c8a9,62,0,80,0
97a40110-ee24-49ce-81da-eceabb2ec6fc,65,0,82,0
b32fa527-b833-4bd9-a562-05548c6bd4fe,46,0,28,0
6f6bb343-77bc-4b76-add0-0bfe7eff39c7,37,2,96,0
1e040cdb-7e0a-4380-a5e3-945e4309a34e,68,1,30,1
2665c711-3126-4dbb-b762-2fda709fefef,61,0,,1
e3e6fd81-0929-48b6-bbf6-0dd498577167,42,1,109,0
86ec8350-2c67-4dd6-a988-e9aaf597e182,56,3,70,0
bb9eeba5-9417-4b7e-9007-ad0f6c771677,34,,35,0
7376fe95-2a1f-47cd-b8a4-c7af16a52deb,55,0,46,0
7290ac41-316e-4195-9031-9cc3b59546bb,58,1,29,1
4e45894e-a9aa-4fee-9d8e-7565239c6b99,62,0,149,0
a5b934bd-5d6b-42dd-b1db-715c899eac40,35,2,77,0
ac10c155-3562-470c-8d0f-81e8cfa2a218,53,1,74,0
dc49f5b5-1f0e-4358-8551-0699f2a09605,36,0,30,0
86bb8ff2-d292-4eaa-8345-1363c3c03b00,39,2,61,0
9d6d96d4-f6c1-46a6-8e16-b5c03a4a690d,41,1,83,1
5dfe8cf3-da86-45fa-a835-2b8d77cf5a9d,61,1,111,0
d91fa368-44a2-43c7-bafe-a82cc03a4a87,48,,108,0
a6d463c8-173c-4c47-a7d9-0e625d5b1c01,39,,119,0
91a8f0bd-2bdf-43d6-a4b6-b8fc337a2e35,56,2,53,0
6d236cef-ea4d-49a3-95dc-320c92a678bb,37,2,74,1
5b2757bb-2084-479a-acd2-f6986572b1ff,67,1,28,1
a64b419b-4a78-4ef3-b5b1-baa4c402575a,66,0,55,0
1dc9f5da-1991-4c8c-bdb9-cbaed459ffd7,66,3,69,0
56bfbabd-1e4b-4a3a-b1f6-fc19f2fd3b9b,61,3,,0
6e8d5cc1-677f-494b-92cf-c523ba6d2607,57,,27,0
304d5d55-2a57-49bc-bb41-f01bb74256f8,35,3,75,1
bf123ff6-7803-40a8-b132-4f37327a57f8,65,2,95,0
e6875d36-366d-4c9a-8253-6083b4df4c9c,47,0,40,0
55ad93ed-295b-4ba6-b7eb-9898f89f3aa7,55,1,103,1
ada236aa-2d79-4bad-a4de-cf0d42324da4,40,3,98,0
c5884da2-1258-49e8-a15f-76a0c9724921,64,0,110,0
48287be6-57e4-446c-9f7a-f44f41d3c833,55,0,95,0
51620541-4db0-4671-b298-7a1daf869b55,58,1,78,0
f90d2fe1-6409-4c14-a568-ba5c6f54c069,53,2,67,0
abca2cb3-53f2-43d7-8214-a94b2db2ab06,60,1,57,0
dc6ae894-d7ab-4add-b55f-85813c8d8ef3,60,2,34,1
35d614ce-d68f-4bae-8d77-f5bddfc6c324,35,1,127,0
f8bff590-bec1-4c45-b09c-c5ba3621e0e4,54,,41,0
b22e8a04-7471-4ce0-b8fe-002f746c633f,50,24,295.3137014,0
0e7364e3-c152-4e35-babb-793ef22e5a64,63,0,56,1
d42e96cc-d58c-4a71-a719-6317ca600c5a,49,2,96,1
79d60041-14ab-4050-9d5b-c7bc3a63ae79,46,2,85,0
7f535a71-5eed-40fd-a1fb-86cb090bd607,46,2,89,1
e5e9bc80-afd5-427f-950d-a4c1933512e1,54,1,160,0
f7dec1df-efa4-45b1-8426-e54a45e0978d,68,1,60,0
08a1487c-5795-4267-884e-9ab06118607d,55,0,44,1
d8990a43-278e-4e96-996d-b73c6cf2dcd1,57,1,62,0
b3db14b9-9009-4373-a53b-9d80cfb9e4ae,66,1,62,0
472580f1-e1a3-419e-9df8-4e0bd305abfe,63,2,76,0
5626cad1-8b03-4e7a-b1f7-1f26d66cee90,66,1,,0
b8e75322-3c0e-4d6c-a845-af22f3ac5f66,52,1,,0
df45fe1b-35c2-4818-84c8-039568c9df82,46,4,102,0
c3708552-aef5-46c0-a344-385101163c2e,38,3,23,1
709ec75f-c799-4af6-a835-cbbcf83fadb1,56,4,48,0
60fdc3bd-e118-4237-af29-ab342188fcab,44,5,117,1
ffa22b48-8359-4dac-a04a-a041e9933f1c,51,0,34,0
389b5127-99a0-436c-9b25-36db679708e6,45,,130,0
ae19c325-a469-4bfe-9a2f-da7e6261a2c3,51,3,24,0
e311e6df-649d-40ec-a4ba-2ede8a9c49bf,64,1,150,0
3d322d50-9118-49aa-8853-75242edf1800,36,0,131,0
28490606-d688-4419-97ef-f6f90d3004b0,66,,27,0
34472109-79b2-4b2d-b9bb-dc2f31da7bfe,36,,65,0
be2c4a16-c4b8-4460-afc9-e66b46354796,46,0,,0
f59051f0-6b7c-4ff4-ba47-a6b118bb07cf,65,1,32,0
55ae5e20-00e7-4db7-8e67-1f525911ae8e,63,5,36,0
 904e6de4-037c-4bde-a36d-ef8e23ba5057 ,55,0,176,0
1a2186ab-7180-4c6a-bf99-f5d0fb8ffe54,66,2,117,0
eb61a4c8-8295-427d-83b8-b16777b8a8a4,58,0,48,0
db870274-2b22-4a14-9845-b9183a0b3fe9,50,5,81,0
becf8798-7012-4c9c-af18-7d75066c2500,39,3,86,0
679add7a-2455-493d-897b-bdc5cad6d3aa,39,2,23,1
960097a0-9a0e-4914-85d0-5d83d84b958b,63,,47,1
7089e73e-49fe-47cc-a2a4-d1a22361fcee,62,1,,0
385a7199-4f82-40d0-8f60-488cf39c0755,36,3,56,0
ce2f04ec-3dd6-4016-bccd-e8bfa29e9b7b,39,1,91,0
2ba3d9cb-b00d-4f00-91c6-af9d39c03fa3,43,2,55,0
3585eede-d8d4-450d-ae05-4b5a447d70e0,48,1,27,0
f6b498b1-75e6-407e-82f9-ac576c44f4c4,67,0,68,1
45941a1a-1c1e-4242-b742-95174420e742,63,0,58,0
8049c5f0-18b3-496b-94ea-188ff9e78468,51,3,80,1
b71f5e2f-5e74-4965-9dc2-22a589729e68,36,1,55,0
cca7876d-dfd4-43e2-94c7-bbded76b4d20,48,2,83,0
fd81a729-8224-486d-afa5-2e1f92646e3f,63,1,36,0
9211318f-c088-463f-bf76-5da96c06b58d,69,6,108,0
68cdbaeb-c1f8-4e0c-8d0e-f01bab0821bf,65,0,37,1
649d1d18-1c4c-4802-a4cf-6492366b3d79,42,1,17,1
01698166-9edc-4362-a759-b6e6148a3fa3,43,1,94,0
8456d48a-839d-4643-8738-3f2c521e5a62,43,3,49,0
d10e6f98-4c45-4c93-a954-388c29a74a40,61,0,57,0
f5538608-9adc-42f6-bbd2-dd3255083dbb,54,1,32,0
ee7a0e4c-a86f-4246-bef6-ce3cce04bf56,65,1,93,0
bbffc438-5cd0-4425-80a5-395a28d5a4b9,46,1,32,0
e9b79a76-c135-495c-94ea-c151b6d0ff36,44,1,124,0
090dd8f8-e5ca-4fbe-84b6-16ea4d94a574,43,2,53,0
b8c7faf8-9d3d-424a-9cc7-4e00d4fc0932,51,2,24,0
548235f7-03b9-49e3-997a-731cefd4ce52,36,1,49,0
518ee76c-d943-4319-bc75-15ed8e060d8f,67,2,89,1
e416cd50-56f3-4b7a-b7ab-9ce6dacf1a7b,65,2,76,0
8ef9993a-c773-4731-9f68-332ac97597d0,36,1,21,0
60eeadc3-3a9e-4dc7-9bc6-071add68a18a,39,5,39,0
98193889-7447-47b2-b060-8f406317cde5,34,0,38,1
e2e251e1-e024-4df8-99d4-75c5a7925d57,57,1,17,0
b3028f09-55f0-43d1-9693-0965fd97f933,38,2,62,0
d62e15fa-a7e9-4302-954e-080917f4d9bd,61,1,25,0
1d7d4877-519b-47f3-8b5b-360b37397ba2,69,2,39,0
bb043197-052f-4b06-ad98-ca7e9ac8e93b,44,1,53,0
2f74c170-3fd5-423c-9765-d1c2246f3b4a,48,,71,0
7468254a-4fd4-45c0-9640-c901546772ce,68,1,71,0
971a8a20-036f-4bc3-afff-4e1626325c8c,58,0,95,0
5a3c857b-5bf5-49a1-9b2b-6118c91bf64c,57,0,75,0
42b0295e-ebec-43b1-93f5-c3b3ca6e08b8,40,0,58,0
de2824fd-4f9b-4129-8199-57c9b32cb550,54,4,26,0
2bd44144-1a5d-406a-8067-0b0ae5171547,57,1,77,0
d111fac5-88c2-4b85-ae69-9c09e4adbcdc,62,0,35,1
bd0576ee-70b6-4d4b-a3b3-20115215e7d8,62,1,81,0
9c013e63-ba6f-4908-ad7e-b5d7415365a8,65,1,160,0
b716da15-efa2-4fad-ade1-46dff9bcff69,40,1,74,0
4c700fb7-9210-4f31-8f61-3309f66617c6,52,2,69,0
9ab46010-1a7b-40ee-949f-4c8476dbb9e1,63,3,66,0
b1c2a7fd-b618-4eea-920b-609c01107e93,53,3,88,0
4e08cc6d-bd40-45a0-b8c6-0ac5054e2e2c,69,1,107,0
86a8182f-6a86-4654-abc2-961e8b2443e9,36,0,30,0
c4fd9f27-9004-43ec-86c2-e44d1b29ac52,38,,92,0
77a3e342-f0dd-4ede-954f-3450ed8cd357,53,3,147,0
edd65dbe-5a75-44b5-aa92-439928c552d0,68,0,72,0
78dc69fe-3c46-43b1-afa1-015ac16e03b7,57,1,25,0
4be6e997-7630-4301-85f5-28444d0124d6,57,3,30,0
c2981ac7-f109-4b79-b8f1-c57998a2d563,63,2,91,0
a4a0d6d5-0d4b-48d1-a36e-93571c7002a9,67,1,96,0
c7cd3f05-3fe3-4f12-aa8a-7248064845ad,49,1,66,0
5a88d26f-f624-49da-8db9-b779d37af80b,56,2,69,1
20821a74-44e6-499e-baf4-4843a6cf16d1,65,2,,0
3ae6a11d-7b17-4113-bd6f-e270ce75f7a6,51,2,27,0
b10efcbe-e784-4850-9aad-de92cabfec5f,58,1,100,0
6d67c220-fa17-46f8-82dc-114bb9c91056,57,2,74,0
0b1147c3-00ce-482b-a76b-f34c732d2c8c,61,5,71,1
7b5722cb-5bf0-4708-a3fa-af3add5cf21c,61,4,124,1
3f204fa0-bec9-446f-a2f8-adc57b1b1b59,47,,66,0
45b89883-bb1e-4087-b132-c3930485d684,62,0,79,0
27d76d8e-b82f-4336-84a0-d2a4bd204bad,42,3,29,0
dd8c83d0-9f69-4dd2-bb33-c60adc1cacce,60,2,51,0
95a53b9a-d116-4370-b157-fea8c758a13c,47,3,,0
29aba3fe-c5dd-4a86-9ae4-408d45494dca,62,1,78,1
3eb2baa8-de33-4d67-86cc-3306960f8b68,64,,67,0
d4dc566e-8cdd-4e22-b7b2-840f4e839426,55,3,38,0
f1aa5c79-8f0e-4746-9b52-938ecee8b227,40,2,117,0
8b85edf9-4232-4273-a40d-82b0fd8b7ac6,46,2,,1
ad1702f1-842a-4010-a16a-ca5290e13f1a,46,2,55,0
0469b8fa-7001-463e-bec5-4b000c31cacd,58,0,33,0
b7cbadee-f4bc-44cc-aac0-0cd0080de277,54,1,73,0
c891ee83-581e-408f-bf29-2e8ef17266ca,51,,62,1
fc265b1e-df04-48c7-b8c3-1ebf5ee680ab,63,4,44,0
c62f1aa8-1f4c-4c3c-aed4-5ac7ab52f6e1,43,3,34,1
27710a90-00c3-4809-96f9-2f3a0263e3cf,62,1,160,0
3d1c6682-1011-4890-8234-d483e97ef33e,60,2,60,0
b1e56bdd-74fb-4ce2-974a-fe696e3a968c,63,0,87,1
407f821a-ca19-47c8-af64-44aae94df464,62,0,41,0
c499e64d-0034-4f6e-9d52-dc47d60f600b,43,1,114,0
a30df8b4-5c06-498f-9b7e-52274acce2a7,43,1,,0
d824d953-cfa7-45fd-a065-85bdbbdcf1b4,69,0,,1
f6781c05-bb01-4791-b4d4-59b8c315bc57,48,1,42,0
7d9e8d1f-831f-4442-a871-2a4bec328c1d,35,0,54,0
c548a4ed-bd11-451a-bc89-4c4960562537,58,1,59,1
1aff249e-5d50-49f3-b778-acb3b0059d86,66,1,89,0
b74ca793-738d-48f2-9681-a4ebe87df5a0,52,3,96,0
fff6eea2-a9a2-4baa-a3c7-5df8d90228d2,53,1,55,0
b0f2cc8b-e722-47ca-81e0-387286226464,41,2,84,0
5bc1c360-ea20-4c71-acb9-eb4c23d4bef9,59,,46,0
60192bfb-3939-481e-9a43-ed450f9eced2,40,3,18,1
816f0dae-ce4b-48ad-a022-981ed38651ef,39,0,,0
aa3a1296-5805-4da9-8279-581854489afc,42,3,156,1
83837b23-e217-43eb-b4ce-4fa4f2f31afc,44,0,,1
cea80d04-390f-4287-a0a0-ccf1b9dbf096,45,0,83,0
85b838ca-ce7c-4ab3-8633-4b26450aaf43,57,0,138,0
b4be2345-d35d-4ed7-9160-039065022274,64,5,98,0
a9e86a2e-abfe-4110-8549-0ade3c76f4cb,56,2,41,0
07a9b734-9e95-4eec-92c6-27a52e10ae21,52,0,84,0
d668a30f-d414-430b-9b93-7cafa0d2d74c,40,2,140,0
9d9e7e90-a495-42d2-aaee-e7976e49d6ed,41,1,38,0
eed0fc87-506c-4e3a-b83c-dea79f6de9ff,44,1,117,0
82030641-133c-452f-b681-febfcf3ac289,66,1,86,0
96371e93-7f76-4539-9a40-5d27e91c7418,64,2,40,0
1e38363d-b04d-428e-a856-64b7a0dc7bcb,34,1,95,1
0d24c724-eb81-420c-9d5a-61f4589c2d57,47,1,65,0
b621ce6c-4575-4284-80e5-396f2f92cf21,65,,72,1
4ead712e-c4af-4d77-b60d-9a116c32aa2b  ,60,0,,0
981ef3e6-48a7-4388-8223-684ddea6f2c7,68,2,69,0
d85809b9-69c2-4aa3-b9aa-474ab70b1bb3,45,1,68,1
fbf5b8d3-fe30-4e1d-9e80-7ed355487f06,54,2,62,0
c83c608d-23ad-43fb-8524-d57d89cc3cb9,64,0,19,0
76b329dc-6126-4745-a54d-f652ae9a24fd,46,1,61,0
69f894a8-6f9b-4eab-8be7-b5a0a1e00ff3,38,,64,0
c4363831-2ded-4592-a23b-b2415fbac0cb,46,1,58,0
0b33a09f-e613-4ff1-8106-aeed2aecf468,69,3,72,1
75ace8c5-ef9a-4604-ac74-16b198ba96e7,54,1,57,0
480b94d4-1461-4aca-9388-fee8cf8c1e13,41,3,105,0
65cc2513-5023-4bfa-aa44-1fcb3b27774c,47,,41,0
eb51240f-0250-4bb4-9bd1-c10dfd8da33c,52,1,52,0
24d40e22-c84e-4d1e-8e97-2195df0d99f3,57,2,69,0
63f82c60-4fc7-4b10-b48a-350d4420f7db,50,1,84,0
dcabdfcf-14f7-442c-99ed-4c91ed503d41,63,2,104,0
d695b9a9-da8c-48b1-b41e-622de33dbe27,56,1,84,0
22e2f4e4-1e36-44b2-85c4-cf483d4122ff,36,4,25,0
59c9cdbb-4a74-4ecf-8520-9139285a2ee8,62,,47,0
1da39a12-13d7-405e-be33-7cb6e75262ea,60,5,36,0
41cd3685-fa82-4e13-a160-6a4aa1363ff8,51,2,45,0
2be16316-a8a5-4183-bf9d-79cf3597934e,46,0,93,0
095efe6f-02c7-42be-a0a7-6e08bfc7b66c,48,1,26,1
0c66c6c3-e905-4f26-ae5f-61239a637e89,39,3,58,1
fa6c74ef-e95a-452b-ad43-8c9d3663e7dd,35,2,46,0
109267d8-afe0-4b40-8e90-6344900e5334,55,2,,0
a199ac44-2dc6-4a26-b1b7-64c59a5d7ab5,63,1,98,0
62330e82-6dc2-43d0-90df-1408c1b23244,34,2,62,0
fb24c7b7-d206-4d2c-b7c8-84e97caa41ae,67,0,76,0
a48ef56d-8da8-4e41-88e5-cea873588017,59,1,94,0
a53c0874-84ca-4a86-8a6d-4b8741cba552,57,2,52,0
0421caba-c33f-446e-9695-830191d7f5bc,64,0,92,0
5773e0e9-67dc-47cc-9412-9ea257fad48c,64,,56,0
b3582016-9730-4e75-8a52-0d3f1a57a2bb,36,1,67,0
02b9b612-d0d2-4091-9e3b-f286d47160c8,34,0,96,0
d020db61-434e-479d-b236-785e2c49c1d0,63,2,47,0
047743f0-079a-4dae-99a4-e6acd501a164,62,0,87,0
f1d18685-11ea-4f22-a5f3-747df5fcfbaa,58,1,68,1
498fd2e5-1b6a-482a-bad5-aa4a044c6475,63,1,48,0
84815a84-b7ab-4a2e-9e58-af6c22e016b1,40,,165,1
5fa66553-555a-46da-a19e-089eb2c89545,60,1,,0
daaa0429-a6e3-40ff-b0c8-58b60eaca63a,40,0,92,0
9ac87369-f8ff-4fde-8ac7-9e169fecae42,45,0,86,0
85191340-8005-4614-be87-5b136e4b292a,51,2,113,0
940cf6aa-362b-480f-8208-9c2908ed9d75,69,,70,0
ce1f6b2b-f1ee-4dff-8d5b-86f0312470b1,48,3,19,0
3cb76fd3-3c86-41cc-a59e-766f10bc1f55,44,2,106,0
4a6c2bf8-7291-4cfa-b1fe-6d92ebb7fa23,38,2,71,0
9e46231c-fdf5-439d-9b36-883ddb862f93,48,2,128,1
53ed3a95-340e-4182-ab64-ddeed89e22a8,65,4,31,0
69cfea59-dbea-4007-93df-f8321658235e,50,0,142,0
f587e746-a53d-49c2-80d5-0c6745bd1da3,54,2,60,0
d64c2a12-d7de-465d-b4f3-978a09aa0bb2,60,4,43,0
7fc24185-72ea-48d1-95e0-eee817b3addc,61,2,47,0
2389f703-8907-4b20-aaff-94dcf1558797,68,1,88,0
90a090a8-33d5-4bb5-b421-e4b158c07884,69,,51,0
5df0c642-cd47-4940-8955-e42fbe1d63e2,63,1,121,0
334ce042-2237-455b-b4fe-d10430f5fcad,41,0,29,0
5dcfe7d5-4e3c-4f79-a514-f2b23a81c917,47,2,73,0
c3f67e81-c573-402c-a42b-827bac1473a4,61,1,54,0
0593915f-ca97-43f9-bfa7-6e8d1ed7e1bf,56,1,158,0
b5c54a0f-571b-4eb4-845e-708bc2aee33e,60,,,1
9e8ed4e9-e6ca-42c0-8431-9fdf2e28b780,40,2,60,0
3e753008-5ffa-4f07-afab-7243330d3bd7,48,0,17,0
4deb2ba3-5ea8-4a20-8dff-cbe2c51846c8,35,2,49,0
699b58b6-ec6b-4c16-a689-0afe4bdf9ce2,56,1,93,0
c072e8ad-6f55-4218-8080-73be5b5b8124,55,3,126,1
e64f7bc4-3ee4-43e1-9db0-426c38db460d,69,0,,0
acf483ed-9bee-47e4-b04d-fa69644a57b2,61,2,54,0
e38e7ed5-195f-439e-901b-1af295215b4e,47,0,83,0
4c2d05f1-6b9f-4f98-842b-e04ef10602f1,44,0,38,0
f650e9c4-f6b6-485d-ac60-d7ad61215ad0,63,1,56,0
4ad3cbcc-740d-41ca-a7f8-1ece331fa3ce,35,0,55,0
ab0753e9-ddca-4a7d-b3ee-e5951c620ce0,58,3,115,1
cc6cecf0-5c12-4389-8a1f-377b349f1662,48,1,35,0
71b7d90e-3fd9-4a90-aa99-a98c61c93ed4,59,1,,0
820c4bdc-c30c-4d30-a183-94d169f347d5,57,3,43,0
9f0cb915-aadf-4291-98ec-f7e6f7609a5d,47,2,51,0
60f4add2-1c06-42b8-bedf-32a167b1d8c1,51,,44,0
103b43c3-a504-484e-907f-9a92a572d080,47,1,122,0
6b14999d-507d-4e72-92ba-48dd6ae112ec,41,4,48,0
c3642743-dd48-44ff-8b2b-a60a1a706fa7,63,,45,0
930e7f09-9440-4f27-8e21-7872f724637e,44,1,48,0
b73d0bb4-e5d2-4a2b-854d-48108194d6f1,51,1,84,0
618f929b-fa4c-4bc8-82ea-71c55778c7bc,46,3,53,0
40ffc6c5-6141-4654-b00a-6b6c13c34755,53,1,76,1
ebc6dd08-2e10-41cf-84fb-feea4cb2a445,58,0,75,0
d8030547-7200-42aa-a115-a168c461938e,58,1,29,0
94d104c0-f7e3-4ed6-86bc-901d8fed760b,49,1,34,0
4a9970ec-1949-4488-b851-6adfeb76888f,59,2,88,0
74088f0c-bac8-49b6-be69-7d5993234f3c  ,49,1,41,0
dce93fe0-12fc-4de5-83f7-e49ce259e12d,36,1,,0
8442cab2-60b7-41cb-92cb-30630ba040d1,51,1,74,0
29fec6a4-fe91-4323-b7f5-feb855a3ea57,47,3,22,0
e9fa274d-e82d-4d9b-8554-bb3ac160894d,67,0,94,0
eec0e9bd-42ad-4b4d-b94c-b5dae1746e3b,63,4,132,1
a147fdca-57ec-4b8a-bab3-e95fb812d717,47,1,86,0
82d21030-2557-4ea7-b175-6c3b89a48aa1,41,2,100,0
5d43f9fb-2de2-43b0-908c-b8342fc27c67,37,0,70,1
62bdf774-0a02-4898-87dd-41eb1f283022,41,1,28,0
bd6c8fd5-197c-440d-ad70-9d148fc22980,53,3,127,0
5f4245bf-bad3-4ba9-b63b-3640ae326aa0,38,0,61,1
a7fe18f2-e83a-4e92-be9e-d0676f574a73,60,2,48,0
1399bef4-8138-42e8-be37-b92eeffc0377,67,1,56,1
465551ba-80f3-4ae7-bce4-a9cc542e263b,47,1,,0
bc2274a7-0512-4eb3-b6f4-e3f263bd29eb,55,1,99,0
58265f24-9a31-4cbc-b51b-83ff1cf14962,66,2,58,0
011c2ffa-bf84-4cef-b8c2-5f3febd9decb,41,0,72,0
f8f43f11-cf59-4ff7-9ff8-7b9f514a66ca,48,1,30,1
a727f6ab-f4b0-44cc-9663-59fc39adb7da,48,1,116,1
60fe0aa1-89c6-4e0a-a899-af30bbe8f75a,49,1,,0
d0e9b879-7398-4a4f-b949-e5e4b781708c,35,1,176,0
81b404d6-3524-4bc7-8617-0ec03195fd10  ,62,,55,1
1b887887-1b47-4327-9b09-dcf59a090ae2,63,3,29,1
67cb5279-4ed8-400d-a9f4-8c7681c9a80e,38,0,133,0
6dce9c3d-ad5d-4843-979c-ec2d7f02c73c,38,0,139,0
7bc88bd8-c9a6-441f-97fb-74be68576e54,54,2,65,1
89680115-7d1e-4f30-ba80-0c3017461557,63,0,44,0
7ce0e12a-affc-4787-b2a6-cd60439fdc72,44,1,56,0
780fb7f4-199e-4998-8015-f1ddf483dc70,37,1,156,1
a3ccfc69-5911-4027-8242-2d0c5a7b48b2,42,1,43,0
00451650-b176-434d-b878-7cb77e90902e,65,1,28,0
65c17ec6-5817-4245-b13a-e48f3ebc4921,67,1,90,0
01ad2c8f-13f7-4c3c-8dc3-40f0d8bc0f76,60,1,52,0
6a4efe2b-522c-4b7a-8b1e-1478878ac3de,47,1,34,0
cb5785fc-3bd1-4d11-b30f-c7dbbe80e723,36,5,36,0
c924ca7a-869a-4c06-8b1c-424903ae0cec,47,2,36,0
422993a5-0802-4fbe-af0d-11d1b3588526,38,3,71,0
ce8ad836-4472-4cd9-b375-c328df03c184,64,1,,0
38a86db8-351b-4dfd-abca-7c4b55d81723,34,0,31,0
b8b6091b-b78c-4837-96d6-4d0d22e15898,67,1,77,0
c3a8ce6c-52a3-4356-b3ab-fcebdeda20f4,40,2,92,0
5a2be995-b7e8-4d76-bacc-02a4bc0d70af,45,3,32,0
8b005d87-371d-448e-8c2c-8391f9ae367c,58,2,65,0
1173c303-9b44-4553-afe6-ef78ca9c3d38,66,,56,0
d2082b6c-ea25-4ae2-a50a-e236f41ad933,38,1,87,0
fbffed9c-7981-4d39-9d56-7dfb62666d77,66,1,65,0
1d69fe1a-d2b0-4e19-993a-bb97fb3a9bc4,53,0,46,0
f50d8533-66af-49e4-9081-02343da6f5d3,56,2,86,0
8fecd92d-4a6d-4d8b-bb82-cad5c4ab71af,52,2,60,0
9f4d69d7-337d-4a55-a336-658a325f9b17,69,3,22,0
5ff59eb1-cc58-4ddf-81a9-7356ca658d09,61,3,108,0
cadbb155-6d76-43b3-91e0-d619f690b115,43,,38,0
21eaa786-4283-4faf-8159-d91abb558ba8,63,6,100,0
2c200165-6a8e-4d6e-9d9d-b51d9a168580,61,3,33,0
ce34d720-e148-419f-a078-99919aea8d26,65,0,63,1
b238f742-aa55-4354-ab9d-680b62e5c495,35,2,50,0
2e358a85-97f3-4c8b-a613-dd5b5f6e2f42,64,0,91,1
a81d7270-9814-4b02-aebb-144a9440f76b,62,0,33,1
80275555-b844-4d8d-9b3a-0a3364c1a7f0,44,1,98,0
95dda421-185b-400a-be14-1b53efd9faf7,35,2,87,0
1fea1bb7-ab2d-478b-bd32-6a66f0c949a9,45,0,35,1
145358d2-33ad-431b-9f87-1f233bdc5d02,47,4,29,0
c2beb897-aabf-4c09-a276-9c586c8a82d3,50,2,,1
c6745fc2-033d-4a0c-b309-32b0bbd3b60a,52,1,76,0
863f2dd4-2a17-4634-b5ff-0824247301bf,56,0,90,0
d1d479aa-4944-47e2-8c1d-000df5d1cf6e,62,0,137,0
f1bbaad0-c872-4541-b6fc-b7c48e94d05d,59,3,,0
3426b337-b3b8-449e-9a07-e0110977ca87,60,,201,0
a3cdf28b-3cb6-484e-b8a5-d806d9d1fe78,53,0,,0
1b970ca8-7792-4991-805b-ba0c99af4a2d,39,1,60,0
a93967f0-7cc4-41ce-869e-ec2dd1044ee3,64,0,56,0
6e83d143-9d6e-4d45-9122-add5702e9868,48,,29,0
3ec000c7-943c-41a7-bb8c-ebdabcce0946,55,2,,1
fa3bfcda-bd46-4fee-a67e-76077659c11f,65,1,70,0
fdc744ba-a93d-4817-82ed-6a8277ec9544,39,1,40,0
ac6f750b-31af-4b9c-8c07-4c82b1994e46,51,4,30,0
23350d93-2c59-4a14-88c7-9e90fa91d940,36,0,19,0
bef7857d-8031-49ce-bef2-00af4a666514,53,2,70,1
46777877-5ada-44a2-b190-6be77d37e63f,53,0,90,0
a5f33fc8-5d49-4472-b27b-2f07282f73c1,54,1,46,0
bf1a345a-16f8-40bf-8b2e-07c1dd60b431,49,1,107,0
da552b82-4c90-4d70-baf3-665e647368e5,68,1,51,0
c238d866-da6e-49b6-868e-ec49555ab7c3,43,0,29,0
9f54818b-a3d8-4543-a865-58d138132f1c,43,2,29,1
0ac906cf-7914-428f-9e92-1451f67925e2,54,0,50,0
89a10d80-5e90-4322-8a07-7bfe5cb27de9,59,2,79,1
b465b68f-9bbf-4802-925a-3c150e796147,58,3,90,0
be07b78c-c6c1-48a7-97a7-78762e69cdb4,35,2,64,1
5129fe94-e75b-460a-b8f1-9d5001c24a98,51,3,142,0
81900553-3c99-4b00-b1bf-2e30893d5968,53,0,84,0
561519fc-857f-4553-a7f7-247883d2f858,49,,129,0
29875b04-ec47-44f5-b873-6163933abd1d,52,1,40,0
97bc5eeb-401e-4617-bb30-d1d685658d0d,34,1,31,0
0178a6a2-18a7-4ed1-a8d4-442544ad1687,55,4,15,0
6b67f340-1c83-4389-a55c-a7ba40d07cc9,55,2,101,0
c023e279-ded0-4320-b24f-475c3bc4b149,48,,148,0
be3a3da7-6654-4f17-9e1a-6aa7fddfe1c4,48,3,36,0
8956dea1-81c4-415e-965f-d04e38ab3a09,59,1,62,0
7548a8bf-fae5-4a6c-ac74-b7f2b93e82cd,43,0,24,0
e1be4192-7dcf-453e-8bf0-dcdbfef2aa01,63,0,78,0
a2daaa8e-2aa2-4900-936a-7e307317c619,52,1,23,0
df5137d8-bfc6-463d-b8a9-6171875f05b3,65,1,32,0
8a30e205-bfc6-4d0f-b18d-0edea3aff59c,62,1,92,0
e1e6d7fd-137b-44ad-af83-4b490d86adfa,45,2,87,0
b807dff1-0fd4-4260-baee-0a574f51eb31,43,3,58,0
595658ff-bb54-4e59-833a-5143998e5a2e,34,3,62,1
3c4612b7-e1ed-415f-bcf6-1ccad5afc3cc,50,0,62,0
abc0329e-92db-4e3c-a9eb-9294895ff5d0,69,4,173,0
e49d947f-1813-4be3-ad2b-c51dadd13c88,69,3,104,0
1f7708cb-f1bf-4174-bce7-a8c8b2f9ffe0,60,1,105,0
2f3e53a7-5f4c-41d4-81a9-e442b721cf79,46,3,64,0
5d32fd4c-12aa-4f3a-96e9-4c9b45fda53c,45,2,,0
0888b0bc-f41f-4d35-a939-4b31fc9506bb,68,1,48,0
d9f7a909-8ede-451d-8698-01bf649b5c49,67,1,62,0
548183fc-b831-43ce-97d0-d7efd98c39cc,51,3,50,0
fe4ba7b4-2bc0-4820-8c2a-4b6e03a992a6,41,0,96,0
bdbb1d1b-dc56-47c9-802e-9eb1a12294e3,63,3,,0
851edf2d-f6f7-458f-b15f-c40b093fa519,49,1,58,0
4ed6967d-9a58-45fe-ae2f-63b1ff2329cb,55,0,33,0
f4dc1a6c-6d71-4840-a6c2-0aefd269d9f3,64,1,22,1
55e5ef83-0d3c-4ad2-8a5e-d534fc333411,45,,24,0
f4b64eb6-9e3c-4074-8dfd-46b83c43457b,66,2,25,1
7aab2037-4506-4d28-b86f-79ca2c6ff514,41,0,105,1
449dc70e-da30-41b1-89b8-28d09ae6f54b,61,3,24,0
a9a102b9-d386-4e6d-a7eb-b2079c4110d8,38,1,44,0
926ad970-cc45-41af-94b2-69a1ce934514,63,3,93,0
23781a5e-2ce5-4e34-9ebc-cfafed3ef5e9,52,1,79,0
71346f26-ec4d-421b-88ba-7f13dbec4d04,51,,,0
a9410465-3c7f-4520-bcd0-278e615f3a92,52,2,35,0
dce3cded-befd-41b5-9c20-27392da6dd7b,47,2,41,0
99367455-d06a-49ba-b077-c4b286924781,53,0,85,0
5cdf5213-0a71-4f8d-912e-4492fb52ea3f,34,1,71,0
c1d36b71-6085-42f8-9427-ca9d5b368945,58,0,64,0
f32c49dd-908c-4b0f-afb7-853c573fde94,66,1,41,0
4dd4e21c-db42-48b5-bdaa-2f0235350485,56,3,116,0
fe38edf8-2d64-44dd-8c0c-c30cdc3036b0,41,,45,0
740a328d-adc3-4a8e-a4b8-72c1d94eb2ba,55,1,70,0
24834126-c5e2-416d-b1b0-df0705c958f0,35,2,52,0
a0bf8778-d7a3-4d8f-b50d-c90ccb0bfae2,50,1,,0
4631f807-4b21-40cf-bc64-1eb10bc15b41,55,1,77,0
99f35bd3-fac4-4897-bb87-818dde774121,51,,150,0
112a353b-fb78-4326-b88a-7aff306ec640,64,1,36,0
6d29a95f-94c5-401a-9be5-613e2edcfe3c,59,1,37,0
88a978e4-181e-40f9-a593-9e042cade6b2,51,2,82,1
7b4d6c99-d3e9-4ecd-86d7-be4560877bdd,45,1,,0
bbb62ec3-e6bd-44ed-9a5f-c3bf5a52d65d,44,1,32,0
b76c0016-d456-4e48-905e-8ae101881a37,43,0,89,0
eb4a1687-112d-4b1f-8679-4b1161529662,59,1,48,0
8a519b0b-0107-422b-8b85-4d4a97e64ba4,63,0,38,0
b14d7670-9f1b-4edb-ad0c-70fab4e2a8f8,64,3,52,0
561ce6a6-2c18-4043-8bcc-bccbd00af2ae,57,3,24,0
7eaebc27-a0d5-4949-8c51-edb36db962c8,54,2,58,0
08fb9b7e-287f-4bfa-8c28-3e7872236d43,60,1,74,0
930d309c-e60e-49a7-82e4-c518744291eb,51,2,80,0
beacda6e-16fa-4dba-b847-f932a92d8efb,48,3,50,0
029d6bd7-64ea-4f44-81d0-98e05806bc4d,66,,63,0
c9b54b52-7483-4064-9428-6640416bbda2,64,1,76,0
654969d9-768f-4f87-a4f7-d1fcfb65f3b8,56,1,35,0
1ec94003-2dcf-418d-8dcd-8ff266d968bd,60,1,61,0
85076b17-7272-4dd8-ac6b-15185a502087,60,0,43,0
13d55f41-ab56-4d16-8237-ccad33c09ee5,62,2,99,0
eec655f0-e92c-4445-960f-178c2e03f1d2,66,2,87,0
1205f478-9657-45fe-8cd0-52947657a739,45,0,140,0
3f8c271d-fc78-476c-9da4-ba03d24a07cf,60,3,131,0
365b722f-34ef-49ff-b22d-42c55714f194,69,1,,0
45db556e-97b8-41de-9484-1c30d87fc756,46,,53,0
d6c4040d-7c0c-4be8-a33e-8e98a0cfa73e,38,2,53,1
5cea2872-4856-4811-8800-999b8cfd1a3b,35,1,46,0
55b890cf-5c2c-450c-be98-083d86757110,36,1,66,0
8da1e3f1-047e-486b-87a1-46a7f1bac62f,37,0,91,1
380c0734-1bde-4c7d-b28a-d15ad09d36c6,50,1,79,0
1c0be64a-7013-461d-85c8-66a52fccd474,53,1,34,0
e89ca9a7-2e86-492a-951b-86205fd604d8,49,0,72,1
9dc388de-fed6-43b3-8ac3-0b29d80b33d1,58,2,147,0
f392543d-4a81-4c4a-beab-8955b8114c7a,63,0,25,1
3b4babba-3fb7-4fac-8438-d83592db5a57,66,0,59,1
4d1ae9d8-16dc-434f-b1c7-f076e0b5f3fb,46,3,44,0
f37e37ee-8bd0-4a12-97a9-6e13ab55146b,64,2,25,0
73b52a8d-b8aa-42f2-a9ba-30f2b4885c26,67,1,68,0
20210fd8-3404-43b2-b4cf-244638510cec,36,2,81,1
aae8c68d-45de-4ccd-99e9-2861068bfd88,51,1,87,0
f84f4df7-e09a-4f85-87a7-adc5d13c102c,64,2,47,0
5a053ade-c92b-4925-a2ea-30f3cd5c27c0,60,3,60,0
59e525b5-8f85-4018-a930-60efaad45817,56,,43,0
f707c858-c3e2-48df-b087-14b6ea03a3ef,61,3,58,0
f4baa3c0-3acd-4dc2-86b5-b861dfc5da8e,60,,107,0
ca714831-712d-40cd-8015-6e2039b445f4,48,0,64,0
cb964d90-90ce-4f51-80ac-67d096134b0b,34,2,,0
1d0478ca-7a38-4106-bc76-a16a53332609,43,1,50,0
d99f7991-cb88-44c5-8fb2-6c8c3ad43e62,62,2,57,0
aa31b8bf-01aa-444b-afca-6e5004d19265,53,2,86,0
eb9630b8-7969-4424-9e86-be9a7dabb681,69,0,60,0
169a0b8f-e930-4f1f-b5d8-d1979b06d620,66,2,158,0
ddd4b9eb-71fb-4981-98e7-3b35a4aa6368,61,0,58,0
584558b5-8a69-44a5-a972-f2ae1e961f7b,65,1,147,0
f1ffa9ad-aace-4042-8052-6979661a039f,46,0,19,0
5569da3f-0bce-4aff-9ee6-a2e0ba5c3abd,58,3,48,0
8c4910b0-68b0-4cd5-8781-19d4a5ff3fba,57,,73,0
65e15aa7-8293-4f30-886f-d9217da60045,65,,678.0365761,0
1eb7cf97-f9b9-471d-9958-c444edfd6b91,69,4,98,0
9b820879-835e-43dc-aa5a-b1bd98b1d58c,45,0,64,0
7751693b-118d-4647-b3cc-a0261008fa92,44,1,141,0
c0083f7c-3193-424c-b50a-10134bd3b95a,43,1,117,1
6b476c0e-eed4-4fc6-8c6d-3117e0263403,37,1,78,0
ca97420d-a866-4371-8e29-b307c9849aa8,52,2,,1
5714f7ad-d41b-4ad8-963a-72b8c3d124f5,57,2,108,0
3d0cc508-73e1-4a30-a9d5-046f88d71cb9,60,0,,0
03b89438-196b-46b3-8bb9-11594acce6f3,49,2,92,0
9b069198-61b9-41d3-97f6-a97ecc6cd3c6,35,1,74,0
25c905de-1388-404c-a4c7-04e7769f55a2,36,5,31,0
6d7673e6-71bb-4de2-865e-6713cf52b836,39,2,22,0
d562c02f-794b-4880-9df0-497cf9746c4e,35,1,57,1
85d55f21-780a-419f-af8f-029beb94b56b,44,0,,1
f38ae3e0-59ed-4c56-9283-a61bb354f953,67,1,51,0
3554e3a8-0f31-41bf-9fef-29f600487f89,65,,90,0
3239a639-085d-4f2b-9207-5e0659cefd97,34,1,133,0
2a08657b-84d7-4c88-a793-a31a98a64b0c,39,0,34,0
abfada87-8dd6-437e-8aac-0624d36e271b,34,3,49,0
e9e2ba02-3a55-4f90-b67b-f30efd2a33c4,52,0,,0
ed9ca472-9b7a-4919-bba7-cbad55512bd1,37,3,103,1
b52b4eb2-dcb4-4dc0-bcb6-de410e93b9a1,49,1,123,0
d6adf7fa-4aea-4255-b387-6b5c333fb9de,69,3,40,0
cd366817-55e7-45b4-ac2b-f0a62563ed0e,61,2,83,0
8f17164d-603a-423e-bb4c-90b35a573d98,49,3,40,0
01857298-be8e-4065-a794-885f70eb8a48,58,0,55,0
9d69f360-99fe-48f6-b7a6-cbe7bd3cb679,66,1,125,0
60833f43-db54-4e8c-bc5b-5d78d26a3d1e,53,3,90,0
ddcefb72-373d-49cc-8f6b-b1bf091f834f,43,2,,1
5b76e916-ac5e-43af-b5a0-ac06245ed960,61,0,90,0
fc551d84-9531-4ce7-ac8e-99aa09a667ff,34,3,81,1
b4e51f5c-8fcb-46d6-b710-e9c62c41b839,64,3,45,0
7fe85ca8-d830-4462-a74f-70a3f7cdb25c,66,,20,0
3dd938c3-e440-4328-bff9-add10345e2e9,35,1,66,0
9e7a0b70-2184-49f9-8cf4-727a25fdd22c,41,3,100,1
4c8ddef2-b700-4a50-8c65-4b763fecd66e,34,1,46,0
b09ca1f0-aeb2-45d4-8f32-f8b0354262ee,39,2,52,0
cbab170a-feba-44cf-8aaa-7dfd88ffd930,49,2,36,0
e571f79d-c915-480a-ab59-0d62a935c53b,52,2,97,0
1b3181d7-4e01-4f51-9f46-70b1df3d4358,66,1,60,0
0dd772e0-811d-454c-b435-4f12150505f4,63,2,54,0
38df4ecd-16ef-4717-b27f-24235811876f,62,,47,0
1f83c704-ba43-431c-9332-fe67e64a4e91,57,1,90,0
eadfc242-b0f4-49c4-982f-a5b408bda824  ,56,0,44,0
dcd92b70-c3ad-4c4e-bbf8-56c6aa810e77,61,3,29,0
12df5129-0818-402d-a8d6-93f77405b844,57,1,,0
909269bb-c12b-47b2-b3af-2bb492a556f1,41,0,46,0
cd7dfe23-d3f7-4936-845e-9ccb8f2603d6,58,1,135,0
87c4f7c6-7289-41b4-bd7e-2ae75cbe1bd1,49,1,,0
761e36c0-fa2d-4246-8d9a-ac5d30d237a7,39,0,38,0
3904034b-d005-4604-870b-70889dcac0c4,42,2,,1
dadc806f-ea10-4cbe-8300-278ee5961771,43,0,116,0
232f15f1-84bb-44a9-9ec8-368f7c4cb308,36,4,111,1
787de10c-172f-45c4-9e87-43d04d8d3545,53,1,,0
b2a3ffcd-4bcd-44e9-bb8e-a27f0eccf085,49,0,,1
de2ddc3d-475d-4cdc-927f-1577fb2542e6,56,2,48,0
b19d3eb0-f3c6-44b5-9c3a-c7040cd52310,60,3,92,0
b81db9cd-d29e-4fef-b966-399ddd9141e5,64,3,145,0
9152667b-c652-474e-ad9d-7e01b29cd3d6,58,2,40,0
d78a686f-ded9-4bb0-a4da-02732f5cd484,67,1,68,1
f0cc8330-acd9-4d94-965a-5dccb1f75104,48,2,50,0
a028e8ae-f2e1-416e-bb3b-27cf8540125e,46,1,150,0
c395b15a-af98-41be-babd-53bd5fbe907c,42,,100,0
231c1a40-3dc7-4452-b5c2-93ef5e862cba,64,2,73,0
fed51b24-d1f1-487d-880d-4b520a086614,67,,545.0290176,0
ab624e92-8fd6-4a0c-b200-a911cc01c053,36,0,29,0
db6772a9-686a-4565-9d93-152d1b0abea7,58,0,138,1
b4c7fba7-561e-41fc-9021-566f33e11837,35,2,132,0
c950177d-d5d4-480e-98ca-2ccddae6bb70,47,4,77,0
9276e9e4-6229-4738-a8ba-1c234bc6442c,55,1,109,0
34408fb3-2bc5-423b-9c58-e8f4ea7db3c5,63,0,,0
4dc4133d-e2a4-4c96-a4e0-0209da44a087,63,,36,0
bea179c0-4c82-476d-bdd6-5a252aa6f492,55,2,33,0
73d787ca-cd03-4571-b269-434630fadafc,62,0,118,0
77dd97cc-9266-4e66-b13e-dfa8410ffc7d,61,2,28,0
ebf36c17-7c29-4cc4-adcf-05d6b92a7f27,42,1,44,0
6a9bbc49-8f8c-4f3f-8027-686b82c25a58,58,1,50,0
f5b581a7-45a6-4d72-9a04-43bda3074842,44,4,29,0
acbe1108-b3d7-40ff-a9a9-6650b16f37ed,66,,34,0
2ca2d98f-c4d3-444b-be18-a2ee5e89e0bd,63,1,119,0
c3b1add2-dfd8-49ce-aa7d-dc90ecc7c70f,59,,22,0
a4389fa5-0953-40d2-bddd-9a2e734eab6d,38,0,84,0
abb366e8-a813-49d6-9c5c-2dc6e9ba5fa0,47,2,62,0
b595c720-5c37-4630-aa55-b2e347a8ad25,35,1,51,0
3cfaf53f-bc5e-4f8d-b28d-11084773ac58,65,1,113,0
bdd9e831-c3bb-4002-bc03-40ffa0a55e24,56,2,27,0
4beb4e70-6849-40a6-acf5-b268a31984d9,62,1,59,1
0a1376ff-1b18-47d7-83bb-1392a416a4ec,50,2,28,0
fee21cdc-380e-44a4-be68-95fdedbe71d7,64,1,59,0
0561472e-b379-4749-9332-b032251afc3b,66,1,24,0
df0851e6-f81f-4730-bad8-276e9ebd46ee,44,0,76,1
d5ea0328-2857-4828-b10e-4ba356b11f0d,38,2,56,0
323044f1-6eb6-4f3b-8369-0e50430ff84b,63,1,74,1
eaa09d3d-fd27-4138-97ff-f671d4a5de78,41,1,71,0
543e42c8-b19f-4083-beac-638ab31e16f0,55,1,36,0
49d17f84-607a-436b-be90-739ad9eeac87,40,2,36,0
494651d8-bd41-4826-8a9c-e9bc23efe200,50,3,65,1
ec6d24aa-afb4-4a08-9a28-6a0ff638478b,53,2,94,0
2cc4c9c7-8c4f-47df-8c2b-f9fd22a45012,64,2,139,0
dc888aae-f704-4512-971e-708c8a01102b,59,2,88,0
558e524c-ccb1-4974-b2a3-bd583c428862,69,1,121,1
9bcf83f1-510e-4944-9974-16cfde9b5f74,56,1,73,0
ba4d3fcf-650d-486d-8a11-cd8dc4d2d781,47,1,23,0
81c22fcd-822a-45d7-b59f-b9dc724e62f0,39,1,72,1
f2a9f0d7-6e8f-4436-a339-9e937151d250,48,3,83,0
d6398934-9d9a-4143-8f0b-58adf1d462dc,35,2,39,0
7bce6e06-be08-4f12-a19d-27675b3dd3a5,56,4,117,0
8ae3acdb-a5f3-43b5-9460-df695e21dbbf,39,,46,0
3c5ecfbc-07f5-4eec-b650-9fc3a2f1a4cc,52,,43,1
184818eb-3df3-4d55-837a-8e5f68676572,60,,43,0
9442c420-634b-464f-94db-55fac69943d8,50,1,33,0
c87eabb8-ce71-4189-a2a2-cff20cbe2e59,60,1,68,0
5baaf5d1-1dde-4dce-bb9e-60901a4e3f1e,48,2,49,0
6dd6584c-7660-463d-bac3-b2a62574d6d5,36,2,68,1
75bcae92-cb3a-43a4-b338-bcfbd9898b74,45,0,71,0
80b2e4ad-8660-4145-a7d9-cbb8007b0f45,53,1,129,0
a1e57bf5-e52e-460f-a999-1b43175a09f4,60,1,181,0
d7bb59ad-010b-4879-b964-e6e2de57dc0c,40,,40,1
b6fb8d8f-47d3-4ded-a1c3-0220b9bdd7ec,44,,68,0
9e82cb00-b964-4a19-a661-2f8ff2c7b3d2,65,,63,0
b2a1ea59-f155-4c41-ba69-04ad7faa7e1a,36,2,107,0
6e7ea223-5bbe-4c50-ac6e-ee0622dcc233,65,1,65,0
7c1b54d0-1b71-4ba9-8457-a6d14e7e372d,48,6,68,0
c8cddd17-d165-46e2-9ca6-65cb716283b5,55,3,40,0
90de416d-1e38-4b58-9dc3-e47651c6ec6a,39,22,720.1218315,0
b1802fc9-6295-46e9-a2e3-4ac874a1c110,47,1,63,0
70bbf673-42b3-47f7-b8bd-90ec4a642380,58,1,63,0
0104ee1d-7584-42d3-86fa-3a08fda6d2ed,54,1,39,0
a5433874-d1b0-4e5b-b06f-63975afaf1b3,65,1,39,0
06bd9347-1a55-4b65-b3a3-0f0e3eb834b4,37,2,,0
ca16234a-0064-4820-ad29-5f517be0cef3,35,,59,0
efa591fd-9a8f-47e8-9ed9-ebcbf5a6fef4,63,0,124,1
86436c60-dec3-4e83-8331-c7a958e25b18,50,3,23,0
c766c170-9b9f-4084-94cb-c2a82fc9b348,38,0,150,0
5931e886-674f-4f5c-a234-65049e867351,56,2,32,0
b81d5ff1-2e24-46b3-85b6-c5e4b1aaebf0,61,2,,0
36a098da-2fa5-47c0-b967-9b3dc9e3e5ba,47,2,74,0
41459dfe-42e7-45f3-8a2d-191ab932b0c4,41,1,48,0
9d9108d2-31e4-4a55-ba56-9b5eda65bf0d,57,2,40,0
3af28c03-a0ce-475b-88ce-57d3386e39b8,61,1,56,0
21ef8bb2-298e-44f5-943f-95f7e24ee33b,34,,,0
3d551a48-0985-42dc-87cc-e309bb36d69b,44,1,146,0
49d7346f-5b8c-4fa8-ba8d-eb1c3480cf61,50,3,43,0
479b2222-9a7f-4ff1-ba7d-b9d6f57e93d4,50,1,96,0
7c637f08-381c-4dde-b960-85f821a7c2ed,46,2,25,0
afaeeb54-0094-4d63-879e-cbe6eb1cf2ec,49,1,110,0
84baeb60-36c7-4aa4-b7e5-1671975e152b,59,2,159,0
aad8bdb1-6dcc-4d69-9030-68532bef677c,43,1,84,0
6778302b-9508-4214-a876-8e09f95b1d94,40,1,47,0
f68991d2-aef3-4de7-9376-2a28beebffc0,53,1,68,0
2278a427-9cf0-409b-82fb-378511a6421d,41,2,30,0
11e9ee2d-1c7c-4bb7-9ad6-b5d8b400f950,47,2,51,0
564920f2-f4f7-478e-8e18-c1426d68ddf6,47,1,56,0
e3be71a2-c628-4c71-834d-603e0d296470,68,1,34,0
c7e4af71-c507-44b7-b858-a2bde50ba580,49,,39,0
70165cb4-ff06-4502-baf9-1c743d97b590,58,1,50,0
4feff71f-2dc9-4c43-8a48-7b0ed598a4d2,57,2,108,0
726f0861-5907-4ab0-8d50-0744d8f7d42d,65,,42,0
a74b4bba-1c2f-470c-9e5f-1a999ec08a0d,66,1,141,1
f624e80e-08eb-4cd1-9994-9eeea43a0d1e,53,2,109,0
5d835d07-2d21-40cc-a4b2-e88768f9f6b1,65,1,31,0
cd5136a5-5512-42b5-925f-f68fbe5b43e4,58,0,31,0
4e16ba4c-344e-4eb3-b63d-c7788279d04a,65,2,64,0
336d3752-b699-4b71-a5ba-89fd30ee94fc,35,2,106,0
cdf333b4-c510-46c9-b388-4d97e667d939,69,,70,0
63fca077-dffe-4b12-b0c6-c0097cb7317c,39,2,40,0
4827921d-5f98-44c9-90e0-ccf0b615c63d,50,0,97,0
868ec3c9-a2f1-425d-8327-89e45ad43392,62,1,61,0
33a7a6fa-46dd-411d-85b8-33e1f570f4c5,55,1,,0
acc16b18-b979-4b1f-aee2-b370cf7b8240,56,2,108,0
106a7199-1594-49f7-8646-182e752fa633,48,1,94,0
958a0316-d40e-4ca6-9e7f-2b8229f5cad3,44,2,23,0
5c43f4a7-f265-4a71-9582-57ecb9955193,47,1,141,1
b5f24932-73cf-40da-b8f6-f58d4934ee82,55,1,22,0
fa9197b8-c39e-478d-b3c2-409e74a65594,47,2,29,0
35e818a9-616e-4a79-a408-f075c4203b24,63,1,37,0
02800b9b-f2d5-435c-8d1b-cd7363efd24b,62,,186,0
98742272-2a2b-437b-bcb2-730dbd71c3bc,43,,39,0
27c1d8ee-a0bb-43e0-a6f8-f6a98dc5f453,34,0,31,1
a7f5d296-abf3-46fb-96a0-92d6cf0b3bd0,49,0,83,1
c00dd1f0-4b70-474b-8942-19420e6bfa39,61,0,43,1
b8798cf3-a43c-4def-b915-07ca9a4092ca,65,1,73,0
13f5ef6e-9caa-41f4-9f39-490e4cfc8362,51,0,35,1
7b0b8d80-a721-4ff9-9a64-a9a2d7aa122b,65,1,121,0
70c9aff0-5bf7-4204-9c18-876ac781aabf,69,1,74,1
54eb2866-9410-49e7-b483-25ca8bfe251b,41,3,26,0
e471aa0b-ef4c-445f-a25c-43249c7d74c3,67,0,38,0
fbc5cef0-a4e9-4333-9619-b7f9fdf8c036,45,1,84,0
6affca49-2258-44e2-8ac6-d600e526d4dc,46,1,63,0
d9039a03-87a7-4312-a1d3-ad0c57dd3ea9,48,1,91,0
d5e32895-b3eb-48ef-921f-4e441d998e0f,50,0,,0
ad12069f-9222-4b5e-9cdb-7fda9f87e5fa,45,2,119,0
a8364d58-c93d-4314-b274-9566ce65656d,60,1,58,0
1a52a935-6d2c-4e02-af38-e9006c318493,42,0,33,0
8815544c-ec40-4769-8ed5-70915caf5fa1,53,0,,0
1334a570-2e0c-4dd3-89a8-3feabe82451c,53,1,82,1
323ef0d5-fc20-4ff4-b092-ec6616fc8b2e,40,2,61,0
023b64c5-8bc5-42b0-99c8-f03df3998b8e,60,2,89,0
d5908620-9435-462b-878c-7112fcca0dbb,51,2,96,0
ce86893d-dcdd-4be0-94e8-0ca535ee21da,52,6,,0
5f34c72e-5cc3-4744-8748-2557910e5736,41,2,124,0
f007108c-d8b2-41e6-be52-f6be6d2520d0,56,0,45,0
f13d7ca3-c2ad-47e1-8ee3-e313636ef3c9,44,2,130,0
6856cf1c-07e3-4dce-bd54-9adb2248a073,43,4,48,1
e10843e2-feb6-4c1c-9583-5d1f0194a828,50,1,83,0
9d72bb6f-2586-4227-a168-bb25de5dcbd0,67,1,33,0
153f190e-9477-431b-9285-466fdc51c862,61,,57,0
dc9e819d-0055-49ca-b307-1abe7eb72d5b,63,1,144,0
82db7945-9bc1-4fc9-9faf-121252eb0716,54,1,24,0
794e4cf0-1109-4a30-9803-dbe873c6b1d2,58,0,50,0
7cefb6da-80a0-4917-a38c-fa546f042b8e,69,,15,0
8fd361d8-f37c-4a7e-abdd-dcb735ce713a,53,1,123,0
5723f465-c116-4b10-9116-e00b39851b35,47,2,116,1
67892cb7-d270-41df-8dc7-be739c542ba0,50,0,20,0
2fdfe9e4-4870-4215-bf33-932bc75e8c17,61,0,69,0
be28963c-670a-4ad7-8715-29fa53963f1e,68,2,63,0
f618ca89-6afe-46eb-92a4-459cb2b499f4,42,2,82,0
1e5a216f-1b0f-4644-bc41-da0e15a225ce,67,1,,0
d8801d05-cfa3-42a9-806f-c5cde3ce5c4b,49,1,89,0
d10c0ad8-8a9c-474e-bf9a-dd70a690529f,36,2,24,0
d9a229bc-bc16-4464-bacc-3e45eacef8c3,34,2,64,1
ca8d31a5-e57a-48ee-aeb5-87da0f668fa4,65,3,,0
827ee1de-b827-444d-aeea-0f5119a53171,41,2,38,0
618e576c-f611-412c-8e23-06f5d76c3e10,46,0,55,0
53b3a51a-abe2-4536-a7e7-889cbe658638,69,,101,0
50db5bba-57ac-4640-8326-710c27a03fa1,35,1,42,0
5ba2b331-9675-4fdc-974c-2ab3dfe1dc79,53,3,,0
cb2c361a-d0c1-41a6-804e-d8277cc60251,41,2,35,0
57c58906-9c9f-42e4-a0c1-b2920a25e564,52,0,25,0
3698f917-612e-43ea-8d03-633fa8a8c181,68,0,65,0
13d70f5c-f210-409d-b492-802bc256e78d,61,,27,0
3161986a-d8d0-441e-970d-75ba3beb8366,44,1,63,0
e7d5fd0f-becd-4fac-ad5f-089da114b01d,36,4,85,0
55627a16-d96e-4073-9f05-2fffe400f6ec,64,0,155,0
a0f0ccd2-cce0-442a-9a9c-c95f9247346f,65,3,23,0
d0fe3d99-145d-4921-bb20-9f51f3e677ba,60,1,83,0
f9e670a0-aa79-41b0-b865-00a6a7b5f790,57,2,,0
37fb8917-26f4-47f3-9e10-a41baf9b7c8a,69,4,139,0
843ab125-a800-4fb1-b5b8-fd7d7418e65c,55,3,108,0
e3a1f728-608c-4848-a326-704de4ba3346,68,2,46,0
d7d678fe-f45c-4940-81c8-31baa89b63c7,54,5,73,0
b74743b3-074b-49d4-bef5-9efd47055cee,50,2,62,0
28214fef-062a-4e24-b5be-90f9ea1c9e23,60,3,43,1
f40ff6b3-43f5-4b27-9516-d5bf3c1a02e1,42,1,146,0
620e55ac-cc66-44ac-874c-e35b5bb3b0a4,45,2,59,0
896b3a94-63ef-4d29-8e23-88ecfb1ed9cb,41,,61,1
ac1932ae-670e-46e8-9f36-3d7dfdafdbed,56,1,59,0
0df0bfa6-6713-4700-a523-25c93b21e3b3,63,2,97,1
46bb03bd-c2f1-4f97-92f9-6c6e77a1c7c7,61,,25,0
e2468d30-c88c-449f-beca-9ea4b7c29cfe,40,1,104,0
dbde2a89-6c26-40a1-b409-619513d91a5e,40,0,68,0
fa9f8f7d-0e8c-48c7-a224-9d61239520e1,45,1,57,0
244c4600-1bec-4e4b-8f2b-efabf2acf605,52,3,121,0
daf38d73-e1b0-4542-94e7-40489001b964,57,2,63,0
94643e77-c7f8-4664-b4fa-2544f8ee9ec3,40,1,30,0
20cd31b1-8d0c-4d01-9ae0-5edb0ac40a89,49,0,69,1
54b30873-99c2-497d-9b43-0ed9064182f2,53,2,72,0
d083c1ee-6c7a-4010-adc1-633599752b19,55,1,70,1
9aa8f547-571f-4071-a8e6-6056d241cdb8,34,,59,1
3b9a994d-a27b-41f0-9a48-b05eef8a7e91,35,4,50,0
f681887a-8208-4e1e-b954-1a92d6a9ad77,61,1,77,1
969b84cb-3296-47fa-937a-40ae1872deac,62,2,60,0
59dffb92-406d-48f3-a7e2-cd04e2d509ea,39,1,30,0
9b75fb48-bc50-4bcb-92ba-9251ef1e94f5,41,2,63,1
679b28a7-1470-492c-9d28-33db402790e7,54,2,112,0
ced99fad-779d-4c97-9c8a-b70a7243c14d,66,1,66,1
2cf2a8d8-e1b2-4893-ad38-e0a693515b94,63,3,127,1
cf9eed64-2081-43f6-ba67-ef47cac64cf2,60,1,71,0
31875dba-dfb7-4f74-9ea2-9b79c35335ca,39,3,82,0
1a515065-0a1b-4a89-ae98-9674ffa89410,54,2,62,0
d416fd68-e131-4139-9565-cf0b2a8f35c1,69,4,,0
99e3392b-a63c-40a1-a738-0025b8bd1419,53,,82,1
22d73767-6a30-4c16-b5fe-fc7afbd29288,59,1,37,0
bfb3d81d-b795-41e3-a1ed-43e12ad1e287,37,2,78,0
c3be4f44-f664-4c84-8af0-246ac6e6cd5b,58,1,87,0
563ca5f4-6fdd-4821-af9a-1cec4ce05024,48,0,28,1
bcf0f745-2ca5-41d8-82f3-74fea17c9463,62,,52,0
f34bb9ec-8724-43bd-a27d-79064e104eb9,66,4,52,0
 58b4c5d5-e039-49b4-9ab2-0c86f7c405f6,66,0,47,1
eca4e838-4d4a-476d-8708-1de7e02418b7,63,2,32,0
c359e46e-ecb7-4031-b887-297caefd76cd,49,1,49,0
886cbf7b-a7de-42e2-b690-5507cbb425b3,37,1,38,0
084e7e7f-a384-4085-8e3d-a35a41f8b92e,39,2,51,0
528e4efe-4e8f-4903-96ff-fa7032a53e46,56,1,17,1
469bb0b1-e2d6-4d5a-9215-2746900f4759,64,2,55,1
e46a3b18-5bac-46da-b011-bcb9738df713,61,,43,0
768a4650-201a-4563-9955-d0a8ae8be8ea,60,1,,0
3018d776-4158-4446-9f48-c665315eda47,42,4,21,0
56656b62-b89c-442e-a43e-e6e432b3e460,46,1,19,0
714f2c29-3574-44d9-9150-4572256f4221,41,2,65,0
9abf3f98-e09a-4a9d-855f-6314c1bb0cf8,59,2,129,0
0a48f5c4-676f-450e-84af-146ee9e5c33f,42,,57,0
64f9c472-0774-46cc-a8af-f3e4ce7a9398,46,2,34,0
a1fc15d8-a59f-42d2-875f-37859b395de2,68,1,61,0
96d77704-82b7-4425-b906-5d46561e8ff8,65,1,82,0
8cff2282-ce7b-41bd-ada5-2c6a1d80a0bf,54,,181,0
9413e9ff-0aa5-416b-ba28-64a38f4d2e2b,47,0,32,0
ae06876b-6c1f-45fd-9f76-8c987797ad51,35,4,71,0
03e7202e-613d-4336-ac1a-29e1678121a4,53,1,95,0
83e87773-9b69-4edb-b60e-dd9a6c319f82,69,0,86,0
d6f59369-94e6-4a6b-83bf-1f466f91f6d8,50,4,20,0
03df386e-b651-43de-b07b-c4edad5c9a31,66,2,108,0
34617c78-9688-460d-9302-531130d43f56,59,,64,0
5c8d595e-bbe1-4e6f-a7ca-4898c4ab25fa,59,,31,0
53500d60-9f01-4fe3-ac03-e4314d111c7f,69,1,99,0
b87c9928-e9ab-4c2a-95aa-459ff989d9db,56,2,117,1
0db372ab-928f-4a42-9d8c-0d8bf90197dc,59,1,51,0
e89e3292-c36d-4219-8c7f-2d79aba58769,38,1,48,0
d90034d1-9a6e-4046-9ae9-2d33cdc957a6,37,0,41,0
ae1a4d09-15b0-4f4a-b2c7-07d3d000ae58,40,4,147,1
72d0aa59-eb3a-4dfb-9410-43939d82db49,55,5,,0
6d967670-3ee9-480f-9f6b-2ffa85201b64,63,0,41,0
8d9a444e-ce61-4d37-a8a9-c82497e9fba5,57,0,39,1
9a6a4b13-7d45-4a79-bbd8-a3887a1bda4b,50,3,46,0
f91a3ebd-d9be-4a18-9203-0e08d3fa042c,45,2,131,0
03b997b7-20bd-4b2c-9478-b7d2c928b528,45,2,60,0
b39f5115-7b38-43de-a5a5-148a36e33b88,50,,22,0
9bbb4bae-bd30-4dbe-8eb7-7a6c1a47c60b,45,1,,0
b09dc63a-dea8-4e66-9fc1-15422a55cd47,68,0,93,0
91038a2f-7557-4d74-ae17-d78d3bf3123e,39,1,87,0
de272b7f-0a43-48e9-afe0-6923d5f46f17,36,1,73,0
07d89f84-d5e8-4c4e-83d6-b90d2bbf2f8a,53,2,80,0
5aedaa95-204e-4c2d-aacc-23c5de9c83e6,54,1,137,0
19f52f7e-19bf-4468-81c2-01ee3d7dfc8d,44,4,44,1
ed483ca5-3173-4b85-b397-aa3fb93a98a8,56,2,36,0
fbc28765-d244-4b3e-abbd-ac97804ae466,62,2,111,1
f8016334-dda4-4c3c-888b-e4781602f38a,63,2,43,0
fc4b0311-0577-4848-8d87-08ad5c42a4f6,45,2,79,0
82a1b8ba-0537-4c70-9f5f-174755bb6b5c,61,0,25,0
8821c902-c7ce-4e10-97db-d73d0331cc4b,51,1,76,1
84f88319-3aec-4eae-ad30-3270773785cc,69,1,63,0
14cd0e89-fbde-4bd6-9b9d-66843a292a81,35,3,,0
ad580c6b-16a9-4f22-8ef3-fdef98c559fd,54,1,,0
e3f9e94d-da57-46f8-8029-972959e661dc,63,0,143,1
de52a383-d368-4928-9908-02a50826eed0,65,1,139,1
1053fea0-fac4-47fa-be16-be4e886f577c,67,1,33,0
cb76bd0e-838c-440f-bc6a-18aa8a29282f,65,2,33,1
0aaa3d29-7252-4ae7-b82c-3577f3e6ad5a,38,3,,0
c63307f9-d476-4140-b455-794e8bc31daa,54,2,52,0
c863aa10-6475-483c-9f19-cd53ba0f4a9f,62,2,,1
2922b585-3814-4816-afc5-bb79cf671aa2,40,2,,1
e51b2c9f-eb42-4f3b-a878-397595803157,47,1,20,0
1587158d-4e54-4290-b75e-122515f51365,37,,72,1
dae522a2-38a0-4ce9-accc-b9e2e6fb7d48,53,1,65,0
0375effa-8294-41f0-a540-59dcee56fbb6,64,1,97,0
39771af7-cca6-4e9a-93cb-a4e4dc62a261,49,1,80,0
 d7e80f6e-cc66-4b1d-816e-dc4fbe66a5ca ,39,2,54,1
3f8f777c-7f28-49cd-b6de-51182bf7fc7e,68,2,119,0
4ed2fe18-94aa-4a10-a76b-0c9e9cbe7bb4,46,0,74,0
cf890f39-1e6f-4579-a75e-37b362b15e1b,35,,73,1
9012c41a-bd65-4afe-97a7-2fb56483e307,42,1,47,0
449a6914-f970-4e89-b800-72b1285f686c,63,0,125,0
d810dda4-a8d7-4d7c-9144-e712e65d30ad,35,2,54,0
71eb6398-163d-40fd-b943-079e9aefac0c,34,2,29,0
d6476ada-a7dc-4c65-ab7c-1f2e65b5bc47,51,1,21,0
b94edb18-6756-4efc-802f-671d883523b5,59,4,38,0
c139f929-8cfe-4220-9d0e-579f2454d8ba,65,0,111,1
78f021e3-d703-48a3-ba04-caaa95d5c78e,67,1,80,0
2c7aef85-428a-4418-87cb-51ddf61564be,46,,58,1
8f6e1290-c9a1-4046-8657-8532a38f811b,65,0,58,1
54d3e4ca-0ebb-48b6-b5e6-fcea92a35d96,43,1,112,0
89736a6f-44ff-41ae-8dd4-cf5d73d6b002,69,2,126,1
44ae0521-f3b6-4ec4-b901-9e5cbbdcc48f,54,0,66,1
3082cc8e-2c2f-40df-bdc1-8975004f0fad,64,2,75,0
4690c1b9-63df-45e3-b33b-601fa9acfab8,45,0,44,0
4e56ff3d-b008-4881-84b1-ec3d05500e0e,62,,53,1
843ea447-8927-4f07-a4aa-f4a3478624d1,50,3,149,0
e3aa8f30-6e15-4459-afe0-90ac1e9719a0,35,0,33,0
26c5ea2e-5703-4a48-806b-b688605c9e67,43,2,102,1
f7871c63-e34b-4a8f-8fa3-00ecf911cc7a,39,1,95,1
817ec745-91f0-46e2-8771-47a1db3b674a,51,3,80,0
a7ac5e47-1983-42fb-b497-586e564e8f66,68,0,174,0
6b808160-a95e-4465-92d3-70773c0a7081,60,1,30,0
1a01d3ea-8da4-4623-bfe5-3f507eb31dc0,59,3,55,1
346673ed-5be9-44ac-babc-c2a3083c5880,37,2,88,0
fce4181b-cf9c-4403-b5ab-b6f4e0ecab4e,54,2,100,0
7156fd83-7669-4c99-9527-91c5b8ad50b2,56,4,77,0
6112fe17-81d7-4690-8a12-23cd7db8300a,36,1,29,0
ea98718a-035e-4606-88c8-ed319f9050d9,44,0,61,0
dee69a86-ee64-4e77-8e19-f8f9e1cca9b4,44,1,106,0
91778bfa-a426-44fc-a828-05f1c6f8dbd9,50,1,81,1
1571fe50-ea96-4ffb-81b4-9748e2aa3744,53,2,113,0
569cb45c-a82a-4435-ae3b-619719e7748e,61,4,40,1
cb5f9acf-55f2-45d6-8408-3a9ea94d893e,52,2,55,0
10618870-3cd5-4472-924c-1a8aebe2848f,53,1,109,0
428e1118-8c5e-4e91-8a2f-17e5d739d875,34,2,,0
df08e5a0-14b2-45ae-9277-de8d95ae3a7d,56,1,39,0
1fa837bb-feac-4bc9-a42e-233714c9d9bd,65,1,65,1
4caba354-408a-4b89-94b0-3c2ee69b1a52,58,1,,0
852abdd0-e27f-43eb-bc53-80d5e4f65f7c,60,2,76,0
ffbad891-ead5-48c7-b195-5258c75016ea,51,1,131,0
37ad8474-3b1a-48cd-92f8-dd5ca6b332d3,68,3,53,0
09753350-161c-4066-91ee-7cb3bfcb5bd2,56,2,82,0
b84a354c-533c-4c2e-83c7-4b4fd04b6245,36,0,50,0
b035cb38-4d1f-4be2-be92-70c1f2ac2944,57,0,65,0
4bef6f6f-ba4b-4f97-8dc9-01571337010a,46,0,210,0
554e150f-f9c6-4735-b1d3-e43503f48a84,48,1,44,0
b26f0f7b-ac74-46c5-b9ee-1de2a6315a9f,54,1,106,1
fa5e3588-88ac-419a-b3e1-94d9d2367cea,63,1,172,0
fdf5f40a-f8c2-4738-a9b3-e421bac74aa8,35,,75,0
b10753a0-0507-4ec0-af93-e1ae6b4d7981,69,4,27,1
af71698c-7cb9-48cf-a1b0-cde2020b0bba,62,,,1
5bd03a10-9bf7-4e4b-b9d6-ede2d0b34563,60,2,105,0
fd4e7bda-4526-493b-9e4e-2b67569d11b9,58,1,63,0
d4236eed-85d1-42b5-a2b0-4a34b3406954,44,2,,1
00fa1d72-9cd8-4ad3-b2c2-7755ff41472b,56,2,,0
44507534-6c81-427f-bfae-2daa9dd5ae91,48,0,45,0
6de4a5d9-5a33-44e4-9f63-37e677741e3a,35,,31,0
522ad774-c2af-438e-b842-517aaf751cd0,55,2,,0
21293996-c48b-4fd8-afd5-68808e62aebd,45,1,85,0
6050f677-bbba-47e4-ae7c-ed63dd2d7388,35,0,38,0
6660f70f-0637-4e80-a4a8-70e104269eb7,65,2,81,1
c95b0222-19d5-4263-9aec-62d72d2e0430,56,1,80,0
cc2fb144-2c97-4e9e-ad22-8da69d3a9f3a,54,1,150,0
3bb6a455-6a95-41fd-a10f-726981b94403,66,0,33,1
f435b7a3-d4c9-4f0d-88a5-33bd99122b5b,44,1,,0
82af1e54-ce1d-4d5c-a412-1db8631e6c4a,52,3,84,0
ac0045e7-9083-4a44-98ec-ad04216b72a4,48,,,0
70943fd1-03de-4b9b-84a6-f5c302cd1193,59,2,,1
0b6876a1-f544-453d-addf-b3fe8ec9a7b6,36,1,33,0
276b45a5-b286-469a-929a-36b260c9eaa6,60,2,80,0
419e9c31-c055-4dad-a4f8-3528ff8c388f,51,2,105,0
f8dc72c6-f11d-4005-ab22-5e132cb4e9e1,40,,158,0
dd27f51f-210b-4169-876f-bc047b2ba86a,61,0,69,0
14993810-04db-41e4-afa0-2348fdc4fe10,50,2,76,1
bfe297f5-b615-4044-aee9-45d79a8a01cb,40,0,20,1
2af5ec2a-2b75-4d50-b128-3780b0bef2c4,62,2,72,0
b5019079-f0ce-47bb-88fd-3bd51d3f6af4,65,1,44,0
a93a3567-ff7c-4072-8e71-1060b250bf9c,66,,71,0
2c344e20-82f2-441b-a3bb-781d74920a37,48,1,36,1
09e00fe9-e4b2-47ed-8c24-6e2f064dfd9d,58,0,36,0
489a28ee-807e-4483-934e-0c4c34cdc45a,48,1,30,0
609ef0ec-54f0-4752-850d-2b3992978135,46,,,0
c5184bfa-33a9-4ccc-9a01-e91b96c9c40f,39,2,53,1
5f29a572-4c98-4349-a887-b4f8971671cd,58,1,92,0
41d2d70b-86e0-4ab4-9669-90905f236caf,42,2,38,0
9be539fd-e7ee-48b9-80c1-b52d2ae0d572,50,3,125,0
49b18a31-4875-47aa-8738-22b3921c4fdc,48,0,46,1
b76a2f8f-61b1-4ac5-9992-1a8ca7943561,48,1,62,0
b948d01c-6441-4bf1-becc-77261e1e2581,56,1,58,0
772c0463-df7e-4352-a51b-6018c1bb5d7b,40,3,41,0
c8605a21-eae0-446d-88a6-065690cee916,43,3,102,0
1b12c7d6-d4e1-4964-9f8f-52b7e11353c3,62,0,104,0
a4503872-356c-4504-b52d-5dd04e9d48ee,47,1,48,0
63426c9f-e06a-4bf0-ab2d-7c716d4685a1,39,2,90,0
4ed1ee84-3489-48ff-af1e-c79dfb8a124e,63,1,71,0
04bf5a91-0619-4d17-9654-c99eef276b00,62,1,28,1
8f580704-4473-4403-bcf6-5d8b99e64eca,35,1,97,1
6aa67d8e-fc8f-4737-a5ae-ffa5faf203a3,49,2,29,0
0427911a-7f9f-4fac-b990-bd91b52d3266,57,0,86,0
16f3987d-25cd-4042-8580-6b9616f18be9,43,1,29,0
eac8a985-5c4c-455f-82c4-a21a59896a4a,57,2,22,0
912a1451-a820-4ebe-9165-4d67a3cbec1b,60,2,43,0
5d634c02-ffa3-458c-8fe3-7c830ca26d65,36,3,41,0
680ce690-8c3b-4e8f-8580-c780c4f1e357,43,1,72,0
b9aaf766-1390-4a38-8171-d14d517e985c,64,2,41,0
5114e7ee-3424-4012-96f5-7a5c9927cc16,64,2,,0
b945a47d-aae5-4a4e-be78-97bf5ad23da0,61,2,59,0
671179e6-33da-4c84-8215-18a333ba458e,44,2,55,0
579517d8-0171-4a06-9003-59edd53528d6,35,0,28,0
eaca4d61-c94b-4a93-a400-b9882b865031,58,0,49,0
1260b129-ab93-48d9-9928-f2cc2e6b7213,66,0,64,0
11d78a20-d5e3-4186-90ca-01a0dca1314f,36,2,96,0
06c4e59b-2dcc-4400-8cbf-c7345a637a6d,46,1,79,1
532174e0-2da2-4715-9f85-09d43fb40cf1,67,0,90,0
2b204783-21c4-4f0b-8f11-72d934a2023e,53,1,39,0
ad779663-f5e1-499a-9267-f2976b8ef6c4,52,4,40,0
3a9e1c85-2d35-4e59-8b5f-dd96e9cb8a4e,51,0,75,0
90167fa6-6fce-4c14-81dd-a0c141f7df17,55,0,69,0
60cd7fdd-41e0-4000-8793-fc76d8d222a7,45,2,,1
52f5db29-33c0-4193-961e-aefb2af46731,54,0,24,0
f1a50e21-bbdb-4b66-adde-6b15f0936e27,55,0,113,0
86f46a96-1b0f-41b6-9fa0-33038eb08c33,45,1,140,0
a6dd9037-3d7b-4101-9875-8f77ae6cbc8d,68,1,118,0
ec0f7813-9705-4cef-a548-c0caf98e519c,44,2,101,0
0d3c4eb7-31fc-4fca-8dd7-827299b10dd4,52,0,110,0
033ed08c-ce08-401f-ac2e-56cef5b432f3,68,2,112,0
f0fc9f0b-6c23-495f-b3eb-758cc63b8caa,68,1,31,0
81795ac6-3520-463d-be43-1bdef7b85f7a,46,0,57,0
2e4bca28-7577-4c03-99eb-4069ade9685b,59,0,167,0
f744140d-ccf2-4321-9a4c-225a6ea6eee6,42,1,66,0
ba027bf8-8a70-4151-b3a9-eab55710d732,42,1,114,0
9ef455e2-cc82-4122-ad08-fdfd0e7c7657,65,,84,1
256526b3-e104-4577-b970-dcff6e49f960,68,1,60,1
88b1f28d-1bd1-46b4-aee9-d24451ba9013,50,5,63,1
20675889-f6d7-4976-a263-5ed85b328fd9,58,2,35,0
b29b7f76-84aa-4f92-8ec8-df0c3207f827,49,2,80,0
643d2f10-923d-433e-bfac-b5157d646f9c,63,1,56,0
511cf488-8fd9-4f2a-86e2-3af0f4203bbc,67,1,45,0
1ae8f6ea-53a7-416e-b1f1-d222be0b48f2,54,1,62,0
1a703eaf-4f64-4312-bc7a-986205fb0805,35,,54,0
9ff3080e-5b4d-429f-bc93-e559ec08a27f,66,1,68,0
08545daa-7c87-418c-ab71-fccbb383c518,50,2,101,1
7d86340c-b601-4ef5-a569-fed392a7fc43,68,,53,0
2726de91-f68e-4f61-a5ce-ff957fd476f4,53,3,80,0
863f03cd-53a1-475a-8f3b-16d87dbc2e9f,40,1,45,0
e917bf87-9bab-4879-8bcd-c720e48e7da0,46,1,123,0
dc62e073-ab20-4a68-850d-c44a658f1480,50,1,50,1
4eb1c95b-8d9a-455d-8d35-3d9c03036ff1,52,0,69,1
15be5a10-3c80-4e46-997d-76e34edb8e98,58,3,32,0
3ef02991-4c88-452a-892e-c577bd082bec,38,1,,0
6174bc25-2360-475a-aa6c-b7e21e9fc241,66,1,82,0
62026928-7b9c-4ae9-ba0d-00b2ff90641f,67,4,96,0
95b49fe8-ad10-4fb4-8a2b-3e609fceef38,41,3,89,1
497c00a0-991b-4929-8f23-7e13789622ad,51,2,70,0
b17650dd-2da3-4a63-ad35-8e88df048899,34,0,89,0
af83759a-9b5f-460f-bcb6-226504986408,35,1,47,1
03ba471e-6e4a-4f19-a326-93165489fd59,34,0,34,0
ae6fb167-40d5-44ee-9bc1-6d9582d3ab28,63,3,,0
a0013a3b-91cf-47be-b646-76dbf8b11ad2,56,0,120,0
2cc24caa-4f23-4a87-8708-c0d9b0966d7c,60,2,,0
d1bc6a51-4676-4129-a95b-28640e21e342,52,4,,0
1cfe242f-1293-4d42-90c9-1c7f29f919ea,37,0,23,0
038a791a-82fb-458b-a4c2-783b76c8e2d6,49,2,53,0
3cfdf2ad-0312-4c9c-ac10-7575e275316e,37,,154,0
f99a66eb-ddbf-4427-a7ac-149e9b2a42b0,52,1,23,0
e726744b-1e74-4f0d-a48c-9ef810559d7f,61,1,57,0
18b56ffa-31dc-438c-acfc-db22dac065b2,41,1,120,0
779d59b3-67ce-4ac5-a6a0-506f4bce8488,46,1,43,0
82968b63-e672-4a54-9c8d-b6a70fa776e2,56,1,64,0
154d1d53-cc13-42b0-96c6-78f52f97dfcd,63,3,22,0
b16ea12e-3a03-447e-a35e-dbac00777481,66,2,131,1
7e96cfdf-1df1-4067-8590-6dd3906046bb,47,1,67,0
bf328992-a0d2-42a3-8795-c781ea32a117,65,1,,0
07cbdf61-d50c-46fb-b818-c6f7398551c4,48,1,71,0
f4c168a8-6553-44ac-91e1-eb7142ca11a7,56,,88,0
0ec43768-66c9-41a0-857a-5e02093698ba,64,1,133,0
8fce7e48-2fbe-4d52-b260-f4a6a2f257e5,45,25,458.6750428,0
774ae5e8-9028-49cd-8ce0-013a37876109,49,5,40,1
fda26f04-dcba-46b0-a617-3067ecde8ed4,48,1,,0
e5d3bcd2-4051-45de-ae86-9633112966f9,43,1,47,0
55d4d999-c976-4792-98e9-162e2d0c8286,43,2,20,0
551b28bd-26d5-4d15-89a0-9cb4020f5cc5,69,2,56,1
0c7fc7cd-9c76-457f-aa60-8a72f33e7b97,41,2,118,0
aa1d2e64-a9c8-4423-8c71-a7cc11d3e613,69,1,67,0
83b45a97-39a1-4aa0-9064-e8d0402b41f3,61,5,61,0
b4f2c230-b6fa-4f62-a89b-b700d36e096a,56,2,70,0
b8b837f7-79e8-4149-978b-59f58ccb39b7,52,2,74,1
7ed45dda-bb2c-4a62-aca2-9ddc001b39b6,67,1,35,0
147d12b4-c751-4c77-ac08-77f3bbe8794f,49,2,34,0
eb9a120c-da98-47a7-87ff-e2e9ff642d90,64,0,70,0
991920e3-bb44-4e5e-9df2-a5db613d2d01,60,,23,1
0b64e9c3-a6cf-4093-b989-aa2d7610e20f,37,2,105,0
7853712f-b2ff-4489-995e-e72f6740b993,35,2,51,0
3f11c7b8-0f57-4569-aad8-83d541eb09fc,66,1,68,0
710a7cad-cd91-4836-bd46-5ad1374f810f,34,3,52,1
5b01871c-1b4a-4852-9f31-35e6bd81ce30,52,,56,0
47a14f4c-d8fb-42dc-b5d2-8c1adec4ab93,66,,25,0
c462c88b-1b54-47fe-9c3b-9003d8291f7f,53,0,157,0
36bac9a3-660f-4920-bca2-7f8ea93cd284,38,2,41,0
14dce089-d582-46da-be0c-c040363852c2,36,2,39,0
073c719f-2e0d-4d90-94ea-89085fe2365c,67,2,98,0
3141dfce-7a31-4fa4-a2d7-50a224bd6f38,45,3,,0
8a34ac37-6dbd-4a32-bc04-b06df8dbbff9,45,4,79,0
ceadba1c-2279-4632-8b51-2778dcc52dc3,47,4,53,0
67a43520-4b35-47c1-92f5-0779d1573ff3,58,3,40,0
2d4f90fd-32f5-418e-bd4c-7078c1c60217,53,0,35,0
3ad48130-ced4-4d81-a494-49afb1020d93,50,3,52,0
321978c9-6501-41b4-88f9-1b19ab4e53eb,51,1,,1
c78ff1b2-179f-4761-8391-057e2bc9fd5d,62,,148,0
f39a2ee9-fd74-4b6f-bf2e-5ff38293237c,41,1,49,0
5cd9e96d-e2b9-4c3c-8512-a4463fc9a5e9,40,0,107,0
6d92f28d-b55a-4607-9665-df4b0b695208,35,2,24,0
454bbe7e-2eea-4816-96d1-cf8d85d87ad5,47,1,22,0
3ce2104e-3082-4b63-b045-732498cf3b45,37,2,145,0
c6d0fafd-f7c2-4db8-b15f-c8458d021ca2,49,3,22,1
170f0ce5-2c23-470f-a5c0-754e4ffa1b49,67,,,0
15ec16fd-d31d-43ea-9b6f-ba6ee651b62b,66,1,123,0
22d31146-d70b-42ff-bf2c-75b25ad17a41,47,0,62,0
cef58cce-6d78-44fb-a7ee-583729f966c0,66,4,120,0
535fba04-87e7-4ce5-99da-cd5b5dbc5842,47,1,54,0
956802e8-7d9a-4763-af11-9914381e7ff1,54,1,109,0
88482aed-9ae7-4bdc-b2bd-ae7ee83609fa,58,4,30,0
88f3cdd8-dc42-4e82-a281-b0ec53fd1616,67,1,48,0
37fb6655-1f8e-4959-9552-14c8ed1de9ff,53,2,85,1
6101adaa-6769-4e36-b618-d1976b896676,60,1,105,1
c41b3063-bd51-46fa-8d54-3c80fb80585a,62,,45,0
d170a87c-7eee-4e88-afaf-22bf2fdd106d,59,0,69,0
eb3ff63b-2219-47ab-9a6b-9fb599fc7bd5,46,2,19,0
baeb4092-ec4f-41fc-9589-e07f6f8c0fd6,63,3,145,0
cdb3f173-3a5e-4a1b-951a-0d85641f59d6,49,,128,0
34bbdc5b-ed81-4eff-a3a2-0f8d8e35440e,60,1,54,0
ca70f334-de85-41f7-aba7-a31e39797307,35,0,82,0
38300790-636c-4320-9213-8a205e6eeaca,51,0,15,1
cceae763-9d0c-4982-a9b1-07f0afa4bf3a,59,1,26,0
3c1e218e-767c-4416-a819-c8736d4f3627,39,1,67,1
5fe66f50-fb15-4959-b479-4803ca783853,49,2,75,1
1fb6285e-2c03-420b-8145-f6f681634db1,50,0,42,0
50fe298a-97de-4396-b9a6-e140ea453dbe,61,0,70,0
5ff36a69-d3b4-4cf0-b6c8-ce568ae56d2a,36,2,73,0
8a6943a5-ee67-4c9b-a098-5bba55c470c4,38,,55,0
b1e692a5-f730-4f6d-9a3d-7f90b85e9eed,62,1,,0
75545574-57bd-40f7-97ce-4ce106b30c58,37,3,84,0
43dd1677-317b-4162-ac13-7bd212dad172,36,9,96,1
487bcc2c-96eb-491d-8b34-38a16486c753,54,1,44,0
e0ceb3a3-9d98-43d7-8903-bfb1ac155127,53,6,31,0
996dd00e-67b2-4e82-a011-7c0eed028e6e,34,1,48,0
6864b52f-1c65-4b6e-b33c-59a4650482a8,49,2,31,0
596f149f-f484-44ea-a6db-8cde855f299a,64,1,30,0
17761771-4b32-421e-b18b-69479d0f40c1,68,1,30,0
2196db3c-56be-4b91-95e7-aa81737ab4d6,42,2,72,0
284c596f-6b46-4da2-8e1f-65bc12f1287e,53,1,51,1
96d76743-40c4-4566-9463-1de0a4c4b271,58,1,46,0
b4f5ff14-dd8c-4eec-ad28-43631daa7e49,53,2,70,0
bdc48b8b-76f9-484b-9228-6685dd64e8fa,66,3,32,0
84769653-c6cb-4f30-8a91-bf21c8ea6b52,59,,121,0
2050f247-5856-40b6-abf7-66ce3a79af00,38,0,41,0
ae56c8f9-2c53-4b3c-b9b5-af34405ed720,57,1,82,0
dd69dbdd-302c-4f85-bd2c-0fc784f6104a,61,2,52,0
d6fc149b-bc69-40fc-b09f-d8d408d886cb,62,3,69,0
3ef888cc-eccd-4406-99a1-dfe95e20c498,39,1,143,0
7b717f00-5978-436d-846c-8cc6aa11b38c,68,1,67,1
4e14d562-b7d9-4590-bb4e-56e72a598ed3,51,1,34,0
62e58b34-5457-4936-bf03-ac2fadf3768e,67,2,,0
5dc46742-d52e-4d35-8022-c060d6689c7e,48,3,104,0
64725607-c94e-40ab-adb4-786c1452bcbf,43,2,112,1
6a5f6490-a4ae-48b9-821d-6820beec3703,41,1,90,0
ffe45633-d8c5-49b3-9e0d-18a2db49c96d,64,1,81,0
788852fb-dbc2-454c-a1f0-939baf5c5d26,62,2,49,1
ff29b25c-375f-4a08-ab13-aa2ded0caea6,58,1,33,0
372d4838-4acb-4905-9ed4-f0bfa8947da1,61,1,103,0
fb616806-3860-47b8-80a2-3af09e49157a,43,0,48,1
aa8587e0-c593-4073-9fb1-9a14a29525b6,39,3,31,0
e1dbc81a-f7b9-417c-863b-6ffade31c3bd,34,1,47,1
756d6511-6c9b-4c9c-98ef-fcd94de670b1,54,0,44,0
166bfe67-7b23-4e65-acdb-2609d046e0f3,62,2,47,0
984d660a-05cd-4868-bf29-1072b8e71a00,37,2,51,0
1e0ebcf9-4362-46d7-a14f-a3b3c2f2748b,65,3,42,0
606dd196-7a9e-4460-b6d6-68469c7b6033,58,3,62,0
5f0187df-eb54-4d26-bd39-13915750bbfb,62,0,40,1
6647d64a-9eb6-489d-87b9-ae54874b4569,34,2,71,1
2e08ad27-e605-4dfe-bd95-5a55577f08c5,44,2,110,0
11d5202d-c451-4d65-8796-55058fcf62fb,46,2,97,0
a4865354-26a8-4e7f-99e7-cdb0a876e4dc,61,2,32,0
f102ca45-3be7-41b8-8cff-35590ee2b4c9,44,1,79,1
534b06e7-9ade-43e2-abdf-5efd41e03b80,40,1,188,0
e13e5078-6d8d-4777-90c9-ad76d567e795,59,1,75,1
fc85132c-a203-49c4-9901-bde2bf6fef84,61,0,33,0
eb1b898c-356b-4f5d-b7b9-57d91d83f882,63,1,34,0
5c61afaf-b757-43b7-a4ed-e3a0ed0abcc9,47,4,145,1
66ba4638-d7ff-422d-95a9-0b73ea46dd0b,49,1,158,0
92a39870-cce7-4fa2-a089-5e2b90dac55e,39,3,34,0
647698c8-7347-43bd-b4e2-586f3a72a7e9,58,1,87,0
dc53b107-1f52-4da4-aa2b-c164b79eb61b,68,0,78,0
3123efc4-cd52-4582-a257-c83ff840c2ef,55,1,128,0
dc6053d9-4121-485c-80dd-c7770ad7723e,43,1,87,0
fb0a0586-76b0-4107-91a6-8ca8dc178404,44,1,115,1
4a61aa57-2fe9-4493-92f8-e555675c0387,46,4,76,0
1ecc8239-4212-40ff-8efc-749af07f80d8,67,1,57,0
a88bf418-20c3-4981-be91-4352dcd0cd5e,40,1,58,0
edb017ef-e6c9-4a93-bcc4-0fa044308465,59,0,141,0
0e027116-59ff-498f-a596-fffee7e546fd,40,0,43,0
a01110cf-91c4-49ef-b021-8ad980483b7e,60,0,24,0
4d5b6f73-0ace-4035-aec9-56de86d7aeee,36,0,64,0
b5be5fec-1c5f-497c-8927-416be6418c0a,46,1,172,0
549e8a89-da89-45d3-8d11-c6dc3f49cd86,42,0,46,1
14a04a8a-3123-4011-9f57-2de739102afe,36,1,87,0
bf4dd0ae-038e-41f3-a77a-f077beca47d8,51,1,65,0
7d69dacb-5486-492a-818e-760ffe350e2f,55,3,130,0
ab9e19ee-611a-4caf-bb79-8a11cd00eeb5,62,1,57,0
3db354e6-2f27-448c-bb57-01e991596b48,57,1,51,0
0a4d678d-081a-4da1-97ca-0dd5e2ddcc90,54,1,25,1
4906cd1d-0cce-4475-a970-d46bb2782b41,41,4,59,0
0af1224d-3b2b-4ede-b3cb-b584c1e5cbb7,51,2,76,0
6d9ff2bc-8dd5-4844-926a-f0b3fd8dfaf0,36,1,80,0
7e8aa9e2-84b5-4e21-90ee-6372b5a613b0,55,1,45,0
d7bf1749-f522-4ab0-9387-97ea9e337beb,51,1,33,0
113f7cbb-1d83-4533-a302-f249e7a7ed6d,46,,51,0
54097f9c-a550-4e39-93af-55b4883dcb05,36,1,44,0
26c9be87-dfbd-456a-9120-9e409ea2f873,57,4,36,0
4cebe33b-3116-4f1f-87fc-b25e48dcc289,39,3,,0
4cdee928-ac62-4c07-8b57-dedaa6587251,46,0,156,0
23039c64-3c91-4672-8300-d032454464c8,44,2,33,1
e6ea9823-6dc1-4cb9-9233-304d9de6786d,55,0,38,1
940520c1-0fac-4345-8dbd-2bd556eb643f,51,0,45,0
df47b404-de00-4935-99fc-26d8f259ffb1,40,0,104,1
0bdba92f-a9ba-49ff-ad5d-fb82c21f2a69,45,2,68,0
da26ef2c-316f-4a1a-aa83-c0068a612b03,64,1,54,0
7c7f5945-e17e-48c2-b132-56a01fb97911,61,1,78,1
52d1f69a-9962-4865-a45e-ccc44a6535d0,43,0,125,0
266e2fda-a0d6-45dc-9b99-ba7b1cff3995,50,1,64,0
4d0c17f4-6770-49e7-a1c1-a4df5af2ebe8,46,3,54,0
66b7f237-2c14-4778-b710-6c76ae1c7394,45,,69,0
d57b5913-012f-4d5e-b4af-2fd18d8d5416,69,4,46,0
9428ae17-6e4a-4c6c-8b14-9eb93e1ecfc6,63,1,101,0
2933e644-8451-4eae-9d95-f915b408202b,56,2,27,0
b22f2fa8-c052-44c8-983e-84364db5a29e,37,2,36,0
967a4d7a-583c-4a8c-abed-97d48a759ccf,66,2,51,0
8210e502-f83a-40c3-ab9b-06a51627c7c0,58,1,101,0
3603b225-eeba-407c-99eb-7460de34d83c,60,2,45,0
66600aab-3dfb-40cc-b8d3-f47409d042e8,50,0,,1
5d2b2ca0-4489-40f0-9e33-d9104fb7bab4,42,,72,0
a6c058a7-7ed5-4cdf-a47e-5ed54a798fbe,35,1,30,0
7c6f752d-d1ee-4147-8216-94f3494b99ab,56,1,44,0
0eaa0cd6-c95b-44c4-a56f-69dd220dfd5f,66,1,23,0
f637e46d-9dce-4730-8da7-23feb0fa4ce7,67,2,,0
8a0b54f0-1784-4ed1-afa2-a07c9246f03a,58,1,53,0
40fdd253-35e0-40cc-8f15-cfc8f226003b,61,4,94,0
f3fca529-8ff9-4d12-9e3a-675aea1da253,34,2,67,0
c346a555-7af3-4297-a8cc-6ad4166b615a,46,0,47,0
319c94f8-b598-43c0-92f6-4e65fcc7f3bc,42,2,101,0
4e7e156d-7bcc-4c09-a8d3-b1a85f4c9a84,68,2,71,0
7dc0b074-b2b2-4c34-8c16-4e117291c167,61,0,95,0
b477ad66-bd2d-4078-84be-9149695b100e,46,0,31,0
028e85a2-2eab-4ca1-a48f-553d24d0429a,39,1,28,0
70b36ea3-8ea1-4c34-ba13-aa2e1f9497fe,57,2,37,0
79d73e71-649b-44bb-b860-3e818faf80a6,39,1,68,0
268cf0f4-92e3-4141-a87a-eb74352ab4ce,39,1,102,0
41d7a776-ba17-4a29-b208-ccec247d7df2,42,2,123,0
a3ecc8c8-9e44-4df6-a8bd-e8e33abd054b,52,4,49,0
b952733b-8399-4579-867c-bfbf5e203643,55,,87,0
d7db4244-916c-4737-9a0a-cf7cef7ccce0,54,0,57,0
3c60e62c-f486-406d-bb53-d6fdc8cb8a2c,63,0,105,0
f517a5e7-180b-4685-abb1-f378b641b187,62,1,133,0
de20dfba-c22b-41d7-88c1-0f7f82efd906,44,0,123,0
cbf591b3-05d6-4133-92b6-7deb58c5a2d3,35,3,27,1
74cc6285-d516-43e3-98ed-efd5048553b8,44,1,40,1
b448011d-3daf-4993-bedc-da1342685fec,47,2,21,1
e3719de9-0ab1-40c4-a232-f1ec59e29901,40,0,,0
27b2469d-6836-43cf-baaa-7e0b05bf7697,55,0,,0
a596f745-4c72-45d6-ab8b-76b0aecf067e,40,1,53,0
c70ea02f-ec1f-4a8f-a987-586aa82bc188,57,2,81,0
e6b4f47e-d5cc-4233-b298-609520cba60d,42,0,56,0
338cbe0d-7abf-45b8-8741-58b6d7079f3c,53,1,,0
8248599a-2e3e-4c39-bc42-b4c2e38822fd,57,3,116,1
28088be4-cabd-4394-a234-f446d477be55,53,0,66,0
3fdf6e56-7e2c-4e19-acc9-3c535ec2fb3f,40,3,125,1
f68334ef-eb95-4468-acae-db5784972130,68,1,116,0
1c117e14-630c-429c-aa1e-1a0ec2a7b997,59,1,58,0
f5f022df-af01-416c-88a6-f714db28ddc6,37,1,81,0
b8dba51a-4787-4612-a536-0dd06a1bcff9,37,,,0
9312fd61-b93a-4652-b940-f72d770e6ac9,40,1,105,0
a1db3f3b-3a63-4637-bfa7-0a3bc8f297b3,55,2,39,0
23a4a5df-d939-4b20-99cd-cb089f49b4a2,52,0,20,1
c6b7fb92-a3f3-4692-989a-f6b060794cac,55,,99,0
43775876-6418-423e-9aa7-b749bc825180,62,,48,0
b8cae9d3-b69c-4c5a-a39c-b5b6b8eb94d9,54,0,89,0
d36383f6-43c9-4b08-8702-fd2928f8a560,37,,64,0
eb83fae7-4c1d-4173-a09c-b11278e0b630,35,2,55,0
a58ec4e0-db90-4a96-bc6e-3d3297d6bd64,61,1,79,0
bf91343c-fc13-4e6a-ad88-4e5e4350c632,65,5,74,0
bea2c24f-ba52-4a97-a937-8b9dff3d1083,63,2,80,0
558d0826-73cb-4f11-ba58-cb609b1c24e6,47,0,27,0
d1a35328-b814-4258-a971-bd422201e137,35,4,87,1
a29b3ef6-9044-491c-bdfb-581abaf7b13e,35,2,54,0
d4a9a52b-a463-40c0-8a14-cbadf1e3ba25,65,0,62,0
db20062c-63ba-4631-91e4-6a357702d427,48,2,124,0
13cbbaea-330e-4d30-a43c-0e7f90c0f155,67,1,141,0
bd194b22-7f38-4887-a3a2-a5782e7c5425,65,1,30,1
9c3939ef-204e-4a94-995e-28a1b7ed2b1b,63,1,101,0
769ffedf-c6cb-47bf-bb2f-e771d5dc4642,36,3,71,0
4173871c-d1c7-4ac3-b53e-857353db2a21,52,2,51,0
e20e7216-6861-472d-a466-9281f2732660,59,2,131,0
d26ff0cc-4f54-4ba3-a2cd-c593b1aa88f9,57,1,31,0
7e360f55-94fd-41bd-badb-4945b5d0e9c5,64,2,61,1
5c62095e-2841-4d9a-a7d2-a8399939dc22,54,1,57,1
ea4cd769-d7d5-4ed8-bb45-a4800750f990,69,1,63,0
b2bb870f-2a0e-4ef0-86ad-c1836ad726ed,36,0,58,0
4711df9e-9c43-4bbf-bd92-f54e4000f8d5,35,0,158,0
f9df8bda-d0d5-4550-a387-31f2bf8e0bfe,56,,51,0
e0f7149b-b52b-4eb5-a41c-44aa93be3319,56,1,22,0
2c792717-0d2c-4048-9baf-6b28c77205af,37,1,72,0
5998635b-da4c-4321-8f88-f596c7267ab2,54,3,136,0
4666e365-f290-4180-b157-6fd94a3edff7,57,,40,1
253e601d-8050-49ae-a2f8-1ab6e404dc8e,52,,138,0
7aa9f2e7-2db9-4cb7-83ac-2ceaf59e0feb,69,2,57,1
d3aa3e5f-1cc1-45ff-aec8-6900ddd44a23,48,1,,0
7df5a454-73fe-4459-8215-4c34ef22df73,37,2,89,1
22688ca9-4044-4680-be2c-95d6eea5b96e,53,2,,0
7a6d0415-d7c1-4e15-8a70-ad8a7527bcc6,52,1,167,1
44381ed6-f627-4bba-9d6e-13e61b0ca259,63,2,98,0
12b1a4ad-3e04-4c8c-b0ac-1a04558d665c,51,0,62,0
6c8e5cf2-1173-47eb-9ab1-68a438a2db09,47,3,110,0
9bfbadde-70b2-4ebb-9668-5f6daade8047,43,1,42,0
2beb3873-6627-4e76-96f1-71caf9833d01,65,0,53,0
f603e6d5-fb3a-4f74-a465-db63cdae3ac0,35,1,67,0
330ef533-1fbc-44f1-b35c-8fefdcb8cefc,65,2,90,0
4881f137-764f-4ae7-9516-04e748679324,66,2,29,0
9294a0b6-819e-44ae-bfed-d4f5814a400e,63,23,547.034486,0
536af651-b7d2-4b55-ae59-6f930367916f,59,,82,1
7aef8d41-3396-4e66-8737-a3cfa959850b,37,1,,0
36a5c11c-e8d5-441b-8243-61c59a9226bc,68,2,48,1
e43c4b72-0a89-4e7a-8f09-504661943bc7,61,,102,0
5f34349c-6fa1-4a24-91c0-63f181c94a81,51,1,123,0
f1e008d0-e9fc-4b44-8ae5-bdca9bf928e1,57,1,94,0
ac15cef9-71b6-435d-ae6f-3f82dec8c41d,67,2,48,0
70233c03-20d7-4fad-9a2d-fafaa5aca74b,39,2,44,1
70c219b8-180a-4045-99f8-b81322002329,65,,35,0
8bd9c1fa-34c7-4253-9d12-bf57a848b9a5,54,5,35,1
bbdeb126-84e5-4054-8bb7-e5393c7cab93,50,2,89,1
47eb3046-c5a1-475b-94b7-93eb1b81d5f5,50,1,74,0
102a6ca6-4da1-49a9-b7db-dae4cf5368de,55,1,52,0
663699a4-9bfd-4cb3-add4-cbe1eaa49348,56,,34,0
69f715bf-ae3d-4745-a469-ee82e26d0c73,37,3,71,0
8ac77e28-342f-4cc0-8645-3fff7d8b16bb,54,1,69,0
df7c12f4-4db5-4834-8723-ae25be5ba6a4,66,1,50,0
8ae52635-ed2f-4900-a077-6b1163d70e10,39,2,38,0
ec1cbbe6-b9fa-488b-bfda-6d6c34058164,67,0,66,0
7f462dda-9c2a-4d83-9aef-0037cc8a6e71,45,2,85,0
e6e65201-71c5-4feb-9f7c-b73483040dca,57,0,150,0
8d760eee-0b00-4d91-9c69-9a16d01933f8,45,1,134,0
b3686324-2e4f-4d18-9a4a-b2633d86ca0e,53,4,97,0
9011f7b3-c728-4c99-ad03-c30b19c21fd4,69,6,56,1
8f54b36b-1c2d-411c-ad35-869418f696eb,42,2,99,0
2179420e-1864-42e2-9483-394ac4a74e48,59,2,130,0
1ab9e436-f65d-41ce-8dce-d57e2ce9a6dd,37,3,66,0
10b91b1e-51ed-458b-92e4-633fdc2e07f8,68,1,44,1
f91725d1-e2be-4e39-8336-7586465c9d89,53,4,57,0
f9a91baa-ba7a-44de-a87e-6a949aec86b1,41,,31,0
92b768c4-f699-4c0a-ba83-d4f58e87622a,67,1,74,0
0053b7fa-07f8-47eb-9e88-8fcc92fea849,62,,80,0
27b9700a-5a04-48d8-be4a-a5577efc594f,53,1,66,0
8d6d8738-76d9-439a-bae2-fa9f4bb9af03,36,2,85,0
13638deb-4faf-47f6-ad71-8af4696ac2c1,49,1,92,1
8e8276d7-6456-483e-9b58-2d2c6d3c6694,42,2,65,0
21b6e1c2-a77b-4495-b56a-d7ce42180c75,69,5,114,0
2a5a38ac-c579-4f4b-b2ad-c70e2423ab71,55,2,49,0
4c6d14ae-c4ce-4366-b103-7323a508f0ca,66,1,54,0
50154de0-ca99-4cb7-93b1-010185022d62,47,2,23,0
1bdbbfe7-4957-448d-a1a7-2af6d8776742,42,0,48,0
c79a6f26-6803-4783-b0d4-a7be8cb6c2a8,66,0,,0
8c7f335a-f764-4dd2-91ed-1ad436a75e5f,66,,57,0
8a3322bb-6862-4150-98e7-1b1a9ff64d44,47,2,95,0
0bef3830-e997-4004-8ac1-9b41eeca48e7,48,3,65,0
6976833d-ea8c-48dc-b333-bc68863854f8,57,4,136,1
80c4856f-3917-4ed7-aa08-1022f48a17fe,64,2,51,0
bda5f41e-73e2-47bd-bb12-ca3f30bf6a74,44,0,145,0
6d759899-90e6-43e2-aa80-4e9e1ed83c4e,59,2,106,0
f8678c87-683a-4e51-ad40-af036163051f,68,2,48,1
d3d4e4de-4d37-4279-b561-6778d083e2b1,38,0,70,0
fa637264-9b51-4829-9dfa-6431cda5068a,57,4,65,1
b0966e73-7465-4fb8-9d58-a21fd6a2f408,39,0,112,0
2206588e-1de7-4c4b-be7c-999eba3ecb7f,59,2,46,0
732177d5-12e2-46ae-8589-f031843e2346,39,2,57,0
944037aa-f93f-4229-bb6e-3acee1e474e6,69,0,54,0
eb9fd36f-c0c6-4183-9d9e-fe9f66e64a01,60,0,82,0
9ea2655f-72ab-42e8-8753-9ea2d62c2b11,56,1,61,1
58b9ae1c-59e4-4f70-aece-2fbdbeb471ee,36,0,45,0
b8eadb8e-2b99-4acb-925d-e477200bfa32,69,,45,0
aa309114-aef6-45ba-8242-2f1685221e15,62,4,62,0
c73ebbbd-5f0b-4e99-88bd-eafa8b6cff2c,58,1,38,0
5e387dfc-e908-4525-86b4-5465c27ea2e0,67,,25,0
c9eb721a-ceb2-4d50-80f5-f94c694a8bf2,37,0,65,0
c1896d79-97d7-4775-a78f-e5e7bd03ed9a,58,0,89,1
2aae77a1-ddfa-44fd-babb-955dfda655ad,34,0,103,0
30d45219-fafc-425f-9ce4-100f5e182e64,42,1,,0
4e28e09b-62e1-4932-82c9-fa2608c8dca4,55,2,65,0
45a4b586-9460-4d04-80f9-0c5ef68435ef,63,,64,0
0cd84e55-3e1f-4acb-ac37-a55ceebd09ea,40,2,125,0
441e749e-10ab-4fdb-9e26-b47df2ff4dbf,65,1,121,0
efd346cc-9700-4f2d-b1e5-a48d3945d5c0,56,2,53,0
4650918a-9bf1-4cf0-ad91-1a1f22ca791f,63,4,39,1
33096ba0-d310-4fa6-8aba-c9d98b7b612a,39,2,64,0
664446cf-aadc-44f1-8ebc-327cece1b272,69,1,25,0
ad17e295-20f1-49fb-be08-d845b20d4dcd,69,2,54,1
f9465749-c2b8-4018-9d10-65a43889016b,52,2,125,0
cf2cc064-dbb7-4cf8-84ca-ee2678735c3d,62,2,109,0
e1c540d2-92a7-40d8-8cb4-b29f0c63b0ed,66,1,58,0
5ec53ed0-e380-41cd-8270-c2503da342d0  ,40,3,42,1
0825d19b-8120-404b-8810-cbfdc91e53f9,60,,135,0
0cf5b262-2913-4739-b954-371e1de652dd,59,2,90,0
f63b44dd-9376-49ff-94d7-df4a7be25176,52,3,50,0
e3b4acb7-e4cb-46dc-87bc-eea5e4631c84,60,1,101,0
d112d5fc-d9e9-4abb-988e-030579457a22,50,21,1877.028984,0
67c8e0c6-94f1-4725-9ccc-ddf9f3d2d526,35,1,89,1
7601296e-40d4-43cc-aebc-57f0c2a89af9,44,1,127,0
24b991fd-95e9-4e1b-8457-a9091207fbf2,57,2,55,0
10a66807-8ccd-4e99-a966-447b8e8cfde5,47,2,52,0
1eb03439-51d2-4b6c-9346-850988ce2c04,46,1,64,0
e1e6f8ef-6e0f-40b4-91df-cd246557ca10,58,0,,0
af821fab-9240-4757-a29a-8b82160b70cc,45,3,36,0
26b3c033-f417-4257-a8b7-42b6531c3a56,58,2,37,0
7265e114-278c-4e25-ba6e-075cd268c98d,64,0,40,0
3b6980ad-0736-4136-b050-5dda11671f83,48,1,142,0
f9810fef-a844-4df9-87b0-0482bb7ffba0,59,0,66,0
44d67fcd-118d-452a-9a0e-97ad5201ac9e,41,4,,0
37c5b0ff-3793-4dc9-ae62-9b280efb009e,39,1,22,0
c73bf6eb-3bc0-44ef-a47a-85eab4bd5f2f,66,,24,1
689f8865-0dd3-4a81-b636-14bf3c219b72,41,1,73,0
bf7ff8f9-d79c-47ff-998b-b5d8228b3383,53,1,125,1
5eb2499e-038e-4b75-9640-896b620d934f,62,2,79,0
17b963cd-8fa6-4e84-bd45-b7888a42d413,68,2,108,0
deab45ea-b6e7-4673-9f06-603a6d3bbe52,45,0,86,0
eefefa00-600c-4ef2-9e25-c5dc12cf8719,51,1,88,0
4efbdb48-02ed-40de-b5a0-3f37c3a3ccc7,61,2,31,0
acb06613-47bb-4d3d-8981-0622c678043c,35,,47,0
88b1dda6-bdfd-4834-a6d2-cf9b44158bef,44,2,52,0
2e4fc747-d52d-4149-b42f-2db8d6f5a13c,65,2,121,0
618eaa6c-32b0-40ec-b731-f4ab43db2275,48,0,64,0
4d55e117-b6e9-4512-9570-96daef800391,57,0,171,0
ddd09fc7-9db0-43ce-9a80-2767957d9590,45,0,30,0
953a4ed9-18ec-4f48-a9f1-4521d0ae2994,59,1,87,0
a6e3058f-8b71-4098-a9fa-4521fc5de923,61,1,183,0
538efbf0-6a21-49af-9301-be564e486122,49,0,38,1
04ca5bbc-2e59-41e3-8e6f-e7b290ba0a20,47,1,142,0
e23fa083-c609-4aaf-940f-6d3bd928d67e,49,24,966.4649675,0
9ab9e3f7-9801-41a5-b5fe-1fb0119a5d24,44,3,49,0
671761be-d47d-41f2-9e09-8bc6aec692a6,37,2,64,1
68586397-004b-43b3-b6a5-9185eced6bb8,36,1,110,0
c5908cbe-833c-479f-bd1d-544717ce12ff,34,4,74,0
10b6ee47-c9c5-4a7c-aee7-4ccff31b09b3,48,1,20,0
59db060a-f705-4647-b30f-237c3daeadf2,46,3,104,0
7710c165-f5ca-40a0-b817-b5ede5b41b24,54,4,73,1
198e39f0-30f1-4420-91c1-e705af181cac,55,2,114,0
f36fd017-91b7-4562-8e1a-1b559063792b,41,,94,0
f96b6d1b-31ed-4903-a3e9-8e4ca3387a0c,48,1,,0
942289cf-0692-4230-93d6-09071412cb94,53,0,94,0
c4aead75-50c2-42ae-bc84-26b9f9a198d2,67,3,54,0
80c6aede-7e53-46f9-b4b3-aeff99840785,62,2,35,0
fcdc7ea9-2649-4440-a1fe-3ae85a7909a3,68,1,45,1
2c914749-155e-4a91-aa51-59ae790d6695,40,,69,0
6f3c3b27-6614-4257-99a3-2d183f9d77ee,43,1,144,0
6f236489-1756-4c01-ac1f-f89079cfc7bd,34,2,57,0
9c607f40-2c2e-414e-95b9-8f1d73df573d,37,,106,0
795e6ced-0eec-4244-9d8d-8a4d7296df6a,59,3,104,0
26814e6f-6fe2-4cdb-8d6b-dbc12b00a011,60,1,110,0
80c2ba83-229f-48c3-94f5-c09935bb7609,38,2,164,0
44adfc18-5d7a-4b9b-9dd6-b6fe1a340f1f,34,1,29,0
73fb7f44-4050-425f-ad73-2323bdfeef82,51,2,26,0
bbaa4712-ee97-44be-bed6-3bc40c469a5f,42,,121,0
a20020e0-1a0d-4689-8de1-415dba7b7037,53,,117,0
827f3456-4ae2-4eee-89a8-7d138820961d,50,1,33,0
f283c1d2-396e-4d6d-bdb8-0b4c0c308615,37,,37,0
0b0d2d93-b140-4450-a4e5-008314cacf2a,44,3,35,0
ff7e918e-e635-4f4b-8b88-434ab1ce641b,64,0,145,1
e3855ebb-3d56-42b9-abf5-835518d0ab84,65,1,141,0
c680b60a-61bc-47d0-b4d9-80dc317a6799,34,3,74,0
7e21663b-224d-4dc3-81aa-8f16007b8f82,53,1,,1
ee72a658-8705-4118-9c11-99473bc70bc9,52,1,37,0
14b3eb50-0461-45c9-878e-4a919549bbaf,50,1,93,0
1e70f81e-2bcd-4fa6-a51d-215f1d041107,58,0,70,0
6292daf0-e677-4f2f-a359-612a56f68b59,39,3,98,0
0a6afa14-ad71-43c3-9239-c94a605aca81,34,2,,0
41dcf66e-fc04-4a9e-8298-8eb5eb8a3955,51,3,61,0
aa1b559d-12da-4254-ad6b-afc8821c66da,68,0,58,0
a4265e6e-1fa5-472c-b16d-a95092a6132b,47,0,47,1
6e064acd-cc4d-4ec1-9969-d981401c7a06,41,2,,0
761a1bc8-0600-4735-ba0b-53d7a4db5b53,47,,61,0
3cfe7cb4-b2fe-4ef7-86c1-644a147d0065,37,3,56,0
05a5ea42-715c-4298-8607-0ce7edaf83cb,43,2,139,0
aa4fbbee-e375-42d1-a22a-e4ccc8af18cb,51,1,62,0
f63c54f9-4d37-46d5-9bee-2fc29f45c174,49,1,29,0
99dd6b26-9e7c-4282-87a3-3f88881528b6,65,1,47,0
c9a7b0db-4c96-40d4-9327-3bc8c19ec5c8,64,3,26,0
db3d669f-4485-4b6c-8fc1-f76b4575b92e,59,0,,0
5ae0a713-8537-4338-9696-9b4b4f989070,67,2,82,0
202a1a33-8f61-4d1a-9534-4de237e08308,53,0,117,0
abb25780-35d8-4210-abdf-51a9d791d121,49,3,42,1
e01802bd-237a-464c-aaf6-733de5789b4f,57,0,,0
b69da53d-9813-4ecb-a469-9a64d41f232c,53,1,65,0
60214170-3f58-4c3d-b534-e63ab2dff89e,57,1,79,0
523e1932-08b2-406d-891e-aa0657669567,55,4,118,1
0ff4dbc3-f096-4816-a68a-dc66eed9ad8a,65,1,48,0
d2fe6ab1-5aa1-44cd-9d68-b2e8932e0562,38,0,91,1
dfbe8d4a-152a-496d-8388-9c00448c1142,40,,72,0
649eb3e6-e796-467c-8609-7659b4f8467e,41,3,75,0
26311885-3b3e-4099-80cd-52643663296b,69,4,82,0
ee3fce8f-b790-4fd9-b197-6a2d438a71d4,36,2,111,0
bbfeab67-eec5-4472-b82f-8e43386ccd20,59,4,72,0
a929c18f-87da-40f7-98c6-8d146dcf5ad8,62,0,64,0
151bbce8-3c99-4edf-89e8-782680cf558d,41,1,38,0
69a58288-88b0-429f-bafd-f4c661e68158,58,3,52,0
343cb4c6-3cae-4ca2-8858-58f5fa2049e9,39,2,119,0
fed5e658-f3fb-493d-9710-b6d13cd746e8,37,0,66,0
d070272d-bb85-439f-880e-06d224aa8c60,66,2,105,1
a8259f40-4cf8-4ae3-86ab-5c1ecb0ac4bc,61,3,62,0
f3fdde01-b6b3-417a-947b-bf094d988eaa,49,0,83,0
a2f7e707-d51a-4617-887e-84991bf1c746,52,1,95,0
45341880-a627-4436-a1d6-339c0d8d5d63,45,,,0
3b0a0e97-4c6f-48d7-8712-3d2be93a5a42,67,0,53,0
cd4970a8-f5c0-4c48-9146-35063edad235,42,1,,0
1d2cf0d8-aa22-457d-ad7f-8a0d1d43f230,48,2,38,0
38142037-78b8-4e86-97fb-23dcd696324c,34,3,27,0
51f8447e-fbff-4115-954f-b07d5064bb2c,34,,74,0
534878c7-4ac8-4451-a4aa-190c06b8278b,62,2,30,1
90a95f86-61e8-4752-8cde-b4ac4c50900e,49,,47,0
39c4603e-4e7f-42e1-92d7-799e8b129b19,41,2,41,0
4e506cc3-4d31-445b-ad16-70ff664d5f69,55,1,44,0
ce4a3ef9-dbb0-4b78-a1e9-29ced59f33a6,39,2,65,0
0b710a6d-3a21-499e-bd07-a96a15d1ffdc,51,1,76,0
337ec2c3-8a4c-4124-8558-d9e149489445,65,2,84,0
7b76574a-9d87-4257-870a-78424f2cf0f5,61,3,95,0
4ec08f19-f900-4778-8bbb-52a18d436607,54,4,35,0
e1768a0c-a538-4379-8c2b-773d0185fb91,46,1,33,0
9ef7e066-b8e7-4976-8f72-c5bc7228668a,58,2,39,0
11c88c98-c65e-482b-a230-c57419fc3800,63,,80,0
ada75471-e673-4e5e-9562-a420a95b158c,68,2,20,0
fb8567ee-284c-49b7-9f61-d70782c7d0a9,57,0,57,0
95293e52-445f-4adf-8562-e96af63f45e8,35,3,26,0
2c873371-848b-445d-b802-15995d8e6e5b,63,22,493.7936344,1
d3e849f3-98b4-4e66-aa6d-33a70b125e46,47,0,28,0
8791bee1-a0f6-4df3-92f3-8d20fff94480,40,2,76,0
f0c36a99-f7eb-4ca3-9c53-13738121e5c6,66,2,114,0
cce00972-83df-4047-bacb-c482cb44f25a,51,,39,0
65470d8c-a212-4387-b2fd-f4863c12c8e0,68,2,41,0
36ab2479-909e-4433-8e5f-da17c43e7fe1,51,2,46,0
7338ad2b-fb75-43d7-888f-f122cb081dbf,46,2,108,0
e281ed13-bdf8-48ce-866c-69807ee33d96,60,2,157,0
8c1f6468-8cd2-42bb-9241-de62b2b70600,35,1,106,0
f5897922-055e-4231-9c51-7d405141448c,69,15,1072.968633,1
b1c7bde9-3c3d-4f24-a227-8db8b057217c,62,2,105,0
3f6e4f26-7801-452a-bce0-c54fce354014,63,,55,0
9b765df5-3bc6-4b71-b233-d07098d9a516,41,1,135,0
5b772efe-e099-4cf9-ae0f-ffa0a655c9e4,35,0,40,0
a4ddc0d3-d8cb-4c05-b5a0-cf3d1831ca71,43,2,59,0
aaeff4dc-c5ed-43d4-b71e-d3e70ae832e2,46,2,70,0
1d879e0e-899f-4de7-8a43-56fd8b9db19d,52,0,32,0
c6c42686-e9dd-4101-8a82-3bb0f0010505,54,1,,0
f16e1af5-69e5-4da3-831e-8541600beb0e,47,0,61,0
cec3fa88-5df2-47e4-b058-7bd44ebaaea1,61,0,57,0
27c64f9a-5fc1-4780-93a9-bef33be03858,68,2,50,0
e796c8c5-37cd-4450-9f92-4bbbc2961058,41,2,60,0
1232c73a-9b25-4ef8-8f6a-a812ecb85cc5,51,2,111,0
313c8f1a-1856-459f-8052-1a8b30b5875a,49,2,54,0
50587f60-1ba0-4fb5-8459-88fe46e3bd14,39,0,47,0
b6dc4e00-68b3-4f58-bbce-184d9d1491ac,42,3,116,0
279e68ff-726c-4d43-a7e1-c3e03aacc536,63,1,72,0
8258c210-7379-46a0-8c86-581f6bf1fdf4,36,2,33,0
39e24de0-a4ea-4856-8081-c75d43b1e85c,39,,116,0
c8360aa6-c251-4ac6-bc71-3f66c292ce19,44,4,86,1
0924a30e-53bf-47a6-9720-7ce7af05f609,61,4,,1
51c030da-942d-42f0-a158-4bb5ec610ca2,69,1,76,0
1f4d9b8f-cc7c-4212-8109-2496852373ac,67,2,84,0
b8f894b7-bdb8-463b-b5f9-1b65cd84385b,51,3,104,0
c8d75be2-268a-42d7-bdde-7a56bc41ef43,49,1,76,1
e3627151-9721-4ddb-acca-f1c8341359d5,65,2,106,0
c7cc0d95-687d-4f49-a460-28c36123a29d,49,1,32,0
fdc0f029-48cf-462b-a854-99a3e9a81214,47,2,64,0
e3d1b100-2ebf-4d16-bdb4-725987fe0ccc,66,1,105,0
b2e180cd-a556-464a-9e07-77fcaeb023fb,45,1,71,0
1669b4ba-2fdf-4caa-87d1-c6f966bb0c26,61,1,79,0
f4c7700c-ac2c-406e-a5d2-a1f532ac9863,53,1,75,0
4802e3ac-6587-47e5-b2a3-41a5c7d9a2bb,47,1,63,1
6211a071-0f15-4c3a-b1a8-c8361ae2d496,55,2,29,0
bb725a8d-1506-4330-88ac-73a8c4bf4a51,36,0,49,0
3d17c4bc-ba54-4d13-9161-3f01da1548e3,40,1,150,1
bd5fdd85-dd0d-4f40-841e-1e104fa7f54f,47,0,116,0
7b4ba2d8-aa3a-4f61-93b1-80d21edd48c5,63,1,32,0
9f18553e-d3ac-458f-800f-18bd00dfb603,42,5,,0
73bccf46-d1ab-41be-b2f3-9628895ef817,55,0,27,0
1bece5e8-7df2-4857-a4e3-01fad66f74ca,35,3,70,0
782b1198-5dd5-4cb7-abe2-52482c4eb5d3,65,,97,0
5e13b0a1-2ec6-434f-ba99-646e8722f055,50,0,48,1
1ab78cb7-bf0b-4175-b38d-a18cd9bb69c2,47,3,65,0
ef48d5a5-9884-43c8-a04f-79462b6e7168,38,26,1707.766841,0
d1ea94a4-98ef-40e3-a6f3-c5f3dda3152d,41,0,37,0
822192b3-1c57-4128-ba87-247b80567adb,63,0,60,0
8ead71f0-5372-4227-bfff-5c8fddaa545f,59,4,,0
a0c252d3-162e-4b15-9f78-a9b645750dda,48,4,136,1
bec08afc-2523-4650-9dba-19ebfcbf9368,59,1,137,0
409f76d6-3c16-4a2f-aaf0-541c0745580f,55,0,78,0
0585ea05-e2dc-4fdc-b9f5-982bde71be42,57,1,41,0
d22ba321-6a53-429c-a8ef-c7875a3cc2f0,68,2,32,0
f55750ba-9356-48dd-be7b-d4e79f0d88b4,52,1,31,1
bc795bd8-9a02-4b2c-b34e-72cd7e15ea01,34,0,71,0
205b01f3-d5b7-4216-bec8-256d1a0d1a1f,60,0,83,0
1d3afcc6-ff0f-48a3-9dde-b693765d0e8b,51,3,59,0
8a64395a-1087-46c9-8384-c6ea3c71467f,47,0,16,0
dee09711-853d-4d41-8a7d-31fde33c4305,41,3,89,0
33b90a96-3fe8-486f-a78a-aa754077d462,61,2,65,1
2f1462d8-5c85-4728-b128-ebef5573ff1a,64,3,142,0
10b6ae6b-3533-4d7b-aeed-179867fc2684,52,,,1
030a5b8f-9e94-41ad-b2d9-7bd0c0ceb1c3,36,1,94,0
4f977013-b84d-426a-b15f-7eebf35fc671,55,,,0
0a9412bf-560a-4861-89ca-2d788affba33,68,0,56,0
fd8678dc-4d6c-492d-b3e0-15def7b1d696,59,1,80,1
17ba82e0-e44b-421f-b6a6-3baed6b579a0,65,3,92,0
9d31e62c-244d-4c90-9bfd-6c3d1943dd43,59,0,82,0
4b89046a-9cfc-46b7-a53c-2eeff5daed91,36,2,32,0
4efcdc3b-065e-40d8-a074-d74d6589e734,37,1,83,0
3b6bba6e-1cc6-4c87-87cc-97e3d27f3cd4,44,0,79,0
05053b93-0ae0-499f-a0e5-56926ec0a22d,57,3,63,0
890b2207-5645-4dfc-ba88-6f05c493e1ec,58,1,114,0
e39f5181-103d-4eb2-97eb-3cedd9ee4880,43,3,55,1
7beea0d3-b944-4ac2-bfdf-cf3f25e6c464,53,3,66,0
6a078241-0c4c-453b-bb65-1c3571af4a0c,69,3,50,0
7a18462f-a758-4674-8d40-778423314c4c,49,1,83,0
ca0ff088-e4f5-4b57-9fb9-b6cd8fdbdad7,64,0,60,0
4e62bf6f-0c59-492c-9eca-92a18db1e3c6,69,1,114,0
f218d4f4-71bb-4168-b289-6fca67b7761d,46,2,,0
f554d7f5-5900-409f-bd73-e06bde916306,42,1,87,0
124d315f-660d-4604-a127-8008b403bd22,45,2,23,1
c83232d0-6872-4322-b7a2-743b6e7a8b84,59,0,103,0
11b8b868-9b54-4755-809d-a47668456e33,38,2,43,1
0a473490-eb78-4bee-a5d8-804213cff031,41,0,156,0
74a7c367-8e21-4e40-9194-0bb5f5cadc2e,58,1,,0
81cff71f-dbfc-4a91-9d48-c65c24099159,55,2,,0
a894aa71-96a5-417e-8ec9-053c9555c600,35,1,33,0
65aa4c3d-993b-443f-9f52-f5a24d965230,50,0,78,1
aa80c70d-0cbd-406c-814f-6d125e437ce0,41,1,98,0
518aee87-e29f-45a5-beb1-af92c98a7ea5,64,1,67,1
2a2ca011-f8a5-4c4a-b453-a9fb63e055bf,43,2,111,0
5b03ae92-d17d-4073-bce7-4400aeb8cab4,41,23,1223.58221,0
c3a22e1c-8252-4d3a-84eb-ff487eb8a799,46,0,27,0
aa160cb0-80d7-4168-b325-21a1e74e7aa7,41,0,,0
4aacfcb1-cb4d-4795-a97a-d6fe818da75d,57,2,33,0
91534748-a7a9-4ca7-b405-ea2310f44bd5,49,3,24,0
e2d9fdd0-dd2a-4d9f-8139-c773d0d55e8b,48,0,85,0
aa49a418-f4d7-4e3a-92d6-03fab3e82071,48,2,79,0
c95a0bb2-5601-4868-87d7-87535d4c1e92,58,1,68,0
dd8d6010-119e-4d97-871e-faed310a6882,42,0,97,1
4d5dd8f4-69d1-410f-8e85-a734800bfe90,48,1,27,0
8dd1883b-539d-4e8d-a6f5-595e6a34a3c7,39,3,31,0
054b4e0c-3f38-4be7-b9f4-2835f22e0627,39,1,59,0
6a422e38-7474-4398-891d-fd8688657555,48,2,39,0
627ed262-125f-436d-8039-969985a2a014,48,1,130,0
595bfa28-f417-4af8-bd2f-99ed464195f1,35,4,42,0
ffd2eb6d-3dfe-46a2-a7fd-742e264da446,64,0,65,0
ebdc02b1-9ed3-464a-9b9a-9ae835409501,42,0,104,0
1a78616d-ec17-4206-9463-54fff9757253,34,2,74,0
a1141d3d-4ae2-43be-83e6-dbb4549e5712,34,0,64,0
4487873a-a649-4db3-bf0a-e17d91de9adc,35,3,106,1
14605140-124a-4b4c-83c6-695fe5659ee3,57,1,72,1
9ff8013f-1d4f-4824-a4de-e86ac2bfc5eb,37,2,82,0
108be471-fbd9-4475-9455-edb08c66a707,38,2,79,0
ff5b28c8-545d-4ac1-b98a-85d774e5d434,59,3,138,1
d22b0f07-f1ec-4cd6-9b7b-402284cc171c,38,4,56,0
6cb28b17-e85e-4593-97d2-05050e8299ec,56,1,109,0
cd80b46c-e014-4d9e-b009-7c6fc3c35f85,41,0,78,0
848f76dc-5c98-4a78-88f6-976f8e0ff884,41,3,34,0
f3625475-0242-4d5b-900b-ae91baf1b3d2,59,0,30,1
42c0d387-c101-459a-a92b-c39ce5caa342,61,4,54,1
3b413d2c-ca80-468b-ab18-399cf3bfb8df,37,,49,0
3cc942a0-bef3-413d-a043-2e07e55996d8,58,1,66,0
37408e3c-afc8-48a0-b27e-222436489b14,43,5,64,0
98ac375d-a8d3-4397-ae41-968badf5b753,35,0,37,0
ff43e530-57b5-4c57-a20a-6e143fe6a7ad,58,3,65,0
d7763894-75ed-46f1-9573-a2dab7bf2037,61,,87,1
4f433b88-0c61-4324-890e-8ccc642b4484,47,1,107,0
cbb8bfe1-1e80-49b6-8636-f2522c5fb3a5,48,,58,0
b4868cae-cdef-45d5-aa43-13345937f1b5,60,1,,0
3f07c717-5afb-4145-b43d-4d70e3af9c3b,51,2,19,0
a0580ade-60c8-4366-b08b-498d617408a8,65,2,66,0
a24ac059-c8f1-4252-9847-4e3f70fe2cdc,67,0,60,0
e90ab6db-4585-4185-bf3b-d4891657a991,48,3,55,0
83646fcb-98a6-4ff0-90cd-8373bf44690e,67,1,51,1
f6f2b334-84ea-4ec9-a16d-7f18e5deda4a,44,2,69,0
f8287a00-16c1-4488-8443-40fa0efac547,68,3,79,0
e46c6461-31a7-4348-815e-45dd9b8bd835,43,,31,0
3ff614cb-f649-4dd7-be3c-691372f4583b,57,1,49,0
bc4b8e40-9314-4a95-8e9f-efe4fb22da36,53,16,284.942545,0
09ddec06-e2a9-475b-9551-766938086c2c,34,,143,0
afe6b3cd-142a-49b7-ae07-68e31f306cf2,50,3,69,0
d7b03ff9-5b0f-43ba-9beb-a36da3aa2eb0,55,3,84,0
36312228-0b2c-449a-b15d-763f11e78377,37,1,67,0
325fe054-7b5b-4418-b64a-2e6d430c96b7,60,1,62,0
fe3cdcc4-3111-4b1a-a2b2-d93b83ff45c7,34,19,767.6600312,1
d5e51cd7-c45c-499a-8101-740a5a88f36c,53,3,29,1
0f0666b3-c98c-4956-ae46-c98a8b0c0bba,35,2,36,0
86a9ca79-6383-4b19-ba4b-c680335b8a9f,39,1,62,0
431e7e2c-6a74-4330-bbd3-f0805ebbbda0,43,1,76,0
0f7698e9-b37f-4d02-9dd8-d9fdedab36c9,45,1,72,0
a8d48503-1e57-45e9-936d-ee9a87dc674f,35,2,68,0
808b3baf-fce5-4abd-82d2-fdd0ebb9dead,39,2,47,0
74362970-a51d-42a6-ba8e-6204148c55cf,50,,66,0
785d604d-37aa-4fa5-9250-572a23830351,54,7,76,1
e7b9e5a9-3fd5-4a99-abca-07a43653f6bb,43,1,76,0
5db65d88-5e1c-4b7d-8160-eaa79b6f4c92,40,2,42,0
91824bbc-4869-42c6-afe7-0013def35269,56,0,27,0
4c1104d7-f04a-4c16-8fc4-2096885126e7,34,1,,0
688960e2-f777-4123-bd87-f551044e57df,38,3,51,0
160de521-d186-49e5-865c-76a7ad4039fb,36,1,106,0
95681b43-2578-4bdb-97db-ea578a930fc3,68,2,36,0
37e64d32-bdfc-4a9a-a293-a412aeda71bc,44,0,76,1
673f199e-b724-4c78-b586-892c7645f113,62,0,,0
1321dd76-f4f3-4e09-ba04-dd777b4f8b72,45,1,49,0
16f817f5-e123-4b98-bda9-bebd42f47f21,55,1,30,0
a408e2dd-5036-4b23-924a-27691ae5fdf3,54,2,,0
8d31c552-0d71-4f85-9b70-7fc425bfd739,37,2,46,0
53f15bfa-2b08-4ec6-b696-7d501ee320c8,65,2,150,0
579a3f42-6733-4dc0-8d48-b8e904db746b,60,0,49,0
99a50c20-ec2c-487a-ae2a-3d099b5eb712,47,,83,0
d3e70eea-184d-4467-a6eb-3a8b3d7c4536,35,2,,1
9c4156b9-cdcf-4455-9b64-e8b17d78bffa,34,0,43,0
06aa14cf-a412-45a8-b8e1-d4cbfe911898,59,2,22,0
dc2849a4-532d-4e4a-987d-1fdd56e5767d,52,2,128,0
991a331f-6223-44ab-8cb3-cab1f151f946,46,3,,0
6e8c39c0-96dc-4f50-963f-b26a3ba118cb,58,1,53,1
9bef7818-8906-444e-a6bf-a8c28ad5be9e,36,2,115,1
78eb6ce4-5bfe-4599-9d49-84b1d24b6527,52,0,34,0
f49cee3b-bb0c-4a8a-9857-c348670e9e77,61,1,,0
634691c3-cfa7-481d-ade1-0bd22a723e36,51,18,,0
a9998ed7-a49c-4890-978c-9877f812f18c,42,0,55,0
2e391197-15a0-4e18-b1ba-a0342c120e51,67,4,42,0
a376adba-9a8d-4cb9-887f-68081ef4179c,57,0,75,0
69a665f4-9128-4428-b030-8fc404c47e62,42,1,53,1
b1661d13-68c9-4288-921c-637683dd5088,67,1,28,0
4ed6d025-d34b-40ba-ad0f-d2e7a80dcb57,47,3,43,0
341646c6-91c6-4538-9a95-7c8b8f934b98,50,0,95,0
44f3537f-06f7-491b-ac8b-585037953a2b,66,5,68,0
7325b43b-12ce-44da-af04-5c51d4dcd1e0,43,1,177,1
f61cb1ec-99ba-45b0-9891-5c58761ac388,39,0,41,0
fdf55327-6809-4d8a-8ffd-0955a8102246,69,3,46,0
e9216050-9c90-48ec-880b-cecb585f48d0,39,1,134,1
2628bf99-1c4c-4572-824e-83569f70634b,50,1,72,1
51bbdcdc-05e5-4e92-b7b1-7aeeac654dd8,63,2,45,0
8b3ee3f1-9ff5-4c17-b569-1031bc6f57bc,57,0,18,0
c2fdc330-80e2-4e6c-935e-bc9280eea09d,60,2,37,0
918d8928-9acb-4391-888d-a0e882253bfe,43,0,66,0
4b4a4780-72a1-43b1-b3b6-a9a3bf1a862c,45,0,91,0
71f85beb-00be-4a7d-bec4-299529066441,55,1,57,0
f33ee717-acf0-49b8-972f-539c6fded229,38,2,,0
748ebc99-20a2-433c-812b-be9237d51f3f,43,1,90,0
8325beac-5bfd-4017-be3b-1e642283a262,35,1,36,1
97a3f909-176a-4284-ab44-2a144c081ff5,45,,124,1
10a9092e-730b-4127-af6b-ac814350c524,51,2,41,0
b0af907c-fd6c-49e8-827c-7fcad799969c,42,0,53,0
25591200-274c-4df9-97a5-f9319953bd72,45,1,24,0
be49a3cc-2935-49be-90a1-a140da1996e1,52,,68,0
1bb4de3d-b7f0-4865-a737-483249629c1e,37,3,62,0
f38068b2-6e1a-4b74-b551-aa4c25525df0,44,1,47,0
a8841b70-11fc-4c4b-b41b-b1b99c113666,41,,143,0
f49c76a3-5b21-4f65-85f2-1c81a848d8f7,44,2,64,0
95d3fcf3-02a7-4155-9da1-acfda0b12966,46,4,71,0
9284fe41-cc20-46da-b96b-4dc147015ead,34,2,118,0
58f8913a-3ceb-4097-97ba-29e9e78daae2,38,1,27,0
a393c06c-6503-41e0-b07f-7d07825fa9ee,46,0,84,0
20ae767f-f6fa-403a-ad20-1f5a3b31a0a4,46,1,77,0
0d5b7a77-e93d-43dc-a031-df6bc47852ca,62,1,111,0
bc93c2fa-11b3-4e3e-90e5-fc27423ec4d4,40,2,55,0
d0cff848-2182-4fc6-8134-a8bb995f22b5,46,0,152,1
e4a3f2fc-86f1-4006-8930-5531d4d37dab,45,1,70,0
96d7fba5-2385-4b2b-a367-46e36dfc756c,38,2,51,0
60246218-21f6-4802-972d-6f7edc32e050,57,1,102,0
d27357c9-a7c7-4a53-8c07-53a41a6a7431,60,0,42,0
afab9fb6-eaae-4735-af86-3d9f12c9ec9e,50,1,135,0
e172d5bd-e0db-4d62-8e02-f0b11961293c,64,0,98,0
b89c3b84-90e5-435e-bf3a-d47ed0bd0499,66,3,136,1
ad815f4f-3bf1-4936-8cf2-540baf6d41ab,50,,125,0
f18f2d71-3b63-4227-a5cf-8365f63f684d,48,0,93,1
31d97681-fe4c-45d5-a8da-3c850b490cce,44,2,21,0
9b1552e9-5a52-4512-9ad6-75db5c5a2fc6,69,3,38,0
ddac7336-afb8-4a42-a59d-acc58e00efde,58,2,67,0
33402ef8-90e5-4fc2-ae53-1691449e562d,35,2,44,0
17dce9d6-3edc-46ef-956a-7b2a8aa6348e,59,15,2950.478726,1
157682bb-bb63-42b3-85f1-b2b83714ce96,45,1,26,0
3e216cc0-5acb-43da-9db3-36401d377af4,52,1,26,0
da27b7fe-1cbb-4961-a085-38cc523c9986,47,1,134,0
68385721-495e-47f5-a205-a94416c52956,34,0,34,0
3c7ab3bb-9405-4f94-9b5c-a0496e1c275c,46,0,82,0
e40c382e-0dc0-41e4-b113-1bd56ab277b5,62,0,34,1
55d59ba9-8b8e-4786-a297-8dd50099c281,49,,,0
6b8286be-5c9b-4d51-a682-3d9bdde70e21,42,0,71,0
6b68c8b0-2ecd-4f1b-868a-a01dedde2d13,58,0,,0
d40ef2ff-1091-4f8b-b106-b359ecc97764,51,2,127,0
d4f7c317-e6ce-4308-8cdf-6069dceeb337,63,2,163,0
2acff3ad-0784-45f3-8f24-a2a33a5bea0a,54,3,80,0
63acedb4-a902-4c99-92e0-8f39c47dd1e7  ,34,1,47,0
ac54c5d6-4062-4e17-8806-84e071928e61,64,1,130,1
3e4809e5-1f02-4aec-a829-c0a48820a589,52,0,48,0
6c0540c6-2507-493f-b21c-972a2f2118c7,67,1,82,1
e3ff1f27-b819-486b-bbe6-0cab3ffdfb80,47,1,86,0
6fdd8e96-326f-4ae2-aeb3-72f9aa310e64,41,2,55,0
4b980624-68c2-48c5-85c6-106830870661,42,2,86,1
196651cc-e5cd-4b6b-bf6c-2cfa63f618e0,54,1,76,0
060f2de4-2f99-493c-9144-770209286c82,55,1,,0
7c16ec95-0cda-43e3-aa54-c86281a7c2a6,60,5,,0
40e64976-138f-4101-9f55-d8615d86009a,47,4,69,1
707b802a-e5e5-479e-a5a2-2f70b4c62bcc,51,2,31,0
284542d0-d051-4f20-b52e-6eae4d4f9b6d,65,1,58,0
3b455b68-9c03-4a48-8be0-2ad367c5af00,69,0,50,1
1c0d446e-d891-4395-aeda-effb25b96351,44,0,136,0
83e56f58-14b3-439a-ae5a-9d507b2958a9,63,1,94,0
68271f49-278a-4582-ac0d-6054d20d9b0f,45,2,112,0
726c2700-4ee1-42f0-9f67-f1a0c6e04605,49,2,,0
9ddcecd9-d3f7-4941-adc8-ffd90396c41a,45,0,61,0
0947d57a-8dfa-4332-89d4-ebde97d34fc0,52,0,42,0
4ac90e79-6bee-4f26-8e9d-6a43161d3ff7,46,2,77,0
13859561-dc64-4b57-84b1-45f6acfd4176,59,3,49,0
de4afcd6-1943-42a3-bbd2-bb936421adbf,43,2,98,0
30e7f03d-58bc-40f7-a598-711f80fdffd9,34,0,26,0
98753ce8-2a16-4a27-b7a0-135553218dde,54,1,37,0
188037bf-61ac-458b-9e23-dd0d808cdb0a,54,1,37,0
e9bc6f3a-bcc6-4921-9d1a-889e80b4bca0,44,,82,0
a3e87f2f-d63e-4de1-8b5a-ab6e601d7a99,42,5,117,1
81180876-340c-4886-9d97-77ea4acbbf48,48,3,125,0
86519ea1-e905-4c5f-a77e-e2d0d8e91665,51,1,65,0
fecda41f-1b7a-4da6-855c-aaf9a37ca169,45,2,54,0
30901c07-c0b5-4c2b-bbc3-914c7d18811e,40,0,96,0
71c57de9-4b22-4b8b-870f-0e7d51d08e16,67,1,29,0
52d282d0-6b31-4cd3-a7cf-d57d5c9f83aa,43,4,34,0
4ee36c9e-3e46-4cf5-a23f-4eb6c8bfa15f,56,2,134,1
c819603c-ae79-4174-a0f8-9cb3c1be4a8e,63,3,40,0
0ad0838f-aa1f-414f-8438-7c0a52781984,65,,52,0
3913eff8-fff8-403a-8c39-ae67b588ec12,40,0,124,0
0d42befe-2622-4333-bf5d-9b419380b248,69,2,94,0
261e37cd-004c-4926-bed2-dfd1f7ca5443,41,2,92,0
246e02be-efd4-42b5-bd69-f2877b1aaecb,36,0,,0
1ecd8348-f4b2-43aa-bd6c-c383f561d521,45,0,53,1
21d411a2-5f62-46d2-833f-0ad288ed6264,34,20,,1
4463a1b8-1a64-4614-932f-e7a8c41c0dce,67,1,72,0
251c182c-a874-4411-b6d9-fec9c58f76e0,55,2,,0
4f69a5d7-aa39-47c2-ad87-f761b49391fd,53,1,124,0
218a11e6-6a30-424a-a61f-2924660942aa,58,2,57,0
a92a4640-fcaa-4b7e-a044-87d264640d2a,37,1,34,0
6bb49a15-0445-4c84-b2ca-bdef48144dd1,56,2,67,0
880187c9-731c-4b5c-9513-a1ebcd94a37a,53,2,90,0
ea85ed09-58e2-4c92-97b9-3be589215389,50,1,88,0
8d8fc4a1-18ec-4e3e-97b2-0284a3d11100,62,2,106,0
ecfa9967-6e65-42e4-b666-00a287c5177c,36,0,80,0
7a5366ed-329e-4af5-b22f-67ea76128ac2,47,,22,0
1c86aa8e-7ced-4cb6-91dc-c4b3bf6e1a3b,57,0,103,0
801e5bab-2659-4d84-b9a1-7fb807e99795,63,0,61,0
0b0575fb-7f59-4f8b-b5b4-90babb3fdeec,43,3,136,1
935010c7-b551-43d6-a277-bfd198991c2e,52,3,29,0
a4607d50-f858-4646-99ca-75013e9ea106,58,1,97,0
127a2f87-c4f7-4df4-9d69-4e15afabfd73,49,3,42,0
bbcc638a-fd4e-4748-8a1f-438f62293697,66,0,28,0
7dcb96de-2349-4d4c-9adc-84ce1c981e53,39,1,114,0
5d9742f3-e4dd-4a03-b714-08b3ba9518ae,60,2,56,0
5433a27d-6ac0-4327-9734-7aa4961c769a,58,3,61,0
90225fb6-971a-4ed3-8539-1eeae57acfbd,39,0,107,0
4a5b7858-f4ef-4faf-92b0-ac45a78d0e8c,40,3,52,0
6ef586ac-7acb-4633-ac63-5c014577064c,60,1,73,0
50e1ccdc-acee-4dcc-9554-0b75cfceb6fc,63,,52,1
a5cb3856-a120-455c-94e2-c727ba9f0486,55,1,64,0
78834ca0-ebfc-4e51-becf-c80f17c7886e,47,1,67,0
adebd659-a6ee-49c0-b00f-0dc561949485,66,,56,0
766b6ad1-d7dc-4d1c-9f26-d4bdb308e230,39,1,40,0
c39d403b-f8e0-46c4-915a-991a613125cb,53,4,75,1
37258041-2ca4-4298-9357-d5eb1b1c0793,61,1,57,0
2e4a56df-bf7d-413e-b3fb-566df6bbd0d7,59,1,22,0
2d1224bc-87a9-48a3-86b7-a5ab45d29af2,56,1,,1
252d31aa-c577-4f30-aa11-780a18a41422,38,3,77,0
c9a8aaf6-2e5f-4b98-8f69-4ea2dafffdbe,64,0,159,1
e2931491-4deb-4a84-937d-64da6c50f948,41,2,137,0
8eb1bd0d-7c97-4ef9-ae79-5906a2573ba0,57,1,48,0
6abc82ae-e13c-4820-870d-a379d572b284,58,0,46,0
c5ab75ee-a84a-4964-b2b6-f108cafa853f,63,2,88,0
 0e48105f-e4fd-47a5-ba3c-b5fb3647a8d5,39,0,161,0
3bd9d66b-22b9-4509-8275-0ae577555356,62,0,67,0
84a76f9a-d7e0-4b7b-81dd-baedeb69dfc2,42,2,38,1
08874a26-40fe-4bda-87a9-e788ab4fef0a,55,1,61,0
226622fe-2a01-4b9d-ae5c-edd806ee6341,51,1,,1
fb8c5caa-0ae0-494b-ad3f-e6570df8a7f3,34,0,78,0
629ab045-305a-4fc9-8110-3937aa813cda,62,4,,0
3afbe2ab-9c2d-46a3-99cd-39312e3cde80,35,0,80,0
8e1e8a1b-0522-4155-85cb-f16e4010765e,59,4,72,0
f4498b44-e2d2-4e53-8396-b43ee8adfe34,48,1,62,0
dd2ea639-2eb9-4778-a664-45d73a98e977,42,0,44,0
06f5a61b-6ef8-48e7-b8a4-c5abb38fdc44,58,0,119,1
810b0411-89f5-457c-8680-c55364c82933,57,1,113,1
d0bb0f6a-44b3-4518-acc2-fc1d846e573d,64,3,87,1
c8ee61aa-1b2a-44b1-b5f3-42cabb52568a,67,1,73,0
c2f14e99-9340-4aee-aaa5-21e052e1df79,46,2,185,0
98920032-fbdc-4e00-9dfb-788de2e148b8,69,0,62,0
78107277-e44b-4a40-ae07-d04aa063cb29,64,0,161,0
180b1946-3252-4634-bafa-c915c04e00a2,46,4,,0
95bcccf7-396b-4d64-8702-104adfc2be76,61,2,,0
ddca337d-6d1b-4802-9b78-f6a70b58aca0,68,2,65,0
ba583399-030b-4ae6-94f7-44f2a12ac8b4,49,4,106,0
637b610b-b86e-466a-9c41-d43613b8b2f7,60,2,73,0
2ba8a774-bb2d-4793-b507-b752a78465f9,50,0,81,1
e572286d-04e3-4106-be41-b324f4c9794b,40,22,1135.251442,0
d6ed96a0-68e8-47dc-bd2e-2f5f911e5f92,53,,66,1
dc6c1a07-fb27-41f9-9e39-2e0828d9018a,59,3,,0
8d285964-c00c-4fb7-adb6-cacda02001db,37,0,102,0
1e4f9218-183e-4781-b522-f2c29bd9ef69,51,,35,0
f686de91-15e4-44a0-9aa8-569232f59d4f,56,0,32,0
5d752d5c-41d6-403e-b615-a6ce215bd745,64,4,52,0
54ae0fde-576e-47d7-93f9-5cdf1d4a1df2,42,0,,0
845e2ea1-ec13-42e9-8168-0fa89929f7b4,40,2,106,0
47b42087-b567-4ca4-811a-2061da3ab253,66,1,45,0
f25344bd-641b-4078-8f89-e4fc086097b9,42,1,,1
5a76cca5-0a57-4b1a-a02d-a6b81f16299a,39,0,,0
b8ce15d1-5558-4822-96f8-d2abd9362b70,60,1,64,0
d46a8764-4ac4-4cba-b97d-6fc3f30af23e,50,1,27,0
414aa3e3-8125-4849-8e4a-e2d45dbf2a10,43,0,139,0
e607cfa9-92c3-4b7d-a482-80cb15025e3f,35,0,23,0
44385d59-543b-4823-a61b-8a8b2c5e473f,58,2,45,0
c70f27e8-8d37-4d4a-b66b-9ab9fb2fdce6,50,0,100,0
1881803d-ac88-4a49-acc4-5cfa83f1f243,38,2,33,0
219d2b76-3f06-4b77-a1da-a2a71f7d1183,40,2,,0
291b7973-e0eb-4956-ac90-88a1d3fdd7d9,45,1,22,1
7eec8621-020a-49f1-ac2b-804de97a7f9a,51,1,28,0
71aa91f2-9cde-4f15-983a-70c1d663f962,65,,103,0
9ab940dd-f065-4707-822e-0021c2ea9e91,60,3,,0
ffa49807-6f0a-47c1-8d0a-f38d3d52eed6,65,1,102,1
498121b1-24cb-4011-bf70-023be0cafa0f,59,2,,0
bb39aa8c-dbb5-4efe-8121-6274cc76fc2f,61,3,50,0
2ddc90c3-51ea-4a94-8979-8bc2bd838515,64,1,55,0
126439d4-2cb4-406b-a054-1cb481721dc5,53,2,98,0
b74760ca-680c-4ffa-b67a-ccb5a69e0e56,41,1,143,1
5fd28f04-f6aa-4edc-a257-114608bb6ae0,48,0,72,1
d3be94ef-8da0-47a1-8a45-9fa513c9c102,67,5,83,1
fc2425dc-67a6-4600-8728-6a88d4b70176,39,1,95,0
84aa9e2f-1f3c-4896-87b4-5962990cbee2,45,1,75,1
655c9879-2cf7-4de4-9a70-2614e6312869,69,0,64,0
c97d6604-1019-46bb-b8c9-25978c4c8cbd,57,2,50,0
fcc20a99-fa43-4421-871d-ea989e0e9458,43,3,143,1
857a1f2c-a687-4d21-9eb4-e873a45ae2d2,39,1,163,0
d06c069b-4415-4468-880b-b351c8233545,58,4,148,0
cf019c54-5c48-4c6c-ab1b-b03b6d5e7dcf,35,0,89,0
f5db0859-9ac7-4e46-9889-7287dda1553b,37,0,27,0
9d3ed3bf-81d8-48ad-a835-e2c1c0667bfd,65,1,149,0
6235f970-1459-4a4c-bcd7-e5bb006c4652,64,1,96,0
c4ee5a6b-29ad-45c7-8520-fef110b8609b,45,1,39,0
2f0e6332-63c4-4377-adef-bc4b649085f0,63,1,98,0
07467d50-4c90-41bc-9a0f-a1e4dc8e3e6d,54,1,30,0
7f8eb1a0-5e22-4d20-90f8-046fe8b8d5bb,55,2,62,0
4e34fe84-b125-4573-a577-4104ce826e14,67,1,54,0
e3e5e87e-3d2e-4107-acfb-661fbe532837,40,3,30,0
e02341be-07c4-4d5d-a7be-e6c7a1dc140c,44,2,30,0
4e27082c-d69b-4ed7-a188-b2d821be6751,36,0,78,0
97347c4d-e1d7-4085-9f06-034bfb1de973,65,3,,1
db33e573-4f25-45bb-9e4f-58fb33b360a2,67,0,28,0
d17d5efe-5ec1-4d5f-b4de-23a37fbc9d07,45,1,72,0
e5ef778a-db6a-4061-b8fe-8d3ad350edad,64,1,126,0
021603bc-509a-40b8-b042-8067403a7d7b,42,3,108,0
7e10b22f-d27c-4df7-b945-573744676a04,60,,131,1
22283087-30ba-4f40-a0c3-44496576264f,34,2,30,0
dc09a01d-b783-49e5-a1ec-f6c804cde599,46,3,34,0
85a3ed41-b2fd-47b6-a278-1d43c4de3651,60,5,36,0
a1724378-311c-43fd-98a2-e341ee7d20b7,61,1,109,0
682e81a8-0ad2-4252-ba1a-4230042b4925,59,2,102,0
15d3fc56-a308-412e-b0d2-74c5c5871651,38,,24,0
de12f702-0c92-4756-8313-d070611ff761,63,0,127,0
6865f19f-ed80-4206-b29b-8072aac7e8d3,63,2,81,0
73c5f47d-e3f7-4970-9781-0cae92134f18,66,0,25,0
e2043193-c092-4c43-bf47-a8f66fe5c937,40,1,45,0
b1a4297f-94e2-467e-b658-a2d4a47ff7e1,38,1,28,0
cfbff23f-dc55-4520-9a11-695224a190bb,38,1,96,0
fc99cdef-5269-4c09-9181-81b06360dc1c,54,2,28,1
43d80642-b732-4c9b-8898-c5683bf96be2,64,4,,1
71c49a04-8e12-489a-8798-7c22b79f778a,46,0,20,0
8e97418e-d3d9-46ad-94dd-56a3c998fb1f,56,2,185,0
62407455-b04e-4f65-9311-cbb210047db4,46,1,86,0
abfb251f-adc9-483a-9117-65abf9515ba7,55,3,46,0
46a8c454-b116-4e30-b61f-55e0876462ad,65,3,56,0
023ec4ef-25a9-42d5-a155-76cf6606f068,54,0,34,0
a7212890-1a52-42ca-bd16-cf66ade46f7c,61,2,68,0
4e330397-67ad-42ec-8541-b65b4e48010c,59,0,132,0
1b621e68-2a35-4401-b138-68cd9f3b5a4a,55,3,42,1
7c9b9552-9800-4c3c-8548-39bb7cf0a1e5,50,0,42,0
81793862-6af4-445a-8224-06e3edbb5297,58,1,97,0
95d46bbd-58a4-401f-9345-2460db9473bc,48,3,140,1
8a26ae1a-0b39-4980-b5e5-34bf1b52785e,56,0,28,0
aef4025c-024f-472d-81d6-c8d3d276bd7c,68,4,,0
91d44e44-7247-4132-b007-5a8856c22dfc,58,2,23,0
97ea85f1-88bd-4d2b-9a35-c039ed7cf83d,53,2,26,0
4cdc6c1d-d1cf-4c68-af21-f0027ad5a23f,36,0,51,0
b9599876-3f7a-4d1c-91e1-1d3deea53947,69,1,87,0
c1f71f99-f6fa-4bdb-aad8-296fe43099a6,53,2,41,0
e499ffa4-d604-4cdc-9466-76d6403db96d,55,2,47,0
d5f02b4a-6393-4f14-9819-2ce5803a19dc,65,2,112,1
2a224a6a-f11c-4f6d-bfe9-154a1a7fe0d3,47,3,105,0
52b69825-2651-4caf-a298-569796af2135,66,1,53,0
1b200a96-360f-4572-bc05-2a76cb1e4a00,37,3,,1
c18eb8db-8e87-4ee7-b8b9-203ecbb17c90,68,0,160,0
98d2c8c4-d7cf-47b7-988f-860d9e6a8631,49,0,105,0
8a2500f5-0919-48ab-8c9f-093199fae56a,53,2,99,0
b61f29e0-7ac3-4001-b430-947e79dc73c2,37,2,49,0
9e21d3fe-c6a6-4581-94c8-571719fe1c8d,56,1,119,1
ea3504c2-ea50-429a-9e27-9482d9297e1e,55,2,74,0
9434acd8-4710-40ec-bd09-78f663a73e74,58,1,43,0
09f6cb90-6664-4327-9635-3edd8e0784e0,52,1,53,0
69068f50-30c6-4306-8874-f45e782d5d75,69,0,57,1
66da5ec7-72af-4920-a5ba-48345f14db63,36,0,57,0
0b4f5b4d-af6e-46fb-86bd-c487969e539e,66,0,24,1
7f22e745-5d5a-4ce4-b3a7-eb35a5968c1c,44,,133,0
b736157e-be44-4cfd-baa8-335580355bc6,55,2,52,0
5ed6313e-9238-448e-aaf4-e101706eebaf,40,1,,1
cf0b7399-3457-418c-a477-1465a14243ed,66,1,80,1
70903ee8-136a-4923-8672-bb3e380784e6,59,2,66,0
99630cbb-ac51-4607-a37b-da6a9ec66912,66,2,,1
a228714c-2596-4e11-a627-2e942aa81f02,64,0,79,1
c434f2e4-7c6d-4b8b-be6c-e27f70383f6d,60,1,67,0
01bc6b92-6ebf-4cc9-bbb2-74404c697866,53,0,73,0
6d84efcc-4ea7-492c-8b48-339e656efc30,66,5,42,0
e402c824-c703-4434-9c45-3b996b7e7a1f,56,0,51,0
e73ac108-aebf-44be-b446-bbf0e5cdcf91,52,1,147,1
e9490330-0c19-46f2-929c-5a811384926a,38,0,31,0
41067e21-8633-483c-ba81-adf5fabc5d79,50,1,54,0
62a6bc5b-ed62-4dd1-97b3-ee0fd0d1522b,46,4,93,1
773ca29b-b594-4cf2-95ca-94558ff7f455,38,2,30,0
8b5e5753-cb9f-4dc9-ade9-5a567ba7807d,45,2,33,0
a3e423ba-e731-4076-83a4-078a50fe4e34,50,4,58,0
ac405552-54d3-42fb-b415-97bcd15d312c,57,0,71,0
8fb57f7d-47f3-415c-b399-8fdf21d33c5d,42,4,25,0
9e089e1c-4ddf-469a-8e89-0cb2c66c8b00,69,1,62,1
9fdca4e5-147b-4622-9a38-62a6a5a2511b,45,0,38,0
6a3aeeb4-6064-4201-9656-6aba276e3ff3,59,1,,0
d48c4a3d-ef33-4d47-8574-b29bde1e544d,67,1,43,0
f73794de-b492-44e9-84bc-a979b12be871,61,2,81,0
41a5e590-b471-496d-a634-23304aadccae,49,2,89,0
14d1a1fa-434b-4a8f-976a-fc6dab4dd275,40,1,69,0
01f37d29-971b-48b3-a7b4-c526e436a6c4,38,0,181,0
224d47e3-428d-464d-af33-d9c918ee9197,65,0,46,0
127176bd-b873-4915-8c42-7ba9c33bbfc0,34,2,102,0
08d743b1-6554-439a-9e40-24503d86216a,57,4,44,1
55b95d40-f3a3-46ec-922c-fe5a2ad96eef,68,4,35,0
53eaf309-81af-4529-830f-edecd23e716b,58,1,140,0
58a868c7-e455-455e-9445-ba5c36dfcfdf,56,2,41,0
96f9a8d4-51f5-48d8-8914-eff29ba154a6,43,2,157,0
0a0890dc-8d09-482a-9dc7-64978803c22e,66,2,58,0
788a2595-d036-4d5e-a73e-480114da2c0b,56,2,37,0
6e30aba2-f2d0-4a0c-b25f-40342ab7fd01,42,2,71,0
88a6e500-c9b2-4e9e-b542-02471e742250,50,1,56,0
b7dbaed4-0708-4e90-af0a-4ef8df8de1c0,34,2,69,1
6d7c050c-5cd5-4252-930d-83bf94abdcf9,42,0,52,1
24f2bfb8-b25d-41dd-927d-6ee61e65f6c9,46,2,136,0
080a3c4f-208c-497b-9107-779fd7e99f9c,58,2,31,0
9b96cbdf-7db2-466e-9b05-61579bb84f77,52,0,52,1
01bb055a-78c5-42bb-a8f4-ca46236136f0,62,1,28,0
a7a7da0f-187d-477f-9e12-fff87889581f,42,2,91,0
a22e53a3-c272-44b4-bafe-e0bac9fdc3f0,55,2,29,1
50514344-71e4-4943-8ee0-45d25fc14818,36,1,88,0
81f6c21f-f5df-489e-93bf-75d7b351b7ec,45,1,49,1
a25ea5c2-737f-46aa-aa38-5c28fd671948,57,0,54,0
67ff0541-918f-4b31-b610-0d9c994a1a01,60,1,39,0
3a4772af-9cba-425f-8bc6-e2aff51e17fb,62,4,111,1
19862cf7-2bed-48f1-a40d-38276785e0ae,66,2,112,0
be58344f-0549-4dcc-b396-1012f14a2006,67,1,138,1
3c3e6d00-97d9-46c0-af99-375d25ab9369,51,0,49,0
16e97c9e-3ef5-4de3-bb26-a17d5ba3e1a7,43,3,49,0
f8b9f0cf-63f9-4faf-b047-6ea357c6c7c3,42,2,44,1
44ef042a-00d8-4c1b-a33c-3dbe6460e9c2,37,0,38,0
07eedd30-3876-477f-b572-253061bd1f47,47,1,65,0
dbd71cc8-f81c-4ecc-bbc5-5f38245d61db,46,3,74,0
17d14d67-a60c-4e8a-8fac-431a47b13ff3,53,1,113,0
68521a98-c0cf-4765-be7a-dc524aacfd66,39,2,34,0
f0c38c42-00fe-48af-be18-cffea1aa809b,69,4,97,0
fd560d27-86e0-4db0-a609-bae630660117,44,1,36,1
074999a3-2af7-40c4-a52d-19ca3364b6e6,53,3,121,0
880f9976-fc7c-403c-993f-a6bd8502fe48,64,2,51,0
4fa2f56d-28e3-479d-a697-e590e0227980,48,2,35,0
28c1448b-bb04-457f-8382-dcb9f30fbf24,55,0,91,0
fa9e8538-13e0-4fc4-bcfc-9b6d6c96edef,41,2,49,0
5570452e-e077-4e0d-bd24-59a196e07100,42,4,59,1
d4daf924-3fc8-4660-8b16-5e2898f072ec,46,2,15,0
ef242947-9434-45d4-881a-3d5f4c70ff75,62,0,133,0
a1bf32e9-2a19-4a9f-8ca8-53be4f5c530a,38,0,41,0
76e5eaa4-e434-49fe-a7b6-4fd5e35eb382,52,1,56,0
d9f6a5ef-e00c-4f88-b82c-811a7948102b,51,1,130,0
3254156e-cb42-439a-96c9-7bce3dbd1fb8,69,1,28,0
54622581-e4f1-4d96-a9a3-ae6a8ce30726,45,0,67,0
8e5a61d4-5641-4118-97a7-07f2a0cf74c2,65,0,83,0
52dcf6a6-e2a3-4f19-ba3d-ca73df3d79f6,54,1,83,0
08a1151b-eddf-41b7-92bc-8b97eb21c77c,64,2,41,1
cda11a62-a2c9-46c4-91a2-a6e996539512,49,1,17,0
07cc4a9e-b1a2-457b-8f7b-7e8b5fe5a360,69,3,82,0
16ae3325-49a6-4f0f-9fa3-cea66a9cb6ed,69,3,148,0
51e66c2f-1aa3-4466-9f8c-6ff602cd32d7,41,1,,0
0722a6b0-4fce-4efb-97cf-545b78a1f190,65,2,121,0
10669b2f-e331-45c2-b610-ff3ed7b82a21,61,1,125,1
25af0194-803a-49ca-aa4f-2c61ea03f6d3,60,2,109,0
25584f8f-b3fe-4702-886f-8ebf303a10f5,41,1,,0
57353736-7c34-44e6-9190-cf3a01c89927,69,5,,0
fab0d792-ff91-4a9f-851f-9a4db5675c51,42,1,89,0
22d5a83d-1c46-4075-bb73-2f84e715cd01,62,2,79,0
627f327a-1bb9-4010-9db6-1bdcf79f9b4c,43,0,67,0
340a93fa-f78b-4f3c-ba4f-45b22f2969e4,68,5,88,0
0cea08f3-c22e-4a79-801c-46e46cee2437,58,,,0
db5b5723-2ffd-44dc-be14-5d25db8e41fd,46,1,100,0
768c4693-0bf7-485f-990b-4eaf1bde5755,49,1,21,0
6a2251c2-6c73-451e-9d35-b6a090fd5762,57,1,98,0
3933752e-aa7c-4125-b731-b01ef2529904,63,2,43,1
b264c90e-ceee-40f3-a8cc-4bee64f053e6,59,3,122,0
5f7b6fdd-2069-472a-9f0d-a17a44425fd9,42,0,56,0
0a1fe63f-4bee-4295-aeeb-6763f6932f4b,48,4,36,0
18e0ce09-85a1-4470-8d5d-c6c7f9438cca,42,2,,0
84294d2b-c4a0-4b35-be5b-01e69e6a3513,64,2,57,0
61f78431-a1f6-4f19-861f-d13d6f6410a7,55,3,64,1
edac0175-3951-494e-b90f-9e9fd098bad1,46,1,25,0
19520e92-5b35-4af5-b79e-af408cc28f51,49,2,,0
c37de5d9-3ce9-4537-b4dc-79e4a9f7a350,36,0,75,0
11849c46-b484-4f8c-9142-0357502096fa,67,4,68,1
8f672bc0-9252-48a2-b7a4-d39202a24330,65,3,37,0
0aab1743-e81f-4e9a-8e55-5e5588f24153,35,2,33,0
0373c18b-ac8a-4c06-beac-c3755c2d73c4,53,1,41,1
e9c1ebc3-3261-47b7-a840-63e26bd03a96,42,,,1
2f20f1e5-4fe7-43cd-9dbe-62d35031bdd3,53,3,121,1
049241d9-9609-4048-b7d5-028822eb8e59,64,1,45,0
f1a5d24f-7cab-470f-995c-d5d22a963859,36,1,70,0
ccc9c0e0-e0ce-4e69-867f-6cb6d6ae1a4d,43,3,59,0
3b592ea7-d2d1-44e1-ac2b-16a37aea985c,63,2,57,0
6a3225d0-c4ba-466e-b393-acd50386b438,68,0,48,0
61929a48-f741-4654-82cb-231baea576c5,58,1,65,0
00597989-51b1-4e59-9c6e-09bc0da0c5cf,39,,92,0
8e4a9912-156c-4c71-9819-a46e144093fc,43,1,46,0
8aa56f29-bffc-44bc-9786-e9329ddf91e9,34,4,46,0
5c16dea1-16fc-4331-9953-badc5346029a,56,0,43,0
4a158793-0781-4dc8-a514-52f32e4048c8,35,2,166,0
f393b1c1-9a83-4e60-933e-b27e5fd2487e,54,2,44,0
fa5ff8b3-307d-4c70-a7fe-ba3b50ce775e,46,0,85,1
82cf297d-c306-43f1-bc58-8667053cddbc,60,3,62,0
dea079ab-9c93-4996-88d8-8f86379fabff,51,1,105,0
f63f503a-d5f7-45b4-896d-03b88e180455,49,0,20,0
3d545afe-9f06-496e-a24a-79ae650f502b,57,2,43,0
77257684-ebcc-4e67-a1c7-f2539cc02ae2,60,20,289.7719871,0
5b1025eb-e018-4222-aed5-694f45555d4d,47,3,33,0
bce86d60-cdda-414f-96bf-462b3eac3eb1,41,1,61,1
5a802bd8-8f40-41f2-a280-f8a43ffd5c15,51,4,96,1
41e2bcd0-d05a-43c5-b239-619aa4ede24f,46,1,75,0
7c4815ee-cc4b-41cd-816a-cc0d46bf85bc,56,0,29,0
6dc901c0-7cb5-43ea-888a-f4320fec860c,50,2,26,0
76dca5e0-eebe-4920-a8bf-f6f8a578a8a6,45,26,693.8993893,0
fad4ce35-2c8d-4c94-b7a3-c7a1acbb653e,63,2,129,0
a8186aac-1ae9-4cb3-beaf-65ca09f1c3c7,60,2,36,0
dbfcbade-7e46-4d4d-aba1-5fb4d75337e8,49,1,,0
80a30648-5e6d-4fba-8384-b08cd2963ce1,38,,47,0
c332f141-9a57-4eb3-8a67-e3d9cee4e102,54,4,57,1
ac8ed6e9-2c6d-4bcb-a644-22cd7734af05,53,1,85,0
39527af0-f814-4722-b031-207117fc84d3,39,0,,0
de8b9a18-62ef-42fb-ac40-c7860cbceb4d,39,2,58,0
277fa0f3-2a73-4300-890b-8c7402f253e1,49,,20,0
048401ea-9d1a-470d-9fad-3e3ed36bd0f4,54,0,,0
ee9e7939-f2f3-4f33-bb32-6c78cd6675f5,58,,149,0
bb3e5409-7e4a-40ed-85f0-24a94fcde08e,58,1,54,1
f59ae1fe-0f1c-46c6-a325-57a7ede4d2dd,36,1,53,0
50742d22-3aa1-40b8-bf43-969479d9937a,45,0,39,0
2666d650-2769-4dd0-af06-4da337bc62a8,38,2,92,0
4fcf7eb5-f073-417b-8456-79b879cdd619,67,1,67,0
8480ca98-9901-484b-9d97-e9550cecc5b0,53,3,46,1
806e53dc-e735-4b94-b0b4-99b346fa627f,58,1,53,1
a4a0bac6-3e9a-4508-bafc-03b404c2acf0,46,1,77,0
7d8d1e4d-d9fa-404b-b47c-50feee930948,43,3,26,1
dfa84729-fd7d-40f2-bf78-15791a07ec7b,59,2,26,0
3226863a-0767-46c6-a2f3-cd2e20525e09,43,2,132,0
a980cfa2-bc30-43d7-bf8d-dcfbc2339b82,51,3,143,0
8a0f338d-387d-46d6-aeba-e87f3b5f3ef1,63,2,46,0
156e6b5c-75b9-4cb9-94b3-fdd0a1468358,49,1,42,0
dc4e55bb-ebaa-47d3-b37b-8e9fb78e5794,46,2,76,0
170b784f-b1a1-4338-9bd9-c3237d48a2b9,40,3,74,0
72486df4-1910-4970-bbf5-43672e9174e2,39,3,53,0
841e6d74-cca2-4855-b99b-2398e90d330a,41,,116,0
dc7883f4-0ea6-4abd-a46b-d8a8a063a0bf,61,3,72,0
59bcdc90-3e05-4da1-beb9-e52cf5b69ac5,35,1,42,0
5aea2a3d-da09-4605-a588-d4303d217c7f,46,2,53,1
583fc5ca-3b99-4d8d-bcc8-8c0698d4ca88,35,0,71,0
2dc1009d-e5f1-427b-bb13-6ba7a04c7b93,43,0,93,0
d7198404-23ee-4c87-962e-ca55c5647058,69,3,34,0
063c4398-c0dd-4a80-8447-6ef2373375a7,52,5,51,0
ce92cd2f-b0cb-4ba6-81bd-d7c63a16ada0,63,2,79,0
326901ec-0697-4f8f-a211-c11140119060,40,1,101,0
98eb5a9f-1fba-4007-9bcd-21d0fb415590,65,2,98,0
5da51956-39e5-4ced-94a3-9c6b0fe6f267,35,0,73,1
1fd379df-de39-4288-ab36-defcf7c63c56,58,2,58,0
1f9fc910-14d7-41b4-9c6a-34f27cfbeb6e,61,0,,0
9e5920d6-8aed-47cd-81b5-f5f0b7305499,42,0,72,1
ac411b93-c2f3-46b6-aa73-da116b67a1bb,40,0,23,0
0f0a2ae1-a614-4d07-b378-5fb4e4c01ce9,62,2,55,0
226cbc86-e65e-4b63-8bd2-4cb62c31231f,62,1,103,0
3a01dce4-8e7c-4c9c-bee6-6e446ad21e7f,40,1,91,1
1f0a14d8-cc77-4196-8aeb-258dfe749126,69,3,83,0
991e562d-00d4-4480-a4f2-b7cc01188b9f,69,1,55,0
c0fc4052-3b01-4abf-9a30-d638a80f765e,41,1,,0
090f6e92-cf6b-4da8-a126-815d7238d961,41,2,42,0
10e7e9d3-40e6-499b-99c1-9cf2c3c5d882,52,1,100,0
1250a093-4101-4aed-87d5-9f3daff82bae,47,1,21,0
46f4dbfe-1b3b-4b0d-9e5d-300cc6e980c9,60,6,30,0
6bbd3500-c7a2-4e1f-ad9c-cffc92333e2d,67,1,102,0
968d2414-c09c-406e-be35-13b0c5512259,43,0,113,0
d8b8ff62-f2b2-43cc-99e2-22db167267b8,41,0,90,0
78d1f47d-a6a5-4d8f-800b-66ad49af7fe2,52,2,38,0
025c8b12-652d-4919-9119-63c723804803,61,0,,1
ebdf1f4d-c7cc-4eeb-9971-a627a2f8c4f6,55,,606.9298938,0
6a275294-4939-4344-8da7-c051bde1a054,50,,44,0
abd35988-555a-4694-a258-91e68017331c,37,1,39,0
f7626113-43ce-419c-bad0-e6bc27bd4bee,42,2,,0
c309f9f3-8076-46fb-87d1-2438b4d57f27,56,0,36,0
5e3f7336-d1fb-4f0c-af28-0c8d8c8c30ca,47,1,35,0
038a713b-c878-46cb-bbc6-9755321afc7e,54,,44,0
08348952-2655-4797-9b82-64c25cec3be8,61,3,45,1
9b225dd6-33bc-4cfb-8617-6c484e7203ba,50,1,65,1
8b390876-5060-4852-80a8-e43d98d3d4fb,49,1,66,0
12961e0c-5ccb-480e-803d-391dbc0209a1,52,3,69,0
e34587c9-0340-41f9-b3ac-d5acf33ed96d,63,2,95,0
40ef65a0-b504-4d71-8836-2e95c4925906,67,2,120,0
7c5154e1-f9d4-4176-891c-f4dc204ea997,53,,63,1
f0a744b0-1e42-4895-80fd-2a4b512d36aa,34,0,48,0
ccf4d44b-50e9-4df7-9248-df9f1a615a8b,58,0,60,0
5ae8f14b-210d-4548-8bb0-4804ecc66327,36,3,77,0
13cf83ec-d0a7-412d-96b2-8e6d9f1d6f04,38,2,139,0
2f520040-7acf-42a1-b883-11984ab3499f,68,1,25,0
06bd9fa3-7885-4f8f-aa9c-2469832f854d,68,2,58,0
58e8deca-951a-4653-b7b5-b37954f038c2,63,3,37,0
491577d0-1216-429e-bbd6-8b3e8e499632,36,2,154,0
4a0ee7f4-8698-4c34-8815-7cad75d08c47,41,2,79,0
08d8fb8c-06da-49a7-a730-25d727a75072,36,0,72,0
3b78f4f7-a6f2-493b-a826-5d86f45ec808,57,,39,0
624dbc66-1d6a-47dc-a7a0-dcfb7874fe84,41,4,,1
2075c7bf-0fd8-4a95-9d86-9f537bdcf42a,54,,24,0
c43bf449-6bb3-4c60-86fe-f2346b8c1898,49,0,139,0
d981c656-ff2b-414f-9dc4-6783c52cf768,43,0,45,0
68f63958-619a-4841-be57-0bd0a477e941,53,1,34,0
98559a50-8551-4677-b0bf-6fa01eb3ef5f,55,3,107,0
7d5a6108-fe42-4cee-94d6-15e76b899f02,40,2,66,0
87584788-85ad-44a1-8263-ff8196299786,38,1,54,0
ab4eed1d-9ba0-4a6a-beb7-d830bde31e6f,57,1,73,0
6c59e6ef-5b81-4990-ad25-87db9670979f,68,1,103,0
ffc51b4c-5397-4a2e-a0be-82c28d3ff6fc,42,2,126,0
de974c6b-5765-4ae1-983f-b3d314c3b1d2,38,1,,0
b3d48d93-0658-4268-ab59-2b688da2245f,62,3,113,0
d739f93c-6826-45d3-97dc-24fb5449d4af,38,1,,0
21681487-f61f-40ac-a3bd-1a30643c197a,34,0,81,1
6333b54c-859f-47cb-ae6b-982eec90870b,65,3,106,0
a0b0a226-53e3-4008-b9ab-487e03c5554a,47,1,74,0
4f743b8d-ba10-47f4-875f-6cd4ba259f10,64,3,25,0
5813f1c5-31e4-48b2-8815-e4da183cb5ed,69,1,103,0
a91fa110-537e-4e81-9528-33a6ba2ad3b2,34,1,68,0
24b0b84e-b4e0-4d79-81c5-c9b4e135c554,64,0,88,0
8ab47d78-7738-4a6e-bc6d-ef5535136e75,43,1,25,0
bff22c97-ab1b-4ee3-9b9b-2ddeeee1d783,55,28,640.0448973,0
1efbca17-4788-4566-9af6-114515bc10ff,68,2,47,1
608378de-199b-497d-b36c-fb8b838c3cc0,43,3,,0
c2e7b3bb-ddad-40a1-8ee9-3022bb84bdad,40,26,2164.022785,0
 37e82d46-4296-417c-a2dc-99ac072cf63c ,55,2,138,1
af21ec4f-0284-4ab3-9dd5-81bb6a20f77a,46,,44,0
ac85b424-04db-4afe-b9bd-be7841e412e3,36,0,90,1
58e5b47d-f627-4ac5-b673-c18a7d67ad1f,62,0,54,0
f9511e4c-f715-40bb-aacd-5bf2b0181757,43,2,48,0
02ab957e-f1ba-4b4b-9292-3bfe3aef8e0a,49,1,52,0
00c4a9cf-9bdc-4597-9ca5-d286e1d77964,42,2,22,0
92243075-0f89-4069-a447-aadcc3b11e3e,45,0,37,0
34137a8b-b4a7-4f5b-a0e3-85abcf582baf,52,2,19,0
ed8c9166-77c9-478b-b845-44d106ad3436,44,1,,0
255863c1-1f73-4cf2-a43f-bec23aad19c9,65,3,45,0
d1e681c5-f484-418e-92bc-99f3090ca50f,42,0,76,0
be490d1c-b79f-42d6-81ba-92b344a1ddb1,56,1,65,0
27cf9528-a98a-45ba-a597-7f69268b3332,58,3,17,0
352614c4-6eea-4fb6-b9a2-e0ccc994ef6c,45,4,51,0
0a591364-dd46-408f-bbb4-6bd0513a1dc2,51,1,98,0
7681b5ec-ca98-40b9-9932-793f72feaf36,52,,82,0
d04a92ea-a359-448d-8b6a-a116635759b0,57,1,50,0
39bd0139-80e5-4223-8aab-f1e39cc88ffc,57,3,,0
b18eb8b6-a573-46e7-ac6c-ccfc2a1d4683,69,2,99,0
8ab374dd-5c0d-4e46-8526-ca4d5623c559,69,1,18,0
6ea6ae0e-6ab8-48b4-9966-ea3e0761c03c,68,1,99,0
14c08e39-0e97-47af-b520-8ae2bfe74cb1,48,2,92,0
6d6d0bce-3c0b-4f4f-903b-a2b5e004c2a2,42,1,108,0
341a89c6-e18b-49cb-bc6c-8f9bbd18f556,43,1,48,0
ecd143f0-201a-4cb0-a641-cf1b308aabeb,55,2,43,0
920a8995-db2a-4b3e-bcb8-09b506ac954a,51,4,147,1
66efba43-b467-4be3-bf98-f9bc9b06b457,52,3,55,0
8a024fff-8ea8-4aa3-8f8f-9722734e782e,62,1,30,0
0f4fdb46-8b72-47f0-8453-1a19f7c708c6,60,1,52,0
55f4fe2a-df8c-4aad-bc01-a7a177eed370,63,,82,0
dfde8d9f-cae1-49bd-80ca-b853faa37eb7,55,5,,0
0a728017-ccbf-4566-a191-5970fc865947,39,2,101,0
bc714713-7c15-4315-8448-961689fb6faa,61,3,95,0
afd06453-d3a3-4c29-b457-473b3b159507,47,2,,0
e0e9a32c-29ad-44d5-a2ab-f00905b0fdd3,69,2,60,0
21e46688-4bf4-4de5-a750-ac18f8eb8f4d,58,1,36,1
52d30432-3c2e-4de6-aedb-7a7243b525fa,67,2,118,0
68065b79-363d-4d47-ab30-07633b115ef9,59,0,73,0
3e445ee2-1997-4e99-8cef-93570a8af3e9,49,2,52,0
2983ef3f-8804-47be-910c-49a3a834c0c5,51,0,,0
f9f27949-6c97-4392-9619-c31af2e234fa,51,2,30,1
80a6c6d3-ce61-4fb6-868f-8b3fe5d1c829,37,0,36,0
d7ceb93a-852b-40c4-87ca-46228cc86326,39,3,,0
12050dc3-0b72-4c8d-9396-cb7c9f2595ff,45,1,24,0
6ddfce47-4603-4248-b880-faae5ba24e4e,54,1,44,0
ab430864-e175-4ef0-986a-e5791bf4d92f,53,0,32,0
3891f177-34d6-4f09-a504-d0e563651460,64,2,,0
3534b158-804e-475a-b6a9-75d4826fcd25,46,3,18,0
58795583-5abf-40cb-83b3-d098bc67c6ac,65,0,28,0
712612a0-1520-4952-bdf7-6b3d40a5a7f5,53,2,128,1
019c64ba-3113-4265-88f3-d32b64d7b3ac,61,1,32,0
b79d5cd2-e5ed-4c80-8343-392fd4209396,55,0,86,0
1acee671-5061-4569-8f99-28e12183e6b2,68,,40,1
6adaddfd-7d21-45cc-a8e2-5591620a932b,55,0,82,0
ad64817d-8390-41df-8f50-e2828426b1e4,55,1,48,0
d0bb671d-09b7-42f3-bd6a-8484faec88fd,34,2,61,0
a75a3a90-6218-438f-bed2-81ad745b2331,58,1,119,0
a954e21a-0f88-4fed-8b16-3a2e0ea244e4,55,0,,0
91104901-dadb-4020-aa12-c1c28d6ee2a6,39,0,125,1
d7a73694-eeb2-4347-8043-fdb37fe26493,67,4,109,1
0b46767b-935f-4b04-8c17-e61c8555e520,41,1,25,1
218d4a39-82e3-4271-88e9-8973d25e4fef,41,1,27,0
1d406b5b-da36-42d5-8835-f7ff45ff20af,48,0,93,0
fd688b7d-ec31-4ddd-b604-e067159cbe5e,49,4,,1
f04a2473-a131-4f00-8a98-8095bf9f76b7,36,1,130,1
e84fa570-165c-42e0-98ee-c9b4fa5c16a0,56,0,69,0
4c83be38-633d-40bb-8b42-98db923d0c33,60,0,,0
1aa6759b-68c9-418b-aab5-6dc852339ff7,59,3,77,0
faf5dac1-9872-4745-81cd-15e74025e4e7,54,1,140,0
6a8f96a7-c335-4ca5-b436-332eafe83ae7,65,0,106,0
444e247f-2461-4c3f-928b-04c77f853972,37,3,62,0
3d84c4b7-c3ef-4e21-84e4-c31c96371e31,53,0,29,0
512233cd-ca05-425c-946b-66d886224f20,55,0,73,0
d288aa26-4ec8-47fc-9f6e-3961a906df53,52,0,43,0
fcca7590-6573-4995-814d-71584cc30e24,53,2,48,0
fbae6344-1147-4857-8505-081b4e2447cb,57,,68,0
3033a49a-d88a-4759-80a1-3e96db62588e,65,2,46,0
da1053b5-9ad6-4ac1-8675-3df91cb75753,61,3,59,0
6d1b2099-c672-4047-baf2-ffa4490e49f6,48,2,79,0
9c3fd6f2-202d-4671-beb0-d7a4da0e2a1e,40,1,78,1
3906d8ee-1170-4c7c-a642-91870c57f865,48,2,32,0
b5b93fca-562d-460a-8b98-f88e3469eeec,54,2,,0
7dd3d24b-b3fd-434b-9d2c-31e981f887c1,35,2,41,0
34765922-6c77-4ef9-8d8e-5ff10ca7810d,49,2,23,0
8754143c-8d6b-4683-95d9-710014152340,37,0,74,1
674a9671-f528-4016-9472-5bbdec8b4232,55,0,27,0
839f4a3a-22e6-4775-8cc7-6a5ab17f2580,35,2,175,0
eed8eafc-48a6-492e-8e95-d4d376298b26,36,1,57,0
8d931f3e-93ac-47dc-a4ed-7e9363a435ce,46,1,146,0
85ed88a9-3974-49e3-ab32-3066b05d3c5b,50,1,100,0
7d71fbea-663a-4a3c-ac8f-472c1f43efb0,54,2,,0
816c0c48-2184-4a83-ac8c-4691d3b0cd8e,44,,31,0
37cfe653-6074-428b-9e2e-674413a9b97e,52,1,,0
789975ca-7dfe-406e-9406-37212334527f,37,,71,0
00a028ea-2d98-4db2-a63c-9da1cc189317,45,1,81,0
72addedc-2189-4064-a156-d1a75a01e8b1,44,1,,0
b90ef10c-2525-4134-98b5-f07cf6212a23,57,1,81,0
eff6ddb6-4f48-4c5a-a8ac-b857f7524aa5,64,0,21,0
b97d280c-d089-4fae-a0f7-c2ae150f6927,57,3,48,0
51d749f8-f041-449a-ac56-814685064abc,56,2,100,1
d9f84877-7d2b-43cc-92d3-68a597a062ab,46,3,,0
f653bfa4-70bb-4ac9-8831-95197232a4da,53,3,141,1
861ec055-d4bd-4b5f-be76-f88d95b4a1ab,43,0,51,0
67dc2236-5fa2-4178-ad19-32a60ce7d6c6,34,0,81,0
80d031c9-2c88-4fe2-8a8b-2b9c1f936eed,48,3,76,0
1a4173db-8fce-4745-bf07-e8ea3350e057,47,0,130,0
5ab03959-778d-46b2-8bd3-1251dc33c7ab,53,1,55,0
157970c8-506d-4ca2-9dfe-cde4ab7ffabb,58,1,65,1
3b1bcb6c-c82b-486a-99cc-6ba61958148d,36,0,51,0
a87336d3-006b-41f8-ad1d-f2293bd7c783,48,1,,1
2f6741d8-be72-499f-89fe-98e01431c0cd,65,,42,0
d84e189f-d249-459c-859a-cf9e8507f92e,51,3,69,0
3725a905-5e3a-4118-8773-f6373767c76f,64,1,,0
995476d6-ecf1-4de0-a088-e0716d8bcc04,66,5,30,1
39f0ca1a-a134-407d-bc1d-4137c693696f,36,3,116,0
46a109ab-7f1d-4990-959b-c3de8d0437a7,50,1,163,0
cdb0f11f-3dfb-4b71-a957-71f8e555b64e,45,1,56,0
8a521f62-1f63-4ba4-9b82-22bf9cd1d5ee,49,0,28,0
03dabb0b-b0d9-419e-964f-be2dcc8b0807,61,2,72,0
e0e80236-1986-4539-a740-11173adb9d5e,47,2,87,0
9924ca29-199a-426a-9a27-fc9af4e87060,62,1,91,0
ce4d2e01-a33e-42f1-87f2-28e673305e60,38,2,92,0
9da6c106-f3ea-415b-8145-35b329b34d14,52,2,92,0
65e51d81-fd99-482c-a4e6-52c86f2e68ca,65,1,17,0
8f8b2671-9f87-41c3-88cb-d563e10bba7e,50,3,58,0
f593b819-2d9a-4115-bb23-4846cdacd73a,43,1,133,0
41d9844b-cd57-4a54-bf45-fbd93c0ba866,52,0,57,0
22635401-9d7e-433c-8db7-4f5412920416,44,3,60,1
c5537ed3-d015-4615-bb2c-5a07d459f93a,36,0,54,0
c4214fa6-cd0d-452c-8217-b03826dcd570,40,1,93,0
701b405c-e224-459b-b75f-7efdb57265fd,65,2,31,0
99c78f0e-9e9f-4486-ad8c-47dd2e4dc90d,58,1,52,0
469d409b-ae6f-48a1-a821-e32a34d26216,56,2,49,1
85922d40-1929-4529-bec1-8d85a62af80b,41,5,39,0
273772b4-46b3-449e-bbf1-0de40859cd2e,55,2,71,0
da47710a-8a0f-4e09-9f4a-3940cbc66aca,62,3,,0
30092ac4-0ae4-4fe6-80d5-ac3113b07a56,42,,33,0
efa083ad-6d26-4700-ad5f-de626200f557,58,2,,1
6f511f55-9f58-4567-9442-5199e2d2ce6c,47,0,86,1
cb592327-985f-4c9e-950b-a90b69836416,69,1,74,0
f7b24e2a-a84b-49e6-a65c-3869dec4a983,67,2,,0
aa37eb31-f4e9-43be-82c9-87dc575a6e4d,35,0,,0
39c3d77c-db6f-46aa-a3c8-289d69af7fc4,57,1,87,0
020e1605-3841-4fce-8d21-13a77e8d524b,61,1,80,0
b21b9f3a-c489-4164-a798-5f930cee983e,63,1,96,0
201d1d1d-50fb-4f39-9296-7afb50eb7404,45,0,,0
74227ed6-23ed-488d-8f71-8b5603f3220c,34,0,92,0
4405b2e0-0d7b-4ccb-adb3-921491acae97,49,2,117,0
6040978c-a7d2-4644-b760-a7271f781c2a,36,1,51,0
eba73a95-0160-480b-b09b-8c1167a292a0,63,4,76,0
0ce2ea72-dc1f-4c67-9b20-ae8f73fd612f,48,1,84,0
2bce9551-8604-456a-93ac-182409fd3392,65,2,,0
c86289b1-1201-45b1-9125-b31ca756e010,52,,129,0
ad51e3a3-68d4-4a7b-b300-54dae30c4886,40,0,75,0
531bb8bc-d41c-463b-8d3d-147a7fdacfc9,60,1,65,0
5a0f566c-20dc-4e1d-a249-af72e97e6761,60,1,111,0
5fcda940-6214-4902-8353-3b022ddedcb6,68,2,23,0
e799fc60-16bd-4da3-9527-ab9c50e7b793,42,3,116,0
a4698912-6c5f-44bb-bf9a-daacac63a4ae,49,1,115,0
a930acff-1fa4-4e8f-b66f-97ab611a591c,68,1,185,0
deb26a7e-2a48-4e90-805c-8d99fce8164a,42,,132,0
00d10ab4-8fba-4d75-8c5b-b8e5a9ac6719,37,4,55,0
61c964a8-4342-4857-afb0-56f51a37f0cb,50,1,34,0
 ce1bd06d-db7c-4313-84ad-ec0a8d6114b8 ,39,2,96,0
c019384b-e44e-4254-9c2b-5a26b8f3cc88,63,2,84,0
6342d009-4194-4bab-9e24-73d130f77925,64,0,90,1
85e49eee-631e-4a13-b038-9aa0051f235a,66,3,108,0
97d21e18-fdbb-44c4-a3ce-6dca733587ad,34,1,89,1
4a44a965-2f42-4e77-8676-fcfb8b04cff9,54,2,39,0
e014bb24-9851-4544-b703-5261351d9ca8,36,1,114,0
37762194-b7e4-4dde-bc0a-2db2877978be,61,0,144,0
480d9d87-9bdd-44c4-8942-69e9e6255957,52,1,27,0
1518d156-a8b9-48a5-8a73-ed51d578e544,44,1,47,1
9522b1d7-76e8-4d83-a03f-4a5bb71aab5c,39,0,69,0
bf2803ca-1295-4c27-be50-cfb050235416,65,3,55,0
37ada60b-e6db-4baf-8955-42c80fc305d7,47,3,92,1
52d41d49-3b5e-4fcf-861f-eb2383fbc133,55,2,89,0
3176e4bd-a509-4be7-a130-36a3b2167a28,58,3,78,0
0dd8e759-28fa-44b9-9e9d-350e25b2eabe,36,2,29,0
c7018210-b04d-40ae-b2aa-af0a9972ba03,60,2,55,0
d048dbe1-dcfd-424c-b639-d468dab51ebf,57,2,57,1
cf81b385-0a74-4c3a-9d05-c33f6872c68c,45,2,42,0
aaf22caa-254a-4743-805d-92051b6b44d2,38,,65,0
2d53ec41-1b49-4968-8e7d-b49bfeaae88e,53,0,31,1
1658d96b-b648-46e4-baed-a6481924a425,39,2,33,1
40e2c5f9-4232-4789-bc27-94faf3a5a81d,65,0,,0
cd5866f6-c3dc-402d-ba61-4de79b4ba2a0,68,1,,1
ca24d7ea-5e2e-4150-8c34-032044a3dd92,37,3,107,0
5ed72639-1cae-4ff6-a85f-095fe1e1e446,47,2,41,0
d96c3da7-068d-4b0a-a3e5-c5b5fed153c2,58,1,100,0
685293b2-1bea-4b20-b9a3-d5b3febf0158,49,1,,0
5d9c07c3-3ccf-4912-b091-59e776ce0c11,43,7,23,1
34d1dfa7-4ae4-47b4-8ff4-a6203b681f2f,35,0,82,0
6aa19946-0600-413a-b75a-1a46f063b680,66,1,91,0
d928b5cc-4af1-4f46-9865-d1c4fb8645b2,53,3,137,0
2dfcdc8b-aa37-4435-bb73-675d33b182f6,67,2,60,0
a4cc46bd-970b-4ae5-be65-185abc683eab,36,3,76,0
75bdf190-2ae3-43b9-9406-e05491d99327,52,1,69,0
d4688ea3-5008-4271-89fa-7e1da6f3e37a,56,0,20,0
c668e89c-7686-4c66-92b9-a734c6bca692,41,1,45,0
d81c9405-334e-4668-af3f-812998509ea5,61,3,46,0
2903234b-0549-4eed-8937-94169aa9eae4,61,1,69,0
32f5c2aa-a771-47d4-92b6-fe552ffc6b56,56,,59,0
15770305-a640-459f-a643-c375d1a97593,58,2,118,0
8a7be67b-932c-4329-95ed-63d63a1130fe,38,,146,1
7e838151-f673-4b65-aba1-04511de3e8e6,35,,145,0
58528cee-4f7f-4bb5-baa8-5680d0869057,41,0,,0
334a3b89-f797-469b-8213-ac7f6033272d,53,1,77,0
e639c20a-44ef-4d60-9e61-ba05160d16a5,57,0,40,1
c7953ec4-7927-497d-a212-e68786709bf0,51,2,31,0
a1564fc7-31a0-40dd-9ecc-ccb67eeb17d9,43,0,40,0
3139391f-7fed-4179-9661-8fc9ff6e4081,45,0,58,0
b9e5928a-29d5-4e26-ac0a-9f1e6cfde870,39,1,44,0
9f1e56b9-39be-4705-8cf4-8881034dc853,55,3,42,1
1f302bec-c555-4443-ac3e-af8c0d0fd80e,62,,108,0
63dcdc26-8f70-42c2-9adc-d853c0b48b33,40,5,21,0
cdc5c185-1d2c-4e3d-9dc8-bdf64f10717f,37,0,57,0
ba9e464e-6404-409a-b6af-ebfd13577473,62,,28,0
ab56d9e7-b59f-4229-b3c0-a6b7048dec2e,59,1,41,0
e10c10a8-2f39-4300-a310-c809f3e07314,55,2,20,0
0d0d13bb-690d-4eef-95e9-1dac617f9c94,41,2,50,0
48341400-f4da-4c52-835e-e35f36d7bba9,58,0,24,0
f4aaf9a1-3e32-4a44-bd8d-1e960ac034aa,41,1,94,0
3c14fffa-831a-4715-a600-7a958c9416dd,37,1,41,0
a2e68747-c072-4a66-8bf5-29c83f1febfe,56,4,77,1
d7b924d0-cc0f-4a01-a179-b81725dcf505,58,0,,0
e606dcee-f63d-4d40-8d76-b4cb1b40842b,34,1,139,0
eb81556b-eed2-48a0-a44b-feda3c15f509,41,0,143,0
a14698ff-1d5c-442c-9b44-388cb2baac42,60,0,56,1
f1a5f0a2-fad4-4b41-b9b3-49a4b426dba5,68,,49,0
25bc7ce7-57f9-489d-85ae-117ff9d2b09d,47,0,51,0
5c571189-cd4c-4feb-b662-312947dcc5b5,37,2,43,0
f8bbcfa0-6eff-47b8-911c-47a2ed550ea6,35,2,25,0
fc37d38e-7844-4eef-afd4-edb831399146,58,,159,0
685d6ce0-e852-49bd-a5d7-9058951a2ba1,41,4,84,0
f8df09e6-80a5-45db-951a-c2cbd0d5020c,45,0,56,0
2ca5370d-1771-4888-b485-9663f3e294c9,44,1,143,0
b986f161-04c0-4be5-a879-82d2bebe6ced,67,2,59,0
1bb8909c-3bf6-4ee6-9aca-3fcfbcc17145,35,1,128,0
788a7c89-e6e9-4979-b145-27b139573a70,59,0,50,1
f33a85be-af56-4028-8941-46c586d094f8,66,1,119,0
3b79a515-e85b-4eff-914c-6bba2caad912,48,3,100,0
c3f889e7-06e7-46f9-8092-60ae6da3a47a,67,3,,0
93ab9d6a-16ea-4fd9-89b1-7f456e046a43,45,3,56,0
f065f234-fc9d-4dfc-b495-9aa042b728e9,66,,55,0
1478104b-90e3-49c7-b4da-a39940870abb,39,0,41,0
483e917a-e673-431b-baf8-f6b75fbede9e,66,5,37,0
f685941a-1cad-45b7-8aac-f7ef2b121900,43,,122,0
8947eb4c-89d8-4677-bd1f-09cdd3cf8085,39,0,32,0
ae99c2b1-a40e-41ea-aabb-8f757e538cc9,60,1,36,0
f201a838-f93b-4922-aa47-885aabc31ca6,60,3,54,0
0db747e4-e184-4d78-9d3b-7d6d9cd2983f,59,2,138,0
c5c1a503-15ac-428e-9209-3c27e6abc7ae,57,1,,0
06a97ef5-7359-49e6-b110-605d800a87b8,48,1,122,1
996ad02e-9a09-41ca-ac44-d93ac47b88e1,59,0,45,0
96b15909-8ff9-4f27-b571-c8a6bbae2da8,60,3,93,1
692c6964-cec7-417f-afab-ee076a44b013,56,2,,1
549332e1-671c-4d92-a75a-12b801add703,64,,76,0
466d1971-ec5d-49ec-b613-9e6fe9a4fcfa,59,0,24,0
1f72d1ae-8ba4-44b9-9549-3b2ae24e482d,56,1,69,0
f08ee37d-1eaa-4dda-b624-fc7bd7ce0534,40,1,102,1
7b7ccd33-1648-472a-8563-5c88565c775c,60,1,50,0
30aca133-a83f-47c2-9e5b-dded4eb448dc,59,,82,0
7289c5f4-a723-4fa1-81b1-d6cf4fb0a6b5,60,0,60,0
9880c3e4-8b66-41fe-bc75-f6b953c1a9fc,37,2,112,0
d5905477-5536-426d-b6b3-14cfe54aec72,67,0,65,0
6304e4a2-888e-4c13-9a83-1ac98b35d49d,63,0,71,0
128ffab4-2f63-45b1-83cb-4393db784aeb,68,1,85,0
03c2e5aa-9d8f-4696-8e8e-4acde7bf1a34,40,1,70,0
f0616a64-1abe-4ad8-a2fb-9f2d0006ba67,44,1,56,1
734a74e5-d0e9-41f3-91f5-49c40d097ca9,57,0,73,0
7891eff5-a097-45e1-baee-3894e8eae8e9,40,,91,0
8359a6a8-3a40-47b4-9895-4913345f7e16,66,2,37,0
8aa9fb83-6d20-4554-9f29-9540709c4947,53,3,67,0
6253dae9-23cb-4613-8336-f58f2f039b4e,38,1,93,0
fbb5af79-41d8-4101-a053-5c24a8e72597,46,1,35,0
a4bedf39-c107-4f0e-a2e7-3277652974b1,64,3,25,0
a3a4e80f-a215-4a7e-842a-78e9db9758e2,55,1,63,0
3268b7a5-f2a5-4877-86d9-8a66d57ad63e,62,0,115,1
f6651449-14a2-46cd-a495-b8170217e144,43,3,61,0
b52675c5-b450-4ac2-bfcf-6930d041ee37,58,3,65,0
8828c4f9-c20e-47b0-979c-9b69a586958d,60,0,127,0
ccbd355f-4998-4c1a-bb6e-34cd6bd824ad,38,2,116,0
ae21f8ac-ff30-4f3b-a934-628b3b3ecc4b,61,5,65,0
9cb73f92-0d29-419d-a7f7-0b0c8e8b81cc,45,1,,0
16964e07-4c15-4788-a3a7-2196e65c4026,62,3,99,1
ae8e060d-ff7e-4b26-b83e-24c4ffbc10f2,65,2,73,0
58a00315-d86e-4c87-b693-c37c91808203,59,2,178,1
d5e4eb86-cb9e-411a-8ce6-a96d5347af38,69,3,52,0
1a460a38-f7f3-4536-98c2-3a028f6a847f,60,4,80,0
33afe230-4da0-47ed-9f06-7d703a76e100,48,2,,0
643d3c99-af4a-4907-9695-ec7a4aa3e763,37,2,63,0
e7d9c9ed-fbf0-48ea-bef9-52a5e7d80d81,60,0,54,0
24045c0b-82e3-430e-8bde-837bdaf9e481,51,3,83,0
b3f5197d-793f-4978-bade-2937ece00603,54,1,161,0
e666b96c-a2e6-4e38-b3c4-0070f8f4de91,34,1,58,0
7471c154-34a5-4b18-b1ff-66ff53306969,64,2,,0
d596f7ad-e407-4fdc-9781-4cb2d8b7c015,48,1,95,0
b61a6877-d1fc-42ef-8406-375118e99d28,41,0,47,1
458cb0b3-0bf1-43c5-a029-3278a42cd9f0,53,4,32,0
97347136-4091-4fec-aa8f-82d77ff1067d,66,2,60,0
2f64da95-9ee5-457c-a0cd-c9bf9470c133,64,3,75,0
bcbfba94-7fe3-4744-9e16-8d5a856823db,37,2,21,0
02b3211c-de28-4296-a5ee-0cd9d1339a2b,66,2,27,0
f75b7af4-6a4b-45e1-83a3-6179e23840bf,61,3,70,0
39681d3a-b97a-4fb2-afee-c80de68f5aa5,55,1,68,0
43109ae8-43d8-4f18-888d-437053317282,52,2,89,0
109d8990-fe40-43ef-a62e-72bae4376fb8,43,1,24,0
30ed532f-fc7f-426e-a468-be9e25a8b670,42,1,79,1
d619bf42-c028-460b-8ea4-af71cd31da22,44,2,72,0
ab25972b-4657-43f4-b078-f8d113b0cc33,66,2,86,1
4f245f47-7e7b-4eed-8cab-d5f95d2358f1,66,2,29,0
20c4a6d6-bc17-4c1d-8e2f-28c43cdcd5fc,40,0,149,0
1802837d-9bfa-4905-aaed-0d56a30d49e8,62,0,146,1
0cafce26-28ae-4e59-b22a-cd4ae133ac4e,36,3,36,0
f81c8a3e-33c6-45f3-bc8b-b95776e7fef2,36,0,67,0
9083af78-dcbe-44d9-8304-c0ba9ab598a1,64,2,127,0
0c33faa3-7b05-4c76-a836-43615aeac217,38,1,76,0
 9576f1c0-7a8b-40b9-bcd6-79e122fc1005,36,0,28,0
4b0f7a83-f590-4118-92dd-cde113a69acc,49,3,26,0
d71c1943-e512-4af0-9211-5741b892c752,41,2,24,0
46aa14d8-b1c1-4c48-aa1f-dc1eebede23c,67,1,65,0
6c8e4d7d-2d4a-4a23-99f8-fedad52cd70f,63,1,120,0
2c115609-cb1a-42dc-901b-44632a3bb6f5,64,,,0
d87ea464-bba7-46de-abc6-245381baa4c0,64,0,58,0
adf8d486-bbe4-4872-82de-f0dd67c14264,64,1,61,0
56517c21-c969-477c-9ea3-42cbb64a5e2a,43,0,79,0
f1f83cea-c581-4ee8-b38f-6a9501e553e9,60,2,86,1
3022c58f-957f-4bff-b797-a4a72cd58549,34,1,86,0
c1e02179-5721-440b-bc67-2f6191241cfc,58,1,54,0
0f8b4e2c-ece6-4605-918b-47b7bf166ef2,39,1,30,0
04c26a8b-355b-4eab-b20e-3c404e7079d7,61,5,,0
3df1f028-9cb4-4280-a7f7-ae7d9dee2d60,42,1,31,0
4b06ae21-7ac4-4cb0-b62f-76d915a4d832,64,1,63,0
f4b63a1d-6646-435c-a13d-f9dfba7531db,35,2,37,0
9e9da9d2-1d0a-49f5-ba1d-915e2ec6f901,36,1,77,0
a1113c1e-e9a2-4ae5-8e5f-53de7aa3459b,68,1,82,0
59ce9dcc-45d8-4e9f-8bea-d00ca586148e,48,3,35,0
b041aa7c-a9e7-4125-92f1-c42f97fb1c84,42,1,,0
052869af-c01f-4fb0-87ae-90224d328f26,47,1,92,0
5c01ba79-c5f0-41e9-951c-98a4326c9de3,61,0,71,0
2caddfa8-bc48-4e58-98f8-be9c03a382fb,37,1,50,0
bc62e37c-19bb-43ca-ad12-1b6ff1c3dc22,56,1,29,0
470d366e-c1f5-4ea3-9aaa-c1d6fdf7c3f0,62,2,49,0
4d2d1355-7abe-42de-b226-75e88ddcb3a0,41,2,157,0
43ce09cc-211d-4bb5-98c0-41071567bf52,67,2,28,1
fa59e059-23cc-4a32-b2a0-0d1c655cfe7e,43,0,,1
d99e5f44-807e-4238-a377-3f1c05aa76fe,44,1,30,0
7ec169a7-42f1-4257-a8b0-7c6db27d17d2,59,1,59,0
1121af29-d78c-4d05-baf5-085c7f34fc63,38,0,,0
dd5c2292-37bf-455a-ad31-6ba897a9e05f,48,2,32,0
77cda52f-7561-48cd-8c84-124e41ccbec1,55,2,32,0
8a5cca2f-75e5-44f9-961f-78d43c21b042,38,1,26,0
643df58b-1f8e-45cd-ae9a-21e8f9b0a085,45,,92,0
e8085869-3228-4312-9632-0834fb1aa177,57,1,105,1
998dc96c-82cb-457c-8469-647b2e651fc1,54,3,90,0
d353cf33-8864-4406-b729-28a16f431239,43,3,75,0
8c772d1e-2e86-41c1-8eb3-4114655e5c74,44,1,52,0
f54db2ca-d691-4682-9795-50f188a98ee4,67,3,90,0
2790c88d-097a-4385-93e5-0a594c64f741,52,0,61,0
c73355c2-4f02-4c2f-a063-07a619aa0307,62,2,139,0
dd0c0328-031e-425f-b2f6-a532ecf4e1f3,51,1,23,0
815c3740-5ad6-49a7-b4bb-5a1521752405,44,1,67,0
900f703e-a8a8-4e7d-8039-50ac16d957c1,68,3,98,0
3aa1a30f-68fd-43bc-bb67-84d0816df470,66,2,40,0
01cd5e38-d761-49e5-be93-304e84cba21a,68,1,27,0
bfee7618-f17b-460c-a493-94dcd4eee95c,60,3,78,0
124af3ec-e0a8-4df4-aa5f-d6f150da7e58,49,1,43,1
1bf2c619-40cc-4e40-a3cd-c773e7b91cbb,62,1,134,1
292648e0-51ce-42f1-8d2f-321ddfacf379,67,1,39,0
3abb2573-0e59-4a92-9aee-66c0a644cde6,55,1,77,0
94861cc1-7cd0-412b-8f4c-f7f8bef3e1f1,61,1,93,0
ff132c0b-597b-4e8e-b04a-44c980eb10d0,68,1,30,0
8dac417d-217d-48ab-9641-93509fd9edec,51,1,45,0
2111a265-1db1-47fd-993d-c0032d30011b,53,0,60,0
202ee62d-94a8-41a3-bb15-6e335d5b37f5,53,1,101,0
36b8b32d-24fc-4317-9a9c-32be9f06b4d5,50,4,138,0
5de80474-9ffa-40c6-8024-f356cc53f7b0,43,,50,0
a3a345bc-4c73-4cd5-bcf1-b8fc6e646597,40,0,67,0
f83f79da-4e1a-4064-b242-1e043076f6cd,35,2,56,0
7e6a9691-9ddc-42cd-8bbc-e6672f1c170d,44,0,62,0
6477684f-b270-47d9-9f61-fe289f72f2b1,57,,38,0
88611bab-1427-4660-9796-9867c5dc93d8,47,2,56,0
f9bef354-828d-4fe0-873b-398ed6b2c790,51,1,40,1
870c644b-5ee6-4db1-bc36-cb47125c1524,68,1,120,0
ee745a63-645b-4bc0-a594-14d5ddd84731,53,1,54,0
19e03820-da84-43b5-87c6-01d4101963a7,47,0,36,0
97df951a-ae42-4915-9b86-5953ea900fca,56,1,,0
9c4e6e4d-0166-4b8e-a58d-ba9c854a771b,60,0,117,0
50657895-0580-427c-9dcd-b2b38688b4e3,44,1,30,0
24aaf000-e22d-4749-be2b-fe4ad44c5735,34,,64,0
8b5834df-16a5-41bc-919a-af9a36809761,41,0,28,0
00b11591-d1a8-4b22-a81b-947979a744a0,52,,111,0
b0191e80-e4be-4e74-9af2-d408a2309ed5,39,1,78,0
4481a284-2f8b-497e-aeec-e5b4e300206b,47,31,2228.163258,0
b09f93ce-acab-4f03-bc40-a3830edf3c06,42,2,,0
bb99e99c-b765-4015-a452-b52b9fc9f262,35,3,53,0
67e86a2e-aa2b-4e29-a35c-945eba79e5aa,47,1,96,0
a3c4a5c8-f106-4830-943f-93f730722f28,41,1,141,0
0f78b56e-42ed-4672-80cb-d50ad33e3704,51,26,,0
7f336643-3336-4701-9b00-c453f9bdecf4,48,1,105,0
cf62411a-a53c-40f3-b98c-be3092f52e65,54,4,50,0
12d5aa88-10ac-4f72-a641-89f4f03af726,45,1,32,0
e224aed3-b10c-4e38-afb0-02ae57981434,51,,60,0
ba51a671-9520-4c79-8efb-ca1ad5dc33cf,46,2,62,0
2c40357d-0ae0-4a87-aa23-ce492a3c3cef,60,,98,1
6822edc4-ec79-44e2-ab0a-737ca2f4f2cc,69,3,,0
44a1d6f7-518e-42ab-9041-bfff4c266f35,42,,,0
2283a29c-91ab-4c23-9040-b27512c0e592,35,1,119,0
3a66814e-2162-422f-ae5b-a4cc99d37edc,58,2,140,1
9418841f-14eb-49d8-af49-7cfb3b20a71b,50,0,88,0
ddb60ad8-62e6-4bcb-b40d-d4b309e225f4,38,0,32,0
4ade7065-ba46-4504-b414-da3ed00dec3d,69,1,34,0
78ad34ed-5873-456f-9b85-97af42750f66,45,0,,0
16fdfece-af4c-426e-80aa-377e6da258a3,52,1,40,0
6948fceb-93e5-4e20-80d9-3837ef450c13,37,,91,0
a6345b14-a26f-4230-ae85-1bea28f5f618,45,4,51,1
f40bc96d-a719-4d77-a289-29b8f2e4cc88,58,2,70,0
00bb599f-0be8-4002-9a6c-bc6c63075377,68,2,,1
e18ab26c-f8c5-4ee9-bc00-efdee7504c86,56,0,36,1
f0d6e723-1c07-4e43-979f-fc83123d8c44,54,,108,0
5479e44e-3d36-4122-a317-6520caf5941b,52,3,36,0
58b701dc-2762-4182-bf7f-3ff2746345bc,68,2,88,0
22f92b0a-4d6b-4339-87c6-e1c6deba5a6f,43,1,136,1
1d28d97d-007a-4571-8519-61dccb61be5b,51,4,92,0
8450716d-067e-4fa6-93b6-de9f2f97bbbb,52,2,106,0
4d2b521c-d522-441f-a954-51befd0f0c74,35,1,59,0
5bf6cb9d-cc5c-4f0d-952c-afa514547e6b,55,3,46,0
7d4495a6-c327-4ddf-91a7-77e140b01af9,60,2,,1
abbc70c2-1334-4641-8da8-ef2795ff45a4,62,2,71,0
01511000-6245-436c-9a3a-6c8dd03a3b32,53,,51,0
3985f3da-747d-48e9-be22-9edcd3e6d0aa,65,1,71,0
13783478-3bd1-42bc-bf7e-d61fa5a3db38,68,2,70,0
17eef2ed-b3d9-40bd-9107-94d556c80363,54,0,64,0
58100718-75c3-4afd-804b-92ab1ac139b8,42,2,64,0
c2bab6a2-c54d-4fed-9ac5-0b750af8fdfd,65,0,58,0
f62e3c55-4d91-4622-b851-dc27e0c1739f,51,3,37,0
1825dca7-09c3-429b-9f0a-4d5e51178662,67,2,74,0
afbb0b0d-b974-42b1-a262-6c442255711f,48,1,153,0
90536bc9-a5bd-4559-bfe9-33ee936a532a,42,2,67,0
5bf6e0ab-a496-4667-930d-f2688c6c9024,58,3,123,0
85d21d7d-3e0b-4e79-a321-ee59534197bb,65,3,26,0
42923169-587d-481a-8337-ffc0e4b56d49,34,1,139,1
63c6452c-aace-4b91-bd23-e5fd956332bc,38,2,59,1
882697f5-a391-41c2-aa9c-60b11e5df3a1,44,2,91,0
2fc4f3ef-2056-4198-bb4c-8a9fd4615606,55,2,134,0
b868f208-cf7a-466c-b309-49fdedc96c21,35,1,32,0
f9283d07-f462-4112-a702-d1e32130c827,49,3,,0
24159821-c622-434e-98f1-76857f406c96,54,0,,0
ce04a52c-55c5-4543-a8c2-5c5c200aab5c,47,0,46,0
c5da4aa2-1740-4f49-8cf9-c2aa6489c536,64,1,96,0
39607fda-aa8e-4442-a8c6-3e4bada1ce04,43,3,117,0
08efdf27-0c4e-44b0-a2d0-08b921c22ca2,50,0,28,0
fcf9197c-5ea8-48d3-aee4-e213f80a47e4,67,4,43,0
1af27581-1be0-4e6e-9913-f6c4ef33f9c0,46,2,21,0
15cc8048-6164-42a5-9236-b9f0b55c9803,67,0,52,0
d89de9e5-ad9b-4a47-89fc-308a35b9dc95,41,3,17,0
d7cd1872-d3fc-4838-bb4b-925c54c25043,58,,53,0
f60fc42b-01ab-4ba5-8ecf-ec2cf222f1b4,42,2,60,0
a2d49634-5bcc-4fc2-9d75-2a91b2148676,64,2,42,0
dda70358-a1c6-48af-b950-9b63156e00a9,56,2,18,0
3adb71d0-b274-450b-ad8b-756bd86d0e9b,65,1,45,0
59712cf9-01b8-4a5a-8f90-f5c0147902a6,64,,115,0
5995a4d6-7435-429d-930b-273a9bae99a2,40,3,56,0
68a1730b-9086-4bc4-8676-fb048c59188c,62,5,78,0
51aff595-0257-48ff-b1ca-8c4d4b147fc4,58,0,26,0
9be1cdc8-4cea-4c84-9140-54877a578f42,59,2,62,0
41e2369c-65fa-4013-9f89-8b6a100759bd,38,1,119,1
8ed4c28e-9ed7-4e73-a9fa-4e752e48ff4b,68,1,63,0
7bae09bc-e2f3-4fce-b151-cb846dbfc2f4,45,3,62,1
c3105ebd-26b0-4735-ba6c-cfae40f5331e,51,2,38,0
2ef125ea-6980-4843-a0c7-607466e5f3f8,53,1,,0
cd2ecdb9-f9ea-47e4-a9b4-aeb8ce296bf5,57,5,41,0
2df2e066-8354-40f9-b8e2-5c3513c39b3b,34,2,,0
54e2f753-01a0-4e79-b773-c14b8799f997,41,0,57,1
6cc4ce4f-e849-4a6a-9061-1e847bc12966,62,,77,0
a894ee86-0f27-4a9d-874c-3cf6a111a1d6,41,1,39,0
006dddf6-232f-486b-8df4-0d804693bc43,34,1,54,1
01823583-8d58-40c3-b306-8e89cccf6d23,36,1,84,0
0aad981b-e324-43d1-a2ed-8723e3274b3c,42,0,71,0
28c31089-ae9c-49de-abb7-7c84d13d5d90,66,0,,0
8bc0028f-60f7-4598-a878-2d1522417a2c,54,2,43,1
438572f1-fd7a-49fb-a1c6-ced02fcc0c18,40,,57,0
7a176ea3-9352-44d2-a3af-cebb5913ca46,41,5,149,0
1f17f592-0b57-454d-8fbc-18ed9060b246,41,2,,0
3dac74b6-4644-416d-bc35-c81205a3009c,68,2,102,0
9f828f62-190a-4709-8e48-23b5d37c7ec6,46,2,115,0
ffe99915-fc05-48b2-985d-a82679c3aaf5,60,2,41,1
fd8865ae-b086-460a-a8ce-8f7b55fcc44a,62,1,89,0
d8eba78f-a773-4a0f-9e9c-1378f8fd1d16,58,4,15,1
6b8469eb-7211-47a6-88b2-95217697a65c,38,2,57,0
54680063-fb82-44ae-a370-ceeff988a473,50,2,137,0
e1d7cf81-f518-43b7-b51e-21d6ee643c1f,39,2,99,0
623c1a44-8590-4049-857e-4b955808ecfa,54,1,,1
5ee86c9b-e4dd-4879-8e65-ace61e7b5799,45,1,95,0
735fde26-183c-4862-b50d-14e20ee5e8f7,54,,,0
c43a3777-d03c-4b8e-88cc-951eee5d41ee,37,1,79,0
76cdfd16-0f34-4a59-a65d-44547c6817f9,35,1,73,0
41a960c1-cc24-4e81-b2e2-37e064943b1a,40,2,53,1
c1975ca3-5591-462c-8313-803f56c0316c,46,,58,0
e8e66b10-ae00-4aee-90c1-aa050597843b,66,2,,0
9ed5df80-0935-4ef9-a81d-056445daeed6,46,1,129,0
3cc5b7fa-78b5-4313-8a00-902a09dea0d3,53,1,113,0
8d430f45-5028-4360-abc2-9c4d7999c2e6,52,0,72,0
8a31fddf-fa4f-4c8e-8019-9dcd761a7926,57,2,106,0
3d8e40d0-58a6-4939-be4b-9a14ce18f9af,57,3,73,0
cede4ae7-d935-467e-9757-bd1f7d604a80,57,1,62,0
7af165b1-f742-423c-93e6-306af02a4f8f,47,2,72,0
d5e1aec0-f6cb-46f6-b956-1d9016cb64da,37,2,56,0
9717f846-1d05-439d-93f9-bb8b84477071,56,0,64,0
8610eb45-0486-4189-9b77-82bb6991c0fb,61,2,75,0
29af1350-e70a-4dff-a9df-71a93da666b8,37,2,60,0
8be42568-f245-4ad8-ae59-a10a2f761d81,44,0,123,0
e3ea127e-c9ec-4ee5-b9a7-067c0950f7ed,46,2,93,0
9737756c-dba4-4fdd-a16d-fd68b74d612f,38,0,164,0
253733bf-cd5f-4f79-a6e8-24c97d40b3a0,43,2,78,0
84658d9a-a79d-4ab9-80be-6779026de551,48,,68,0
a85ca8df-ac1b-4b98-b14d-e4e2b5bb2925,69,3,68,0
b45e8321-576d-48df-8fb6-b69f1e807af4,39,0,37,0
796d9283-ecfd-4925-82d9-fcb8082ce528,54,0,70,0
a67a10f0-54ea-48a7-9bc3-0c80d4db1dc7,40,,52,0
1f3dbdac-b05a-4a00-a483-cc32827f07d7,34,2,98,0
7a0dc621-3187-4c13-89b1-1d19d5e96c7d,52,1,119,0
9890d4e0-5fc3-4cd1-bb3b-3cc541a94419,35,,38,0
d77ec589-f1bb-4c6e-9277-762571bd5c4d,67,0,87,0
804756bd-c7d3-4a5a-8fe4-2212b59060ad,42,1,37,0
93634e89-464b-4308-b8ab-9e4b59b1fe55,39,4,94,0
0dc370fd-0f64-4f13-8778-693784e6ad3a,34,2,62,1
fe25490f-417d-4421-9fca-0d96573773ef,65,3,24,0
5acd63ba-9e2f-45dd-909a-0a03802539b7,36,1,46,0
d06978ce-5782-499c-aace-5e29ccff2cca,38,0,26,0
21a9c2ca-8551-46a3-9080-f78346c6e73d,54,0,120,0
45c90b0b-2a3f-4997-b1a2-08d6d4a5fdb6,61,0,61,0
98e805fe-d0b4-42a6-b374-f10f2c736984,50,1,56,0
c8501277-1eb3-4296-9d77-a2b878656160,51,0,87,1
203fff65-9f3a-4059-8333-7795888279c8,61,1,102,0
0f9cabfd-84c8-4e36-bf30-029800526262,60,0,55,0
90f79771-5c36-4c26-8327-d62f12573093,43,1,39,1
db64e134-82b9-43e0-becc-0a25fc802306,53,,59,0
fdaa17dc-2157-45e8-a356-bfe800f56602,40,1,91,0
639afe99-aa15-4a82-ad32-8caa8392fca4,65,,73,0
e4e18a74-200c-4134-95fb-5a8862e003e9,36,0,69,0
2d7909b9-10d7-4bc4-8126-8d309c48c8e5,45,1,149,0
d74eeb60-323d-4e01-9d3a-26f2a9013436,42,1,34,0
902ea1da-de81-4e23-88b6-39d32c486174,38,,163,0
801c48b6-ad5d-49d9-9a25-8cd111b5f2a3,38,5,92,1
af692f71-496a-4cee-a842-19acf90b9a39,67,1,45,0
57e4c99c-2d59-44cc-9a1f-52423f6c7ad6,53,1,76,0
42eb6f95-193a-46d8-af8d-52f581cb1a63,46,0,137,0
ca985da1-9d9a-4487-a989-13fd93e0808d,43,1,33,0
2d217fa9-136c-4e10-978c-dc27a4a16c97,58,,70,0
1db8eb4c-5ef9-434b-93bc-2a314df146f3,41,6,27,1
e13a1f56-b9ca-436d-875f-69928f632123,62,1,81,0
f9168401-3905-43ed-a14a-8084d1944515,46,2,80,0
535160e1-6148-41be-a20b-c0850d697335  ,55,1,78,0
41e3987d-55af-46da-b698-82482085b25c,36,2,26,0
7afe77ae-baf7-41ba-98f9-aa707ea4fbae,59,0,44,1
c8379803-28d9-413c-b4b5-152593081a22,62,3,79,1
582017e6-037c-4c66-9275-599e4b7f0d40,57,,19,0
f175ba36-e91d-45b2-90a4-32048c0f8668,42,,,1
3abc6419-cbb4-413b-aa6b-872a18adb5a3,34,4,87,1
d8925cef-6c79-4d94-9450-8338d3d71c8e,60,1,41,0
aaa3a6ad-34a3-40f2-a42e-83277e930059,53,0,94,0
eb544f31-88ea-4c2d-8d59-743d4218e58f,53,2,146,0
4e582859-8be6-4776-ac19-e76ff5206e94,64,0,57,0
032dab96-a14c-47a3-a0f9-71ac24043453,52,2,,1
3db40035-da4d-400c-a6e2-0140ddec681e,37,2,101,0
6b95cd84-8c5a-4e5d-909a-050e9be4492e,34,3,59,0
b74feaef-7589-4559-8560-f7485515f39e,69,3,159,0
1f43f84c-9cf4-4a01-94a3-f830b83d480c,68,1,27,0
4f759740-2d33-4b9c-9ea2-ac6e9f066fd4,51,2,104,0
18942391-ca8e-4399-b954-318becd8f3cb,69,25,495.701618,0
4a755959-25b2-45b0-a678-524aa301cf3f,64,2,124,0
a19db84b-160d-4184-9d0c-04825afedac1,61,2,68,0
9e0d811c-6408-45f5-a002-37f81d783c19,40,3,132,0
faf93c12-5453-4770-aa50-ce8e6a0ff0d9,39,3,91,0
a9481bac-eea2-4a13-bf1e-e594473a328a,68,3,109,0
ea6ad91e-3e0d-4d63-9154-91b0dbed3118,41,1,57,0
cfd6a28a-be86-4dc2-b8ce-57c69b65def9,46,,48,0
85a5f5e9-746b-49fe-b8c4-bff2577370d3,60,1,54,0
497b6f8f-584a-4216-aea7-ce3ec7d98a0e,39,,49,1
3fcd43f9-361d-4dfc-a1e4-3c545b051c95,60,2,23,0
bf514916-6eb5-44f9-b2aa-a5f047986632,53,1,52,0
a09a491f-d831-4861-aef2-222f2dd65a37,59,0,74,1
b0d797c0-96ed-4849-9c10-1045a7bf9c2d,35,1,18,0
2b6c4be5-dba5-4b69-a61b-dad1233689d8,66,3,142,0
224bfc4b-fa9c-4fd1-a5cc-f8c303d48e33,62,2,46,0
117c6a6a-aa2e-45a8-972d-b2980de60b1c,42,0,71,0
3585d483-ef47-4a5f-ae4d-d08b09f151fd,63,1,81,0
56f3abd1-6fb3-465d-8f96-cf812bffa7b5,53,0,138,0
272a9113-9bac-4d02-aa7d-8019f3a823b3,39,0,46,0
9c74a73c-798d-4be4-83db-efe32f0ca924,43,4,110,0
759148c3-b31b-4bef-96ed-78c32d38c755,67,1,106,1
59ac8339-240a-4ae3-b0e5-9dcd9d6d6ac5,48,2,24,0
cefb1ccb-b8aa-44de-8c96-5965b02d0a83,65,,,0
62cbf965-58c5-46f5-a0bb-3d092f541f3b,59,1,59,0
0c783654-355d-42b1-ae34-d29a37065884,64,1,85,1
1b5e4255-55a9-437f-8fc0-81870e4998f6,43,1,35,0
413786d1-cc00-4cef-a5f6-ea2c8f5385e5,64,2,80,0
c1c837c1-b749-4820-92dc-8da305db14bb,68,1,32,0
005ae0ef-722f-4ceb-83d0-bb946a110673,38,3,15,0
ba40906a-ec66-45a4-9430-bdce3476f7b0,34,0,38,1
e7759137-63bb-4fab-b3dd-096fe1a42eea,41,1,73,0
11830a51-e69d-48eb-ae1c-06d74c19cb91,38,1,48,0
07045866-8939-44d2-83fb-ff986018ca40,59,0,127,0
2a93405c-d01e-4754-81b3-eaa96c57eb7c,40,1,118,0
7fe63f81-109d-4972-a94e-a0fcdf1dd90c,61,3,40,0
a50ef5de-5ddd-4f3b-a734-5e73f9d722c0,46,1,62,0
e6aa4770-c0ff-4999-a96a-5a1c86afab12,45,2,83,1
8dba3f1b-a039-4234-aa0e-6a4923402a10,40,2,71,0
9aa8fa98-f9d7-4b04-8d6d-c7370a289edf,38,1,55,1
00ef4db8-e865-497e-9bb7-ebaaadfb2792,51,5,,0
d83c6fc5-0c6f-4b1e-b92f-68f1fc30a921,65,4,64,0
63bb3966-030c-4f5a-b1f3-c792eba6d07e,61,2,79,0
bcbaf8f5-255e-4e48-92a6-accb5adb59a7,36,1,113,0
4e0458bd-b01c-4d3c-bad2-77bc813ae2db,52,0,74,0
6a2e5b0a-1254-4964-b8dd-8a7468e4d9a3,63,2,56,0
d4d5e8d3-36c8-49af-af23-467b7b2356d0,44,1,49,0
46ab9dc0-90bc-48f8-bf17-a7f0b969b871,35,1,35,0
2b33c9b3-f535-4b53-8116-610e47579526,48,2,,0
403b26f4-db48-4fae-acc3-e19508b02c75,34,1,,1
da9823e7-1524-4eb4-8b4b-18e34c9f8837,43,1,68,0
0056b759-730a-465b-afb2-ad168c0a7b30,58,2,160,0
626f9765-6865-48b0-bc96-327ee7cda4bf,56,1,52,0
0cc998f5-6380-43a9-a8cb-46b0f39d8359,54,3,80,0
4c3807bd-f6f1-40a2-ab30-293880aeec00,36,0,30,0
9e78b833-13f4-4d86-9c15-a2ab025947ba,68,3,107,0
732a8fff-771d-4b80-951f-7479354348d3,57,1,40,0
67599c56-81ea-4e0d-bfab-aa7a16ae1f20,47,,109,0
7905c4da-090d-4a90-912b-391e0651a988,55,2,135,1
50cdc81f-bc9c-4004-903c-5a9d6412df6a,68,4,103,1
35269923-4a98-47df-b9ee-32a505532caa,43,1,91,0
949f769b-d348-4db4-b7ca-4af3c27fe39f,45,0,146,0
33c16336-9dea-4a96-ab61-1d4ae10bfcc5,52,1,64,0
5bc4a1d3-c265-4774-9032-10e0b10ecf2e,37,1,123,0
fa433b8d-61dd-49a8-afca-fb5e1efcec83,69,2,50,0
c2c03830-b038-4438-b45b-b8baa2bb47a1,48,1,60,0
2feeac45-a072-4439-bfa9-3582b1fe9812,59,3,107,1
91d7465c-c239-40b1-8b4e-71830dc026a5,47,0,104,0
87094c29-fec1-459f-9064-a12171a01eed,62,2,84,0
fe8e8a49-34bc-4bf3-b87b-287ef1939dc0,47,3,24,0
808fd37d-95ca-4abe-ab7a-22c9f2177f87,60,1,,0
102b14e0-8c4d-42b4-8347-505efd31a7a2,37,0,35,0
3b680d2d-9a4f-481a-910f-afb0a3cfb02a,52,3,148,0
f0193e76-a9e9-4db5-8dd8-7cdb65c947b8,67,0,42,0
ba133f66-e015-46d8-8dc8-7b84fff523bf,66,2,57,0
a0bdbdfb-a33d-4ff9-9d6c-71ec394895be  ,48,1,60,1
97e51831-686f-4afd-bc43-dd944f6574d3,41,,,0
c0e1ef03-d3e3-40d1-b9c3-0a00df09d79c,66,2,80,0
2cb6698c-46bb-4647-8bef-df5fd167335a,38,,66,0
dc0b660d-faaf-40ba-890c-5e82882778ec,43,3,80,0
b98ffa82-2b11-4b0a-9e25-7f1f00a2c5e8,45,0,23,0
3ea0d8d9-74e1-49f2-8986-8ed679b8d00a,67,1,,1
48274ac8-8f2a-473a-be9b-4c9abd2d5e3a,56,1,23,0
9ccd5f0b-cb51-4eb0-a0a9-52f7e16fe941,59,2,120,1
7b047c84-dc7c-41fe-8284-70cb8ed9c1f2,41,1,72,0
51da2d1d-b128-47e1-9ab6-be540ddec38b,40,2,100,0
e4f3a3c8-1360-4f89-9eb4-1605f8ef6c6a,66,,106,0
514f98a7-f441-4ff1-bfd0-16c948e98c39,46,5,97,1
3d18232b-0cc4-4c28-a155-29cf742099ba,56,2,31,0
02e191b9-f3f6-4ea1-96db-f5ecc258ed78,36,2,26,0
e6c9553f-63e2-40c0-93b6-1611b4453aff,69,0,38,0
b3c6fe7e-71df-46f1-8922-0fbd413264cd,38,2,85,1
d4e5e8a7-6601-4a8d-bf29-7082463ee49b,65,2,121,0
5ac7020e-45e0-42d6-960e-462c6d91b4ab,49,2,61,1
c589ddd7-2f19-421b-9b8e-f39f7e6e1601,67,1,66,0
121ea4dd-8d0f-48e2-b1e7-03ec1e272979,64,1,31,1
2fbd0e9f-977f-4504-af3d-5b7efaf972e2,34,0,71,0
dfd02090-a7f8-4166-971f-5a13aeac5f0d,52,2,134,0
5712fc70-0914-48da-8fc7-4f78d4c0eabf,55,,68,0
197a4334-c501-4183-8206-6bcab5a1a1dd,61,2,,0
a088e8f7-9de0-4537-bfe6-adb7b157b07c,53,3,44,0
b4c2f820-4e32-4459-afcd-b98616e14828,44,4,30,0
7db74182-54e3-4152-8ed5-e0c8f4c3b5dd,36,1,40,0
43fa64c7-82f7-48c2-83ff-803b0fa2fb3e,68,,75,0
d9c604fe-d494-439b-a4ee-4cd1c8c51595,38,2,100,0
adbaa9e5-4b71-4c7c-9368-04e5915141e1,46,3,60,0
198e6c77-1571-483e-89ec-a170c7af213f,47,1,121,1
74eaf036-ea9e-45cb-a128-c7a3018f825b,63,2,19,0
6f80eadc-fd28-496d-9736-a72096f3c0b9,40,1,108,0
01d291ff-f7d6-41ff-88c3-80a0a0626c24,65,2,77,0
0d33a089-065e-4908-b204-b2d30572b0a4,50,1,16,0
538163eb-948b-4a70-b616-586c2be3c6aa,69,1,,1
d3b39557-e92e-49e7-a10d-f406b3b1e0f2,59,5,60,0
40867a51-7ae7-49b5-8328-ef5c63b61294,38,2,68,0
142c66af-c936-4d0e-9066-ba01a15c2768,50,,119,0
a157f2d7-5b27-4db0-b487-52ba0ee14d9e,60,0,29,0
54375326-c98a-4a99-9fc2-3b5a896fadf8,65,1,,0
17feceef-47bb-49d6-927d-a0ea8f5a9b8b,54,1,41,0
0609edd3-7c9c-4ff6-be05-35665cdb20e7,57,3,116,0
fb3b8c56-47ce-4353-975b-3bbceb89be76,67,1,62,0
0c22ebf3-42cb-4c01-bd61-5153ba041a48,66,3,48,0
739bc607-2c7b-4232-9616-cd30d810aaac,39,1,33,0
ebfc57c0-5809-4944-be8a-792a9b2579e0,44,4,50,0
cf357359-931f-4030-8fad-6b4c0477946c,36,3,44,0
9907dc38-6cb1-4821-b33d-8aa27baaead6,35,0,109,0
b3fecc68-1604-4116-b502-e7089776ec0f,62,1,158,0
7802c0de-8885-4939-8107-2bc4ecf21385,53,0,76,0
3162ad49-0ea1-4e4b-9c90-506015226a13,41,2,81,0
817d44fe-1d8a-4f69-ba29-174cd2e93edd,65,3,29,0
3ee0dcc2-a8d7-44ca-a438-58d70589e31a,60,0,20,0
afd61184-5294-41b7-b8c5-5c1bed7329a8,65,2,92,1
14f82d41-9cc4-4d01-930c-716912ccaadd,58,1,52,0
decbd92d-f92a-4945-87e5-6ff07cb36704,63,4,39,0
e7a70706-510c-442b-b2c0-f790672fa3c5,54,4,42,1
e25802cb-480b-49ae-9edb-57166ba074c9,61,2,141,0
e25805be-2e7c-4ea3-8a82-76f3be0abe59,68,1,83,0
36093682-89e4-405b-aa09-2a8ee7641775,68,0,74,0
43809a6f-c75b-48a7-bf04-9e6ecc2554f2,55,1,78,0
600edff8-d510-43a5-b857-d2672b9abb9a,48,1,61,0
2721ab50-8cdd-4b74-b022-07775bf35bce,35,2,121,1
95127ca5-0f0b-419a-b501-1cd2d00c703e,34,4,87,0
e9aae4ed-e70f-4c75-8125-efac7e2ea75a,59,2,,0
77bd6c08-ffea-490e-b634-b3da2ed73059,56,1,,1
0bf6c0fe-5711-43a7-b5e6-5e7871d890a7,64,,134,1
ca15e498-3502-41c1-a7e7-a4ab236ed902,53,2,40,0
a7e0a213-2470-4f57-878b-d2dff33d96ed,62,2,59,0
4410e8b0-9432-4c80-8cda-a35426deb8d5,56,24,430.6183582,1
2ebdc51a-2965-4069-8e94-5f6839858b47,41,3,25,0
fe177962-4fe5-46ff-955a-f1ad6cedaa1b,40,1,92,0
305761d2-f158-455b-ba43-05786d8ae77b,48,0,52,0
c9110bc0-060e-4e15-bbf9-ee2a3afd0910,56,4,,0
16ba7764-6278-4e6e-ae43-46ca48681ae0,67,2,108,1
536593cb-62f3-42cf-825e-5c44167a1e3d,42,0,102,0
4fa360a7-4016-497f-b7be-0ff7d9b0580c,63,1,56,0
614b4649-12f9-461b-a24d-3fb4ced810a8,52,1,38,0
8a53a246-b3c9-4a97-9959-593bf3d4eac6,64,1,25,0
00ac102f-1004-4a04-aa83-2aad8ca5ecb0,58,3,46,0
ba886849-b94b-4694-b445-10fd4fad3022,66,3,98,0
fecd38d4-9280-4c07-81a9-14f825d443af,53,1,50,0
ad149a0e-451f-43de-b0d5-241bb4bfb114,34,2,33,0
f5c73dec-1e24-4bcf-9c9b-4499e576497b,62,1,53,0
788a9360-d825-41e9-9ae5-234e3a4c3e14,63,1,27,0
db505e8e-4e77-4161-9cd5-3afbef6097be,53,0,120,0
778a9e54-873f-4e03-9ba1-705589947bc8,57,,26,0
ecf97960-5701-4277-b91f-c637ccb4d546,61,2,42,0
247c91aa-34d7-4015-97bc-9de37512a670,68,1,28,0
849387bc-0c2a-45ae-b4a1-942117407204,68,1,66,0
f5aebdd2-3051-49fe-94b5-04156e15ef50,67,2,55,0
985aeaa5-e483-44bf-8ce8-02f946915824,68,1,138,0
997a1e26-bc45-491a-84a7-4b47094fd102,36,1,31,0
7a92316f-8553-4dde-8265-860be88aa6e2,49,1,48,0
bae2224d-ff7f-4a08-bce6-bbb2d8155104,53,2,102,0
e63c7865-6e9d-469c-b051-5dc702823444,59,0,15,0
90caba70-3ca5-4308-b2ee-33c68f4dc2ef,55,3,55,0
ea311dfb-276b-4b7d-a23a-ec89eca06c58,49,1,49,0
0816c887-fd7b-4ec1-8a65-630f59272ba6,67,0,54,0
e0106468-0199-4772-8a6f-699113418b12,36,4,77,0
06c24bba-c835-4185-afa1-68da7df68b28,39,3,77,0
9e424d9d-145b-4858-838a-e72cb771d892,57,1,50,0
31626075-da8f-4df2-b126-924b3b5743f3,58,1,172,0
4ef9b453-8cd2-425b-9ab7-cbbe90c8608f,46,2,33,0
7bb93393-7244-4e41-b907-2cdc211fc849,59,,103,0
6b443b37-2566-4191-99c4-a7904afaf866,63,1,59,0
bec36812-23a6-4021-b7c2-6d813426beec,36,,73,0
d15e0a3f-1190-4f04-a841-46e4bda0a24d,50,1,27,0
da38efe4-3cda-4ada-afa2-cd3a16e5b52a,48,4,134,0
2c15faf0-03f6-4ef6-babf-d060ea0a470c,58,3,18,0
997e840b-3015-4d7b-86a8-813115a79e7d,53,1,161,0
277bcf3f-6d9a-4c2c-b5e8-0ce3f810f4e1,43,3,,0
049fec14-887d-4a83-8010-0ad0a6c83186,65,2,52,1
0c5f665c-3d27-4cd8-8ab7-4d331c4b3069,44,1,30,0
bdba3d95-3ceb-4836-b107-47ef20b6a15b,42,1,26,0
70ed1c89-df20-4a51-a2b6-3f6e710dfc20,63,2,16,0
1aecebac-e548-49ee-acaf-89f0b8a7de69,65,0,60,0
2cc96921-a590-4c6f-8170-ea93018d1630,35,2,,1
d0eb1117-308c-47f9-9ca5-b7e8a5fec5c8,34,1,21,0
e49d241c-6fc5-4379-bf1a-b10834294536,42,3,,0
e13dcee3-71ff-4449-ada7-84fc45da93b9,35,1,84,0
e5d494e4-0e17-46b9-a1f1-d2d525d3189f,43,1,105,0
256ad2c3-3f0e-4cf0-aa7e-6b8cfe3d661a,65,1,126,0
3b72a038-ef27-4096-9c8a-2f98a9a6a6cb,41,,93,0
a01723ce-4c0a-4c81-8ee6-63df74cc1b26,61,3,32,0
bad7b28e-5aaf-4f10-8446-ab42be37a7d6,68,1,47,0
4a69a6d5-7a97-4a53-a0ce-db98ba47b51e,56,1,58,0
b4ce81c4-b5b4-486d-890a-9cfcdeef3ba9,50,3,74,0
a24711b3-6b6f-456d-aca3-87e90997faff,44,2,55,0
5afdcfa8-18b7-41f5-bb7e-fca9ea45aa5a,35,,47,0
18e41e47-28b6-4c79-87f1-b5da0716fcf1,38,2,62,0
0fa79115-bd65-4835-b4de-1be7bda410ca,44,1,44,0
99ee0871-7edd-43a7-8b8e-6b8d16bc8f0a,63,2,153,1
52b47515-ffcc-417d-ba8a-91e4cea743f4,41,2,64,0
acf6084c-e89c-4a7a-b65a-fd8e300cda70,39,1,33,1
28248dfb-f30d-4b2b-97c5-9838914a2847,57,1,31,0
a7d2c06c-42c7-45c8-a21b-44ccac79c206,48,0,77,0
b3aea059-e4ec-479a-957d-dc600f3f9c49,56,1,60,0
276e588c-a0c3-44cf-864d-78be4cf90a56,63,2,108,0
e58a32e1-5712-4a27-aa1f-ad407d74fb24,52,3,63,0
6ba80dc0-fa21-467e-a070-b954a978796f,55,1,50,0
64cfa54e-3fd0-48cd-bd71-8c75d5b68c21,55,2,28,0
7c9256da-eea2-4ad5-ab62-79b4c31bd4ad,61,1,57,1
9db05c8e-a996-4bc0-8a38-39906ab207f2,40,3,47,0
cf59698d-bb3d-4860-9ddd-2055fd932718,66,1,31,1
52fd3eef-f01e-47b7-b8ef-615a45ae414f,56,1,51,0
17f77cec-9c09-4956-b71d-ac861c1e6002,44,0,62,0
ca8354de-c282-4fe9-94fc-38bf678f2b74,50,2,65,0
cb6718bc-bc67-4c8e-8382-5176284bece8,50,2,64,0
a823a1cc-c2ec-44d0-a9ba-f53bc464daaa,45,1,63,0
e9495b1f-d169-4aa3-b91a-16c1b59ce2ea,63,0,119,0
b46c7d83-a647-4f9f-a73b-b2a909fd47ed,69,2,130,1
1c12fbd2-4d40-4a57-abad-173511130d39,67,,60,0
975f8199-974a-4f9a-9317-af7935c1d4a2,61,2,145,0
97c07f13-1d2c-42dc-ad88-71e7475bf67c,41,0,57,0
4c3815f4-b0c7-48e2-bddf-fbad89f8f9ca,60,2,,0
f58d652a-6408-45ca-abd9-16958069005d,58,4,49,1
caba872b-ac7c-443c-98f7-6c669ab033a0,48,,80,1
160364a9-001c-43ed-98b9-76f234209ed2,65,,107,1
f4c41ee9-810d-4d35-8e98-bf492215d05b,61,1,45,1
e052ea87-6ca2-415d-bc25-0d0b5471e065,40,0,79,0
495ac152-0f12-4e8d-a104-ef810385dd24,47,2,108,0
2a9229a2-e48a-42e4-bb93-ec27b157c648,64,2,147,0
9cabe629-5c4c-47c9-b7ba-caaedc1adc3b,57,,87,0
8a7edce3-dd39-4bd0-883a-74bd77fec048,34,1,47,0
47f3d169-712d-4084-9810-238ec25c08f3,69,1,105,0
f514b5a5-48b8-4dbf-b008-780f56572b69,64,3,59,1
3e888abe-15a0-404e-b14e-9e6a5393e394,48,1,54,0
5ce80e67-8f9e-4d96-9407-7336f9faa909,34,,127,0
dd9cf866-ce27-4b88-8d14-fa5a6f92a3d9,40,3,55,0
8b1f2e08-1e69-446d-a2e9-05acf58cc5e6,62,2,47,0
a22b48c7-9ad7-4eaf-bc2a-05e39f0cd2d5,46,3,58,1
0af7ec11-ec5f-4d9d-8d6d-f9e8dd624955,56,5,115,1
84cab685-594b-4522-a833-04e02ebeca0c,42,1,68,0
c0fcee80-eab8-4b9b-b6c4-34c30428e094,55,,55,0
461fd4c8-32ce-4e81-aed1-159c384e4fdb,68,0,74,0
02ecdf32-be39-4a8c-8e7f-3d3709eee53e,49,2,24,0
6c780f72-b595-46bb-bcbe-e70b43e9ee9d,49,0,53,0
defe28cc-b812-48b6-9f8a-abf588a34ca7,65,0,104,0
5abaa17b-a7f6-4677-9adc-bd9731b13823,50,1,103,0
e29e8071-366b-437c-8583-b60e4d83168a,52,1,34,0
741fb667-b6d5-4eb6-93ec-e5c177b51928,37,2,98,0
6809a646-d7ad-49cb-889d-298fed49b99d,52,1,37,0
a5188522-af86-4694-8c7a-a1ead3f5c65b,67,0,30,1
a6265e6f-89b4-4f73-97f1-bc74a3e09c36,44,2,21,1
53ab1f02-f4fd-454b-8712-5928bad42e50,34,2,38,0
8902598d-570e-4542-aff5-095d06366b6c,63,0,44,0
4a58ea09-619b-4f20-b71e-3ce52fff343e,47,2,60,0
12677d44-8a79-4b09-b3ea-4fcb3a338566,52,0,87,0
7029692a-3148-465e-a9e6-ee701a605007,36,1,144,0
4a318cb5-9b4f-4065-a660-8babe1becf59,44,2,48,0
10ae2c91-ada5-4e3c-a8fe-75b4a6d4ea77,58,3,113,0
a18017b8-5b6d-4f9c-a0a2-e1106cf6031e,52,1,74,0
a5e30877-ac0e-4f60-8ad9-132e79abda94,50,0,37,1
b52c68da-cedd-40f3-95f9-e3bd1804de15,42,6,27,1
4ded5b19-7ca4-46cb-98e0-9a8284cd17a1,40,4,78,0
7d796b4d-d301-4cf5-bf4c-301c23405be4,60,0,32,0
5fd6d95d-32c9-44f3-94a6-59e81c397cc6,64,,155,0
775dad26-ed83-4bee-ba95-3229005968b5,52,4,63,0
612cb432-686c-4b03-b28e-59bcc5be91a9,36,2,137,1
fd30cd4d-c1b4-4cc0-b691-60a41f1c9d0c,39,2,44,0
c4d18a8a-c941-4c9b-9ddd-228444c4c54c,63,4,89,0
384d15db-7325-479a-9331-28dc4623c6f5,36,5,120,0
fc3f7214-9b50-4688-8ad1-db59ebb56bf0,50,1,,0
d913f2b3-6e5b-4b18-8d73-fd7241c3dea4,68,0,30,0
b9cfad2d-8d81-4257-a98b-341c89add5de,68,0,30,0
f5c1954f-30b2-487f-b8d6-9308a09f91cc,51,3,64,0
adbc4ce5-2b96-4390-a996-59f377550110,37,1,,0
d21174e1-1ff8-427e-9317-a7deb4c00795,46,0,33,0
1443b416-a359-4d12-b145-e861e7af439a,49,3,104,0
65e1a32b-935c-4dfb-a00a-ce6c936c83fa,62,1,64,0
1e630df7-6797-4b60-bbb8-68aeb498e814,34,4,45,0
69dc538d-8ea2-4d99-9865-16918557c133,38,0,41,1
24dcb6ff-d0bb-4e1e-9d2c-467742a54d5b,54,2,134,0
95cbe216-e66c-487e-817e-7179ac54c3f4,48,1,43,0
651cc31b-0aff-4d9e-b882-2aad8d83c658,39,0,,0
66ed666d-eb29-4adf-a8cf-7b329d508fa3,65,2,74,0
8feba2c4-6b25-4db5-a26a-5d545b9376b7,35,2,131,0
f073a19e-d78c-45cf-ac1b-646a3288764c,45,1,18,0
db9b83c6-c86e-4ca4-87e0-7a011844acef,66,2,70,0
c367b633-9970-464c-9e52-d978ee6a3a23,47,0,72,0
bc0388bf-b731-497b-a6be-592f6f48ca9a,36,1,46,1
2d038b8a-3113-4260-bc13-afe8b631667c,41,2,70,0
25bd57e2-9603-446c-a2f7-740db71c1c64,37,1,77,0
10b27301-5240-4719-871d-d2b34c38169b,38,2,68,1
3f6afaae-1de8-435e-8f01-607a2276a91d,55,2,31,0
cd19715c-238b-41ef-aec9-4b7efdf283b0,40,2,81,0
ca897754-54ff-41ac-aee8-3747a0b9c6e0,49,3,131,0
30206bb2-3cdb-429f-b5c0-5673a8003148,63,0,19,0
b7fa1138-efa7-4b1e-a766-e1a43caa02b5,41,0,58,0
5bd2b55c-0cc3-42cb-b216-d6fb40549446,65,0,123,0
c1ac99e9-7b07-4641-b086-209f0074e6ff,55,1,36,0
ad6585fb-66eb-4af5-9a30-70a51db4ca88,63,3,57,0
cbeb951f-706e-4fc6-a583-ede6e021f9f0,59,3,127,0
ad8c080a-3694-4458-8708-efda77a84034,54,2,26,1
a8d3258a-2fc3-41f6-8a47-9797d3509ba5,36,,100,0
fc1614c6-f445-4d00-8e58-8f53a1661424,61,0,50,0
dca8474b-34c7-474e-9ed9-4f4d25a8e896,44,1,68,0
c88213ef-6935-4f1d-9786-70d07faf7786,66,1,39,0
046e6eb0-7ff0-46de-b386-1ffcae63da26,54,0,22,0
4a851f18-e867-4b24-89f1-152fe3a9c48d,46,2,50,1
3322bfbf-ed74-4e1f-ab86-9ed7a2c2359b,58,0,84,0
14aacb0d-631b-4853-ae30-063e988ae05b,57,1,59,1
c1ada3cc-88da-45ce-b5cf-56c9e528bfd5,46,1,85,0
a09b0857-47b2-4f95-ba0d-420abed041b0,61,3,57,0
598b40b3-1823-4667-9595-f3933ec63a20,39,4,24,0
399ecc64-3c56-47ae-b120-45aad156cb68,57,1,48,0
25ad1c2c-4a23-4922-bdef-6b5b2aa53b35,66,1,103,1
033565b8-b7da-4cec-b34b-ce7092842f57,59,1,,0
b2422dbb-6d6b-44cc-bf1b-ee94a42502be,63,1,57,0
7b56f55d-03a7-4bf0-9949-3b024c93a716,50,1,51,0
6a34510c-79c7-427c-aef8-cdadfa08568b,46,4,142,1
6678707c-ea42-489c-a0d5-374feb1e79f8,59,0,80,0
aa80dec1-8143-42c4-ad5c-363408970f06,41,2,78,0
f51b8c51-517e-47a3-96c0-741ef5817ba2,62,0,108,0
8057cd01-b462-47fb-9527-8531b8268c6f,58,2,66,0
6b5400a0-66ae-4cb4-929c-dd12e590acd8,61,1,119,0
3ca11ebc-8342-4fcc-9b0e-2359859c2d4f,52,1,37,0
7c690dbc-53c6-4cca-8147-7802f769613e,58,3,56,1
f14a9eb8-b315-475b-aa05-63e77ea03c58,50,1,84,0
d69ea274-66bc-4ae5-93d7-887a2548ca24,34,1,87,0
ddb60930-4d26-434b-9e67-73eddce111cf,36,2,,0
acf6e542-581e-402e-9263-8e5ca528c525,46,2,69,1
45a2e107-20d0-48f2-a964-b97ae687d321,45,,92,0
32712698-5385-40c4-adec-630d92056c40,40,2,29,0
74531538-e6bf-4a0b-855a-08de14ee8b33,68,,33,0
5976814b-2d73-49b9-8ec1-599a81159fb1,69,2,28,0
d142a6ed-0ca2-4f98-a327-4cdd8d3ca293,69,2,71,0
651be96a-657e-4762-92c7-14eb0d6a9f9f,54,1,52,1
bcca959e-ea2f-480c-8023-c40009a77a8b,59,1,37,0
d9b16bfe-1acd-4d6f-965e-fd6fb3b03083,55,1,91,0
ebaa69a6-4c40-4d8c-b739-06d9f2290895,52,2,107,0
484aae31-18ec-44b9-9db0-e3c320e17932,37,,147,0
b3589680-ebb6-481f-a18b-fcb80e84b1b2,34,1,26,0
0f87ffaa-5e8e-4662-9907-97e9975ec551,66,3,19,0
0e2f68e5-cd5e-4339-8084-53b07ef59924,54,0,38,0
f8bae10a-ef26-4e5f-897c-a6c89f835e10,52,1,,0
51c41e14-5e57-4234-b48a-8bfcea577456,48,1,49,0
3217aab5-afb5-429a-a88b-deb685c284d9,54,1,33,1
dcf03d87-09e9-4d3d-aaf2-7ee3ad67063d,61,0,114,1
3f32ef21-3e94-4c60-87b4-34ed711c8dce,56,2,114,0
cd8e0469-9b46-40cd-84af-d73d9a6833a2,39,1,38,0
df4b8e65-8ef9-4da4-b0f0-446e2a153dca,60,0,47,0
5395f7fc-e71c-4ed5-b2e8-d90f54d47864,34,3,39,0
99b66a46-5492-40ba-bbf7-5929e655b0b6,37,1,43,0
3cb1fd6d-48f8-436a-a9ad-53f4eceef963,69,2,59,0
d5de3f25-6dfd-4fd4-9013-05a5b565f151,55,0,34,0
15eb82af-3eff-49ef-bcbc-ed077240d8e7,38,8,94,0
726e8c09-abef-408c-9553-1fb6c1557978,36,0,32,0
6539e98d-d327-4dc3-95c7-8a8cc215d8a6,55,2,145,0
dc1ee9d3-a067-4bcd-9b47-0fbf53afbafc,47,2,124,0
734018c1-121c-459f-8949-86fd0dfe7623,57,5,,0
d9ca867d-1847-482b-8172-7be1a160e4c6,40,0,64,0
c0c431f9-a50c-47c2-b597-70853df74cd9,61,4,,0
19467cbf-5608-440f-8ff1-95d2a9d1d704,51,0,75,0
592e9f71-13a8-4769-a91a-7b3af10bee61,38,2,31,0
d493f05b-af3b-437f-9297-212252e9398c,64,2,70,0
94a52505-1c8f-466b-856d-a643361fdebd,42,0,34,0
7a3d6177-7c83-4840-ba01-166399dd256a,36,0,83,0
cf125974-0638-47f5-89d5-cd1d7eee98d4,35,1,56,1
755b1348-a203-4ba8-9b26-1a2064ca9784,38,0,28,0
d4474301-1408-43d8-973d-6a0338987459,65,4,56,0
34c85df4-a758-4ef7-b88b-bebd9e8a9be7,63,2,92,0
285c0ea0-ac02-47f0-a168-3127ede3dd81,42,4,61,0
dc42879d-3eeb-4bd9-b9e1-6d5482d6ab63,36,0,59,0
63b89f9b-94b3-4f3a-8fce-c0d41aefad76,53,2,70,0
ff54957f-c008-43db-afe6-35eab883b57a,52,0,41,0
f4f062ac-be11-49bf-b1e1-8def39b2dace,57,0,42,0
44c42e93-9cea-44db-8b50-d3cb007ce061,67,2,46,0
ddd6ce29-625b-4420-bb2a-7ad4207c721e,67,1,150,0
ddb2c2da-9bca-4bc1-b2e6-99f9d019425d,60,2,23,0
a5a3b88d-deb4-43d7-8bf8-59501d68c22b,41,0,25,0
009b762e-e83a-43e6-b44e-b777dd34b6e9,46,1,100,0
c37480b1-3e2a-47b3-bb97-ecfa96dcf40e,43,3,113,0
cfd801d2-94f1-42ae-b5e1-56e569fcf02f,37,0,,1
d3df8c06-5311-4390-b149-51e0c1239fa3,37,1,71,0
0187498c-9d6e-424d-84f7-cf69871f25d5,68,2,72,0
b810299d-e5b3-489e-bb59-a4c4941e9706,61,2,,0
ad2a83ac-e27a-423b-a3da-9c15ae36a04f,52,1,32,0
bf9954a8-8141-46de-a11d-a16e51409d64,65,3,47,1
385f9b3d-c0bb-408e-b643-75e8f7afb4eb,40,1,81,1
e7fbdcf5-703e-405a-a7d5-dcfec2e9df69,54,1,73,0
1d9eb93f-737d-46ed-af4a-deeeac980d44,35,0,60,1
4e3e7237-4f91-486b-93c9-0336b8fe30bf,65,1,47,1
c9135ddc-c750-4e45-9623-565e46badc65,66,0,61,1
dd728c5b-27a6-4a60-9dbc-466451adf20b,57,1,162,0
dd3a322a-d49f-48a8-bf18-c10a497a7817,46,0,98,0
54ded181-f805-4ffc-9cf4-168119b8be59,44,3,137,1
923d73cc-9919-42b4-a123-f7c8afc713dc,68,3,57,0
b918236d-4039-4c48-bae5-c45649a583a1,37,1,95,0
7541b5f8-2872-41cf-939b-d48dca662565,45,1,,0
e508c578-e9f7-4fa3-bd2f-da6a086ab106,48,2,24,0
14c9b495-9586-4627-ba6f-3a981b28df56,42,2,28,0
3767299b-b27e-4c5c-bee2-2b4f24908146,45,1,,0
3e94f46f-d496-4900-b741-6d71a19c0ca2,53,3,95,0
100d25a4-78e6-4808-9398-581c53fe1f2e,44,1,,0
9e914d87-eb2c-4226-806c-f4648dc0ded4,66,5,159,0
27196a33-669f-4c85-ac18-ee7059212847,45,1,40,0
8167edae-6da6-4f87-9a04-fa92ddbb072f,36,3,86,0
dc973274-ecc0-40d4-9c5d-061114189186,66,1,84,0
171e40df-8ec2-4b07-b0f0-41d0bffc3087,59,2,82,1
445ab5b3-8943-44fd-8513-1e2f5bb6a5c6,46,2,15,1
3f088707-fa37-4733-9287-8cc9b843a11a,60,1,105,0
75b83836-a8b3-471b-a4e6-29abcdb1b6c0,50,1,54,0
fc2f05c0-1e28-4970-90b7-79b77c88ed09,56,2,60,0
6c2e2eae-8783-4eda-ba2f-19bb31c0afda,46,1,55,0
9c6e8fea-6dc0-4ee5-917a-dcd8e1d83b55,52,0,107,0
1a4c1d3c-5eba-4bae-b715-0d80e8f70c20,49,0,59,0
2d240134-71eb-4967-b145-e3536ee775da,62,1,79,0
a75a6e0f-da8c-4f49-8ad0-963122295fd8,44,3,109,0
75aa5d63-22bd-4239-bd25-d582637c9dd0,45,1,31,0
d3bcefde-1463-4daa-afd5-c45550946c82,44,4,,0
77643210-0f5a-4660-9e52-4042f4720b00,49,2,58,0
924c6210-4635-4a66-9b68-d0932bf607f9,54,2,117,0
843b2c70-1d1b-44d2-8649-0e3abf7ebff2,40,2,108,1
2fa1b835-d86f-4c8e-a888-2eb148a9d1a0,59,2,61,0
1434f9bb-e7b1-42f5-88c6-27fa76e7c5a8,47,3,36,0
01bac4a6-21de-49fb-8faf-db93d2addb84,35,2,43,0
319050e3-6eda-4621-a4dd-760601c091a6,34,2,61,0
9a423100-6c30-4d1b-913a-11f8f0deb60f,58,2,80,0
7afb01aa-be4f-48fe-a388-934ee819caad,37,1,94,0
fcae336d-8f17-45e4-8a87-225a3c50c38d,45,2,33,1
a72dcfd3-e9f0-455f-87c1-6fd04b9607d3,69,4,47,0
cf870fa1-729b-48e0-91bd-33aa169222a7,67,0,84,0
4fff4abe-d0e3-4914-998f-996879dc1ac8,68,0,,0
8a572fd9-f927-45a2-9dfd-2aaded9ef637,58,1,95,1
cd1f2a61-4b44-428a-8d3b-e5a84b0d5a52,50,3,71,0
bf3ac0db-142f-444b-8b2d-e96fc24c091e,46,4,32,1
86099b63-1664-4be8-8c5e-a239ae3c56c9,43,1,137,1
e7b1b5e9-428a-41f5-b4a5-1a987f3849f9,61,0,,0
67f49191-1124-4227-bb92-d860e6f98e3b,57,2,55,0
859bb683-cabe-4d28-b457-dc898472440a,62,1,54,0
52dcdfc1-3ec7-4a71-b3a3-2ebe6b9aa8b2,69,1,71,0
c29402a5-de36-4b23-a112-5804e24b148e,41,3,,1
0f5e8bf3-4ecf-4d25-bcba-0c3d1fedb804,62,2,83,0
6b77a9fe-9042-4328-b3b8-515146f01389,39,0,121,0
cddbf4eb-610d-4f2d-a91a-04d6c7952501,55,0,101,0
a417a003-75c7-4349-83d6-6a36bb30cd51,68,1,72,0
b8b3c2fd-d2b4-445f-9db7-cadf7ed064ac,52,0,100,0
d4e030ea-9484-499d-a4bb-90bbd496d2cd,47,2,83,1
52c5b4b1-990e-405c-bf34-f4608bd5865a,42,1,70,0
fbf7497b-958c-492f-92aa-19e0e8a3d8a6,53,1,33,1
51b7420f-9e57-4016-a389-402f11e4840e,54,3,58,0
f3a5e99f-90ab-47fc-8fa3-796aea341a1b,65,0,37,0
790f5813-6125-4eb2-8792-5d6d62250bb8,58,1,60,0
c7ba6d54-f169-4fa5-b856-5ad0ade82dc7,43,2,67,0
73c97a61-06b2-4e1e-a6e6-6bc85e70437b,40,0,47,0
549ca546-a1d5-48fa-95f8-bf4f2ad80d08,69,4,78,1
8c8daa3a-ae85-4e18-8a3d-f4785e6156e2,45,0,71,0
68acf6b6-1bdf-48b9-b081-d1a4ce263bf8,37,,37,0
350df272-5d7e-49af-95de-a45102e26d98,50,1,80,0
a3d1d1f2-2b51-47d1-a469-9ae41d7aef09,45,2,111,0
1ed34d23-11e3-4091-be43-f107faa645a1,64,1,72,1
6bcae943-1876-432b-ae4b-e527c96c864b,62,0,63,0
1564aa71-4177-4125-b9f6-ae1da827dc4e,49,2,32,0
c6447ca6-f0b4-4c1d-9818-5846d343eae6,56,1,105,0
4c40643b-0403-4ae3-99c4-7d1d6ad54d8a,63,3,58,0
cb2aba51-cf62-4e82-80d5-31bcae53f9e1,37,1,75,0
eb7c8980-e20c-4aec-acf4-8d4d20e037a1,54,5,31,0
68774fbf-4b9c-49c0-a6a5-acd907e931a8,36,0,86,0
e2a4e4a6-aeca-40c5-9aad-f7b98d13bfca,61,5,49,0
c42ba3d7-3d26-413a-aaf4-31a783300e21,45,1,55,0
34302243-df90-4bca-8ec9-98cb4e5ad4dd,42,1,88,0
550a0387-4460-415c-8740-9b0abd1fdc6c,37,0,105,0
f0cf1054-702f-46eb-a672-ed80ad767ecb,36,1,,0
9cbf57ea-e0c7-4f61-987e-1c32509efe4c,35,2,69,0
3baebcd9-91a1-4a4c-aaa9-9b9afbf7617d,56,2,46,0
5f0e3ba5-4196-4f89-8df4-f0297e287997,47,0,37,0
ce4fa777-bbc6-410f-8616-df21b17ee196,51,21,813.1736805,0
e66c995a-fd89-45de-bbf6-cf15209a6027,40,2,25,0
92bf256a-9b6d-48b2-8959-82bdff601fa5,43,0,39,0
4f468068-8e06-4e2b-ac47-30dcf7e495d8,48,1,51,0
2812ddad-7da3-45f2-ba31-de04088aad5f,34,1,29,0
b65725a0-37cc-49cb-9156-b365c48460cf,57,6,93,1
a0e78e5e-578e-4b0b-8159-adc3f45eccdb,34,0,63,0
301c7a43-6486-49c5-b6a2-4b6acaa0d2b9,39,2,138,1
2936df47-f2f9-42f9-a521-6055181700d0,41,1,26,0
78c42078-b3ba-4cb1-9188-bce10207b6ba,42,4,34,1
95051152-bb10-4df5-a6db-fa900dcc8ef3,47,1,17,1
8f6c8bcc-011c-4663-a7ea-31c3ef854967,44,0,125,0
e60b600e-b161-4b51-9eb1-ec2588985c33,35,0,67,0
ad6929ba-51d1-4bc8-ac3b-d55a93326141,56,1,35,0
 614673cb-a866-416f-9b81-8c68c5ca470e,36,2,,0
31248759-48a4-4e6d-8be3-da7f0d5ec152,66,,23,1
083313cd-d9ad-4146-af8a-02f58e84581f,45,1,99,0
4bcfdeb0-e9d6-4359-8458-71424debcb3a,42,0,113,1
8c96601b-57d9-4973-97f5-8199d60b556e,39,1,56,0
6f713733-4591-4b2d-8311-78c7e98a7bea,57,2,92,0
e4967000-d1a0-4677-aaac-fc02dc88ce79,68,4,56,0
1859cae5-b27d-4f0f-99d2-004246514f26,65,1,39,0
8df5a663-c17f-4494-91e5-fc48392ac73b,61,5,116,0
63128a1c-3a5f-46b2-9e12-2a6f212fa829,57,2,75,0
e0ef78ad-29e5-4585-b334-811d780345bc,49,1,52,0
e2220628-942a-4812-ae50-726f9fd6a936,68,2,69,0
3b0de3fe-cc06-477c-9613-bdf8090823c5,54,2,70,0
f15cd7fc-5c92-49f9-8f0b-031ed3e71a08,60,2,65,0
ea24b897-1914-464e-967d-c5afe64a165b,40,3,73,0
8e79c137-8b09-4855-8878-b2c72ebb284b,41,0,50,0
eeb8b0f1-649b-49f5-b4b8-5c4a31848735,58,2,153,0
f13f0a4b-ce8d-4e7f-87d9-49c3dfa8f97f,38,4,37,0
f0e7d6b6-434f-419b-b649-23372d46326e,36,3,112,1
8f9fcea4-fdf3-48a9-9de3-48156dc8d6a5,58,1,,0
7a61038c-3954-4267-82b6-ba7ae2bbc2bd,57,2,128,0
1a867ef8-e0cd-413e-9076-ae601f0e9571,58,,75,0
a71e7c45-9714-44a9-bed9-23899f7c4894,42,0,87,0
81d4307c-f46a-4cfd-8924-f377194e9995,52,2,136,1
129a5737-7cc0-46d2-978f-7d1eb2fd9d0a,60,2,93,0
debe8879-2e26-4248-80a8-084009aaa47c,60,,90,0
e453e05c-87f0-4c49-b24c-d5a2841bab10,45,2,45,0
364e5bed-7feb-44ae-87c9-3ed0cf4e64a1,69,2,80,0
c3eb0811-a951-41bd-aa56-1a2beacc3eea,49,0,75,0
5f30e200-31de-4ce5-8c69-93a249752d1e,42,0,75,0
964c9034-1e32-43d2-bd63-980dfe4ba83d,63,2,32,0
9c301d32-78e9-450d-8511-bfd61db20fb5,37,2,89,0
36dd9788-09f7-4794-91a8-258d09ae3b51,41,0,40,0
6e303564-c456-42e5-8568-23f878155186,49,1,76,1
04b737fc-6964-49ce-a770-9b4345b01c3d,53,0,39,0
c3a8413c-ad97-434b-a9cc-9164f7f4d062,67,0,60,0
68de0eb8-1e58-4101-98a4-4d47b5744933,45,4,27,1
38a6fc65-b997-4c40-accc-44a7a4fb17a3,51,1,56,0
311a3f3b-3b14-4d37-a331-279d240e6473,66,3,92,0
d6ca588a-bf9a-4cc0-b9b7-fcb3c2e2ab94,57,2,49,1
aae0655c-0b80-4984-8786-7677e482789c,52,3,46,0
c7625327-4828-4bd6-a19a-4aa9b1c8cdbe,39,0,,0
0466e448-0eef-4dfe-a6c9-70f09a36df68,41,0,71,0
76a50fe6-066d-4c9e-8834-80e627fbf94a,45,,73,0
39b1674b-82b1-4c91-a130-ce391910bf3b,53,1,73,0
48cfc9f3-aae2-4a69-869f-af6c4b1c0c2f,55,0,28,0
2f28fa0c-4daa-4b13-b74d-29758eb4a569,60,0,104,1
fd2c86bf-abcf-4c84-9e57-dd935e1f6ed8,65,1,141,0
ad147271-34a3-4b41-b2f2-340ffbceb654,34,3,125,0
83fce887-22d8-472f-a6c3-c4d23936c0ae,40,1,88,0
a6b10d45-9be6-45cf-aaad-a2b8a23f06d0,67,2,30,1
8cc08ac4-5ac5-42ee-8bc0-16ecf9cb3ae8,50,2,72,0
70fd7b29-06c2-465b-9108-9b6f09ece0f9,44,0,52,1
339e1c53-428f-467a-96c6-9dde8d5605c5,56,1,133,0
ae83e44e-0bb4-416a-a16d-b28458006ede,51,3,84,0
af753aac-0aea-477c-acc8-5c605dfb0ba2,56,2,22,0
7bf5942d-8caf-4be1-a521-eab4ec73b441,59,25,747.5885795,0
8227cbd8-4280-4b6d-b0e4-a1d8af62596d,61,2,119,0
4f444bbc-4ee8-4bf7-a876-af391eddfcb7,41,1,78,0
1edf89e1-aa7b-44a8-b008-f1e34c6bba9c,36,0,,0
c8b50601-1efa-43dd-9d0a-7f4004cd2f3d,37,2,77,1
2edbbdb6-73be-456f-9e96-34a0622b9be5,44,1,32,0
bc40e5ec-2054-40cd-a812-4af4f153d3c2,52,1,20,0
461d4aa5-e404-439c-9e52-639978f5386f,53,1,135,1
0b665c38-9409-4596-a344-471555849cca,51,2,81,0
7a1073a8-ecae-4c91-94ef-dd7b01bc09d1,37,0,72,0
96182aea-4b15-4565-abe3-4080aa3afba0,36,0,78,0
adde429f-1009-4c90-ba61-9487ec18229d,49,0,32,0
5927ce60-fd94-4692-8583-12d85e6ddac9,62,,99,0
f31a80f6-d9e1-4f2b-92fd-6f299a1f9174,43,1,84,1
f2c3d23b-20c0-4c02-8fb5-687f91d1f3bf,50,0,96,0
4fc0d4c7-196d-4d00-a826-a426d638eb42,66,3,46,1
3cac66ee-75e5-49fb-b982-85487a6f1f41,53,2,,1
9cd8f2a8-3b8c-4cc3-83ce-1cf22e9247ca,68,4,,0
b4a7ff1b-63c4-4963-b154-b7a655bdda78,55,,35,0
9084d6db-df2b-45ea-a22d-42b9f5d78107,62,2,90,0
7df9fba5-313e-4a28-a3c6-959688a9c0a8,45,2,33,0
2702d2a3-4faa-47a7-a6ba-5cbf609f4a08,42,0,99,0
463c2e18-e4f1-484c-afd1-b0382746a2cd,45,0,28,0
247c224f-4234-424f-a5dd-48986aaf1b40,63,0,84,0
b7fed481-ca9a-42f2-ad0b-8c0ec0c64185,58,2,30,1
b6c93c12-a36e-4e79-b3ea-9ee4ff7e7741,40,0,,0
649858f1-668b-42b1-bc62-ae855ace7c45,43,1,62,0
40c06936-05a3-4023-b28c-ba975a3e04d5,53,1,101,0
740c2aea-40ab-4553-be91-899d78659453,43,4,23,0
7553c329-33ab-407d-8cc3-101d5ae27128,37,21,957.2496708,0
1fb41eee-a2d6-4c2d-8039-806499847b71,63,3,82,0
 46669c30-c517-47b2-ab41-15b299520a35,35,,69,0
28743cc9-2f67-4500-a846-eefc5e81e173,44,2,27,0
6f4134e7-9ba0-4d82-83e9-9417bc7b35bf,44,2,154,0
9d37be16-fee7-428b-ad04-1497762620f9,52,4,29,0
b40586ff-39cf-4118-a9d0-e9abfa8ad7c6,40,4,,0
17698834-caca-4632-92e4-3e3cdb6d7aa4,67,1,78,1
5ce81360-d79d-4306-a123-5d9d4dd797b7,35,1,67,0
0226c798-05d0-420a-b1f5-21954fc5ac8f,34,3,39,1
bb38dda9-bfc2-46c2-a077-53af9acda1d6,62,0,56,1
fbfa03ea-cfcb-4d09-ad17-8b56c64f849c,37,1,120,0
e51db351-7e1f-4fa3-b12a-34de9a262a3d,67,0,45,0
4d543b77-cf27-4bb5-b005-093855a2964c,37,2,39,0
2fae2386-e034-48f6-bbf6-e4c8f6c352c0,58,3,35,0
16ab7769-4607-4630-a81e-ba3c363e6ed2,35,2,21,1
40d3e5b5-d62c-4c06-81d1-7384ff36a4e8,54,1,54,0
bbe2d23a-7e38-4cea-86a3-eb458e7dd2d1,37,0,23,0
fbbcc442-276e-4df7-9594-2a2dbe6e421f,40,,96,0
54908118-1709-4443-8898-09eec59b0c3d,49,1,87,0
09e1e8cf-c5e8-4c62-aa54-7f4a933330f8,58,0,33,0
3caf1212-ca8b-49d4-a59a-991fd8f15f5d,62,1,117,0
38ab14db-c000-46d0-b491-87b53df6f5d5,42,3,38,0
2d624e83-bfad-4b7d-97fc-a255606c0809,65,6,22,0
8300bb0b-0b9b-4cba-870c-ecc77764f1ab,36,1,39,0
1e839d86-4487-4879-b5aa-be9b13a45145,45,2,144,0
0be4c730-e352-4dfd-8e6a-eba47db57477,42,4,80,0
9f297d6a-36c5-4fde-8d32-bd24bd0c038d,57,5,25,0
4809f8cc-2d61-4454-8b55-e55bf3be3842,48,1,36,0
cad658c0-e721-4f4d-9e96-f8044d297bae,56,1,105,0
c55761d7-8615-4a33-b855-ea7c4408cbfd,45,0,41,0
4a1ff00f-132e-4071-8234-7fc5bfcf5767,55,2,37,0
dd4f7fc5-5569-4347-a9f3-132560b013a3,36,,72,0
cff52af1-134f-4df0-8ea6-bcf574de945d,67,3,123,0
79fb1187-dadb-408f-b05c-8fc4619c910f,41,3,127,0
0e37f030-d021-4e31-8876-81d61709dc23,43,3,44,0
027de5bb-8a6c-4d89-b4f9-417270cc088e,49,4,94,1
935bf596-5fc4-4b47-8d61-93aef01b825f,52,1,46,0
cf775ac4-5d44-4ae9-ad09-19e78244a28e,37,1,76,1
b2317377-f49e-425c-b427-bd40be511806,35,2,64,0
2e93aef5-b66c-4eba-af4d-37344060ddec,45,,67,0
10f34182-ae40-4f66-a4b1-c3815896a745,61,2,66,1
a5b5e6af-f63c-43e8-bb67-38f0e34425ea,49,1,26,0
93a7631d-1667-40e8-be64-20ee6046e347,49,1,70,1
673bcef5-f20c-4006-b394-26b18915b635,36,0,80,0
51edfd43-946a-4fba-be22-eab69917e012,67,2,38,1
1dc69089-7ccb-4833-9a47-2c16c0e010fc,60,3,50,0
227856f5-5cd2-43da-96f2-d3abd214b23e,60,0,49,0
41e455b3-b0c2-4038-bef9-c3a61632d066,61,1,29,1
4eb0f7d9-21a4-483a-9dcf-19fb752e0d2a,39,,40,0
9fe6fdd6-e188-4098-b751-b71bb821e184,37,1,44,0
19883826-d674-45b1-b119-35b8f135bee3,56,2,85,0
799843ec-1af0-492f-922c-fb53a929cdaa,62,1,101,0
8ba573ac-3405-4d4a-9b75-3841b0902ec5,35,3,48,0
c5d1c1a9-7bac-4dcc-8b40-853757c630ec,39,1,,0
cc3ca955-fdf2-4f3f-a738-169847e49b8f,44,1,87,1
afc0759d-8591-4356-b335-2d2a83cfc979,53,1,40,0
ece7c82b-b694-4b58-b3ba-b252f3ed5354,67,2,35,0
810c54ee-d0af-4ea8-ba6a-71e47767cbe4,36,2,34,0
35c651c2-adc9-461a-8019-a3d1d4e3c67c,63,0,124,1
75574693-b8ba-445b-84c8-8d6085c6c800,35,1,82,0
563f3aa7-e027-4110-aa36-3bae6bd4f03b,62,0,70,0
4c09b985-9696-4c3e-808b-3f4e0290492a,47,,59,1
f5a073a7-5c55-427b-964b-2bd88b80c341,66,2,94,0
6c428f0e-abcb-4e2e-90a8-342a9ec502fe,50,1,50,0
58203468-f1bc-4219-842a-a9b5230d12ad,66,1,47,0
43916458-6b06-4995-8e16-9f016456dfe2,64,3,48,0
9f020dd7-af5f-4118-9020-aed051b85d60,39,1,34,0
9969a209-d79b-4d6f-99c8-1364a8f22364,42,1,,0
03d3e7b1-015b-453d-99ce-a00e9de81fd1,40,1,96,0
2cd5bd27-bb29-4271-b234-4dce64033418,67,2,62,0
4411dc06-e910-4c8c-a822-81bd5d17eff0,40,1,42,0
7c2607c5-d9bc-49b0-9341-f7d04f972dbd,44,0,60,1
144af8c8-beef-4589-a1b1-689552c64267,52,0,91,0
eec297c1-292b-4a4e-bbc2-f44779e50ffd,46,2,92,0
95d0b8ef-6cf1-40fd-bc6b-b6e6913fabaf,62,0,57,0
05c14d24-3ae9-43c0-9a7c-1ef0ebff6105,40,2,63,0
8a6541ea-f4fa-490b-a4a5-e0776bce72a0,39,2,36,0
0c8daf05-4297-4c80-84e1-0b5bcbf31e95,44,2,54,0
aa2fd107-dda6-471c-83c6-22827570da2a,61,,27,0
96bd0bdb-9878-4acc-8c0a-fda10e462701,61,2,88,0
9f7f1c78-8204-4d02-8edc-943fa75cc903,38,3,69,0
a2a67ba6-f3d4-4e69-be2c-ca51bec8698e,55,2,38,0
97df8fa5-b94e-4e3c-a377-60c2a3c29454,58,1,62,1
478463ea-47dd-4827-8cb8-7ba2d474702e,61,,148,1
0285903e-2a9f-457a-93f5-7363c843ec6d,50,1,48,0
4909288c-dfc3-4e9b-b690-5174c6531199,34,1,120,0
056a0407-b86e-458e-962d-75077d197576,52,0,83,0
808edc08-8a0a-4107-ab2a-5bd71268b0c4,65,2,22,0
a1f81670-924c-4b55-8aaf-a89d2a361372,49,1,100,0
3a4c4c23-6487-4f6d-a918-04963f8a1185,56,1,40,0
82d529b2-d85d-4b32-97d9-52ca60aba50a,48,2,149,1
6551fb69-4c4c-42f9-991e-802ed24aa4cf,62,1,46,1
2f224e59-744e-4f5b-83c0-ad6e7bd2ef89,69,4,67,0
2695aa65-dffe-4765-9131-83b85faa20b8,56,0,122,0
29f2ce57-510d-4d13-b674-fddacdae0c9d,36,1,21,0
d187c988-84ce-40a3-9f91-4f09672f242f,67,2,96,0
cf2f4690-c462-4ba9-97a0-b35bddf95382,53,2,38,0
c42256f5-ae5d-4d91-b964-c9e592e75eba,68,1,71,1
4f553bd5-c58f-4250-acd1-7c0ffd1a7150,68,1,69,1
75111a54-3021-4f09-a1eb-eeacfd20815d,56,,75,0
ce8ff672-4025-462c-9e8c-25d2e0f9383c,62,,60,0
6f40f9dd-29c3-42af-b55d-7c8cd5f024df,62,2,85,0
9c4b66fc-14fe-4a58-9b36-bbe70b954f48,48,3,23,0
2110857d-ac57-4083-9946-8cddfd9cb9e9,53,5,167,1
e438b467-d29d-45f1-a8f5-a83bcbe04aad,42,0,18,0
5e68e867-1ab3-471f-826e-def27f58c112,66,21,673.7250591,0
7795cf9c-3a6c-4117-a005-6e17207eef4e,35,2,49,1
9032b775-7988-413a-b1aa-53283bac984f,56,0,23,0
47d16ad7-d859-4e75-a84b-53afe27d60c8,62,,51,0
b289fa1d-1b1a-4363-88cb-f19aea99c00e,54,1,62,0
56edc964-482d-45e4-917e-33148ea98af9,63,1,84,0
6ee2937b-a24e-4e2f-800a-278b0a375dbe,46,2,110,0
46626f7c-e037-4267-9ecd-36e0af01fa13,45,3,62,0
4f25c204-3fd9-45c1-86b9-e318773ad126,36,0,48,0
1a81ece9-a89c-425e-b246-3580e5baffaa,53,0,47,0
8d20b91a-319e-4ea3-81b2-2d410f768c46,57,0,68,0
900993b2-01d3-4d8e-aac2-9f9f835dffd1,57,2,74,1
e7c98017-bcb8-4d46-83b7-b582eb8dcf60,57,1,115,0
502c7dfb-3bf1-452d-b2d5-b693a528b3d6,56,2,,0
4934b6eb-b0a3-4824-8d04-7860a693bf09,67,1,40,0
e0728bd5-e96f-4d54-a64a-076b35a40439,51,1,48,0
b97291d0-75bf-4af6-bb5b-5063b521528c,52,4,,0
1b20aaa6-c5a7-4910-82a1-9b2401c67254,36,1,79,0
e84bbdc3-18f3-47cf-abb0-10e9cc9f1f40,46,0,106,0
fce5a0b1-1a60-460a-bd0f-ded0f9dcf9c6,48,2,36,0
da363aba-e117-4f95-9e60-acb3cad720cd,56,4,47,1
14e81d3e-55ea-4567-b133-f0a0bf35915e,68,0,77,0
46f656ea-465a-4d8f-92fa-8ad2efd94065,56,3,148,1
5e31a289-62eb-4546-a076-6b5aeeda2dc2,53,,30,1
3a1e4aa6-2dd1-4947-9dc7-da18ca1db1c8,62,2,116,0
b850d5bd-31d0-43e3-92e0-73b51108312d,61,1,113,0
93183bbd-8eb9-4f4a-bce5-ed070cb26eda,34,1,85,0
312d27fc-4148-4bac-94f2-e7730fd5afb2,46,0,66,0
d4ea70d5-a125-47c8-aec7-0da166657468,49,1,22,1
e8a71347-42b5-480c-abf7-f68276c76b99,38,2,41,0
b36c577e-b457-4bfc-8f9d-6a57b3e3d7ae,53,,65,1
7848c3ac-9daa-47ad-9cfb-6928272cd438,58,0,61,0
c27db65a-a6a1-4d0f-a666-ccbd66c60917,44,0,100,0
2c9c388a-0d9d-4d0a-a297-a8749b4c9671,47,2,44,0
0601a4bd-a0b2-4058-bd1c-b4024be4671b,67,4,32,0
aea4dfd7-b5f3-4d85-a411-bbacd52e1438,42,1,157,1
2437e86d-192a-4115-953c-96f15d1a17b9,37,3,76,0
65c67a68-c531-4392-bedd-29ee90e3dfb6,40,,87,0
d9c081c3-3637-4b53-98a1-b2dac6303433,63,0,,0
764faef7-0f99-4576-a74d-d3ccaaf99451,66,1,30,0
003b381c-8f8d-424d-b1fe-8e68527674f7,55,2,45,0
375d07f1-278b-4ed9-9043-b79e42d7244e,45,1,25,0
4f965379-bd85-4aa4-bcb9-f4bb0eb87086,51,0,91,0
7999b1ce-2fb3-466a-9093-481fff7c75d5,55,2,41,0
8504e5dd-f8fa-475b-a996-03595216c464,58,0,,0
65b23563-d1bb-42f8-b890-dabe2d46ade1,61,1,126,1
ec998b6a-aebb-408c-8cb2-646ee1c6974f,34,5,58,0
6a175b8d-26e5-4cb5-afbe-086acfc15086,39,2,96,0
4d85ede6-6f7f-4224-90c3-c5d90e2496ee,61,3,39,0
796253f6-e954-46ae-8a8f-9f0fc8fac540,64,5,,0
60dc0d4d-1011-4b6e-9d9e-174057dca2ae,57,2,52,0
3f68f33b-b4cb-4f68-b5d2-3a712b73704f,57,2,63,0
b0dced86-f170-4c63-b7ce-8f774b97582e,44,0,49,0
8bc5ac26-1317-494b-91ee-f2ccd427147d,36,1,70,0
ac57e278-068b-4956-acd6-67ee9a84cb14,69,2,27,0
214df868-e6a0-4e49-8d92-eef7c53983ca,49,4,101,0
ca4f411e-1b94-4c71-8fcb-f3b4d83d2fb6,59,0,43,0
a64a6e05-e4d5-4e22-b4bf-b42fd11b8b98,48,1,71,0
12560c6a-c7d3-430e-8823-ff79d8ea97d3,63,,,0
a6ad565e-e740-4d08-a162-2c6ddcca37df,56,3,120,0
406c957e-3717-4675-bbdf-e79c5c86798c,60,1,134,0
9d17e784-34c0-4413-a3b1-45a49bf3c3c0,60,1,52,0
0574d7e9-5d61-41f7-9b92-f4e2f0354631,52,3,60,0
2f4fe48b-b18b-44e0-98c2-fe5ccf997578,35,0,58,0
836f9e60-8c07-4fa1-90ee-c3cc67714a8b,48,2,81,0
523b7211-a4fb-4311-a1a1-f1a61aac5c58,51,0,165,0
51f4f584-1716-44c4-9437-97db5ebd72bd,51,2,63,0
b2be4a13-6c07-43c5-9330-833476b73418,53,2,93,0
a94e58a5-e2c7-4f81-909f-952932efd66f,46,1,68,0
5af36139-1480-4e59-b9ea-9c1c73d5cc2e,34,0,75,0
fae0e339-ae9a-4996-bd19-236eff3f0de8,35,1,34,0
a5740e76-0f7b-41d4-a3fd-e84647380bbd,49,1,79,0
ea7e021a-189a-423c-b7fb-6c27c40bfe56,65,3,86,1
48ca7d12-5e3f-4b0e-857f-80c2d27fa21e,39,1,50,0
3a8b98a0-8cf4-45b6-9f1a-d9fdc6234f11,40,1,55,0
c573e349-245e-4767-8045-a41f63a7f6b9,56,,39,1
c80fd79a-6291-4707-bc44-ecb0431febf9,52,1,72,0
1c472fe5-2129-4014-95ff-81878978ddcd,50,2,84,0
c84ab3fe-16a6-45ca-8906-daddde7f4157,38,,35,0
7c8fa30b-0790-47c6-a716-ae501ada43e6,41,0,19,0
91f2e1fc-aa2b-470d-9ba8-f3372cca397c,51,1,24,0
7ffd16b8-24fd-4abc-b66b-088c9cd077e2,55,1,34,0
2302811f-44af-4898-9440-b3308c9cef85,48,20,728.9574476,0
37f5676a-4ab8-49dc-b2d3-c35ef8c93d62,53,0,76,1
6c183132-6afc-4c44-9ae3-f0d890c65e57,36,1,53,1
bf46fae4-070a-407a-bbb1-ac2be2be5289,37,3,,0
816a3597-a6f3-4b52-ba06-e14b3e2cdf05,60,1,68,0
3f14546c-5e65-43d6-afc7-fc9fa206eca6,54,0,40,0
5385cd32-14c7-49bb-a780-5ffb665ddb99,51,1,33,1
486a4364-a1de-4e83-a5d3-e44e9eff0241,68,2,110,0
3207e926-dc61-43d0-a28b-c0cceeb27a50,57,3,35,0
af07ba97-e6ba-4c98-9ab9-1f669949f161,42,0,98,0
05bba756-1c00-44c0-9161-d54140f66b42,40,1,,0
f68c36e8-307f-4fd0-8489-104357265ae1,51,2,42,0
22956d12-4eac-4ac4-b296-ab255691e252,49,1,48,0
17be783c-f953-49aa-ad2c-3459f71dbcb8,57,3,62,0
303cc8a2-5721-4c42-a2db-39afe6ba571d,66,0,61,0
cb51fea0-cb23-45ed-af62-579a0afd47bd,37,4,43,1
f15e0fea-f36c-4c0b-998d-62846f767873,51,0,93,0
ad7b5db4-9b4a-4205-9986-c515f7f9262b,43,1,27,0
c2094829-dfd2-4237-b4fb-4bce4b7fbd03,41,5,57,0
5ad310c6-e8a2-4ede-8b37-f5576d8e30f0,51,,92,0
d9e5ae4f-6ccf-4ab5-960d-c9353f912707,61,2,93,0
33d3d574-c930-4a8e-812f-4b909112335c,39,1,69,0
ee404a00-0d5c-4daf-91ae-1d3b2a24590a,64,1,26,0
9b46996e-ba87-4054-b2d0-6f8e32c399b2,34,1,67,0
5885f141-38d2-42aa-b494-cb55a2d721f1,56,,88,0
69db8c68-e66a-4e8e-8b0c-b5b59a83bd22,50,,90,0
1863bae8-4a8c-4223-bb57-6edd100a9a66,49,,32,1
6b0aedf1-2155-42ec-96c4-58bb155767dd,50,2,92,1
f84360c0-1004-4321-b940-9156bebba1fb,42,5,78,0
6cbd83b7-ea51-4d22-ae65-cfcd21637272,58,5,61,1
3ff60634-b60d-493e-9c1d-cb241d8c797a,38,2,27,0
32203bcc-e297-4327-9f90-a44139a32ab6,66,2,67,0
68f601c9-d016-431c-a14e-14a07627b024,41,1,134,0
e26981af-9e72-42f9-a2be-2364ecc8734c,55,0,54,0
edf6c21e-60a8-4fe2-a71e-344137a5a90f,43,1,38,0
474f5c5f-27a6-44d9-a99a-a7f9178dc764,65,,138,0
 3c1c08a1-8745-4b75-9bd4-66f9645c6e3b ,63,0,31,1
b061060e-acc2-49d5-a0a5-0faa7966e9c2,40,2,73,1
dee09375-db2e-4f4a-9234-ad175d452447,63,1,39,0
6d6022f1-d5da-46e1-aab0-e2c755fcac55,66,1,166,1
f1ed3a04-0f5c-4113-a8d9-1fbf3966064f,41,1,60,0
cde5ac04-ee52-4f39-833c-6e2a069816d5,55,0,142,0
ec9f18a4-4930-4ccd-b1f7-580b842486c3,47,,,0
27be3b02-4b10-4ced-b4b8-331ec05865a2,67,2,121,1
b7b44910-2597-4214-ae4d-e3f1d2f824b4,42,2,37,0
885c9e10-54c6-49f6-b571-291c5dab3c54,65,2,46,0
7dd65f22-8803-46b5-a761-79bd35f2702f,49,1,71,0
551b9650-066e-4515-a702-b32e271c3080,52,1,,0
d2302c2a-b0ec-4eb0-9756-e715daa9a95c,59,,,1
8a7f6ffb-28cd-4f90-a0a7-e498852eada6,47,2,50,0
4549ba38-aa96-4ac6-836d-8a7d3699aca7,63,2,76,0
50e3c352-26fb-4af5-a935-dbd899da0df1,45,0,36,0
567b9927-2dd6-4c25-98bf-4bf9f0a0e305,61,1,,0
3d5890ff-dc86-4ba0-9191-777b867c9cc2,69,,58,0
2064a595-16ee-4efe-aba8-d92b15d6b627,46,4,71,0
483e0fa1-455e-460f-97e4-d6ebfce2a1af,49,1,49,1
4069b589-b163-41af-a279-c1dc70c5a914,55,2,29,0
23afcb82-6edc-4f00-bf1d-029bb1952346,42,0,22,0
6105f04c-213b-4bf5-beeb-b726630e15db,47,2,44,0
1ebd2c3b-a27e-4ede-a63a-72a440c7f5c1,55,1,40,0
773d035e-d3b1-4f25-ae26-09d72c9454c0,55,3,119,0
e51eca6d-6a69-4b70-b088-96d0bf8d9691,66,3,119,0
ebe91af8-73c4-45c7-ab6b-ce78c59440c4,53,3,33,0
f7872a5b-1b42-4354-9a91-7fa45ebf19b7,52,0,106,0
8f20f698-7e73-41d0-b691-b7686c98ed1e,51,2,120,1
26d1b94b-fcff-4985-8334-531280f14456,62,1,83,0
84ca866e-2ddd-4253-88b1-5c7fc344eceb,62,2,86,0
5d8507a0-d0bf-4ba5-ac47-9309fdce5c9d,54,2,119,1
8d52f68f-db5b-4fc5-b3de-805af26abd5b,39,1,,0
942428e9-814f-453a-9158-cd42ee541837,69,0,30,0
40b43190-7718-4cd0-9e08-a9059d9060b0,66,1,81,0
59639e89-cd6a-401c-857c-f7c408ca99b7,56,21,456.439482,1
3566a69f-2964-4149-918c-96b2d9a4d26a,61,0,55,0
040383de-c414-48ef-9946-a51b32f473ca,55,3,38,0
067ec5c3-0277-45d3-bbd7-5e964853c9fc,37,4,60,1
cfe35f50-d57c-48aa-9fba-0d1950c5f33c,55,0,57,0
aaa05187-01c6-4092-acbe-e6c589fa25db,50,,155,1
7bbd8963-b1b9-4ca1-9de7-7891e57ff1d6,49,1,43,0
48f47c96-442b-4924-9b98-a17c1e6562cf,55,3,68,0
 0bd088e3-6612-43fa-848d-e26d47f82e6a ,48,,80,0
da2f9985-bafb-484f-b6e4-debc5b7d0a35,57,2,48,0
a0f007b0-611d-41f0-a283-9863fbe9bd24,55,1,32,0
dcc71ccd-54e9-481e-81a7-38fedab46066,43,1,,0
21a6cecd-cfa4-4c89-9895-a217fb0aa83f,57,2,33,1
 69227b90-ba0d-4831-81ad-a89f0f793382,39,3,41,0
bc720d68-9d55-4a8b-b095-b37782f9a085,37,3,16,0
a0e2b920-8cff-4de0-8ad1-0417a3f42b51,66,2,136,0
ee993487-bb82-4f31-b427-d2c26e7a3e1c,57,0,47,1
7dc2e839-26d4-437a-8ca7-350529767dd2,53,1,58,1
84ca0a88-a5b1-4b3f-b9a8-ccfbdfa51468,36,,58,0
5fc8959b-f822-400d-9a72-a4cc0f8f8d27,40,0,47,0
c110161e-1f44-488d-b550-d54e73415d8d,38,3,75,0
63cf3424-5e37-456f-9beb-230c0db2bf5e,58,6,,0
95487ee2-583b-44f8-809d-fa0936c0ad75,56,0,48,0
7edbba9e-88ac-44a8-b904-8d7608b29f32,62,0,77,0
ee5bba6a-1b7c-4fe6-83a9-8af58c19edc3,54,0,99,0
375dd0d7-086f-4a55-a786-29374ae4a696,62,0,63,0
f376feac-18e0-4849-82be-0d55803b2fd1,35,4,115,1
628f8256-4fc2-427f-8b2a-f55adfb14209,46,3,77,0
b4506458-dcb0-4b31-9dd7-1bf047cb964e,69,2,60,0
c196a476-fc3a-4ec1-9360-22d62ad26ec3,37,1,62,0
2b6e19be-2599-4a78-9ff2-13ac44710b54,49,3,42,0
626f4fe2-1c18-40a1-ba3d-0f8c2afcdef0,66,3,,0
9f8002e4-bd9e-48b4-ab4f-d22c4519a72e,47,2,89,0
aee3b185-f1e5-4b57-a775-50ea2b11b116,60,4,81,1
82335903-5997-424b-87fa-282319b865a1,38,0,,0
7d37de78-2b9b-446d-91e0-d95533cbeca2,50,1,85,0
163b0fc4-eb3f-4404-8ad5-808e41f9807f,63,0,133,1
a86a3ff1-2e85-45a6-928d-a6fea388c5db,60,0,,0
b0856e3c-baed-4068-972b-9a2af219d0bf,37,2,116,0
cf9671aa-a5ec-4d95-be51-aaeeb249044b,57,2,157,1
1d69f99b-833b-430d-bf38-298eb943c11b,55,0,101,0
054701d6-7f6b-4b83-bdbd-485ce4b420be,44,0,81,0
4a6d9603-9541-41c7-a31d-f002d667f552,42,2,88,0
89fedc1c-da70-4cb1-a124-4614bccab48a,62,0,80,0
49df05da-8dcf-4f0c-8d31-81f6129f143b,60,1,52,1
6fd565b2-28d0-4b40-8a77-f7da1e486b7c,67,1,82,0
89c8d4a8-ec59-44f3-8c9e-6be7b8e24b2a,36,1,55,0
88e2c9c9-a20c-4643-b930-1c75f5b6eb92,54,,69,0
 ea16563e-58ba-43fb-8dbe-ecc771c28a10 ,54,1,94,0
23ad63d5-b287-4385-b4cb-ea7685620e95,52,3,95,0
05c4834b-7a4f-4517-ac66-9d2978201edc,46,22,1417.006623,0
 04806473-b5fe-41fc-b2d4-27535009391d ,59,1,75,0
69e3e131-7425-47bf-abf7-a3e0a85c7aa2,69,0,91,0
1cae336b-3bc3-4d02-86ed-3616737f9494,48,0,36,0
bc84976b-d4f8-4eb7-a57d-700940685a62,69,3,33,0
06656f46-bbae-44be-8fa2-33387988b5bc,52,1,18,0
11d46916-4cb9-406f-88b8-93e045a4bdfb,51,2,46,0
c54fb841-50cc-4ade-ae3a-4933467a3d1b,42,0,60,0
28637d3c-f0c4-49c6-86bb-c10344d16c8b,51,1,48,0
e5d4f019-abee-4b13-bf2e-383ba57e2ef2,40,0,48,0
eab35a37-076d-497f-ba16-cdc6297b0c9e,54,1,38,0
d7b3fac3-28b6-484c-942a-4adf485da40d,37,2,22,0
f2b7de4a-be49-4c7c-a969-ab54e00f821d,55,2,50,1
8df3414b-0804-45fb-918c-9a9c688d3b63,55,0,156,0
a701c90f-9e85-489a-bb87-49801ec2f972,37,2,68,0
79e1bbdc-f706-48ef-82ec-ea20dc317470,54,1,110,0
f51bb09f-c3bd-41d3-b9d1-2892e4242749,55,2,61,0
fc0f0caf-d94c-4742-9615-2aa68a3b230e,37,2,78,0
1a722a33-34fd-4f67-b772-934388fe9ae7,47,0,98,0
53f08176-7b46-4ff3-8988-654db60cbea8,61,1,54,0
3299b5b3-4af9-479d-957b-883823a1be66,41,0,16,0
d861ebed-7c02-4a7e-a363-746c670e2678,61,1,40,0
e40244ae-8314-4e7f-9173-25263a53c603,67,,29,1
96b35983-2c0d-4827-8e43-37a39a09f39d,69,,139,0
65ee470e-37d0-405c-8225-999150469d52,67,1,104,0
a9e76c69-286b-48d4-af70-21815263e4e0,62,,56,0
cd5d7cce-e811-4331-8690-d2ccff2fc1ac,69,1,32,0
ef9ffb96-8abf-438a-b9e3-f227d28432c9,56,2,129,0
3721801a-251c-4dc4-ad5d-4cfd9b3a75f6,46,0,80,0
752b2110-f48c-4b13-a88c-c4aba102d59e,44,2,17,0
2464757a-f1ed-415d-8e6d-af34bb12054b,55,1,75,0
b77b8708-682c-4fcb-80c8-0d1fd3ffdc54,41,1,,0
bec5bd24-973d-4274-b128-089cbb7bc27a,52,2,32,0
7459f02e-2395-443e-8bc9-45114f6e249b,52,3,91,0
539fbea0-1e39-45de-b4b9-544e03c9d672,57,0,42,0
44e2ba0b-31fb-4a32-8a1a-0175e9dafcbb,58,2,99,0
6771c314-7ba5-4689-b24a-3f4f7e6ea977,55,1,55,1